variable,sim_mean,real_mean,sim_median,real_median,sim_p25,real_p25,sim_p75,real_p75,sim_p95,real_p95,ks,ks_pvalue,wasserstein,n_sim,n_real
delivered_energy_kwh,11.6527,12.1747,7.9981,9.0555,4.0358,5.0358,15.0122,15.1412,37.3902,36.774,0.0865,1.8966555458128904e-20,0.9821,3435,29116
dwell_h,6.6041,6.6788,6.0,7.3008,3.0,3.4908,9.0,9.4644,14.0,11.2294,0.1763,5.661297729770046e-84,1.1952,3435,29116
arrival_hour_raw_utc,9.7624,15.0059,8.0,15.0,7.0,14.0,12.0,18.0,18.0,22.0,0.6419,0.0,5.8359,3435,29116
arrival_hour_tz_corrected_pdt,9.7624,10.0155,8.0,9.0,7.0,7.0,12.0,13.0,18.0,18.0,0.0677,1.055812334006965e-12,0.2637,3435,29116
