{
  "b_slack": 4.479398673070137,
  "a_slack": -2.6451644446432327,
  "theta0": 5.265160498057504,
  "theta_lam": 4.479398673070137,
  "theta_e": 2.0,
  "theta_sig": 4.479,
  "rho_selfish": 0.95,
  "d_selfish": 0.050000000000000044,
  "allpass_selfish": 0.0,
  "sigma_star": 0.2479147526702367
}