fleet,cost,service,delivered,peak,wait,driver,fleetg,grid,all_pass,pareto_efficient
AvailabilityFocused,1.0097839699334636,94.23252002721622,1.003223542298993,1.0495405284537354,0.0,0.0,0.0,0.0,0.0,False
CostOnly,0.9551204768780281,94.49428105257665,0.9983531538594979,0.9906322292566615,30.899999999999952,0.0,0.0,0.0,0.0,True
QueueAware,0.9537272826566934,94.25583453213355,0.9499770659350634,0.9906322292566615,0.0,0.0,0.0,0.0,0.0,True
ServiceFirst,1.003638674057074,93.32152841155917,0.9999651397458815,0.9453658098176011,0.0,1.0,1.0,0.9666666666666667,0.9666666666666667,True
