experiment,scenario_label,scenario,site_type,demand_regime,capacity_pct,n_slots_home,n_slots_work,n_slots_public,seed,policy,family,reliability_pct,failure_count,mandatory_events,urgent_trip_reliability_pct,urgent_trip_failure_count,urgent_trip_events,delivered_kwh_per_vehicle,total_delivered_kwh,peak_demand_kw,mean_demand_kw,coincidence_factor,peak_to_average_ratio,load_factor,line_loss_proxy_kw2h,capacity_kw_proxy,overload_hours_proxy,p95_wait_minutes,mean_wait_minutes,max_queue_length,mean_queue_length,queue_abandonments_location_total,queue_abandonments_timeout_total,action_counts,idle_action_count,normal_request_action_count,flexible_request_action_count,other_action_count,idle_action_share,normal_request_action_share,flexible_request_action_share,cheap_window_request_share,charge_above_target_request_share,claim_boundary,request_count,admitted_count,requested_not_delivered_count,critical_request_count,critical_request_served_count,critical_request_missed_count,optional_request_count,optional_request_served_count,optional_request_missed_count,critical_requested_not_delivered_count,flexible_requested_not_delivered_count,scarce_hour_count,scarce_request_count,scarce_unserved_count,oversubscription_vehicle_steps,queue_rejection_count,cheap_window_request_count,charge_above_target_request_count,low_laxity_missed_charge_count,horizon_hours,driver_behavior,fleet_policy,grid_policy,multi_actor_description,energy_cost_usd,ramp_p95_kw,demand_charge_exposure_usd_month_25,delivered_ratio_vs_ll,peak_ratio_vs_ll,critical_rnd_delta_vs_ll,oversub_delta_vs_ll,reliability_delta_vs_ll_pp,p95_wait_delta_vs_ll_min,energy_matched_1pct,energy_matched_2pct,service_gate_pass,classification,anchor_policy,driver_service_pass,fleet_queue_pass,fleet_cost_pass,fleet_operation_pass,grid_peak_pass,grid_shape_pass,grid_pass,all_pass,final_acceptability_class,actor_failure_pattern,first_failed_layer,requested_not_delivered_delta_vs_anchor,mean_queue_delta_vs_anchor,max_queue_delta_vs_anchor,energy_cost_ratio_vs_anchor,energy_cost_delta_usd_vs_anchor,demand_charge_ratio_vs_anchor,demand_charge_delta_usd_month_25_vs_anchor,peak_to_average_ratio_vs_anchor,ramp_p95_ratio_vs_anchor,load_factor_delta_vs_anchor,squared_load_proxy_ratio_vs_anchor,mean_compliance_probability,noncompliance_share,fleet_recommended_request_count,grid_adjusted_request_count,actual_request_count_driver_layer,grid_deferred_request_count,queue_high_timesteps,queue_avoidance_count,cheap_window_actual_request_share
multi_actor_v2,multi_actor_v2_caltech_sce_cap20,metro_caltech_sce,campus/workplace,multi-actor compact weekly matrix,20,8,1,1,4501,LeastLaxity,anchor,91.30938586326766,75,863,91.30938586326766,75,863,40.53623047910288,3242.8984383282304,113.0,40.38095238095238,2.7983490566037736,2.7983490566037736,0.3573535608933839,464374.0,72.0,30,0.0,0.0,8,0.0,0,0,"[12950, 0, 490, 0]",12950,490,0,0,0.9635416666666666,0.036458333333333336,0.0,0.25510204081632654,0.0,"Behavior Applied Energy package v1; behavior proxies are imposed perturbations, not measured traits.",490,490,0,4978,439,4539,72,51,21,0,0,0,0,0,0,0,125,0,4539,168,FullyCompliant,FleetServiceFirst,NoGridIncentive,LeastLaxity anchor used for paired thresholds.,904618.2414713623,57.0,2825.0,1.0,1.0,0,0,0.0,0.0,True,True,True,anchor,LeastLaxity,True,True,True,True,True,True,True,True,mutually_acceptable,all_pass,none,0.0,0.0,0.0,1.0,0.0,1.0,0.0,1.0,1.0,0.0,1.0,,,,,,,,,
multi_actor_v2,multi_actor_v2_caltech_sce_cap20,metro_caltech_sce,campus/workplace,multi-actor compact weekly matrix,20,8,1,1,4501,D_FullyCompliant__F_ServiceFirst__G_NoGrid,multi_actor,91.30938586326766,75,863,91.30938586326766,75,863,40.53623047910288,3242.8984383282304,113.0,40.38095238095238,2.7983490566037736,2.7983490566037736,0.3573535608933839,464374.0,72.0,30,0.0,0.0,8,0.0,0,0,"[12950, 0, 490, 0]",12950,490,0,0,0.9635416666666666,0.036458333333333336,0.0,0.25510204081632654,0.0,"Operational multi-actor scenario; not causal human behavior, global optimization, filed tariff billing, or site-specific feeder validation.",490,490,0,4978,439,4539,72,51,21,0,0,0,0,0,0,0,125,0,4539,168,FullyCompliant,FleetServiceFirst,NoGridIncentive,"Baseline multi-actor row: least-laxity service-first fleet recommendation, fully compliant driver layer, no grid incentive.",904618.2414713623,57.0,2825.0,1.0,1.0,0,0,0.0,0.0,True,True,True,service-tolerated,LeastLaxity,True,True,True,True,True,True,True,True,mutually_acceptable,all_pass,none,0.0,0.0,0.0,1.0,0.0,1.0,0.0,1.0,1.0,0.0,1.0,1.0,0.0,490.0,490.0,490.0,0.0,0.0,0.0,0.25510204081632654
multi_actor_v2,multi_actor_v2_caltech_sce_cap20,metro_caltech_sce,campus/workplace,multi-actor compact weekly matrix,20,8,1,1,4501,D_FullyCompliant__F_CostOnly__G_NoGrid,multi_actor,93.39513325608343,57,863,93.39513325608343,57,863,40.165274150317295,3213.2219320253835,113.0,91.30357142857143,1.2376295716800312,1.2376295716800312,0.8079962073324906,1557593.0,72.0,128,122.99999999999983,19.5,10,0.14285714285714285,0,2,"[12053, 51, 0, 1336]",12053,0,51,1336,0.8968005952380952,0.0,0.003794642857142857,0.334534967555876,0.6582552271088681,"Operational multi-actor scenario; not causal human behavior, global optimization, filed tariff billing, or site-specific feeder validation.",1387,1362,829,4978,534,4444,266,25,241,803,26,11,106,70,47,2,464,913,3642,168,FullyCompliant,FleetCostOnly,NoGridIncentive,Fleet shifts discretionary charging to cheap windows without an explicit grid guardrail.,834386.7118308311,42.69999999999999,2825.0,0.9908487709784257,1.0,803,47,2.0857473928157617,122.99999999999983,True,True,False,harmful by priority distortion,LeastLaxity,False,False,True,False,True,False,False,False,not_mutually_acceptable,driver_fleet_grid_fail,driver,829.0,0.14285714285714285,2.0,0.9223633501726656,-70231.52964053117,1.0,0.0,0.44227133450681266,0.7491228070175436,0.4506426464391067,3.354177882482654,1.0,0.0,1387.0,1387.0,1387.0,0.0,11.0,0.0,0.334534967555876
multi_actor_v2,multi_actor_v2_caltech_sce_cap20,metro_caltech_sce,campus/workplace,multi-actor compact weekly matrix,20,8,1,1,4501,D_FullyCompliant__F_ServiceCostly__G_NoGrid,multi_actor,91.88876013904984,70,863,91.88876013904984,70,863,39.13048374961355,3130.438699969084,113.0,72.11309523809524,1.5669830788278993,1.5669830788278993,0.6381689844079225,1175977.0,72.0,96,180.0,52.5,9,0.4166666666666667,18,0,"[12360, 0, 415, 665]",12360,415,0,665,0.9196428571428571,0.030877976190476192,0.0,0.10555555555555556,0.575,"Operational multi-actor scenario; not causal human behavior, global optimization, filed tariff billing, or site-specific feeder validation.",1080,1055,592,4979,490,4489,99,43,56,580,0,67,613,369,76,18,114,621,3946,168,FullyCompliant,FleetServiceCostly,NoGridIncentive,"Fleet preserves urgent service but shifts discretionary charging away from cheap windows, creating a fleet economic stress case.",870132.0383271226,54.19999999999993,2825.0,0.9653212271374365,1.0,580,76,0.5793742757821718,180.0,False,False,False,harmful by priority distortion,LeastLaxity,False,False,True,False,True,False,False,False,not_mutually_acceptable,driver_fleet_grid_fail,driver,592.0,0.4166666666666667,1.0,0.9618776169181069,-34486.20314423973,1.0,0.0,0.5599669830788279,0.950877192982455,0.2808154235145386,2.532391994383837,1.0,0.0,1080.0,1080.0,1080.0,0.0,67.0,0.0,0.10555555555555556
multi_actor_v2,multi_actor_v2_caltech_sce_cap20,metro_caltech_sce,campus/workplace,multi-actor compact weekly matrix,20,8,1,1,4501,D_FullyCompliant__F_QueueAware__G_NoGrid,multi_actor,93.74275782155273,54,863,93.74275782155273,54,863,38.17798629695061,3054.2389037560483,113.0,90.0,1.2555555555555555,1.2555555555555555,0.7964601769911505,1526224.0,72.0,126,0.0,0.0,8,0.0,0,0,"[12097, 0, 1, 1342]",12097,1,0,1342,0.9000744047619048,7.440476190476191e-05,0.0,0.3127326880119136,0.6827997021593447,"Operational multi-actor scenario; not causal human behavior, global optimization, filed tariff billing, or site-specific feeder validation.",1343,1343,802,4978,541,4437,899,0,899,802,0,0,0,0,0,0,420,917,3635,168,FullyCompliant,FleetQueueAware,NoGridIncentive,Fleet suppresses non-urgent/high-SoC requests under queue pressure.,852769.411151362,21.0,2825.0,0.9418237918454704,1.0,802,0,2.433371958285065,0.0,False,False,False,harmful by under-delivery,LeastLaxity,False,False,True,False,True,False,False,False,not_mutually_acceptable,driver_fleet_grid_fail,driver,802.0,0.0,0.0,0.9426842971509527,-51848.8303200003,1.0,0.0,0.4486772486772487,0.3684210526315789,0.4391066160977666,3.286626727594568,1.0,0.0,1343.0,1343.0,1343.0,0.0,0.0,0.0,0.3127326880119136
multi_actor_v2,multi_actor_v2_caltech_sce_cap20,metro_caltech_sce,campus/workplace,multi-actor compact weekly matrix,20,8,1,1,4501,D_FullyCompliant__F_AvailabilityFocused__G_NoGrid,multi_actor,93.6268829663963,55,863,93.6268829663963,55,863,40.59468767599255,3247.5750140794044,113.0,93.67261904761905,1.2063290334879582,1.2063290334879582,0.8289612305099031,1620221.0,72.0,137,0.0,0.0,8,0.0,0,0,"[12058, 0, 40, 1342]",12058,40,0,1342,0.897172619047619,0.002976190476190476,0.0,0.3060781476121563,0.6729377713458755,"Operational multi-actor scenario; not causal human behavior, global optimization, filed tariff billing, or site-specific feeder validation.",1382,1382,813,4978,530,4448,194,39,155,813,0,0,0,0,0,0,423,930,3635,168,FullyCompliant,FleetAvailabilityFocused,NoGridIncentive,Fleet maintains a higher readiness reserve for vehicles with likely upcoming needs.,901400.83530076,21.0,2825.0,1.0014420975063236,1.0,813,0,2.3174971031286304,0.0,True,True,False,harmful by priority distortion,LeastLaxity,False,False,True,False,True,False,False,False,not_mutually_acceptable,driver_fleet_grid_fail,driver,813.0,0.0,0.0,0.9964433547510946,-3217.406170602306,1.0,0.0,0.431085975725996,0.3684210526315789,0.47160766961651923,3.4890433142251718,1.0,0.0,1382.0,1382.0,1382.0,0.0,0.0,0.0,0.3060781476121563
multi_actor_v2,multi_actor_v2_caltech_sce_cap20,metro_caltech_sce,campus/workplace,multi-actor compact weekly matrix,20,8,1,1,4501,D_FullyCompliant__F_ServiceFirst__G_PeakPenalty,multi_actor,91.30938586326766,75,863,91.30938586326766,75,863,40.53623047910288,3242.8984383282304,99.0,40.339285714285715,2.454183266932271,2.454183266932271,0.4074675324675325,456611.0,72.0,29,0.0,0.0,6,0.0,0,0,"[12951, 0, 489, 0]",12951,489,0,0,0.9636160714285714,0.036383928571428574,0.0,0.23517382413087934,0.0,"Operational multi-actor scenario; not causal human behavior, global optimization, filed tariff billing, or site-specific feeder validation.",489,489,0,4978,439,4539,74,50,24,0,0,0,0,0,0,0,115,0,4539,168,FullyCompliant,FleetServiceFirst,GridPeakPenalty,Service-first fleet recommendation with an action-changing peak cap.,923107.3568961368,57.0,2475.0,1.0,0.8761061946902655,0,0,0.0,0.0,True,True,True,service-tolerated,LeastLaxity,True,True,True,True,True,True,True,True,mutually_acceptable,all_pass,none,0.0,0.0,-2.0,1.0204385834567098,18489.11542477447,0.8761061946902655,-350.0,0.8770111295232051,1.0,0.0501139715741486,0.9832828711340428,1.0,0.0,508.0,489.0,489.0,19.0,0.0,0.0,0.23517382413087934
multi_actor_v2,multi_actor_v2_caltech_sce_cap20,metro_caltech_sce,campus/workplace,multi-actor compact weekly matrix,20,8,1,1,4501,D_FullyCompliant__F_CostOnly__G_PeakPenalty,multi_actor,93.39513325608343,57,863,93.39513325608343,57,863,40.12218767599255,3209.775014079404,99.0,84.83928571428571,1.1669122290044203,1.1669122290044203,0.8569624819624819,1315917.0,72.0,134,0.0,0.0,6,0.0,0,0,"[12270, 24, 0, 1146]",12270,0,24,1146,0.9129464285714286,0.0,0.0017857142857142857,0.3153846153846154,0.6196581196581197,"Operational multi-actor scenario; not causal human behavior, global optimization, filed tariff billing, or site-specific feeder validation.",1170,1170,618,4978,528,4450,485,24,461,618,0,0,0,0,0,0,369,725,3832,168,FullyCompliant,FleetCostOnly,GridPeakPenalty,Cheap-window fleet policy with a grid peak cap.,861041.8568245295,43.0,2475.0,0.989785858275012,0.8761061946902655,618,0,2.0857473928157617,0.0,False,True,False,harmful by priority distortion,LeastLaxity,False,False,True,False,True,False,False,False,not_mutually_acceptable,driver_fleet_grid_fail,driver,618.0,0.0,-2.0,0.9518289786242252,-43576.38464683283,0.8761061946902655,-350.0,0.41700024028476546,0.7543859649122807,0.49960892106909804,2.833743921925,1.0,0.0,1460.0,1170.0,1170.0,290.0,0.0,0.0,0.3153846153846154
multi_actor_v2,multi_actor_v2_caltech_sce_cap20,metro_caltech_sce,campus/workplace,multi-actor compact weekly matrix,20,8,1,1,4501,D_FullyCompliant__F_QueueAware__G_PeakPenalty,multi_actor,93.74275782155273,54,863,93.74275782155273,54,863,38.17798629695061,3054.2389037560483,99.0,81.79166666666667,1.2103922567498726,1.2103922567498726,0.8261784511784512,1248163.0,72.0,126,0.0,0.0,6,0.0,0,0,"[12294, 0, 1, 1145]",12294,1,0,1145,0.9147321428571429,7.440476190476191e-05,0.0,0.3010471204188482,0.6273996509598604,"Operational multi-actor scenario; not causal human behavior, global optimization, filed tariff billing, or site-specific feeder validation.",1146,1146,608,4978,538,4440,899,0,899,608,0,0,0,0,0,0,345,719,3832,168,FullyCompliant,FleetQueueAware,GridPeakPenalty,Queue-aware fleet policy with a grid peak cap.,884606.9652048042,21.0,2475.0,0.9418237918454704,0.8761061946902655,608,0,2.433371958285065,0.0,False,False,False,harmful by under-delivery,LeastLaxity,False,False,True,False,True,False,False,False,not_mutually_acceptable,driver_fleet_grid_fail,driver,608.0,0.0,-2.0,0.9778787610627775,-20011.276266558096,0.8761061946902655,-350.0,0.432537983027346,0.3684210526315789,0.46882489028506735,2.68783997381421,1.0,0.0,1343.0,1146.0,1146.0,197.0,0.0,0.0,0.3010471204188482
multi_actor_v2,multi_actor_v2_caltech_sce_cap20,metro_caltech_sce,campus/workplace,multi-actor compact weekly matrix,20,8,1,1,4501,D_LimitedAttentionP0025__F_ServiceFirst__G_NoGrid,multi_actor,91.19351100811124,76,863,91.19351100811124,76,863,39.82748047910288,3186.1984383282306,113.0,40.00595238095238,2.8245796756435055,2.8245796756435055,0.35403497682258744,458361.0,72.0,29,0.0,0.0,8,0.0,0,0,"[12959, 0, 481, 0]",12959,481,0,0,0.9642113095238095,0.035788690476190474,0.0,0.25571725571725573,0.0,"Operational multi-actor scenario; not causal human behavior, global optimization, filed tariff billing, or site-specific feeder validation.",481,481,0,4979,431,4548,78,50,28,0,0,0,0,0,0,0,123,0,4548,168,LimitedAttentionP0025,FleetServiceFirst,NoGridIncentive,Low-probability missed compliance with service-first fleet recommendation.,889704.6610269009,57.0,2825.0,0.9825156411530328,1.0,0,0,-0.11587485515642015,0.0,False,True,True,service-tolerated,LeastLaxity,True,True,True,True,True,True,True,True,mutually_acceptable,all_pass,none,0.0,0.0,0.0,0.9835139512329483,-14913.580444461433,1.0,0.0,1.009373605118286,1.0,-0.0033185840707964376,0.9870513853058095,0.9749999999999999,0.0008928571428571428,493.0,493.0,481.0,0.0,0.0,0.0,0.25571725571725573
multi_actor_v2,multi_actor_v2_caltech_sce_cap20,metro_caltech_sce,campus/workplace,multi-actor compact weekly matrix,20,8,1,1,4501,D_LimitedAttentionP005__F_ServiceFirst__G_NoGrid,multi_actor,90.49826187717265,82,863,90.49826187717265,82,863,39.827480479102874,3186.19843832823,113.0,39.75,2.842767295597484,2.842767295597484,0.35176991150442477,446544.0,72.0,28,0.0,0.0,8,0.0,0,0,"[12959, 0, 481, 0]",12959,481,0,0,0.9642113095238095,0.035788690476190474,0.0,0.2598752598752599,0.0,"Operational multi-actor scenario; not causal human behavior, global optimization, filed tariff billing, or site-specific feeder validation.",481,481,0,4978,431,4547,78,50,28,0,0,0,0,0,0,0,125,0,4547,168,LimitedAttentionP005,FleetServiceFirst,NoGridIncentive,Moderate missed compliance with service-first fleet recommendation.,899545.3649509639,57.0,2825.0,0.9825156411530327,1.0,0,0,-0.8111239860950121,0.0,False,True,False,fragile,LeastLaxity,False,True,True,True,True,True,True,False,not_mutually_acceptable,driver_only_fail,driver,0.0,0.0,0.0,0.9943922460460809,-5072.876520398422,1.0,0.0,1.0158730158730158,1.0,-0.005583649388959111,0.961604224181371,0.95,0.002529761904761905,515.0,515.0,481.0,0.0,0.0,0.0,0.2598752598752599
multi_actor_v2,multi_actor_v2_caltech_sce_cap20,metro_caltech_sce,campus/workplace,multi-actor compact weekly matrix,20,8,1,1,4501,D_SoCCompliance__F_ServiceFirst__G_NoGrid,multi_actor,83.89339513325609,139,863,83.89339513325609,139,863,33.634619697921835,2690.769575833747,113.0,73.83928571428571,1.5303506650544136,1.5303506650544136,0.6534450063211125,1118951.0,72.0,100,3305.9999999999995,927.75,22,6.6726190476190474,117,116,"[11854, 29, 1557, 0]",11854,1557,29,0,0.8819940476190476,0.11584821428571429,0.0021577380952380954,0.2698612862547289,0.592686002522068,"Operational multi-actor scenario; not causal human behavior, global optimization, filed tariff billing, or site-specific feeder validation.",1586,992,1247,4981,403,4578,93,48,45,1233,13,142,1520,1203,1708,233,428,940,3451,168,SoCCompliance,FleetServiceFirst,NoGridIncentive,Compliance probability is higher at low SoC and lower at high SoC.,770368.4325531574,50.0,2825.0,0.8297421664617053,1.0,1233,1708,-7.415990730011572,3305.9999999999995,False,False,False,harmful by under-delivery,LeastLaxity,False,False,True,False,True,False,False,False,not_mutually_acceptable,driver_fleet_grid_fail,driver,1247.0,6.6726190476190474,14.0,0.8515950676609755,-134249.80891820486,1.0,0.0,0.546876259572753,0.8771929824561403,0.2960914454277286,2.409590114864312,0.8240379464285719,0.17485119047619047,262.0,262.0,1586.0,0.0,142.0,0.0,0.2698612862547289
multi_actor_v2,multi_actor_v2_caltech_sce_cap20,metro_caltech_sce,campus/workplace,multi-actor compact weekly matrix,20,8,1,1,4501,D_SoCQueueCompliance__F_ServiceFirst__G_NoGrid,multi_actor,86.44264194669756,117,863,86.44264194669756,117,863,35.0089201014455,2800.7136081156395,113.0,82.48809523809524,1.369894645692019,1.369894645692019,0.7299831436999579,1354260.0,72.0,113,4988.999999999999,1833.0,39,12.821428571428571,242,290,"[10755, 37, 2648, 0]",10755,2648,37,0,0.8002232142857143,0.19702380952380952,0.0027529761904761907,0.23910614525139665,0.5389199255121043,"Operational multi-actor scenario; not causal human behavior, global optimization, filed tariff billing, or site-specific feeder validation.",2685,1175,2328,4987,416,4571,102,47,55,2315,12,149,2633,2296,3655,532,642,1447,2358,168,SoCQueueCompliance,FleetServiceFirst,NoGridIncentive,SoC-dependent compliance with queue-sensitive avoidance for non-critical high-SoC charging.,784913.1963754665,35.0,2825.0,0.863645180809133,1.0,2315,3655,-4.866743916570101,4988.999999999999,False,False,False,harmful by under-delivery,LeastLaxity,False,False,True,False,True,False,False,False,not_mutually_acceptable,driver_fleet_grid_fail,driver,2328.0,12.821428571428571,31.0,0.8676734122659351,-119705.04509589577,1.0,0.0,0.48953672968682344,0.6140350877192983,0.372629582806574,2.9163131441467436,0.6124895833333349,0.39010416666666664,285.0,285.0,2685.0,0.0,149.0,23.0,0.23910614525139665
multi_actor_v2,multi_actor_v2_caltech_sce_cap20,metro_caltech_sce,campus/workplace,multi-actor compact weekly matrix,20,8,1,1,4501,D_PriceSensitive__F_ServiceFirst__G_NoGrid,multi_actor,86.79026651216685,114,863,86.79026651216685,114,863,36.18392048295132,2894.7136386361058,113.0,73.38690476190476,1.5397842485197502,1.5397842485197502,0.6494416350611041,1102229.0,72.0,102,3245.9999999999995,1551.0,43,10.738095238095237,219,264,"[11288, 1, 2151, 0]",11288,2151,1,0,0.8398809523809524,0.16004464285714284,7.440476190476191e-05,0.1129182156133829,0.41310408921933084,"Operational multi-actor scenario; not causal human behavior, global optimization, filed tariff billing, or site-specific feeder validation.",2152,975,1770,4981,438,4543,107,43,64,1768,1,149,2114,1750,2973,483,243,889,2866,168,PriceSensitive,FleetServiceFirst,NoGridIncentive,"Driver layer biases actual requests toward cheap windows, bounded by critical/low-SoC need.",803268.9227837449,35.69999999999999,2825.0,0.8926316052402739,1.0,1768,2973,-4.519119351100812,3245.9999999999995,False,False,False,harmful by under-delivery,LeastLaxity,False,False,True,False,True,False,False,False,not_mutually_acceptable,driver_fleet_grid_fail,driver,1770.0,10.738095238095237,35.0,0.8879645423435496,-101349.31868761743,1.0,0.0,0.5502473842160759,0.626315789473684,0.2920880741677202,2.373580346875579,0.6374999999999998,0.3607142857142857,292.0,292.0,2152.0,0.0,149.0,0.0,0.1129182156133829
multi_actor_v2,multi_actor_v2_caltech_sce_cap20,metro_caltech_sce,campus/workplace,multi-actor compact weekly matrix,20,8,1,1,4501,D_ReserveSeeking__F_ServiceFirst__G_NoGrid,multi_actor,88.41251448435689,100,863,88.41251448435689,100,863,37.419655162569306,2993.5724130055446,113.0,58.61309523809524,1.9278968213669136,1.9278968213669136,0.5186999578592499,733185.0,72.0,54,1020.0,432.75,18,3.232142857142857,83,34,"[12634, 6, 800, 0]",12634,800,6,0,0.940029761904762,0.05952380952380952,0.0004464285714285714,0.24441687344913152,0.3076923076923077,"Operational multi-actor scenario; not causal human behavior, global optimization, filed tariff billing, or site-specific feeder validation.",806,645,430,4980,441,4539,83,48,35,426,2,124,727,401,701,117,197,248,4222,168,ReserveSeeking,FleetServiceFirst,NoGridIncentive,Driver layer maintains a higher reserve threshold than the fleet recommendation assumes.,842456.1204350637,54.89999999999992,2825.0,0.9231163016467399,1.0,426,701,-2.896871378910774,1020.0,False,False,False,harmful by under-delivery,LeastLaxity,False,False,True,False,True,False,False,False,not_mutually_acceptable,driver_fleet_grid_fail,driver,430.0,3.232142857142857,10.0,0.9312835866152867,-62162.12103629857,1.0,0.0,0.6889407941505026,0.9631578947368407,0.16134639696586606,1.578867464586734,0.9000000000000001,0.10401785714285715,329.0,329.0,806.0,0.0,124.0,0.0,0.24441687344913152
multi_actor_v2,multi_actor_v2_caltech_sce_cap20,metro_caltech_sce,campus/workplace,multi-actor compact weekly matrix,20,8,1,1,4501,D_UrgencyDriven__F_ServiceFirst__G_NoGrid,multi_actor,91.19351100811124,76,863,91.19351100811124,76,863,39.81696983671524,3185.357586937219,113.0,46.95238095238095,2.406693711967546,2.406693711967546,0.4155077960387695,548162.0,72.0,42,60.0,12.0,9,0.09523809523809523,4,0,"[12817, 0, 432, 191]",12817,432,0,191,0.9536458333333333,0.03214285714285714,0.0,0.27608346709470305,0.23595505617977527,"Operational multi-actor scenario; not causal human behavior, global optimization, filed tariff billing, or site-specific feeder validation.",623,617,122,4978,461,4517,86,50,36,119,0,16,119,23,17,4,172,147,4405,168,UrgencyDriven,FleetServiceFirst,NoGridIncentive,Driver layer prioritizes deadline/urgent charging pressure over the fleet recommendation.,910753.3973610338,57.0,2825.0,0.9822563510744188,1.0,119,17,-0.11587485515642015,60.0,False,True,False,harmful by priority distortion,LeastLaxity,False,False,True,False,True,False,False,False,not_mutually_acceptable,driver_fleet_grid_fail,driver,122.0,0.09523809523809523,1.0,1.0067820386638375,6135.155889671529,1.0,0.0,0.8600405679513186,1.0,0.05815423514538559,1.1804321516708516,0.8499999999999999,0.1533482142857143,483.0,483.0,623.0,0.0,16.0,0.0,0.27608346709470305
multi_actor_v2,multi_actor_v2_caltech_sce_cap20,metro_caltech_sce,campus/workplace,multi-actor compact weekly matrix,20,8,1,1,4501,D_PriceSensitive__F_QueueAware__G_PeakPenalty,multi_actor,87.36964078794902,109,863,87.36964078794902,109,863,35.118109692439646,2809.4487753951717,113.0,87.5,1.2914285714285714,1.2914285714285714,0.7743362831858407,1437506.0,72.0,126,2957.999999999999,1524.75,42,10.589285714285714,231,254,"[10980, 16, 1904, 540]",10980,1904,16,540,0.8169642857142857,0.14166666666666666,0.0011904761904761906,0.16056910569105692,0.5024390243902439,"Operational multi-actor scenario; not causal human behavior, global optimization, filed tariff billing, or site-specific feeder validation.",2460,1283,2088,4983,462,4521,412,16,396,2083,5,151,2373,2019,2942,485,395,1236,2539,168,PriceSensitive,FleetQueueAware,GridPeakPenalty,"Full interaction: price-sensitive driver response, queue-aware fleet policy, and grid peak cap.",753280.2814435076,43.0,2825.0,0.8663388104264808,1.0,2083,2942,-3.9397450753186405,2957.999999999999,False,False,False,harmful by under-delivery,LeastLaxity,False,False,True,False,True,False,False,False,not_mutually_acceptable,driver_fleet_grid_fail,driver,2088.0,10.589285714285714,34.0,0.8327051643556255,-151337.96002785466,1.0,0.0,0.46149659863945575,0.7543859649122807,0.4169827222924568,3.0955781331426824,0.6374999999999998,0.3613095238095238,890.0,846.0,2460.0,44.0,151.0,0.0,0.16056910569105692
multi_actor_v2,multi_actor_v2_caltech_sce_cap20,metro_caltech_sce,campus/workplace,multi-actor compact weekly matrix,20,8,1,1,4501,D_SoCCompliance__F_QueueAware__G_PeakPenalty,multi_actor,84.58864426419467,133,863,84.58864426419467,133,863,33.13159735673243,2650.5277885385945,113.0,89.55357142857143,1.261814556331007,1.261814556331007,0.7925094816687738,1495531.0,72.0,129,3783.0,1043.25,21,7.523809523809524,132,127,"[11450, 59, 1441, 490]",11450,1441,59,490,0.8519345238095238,0.1072172619047619,0.004389880952380952,0.2778894472361809,0.6628140703517588,"Operational multi-actor scenario; not causal human behavior, global optimization, filed tariff billing, or site-specific feeder validation.",1990,1320,1626,4982,428,4554,154,37,117,1595,31,147,1884,1542,1918,259,553,1319,3051,168,SoCCompliance,FleetQueueAware,GridPeakPenalty,"Full interaction: SoC-dependent compliance, queue-aware fleet policy, and grid peak cap.",766563.2347674244,33.59999999999991,2825.0,0.817332962763085,1.0,1595,1918,-6.720741599072994,3783.0,False,False,False,harmful by under-delivery,LeastLaxity,False,False,True,False,True,False,False,False,not_mutually_acceptable,driver_fleet_grid_fail,driver,1626.0,7.523809523809524,13.0,0.8473886548215175,-138055.0067039379,1.0,0.0,0.4509139248919907,0.5894736842105247,0.4351559207753899,3.220531295895119,0.8247191220238098,0.17566964285714284,815.0,793.0,1990.0,22.0,147.0,0.0,0.2778894472361809
multi_actor_v2,multi_actor_v2_caltech_sce_cap20,metro_caltech_sce,campus/workplace,multi-actor compact weekly matrix,20,8,1,1,4502,LeastLaxity,anchor,92.8164196123147,63,877,92.8164196123147,63,877,48.0873201607054,3846.985612856432,113.0,38.726190476190474,2.917921918229327,2.917921918229327,0.34270965023177413,440380.0,72.0,32,0.0,0.0,8,0.0,0,0,"[12830, 0, 610, 0]",12830,610,0,0,0.9546130952380952,0.04538690476190476,0.0,0.2442622950819672,0.0,"Behavior Applied Energy package v1; behavior proxies are imposed perturbations, not measured traits.",610,610,0,5519,529,4990,88,81,7,0,0,0,0,0,0,0,149,0,4990,168,FullyCompliant,FleetServiceFirst,NoGridIncentive,LeastLaxity anchor used for paired thresholds.,1121871.2747767246,57.0,2825.0,1.0,1.0,0,0,0.0,0.0,True,True,True,anchor,LeastLaxity,True,True,True,True,True,True,True,True,mutually_acceptable,all_pass,none,0.0,0.0,0.0,1.0,0.0,1.0,0.0,1.0,1.0,0.0,1.0,,,,,,,,,
multi_actor_v2,multi_actor_v2_caltech_sce_cap20,metro_caltech_sce,campus/workplace,multi-actor compact weekly matrix,20,8,1,1,4502,D_FullyCompliant__F_ServiceFirst__G_NoGrid,multi_actor,92.8164196123147,63,877,92.8164196123147,63,877,48.0873201607054,3846.985612856432,113.0,38.726190476190474,2.917921918229327,2.917921918229327,0.34270965023177413,440380.0,72.0,32,0.0,0.0,8,0.0,0,0,"[12830, 0, 610, 0]",12830,610,0,0,0.9546130952380952,0.04538690476190476,0.0,0.2442622950819672,0.0,"Operational multi-actor scenario; not causal human behavior, global optimization, filed tariff billing, or site-specific feeder validation.",610,610,0,5519,529,4990,88,81,7,0,0,0,0,0,0,0,149,0,4990,168,FullyCompliant,FleetServiceFirst,NoGridIncentive,"Baseline multi-actor row: least-laxity service-first fleet recommendation, fully compliant driver layer, no grid incentive.",1121871.2747767246,57.0,2825.0,1.0,1.0,0,0,0.0,0.0,True,True,True,service-tolerated,LeastLaxity,True,True,True,True,True,True,True,True,mutually_acceptable,all_pass,none,0.0,0.0,0.0,1.0,0.0,1.0,0.0,1.0,1.0,0.0,1.0,1.0,0.0,610.0,610.0,610.0,0.0,0.0,0.0,0.2442622950819672
multi_actor_v2,multi_actor_v2_caltech_sce_cap20,metro_caltech_sce,campus/workplace,multi-actor compact weekly matrix,20,8,1,1,4502,D_FullyCompliant__F_CostOnly__G_NoGrid,multi_actor,94.2987457240593,50,877,94.2987457240593,50,877,48.1942312115566,3855.538496924528,113.0,101.70238095238095,1.1110850989113894,1.1110850989113894,0.9000210703750526,1854964.0,72.0,149,122.99999999999983,26.25,21,0.20833333333333334,0,0,"[11904, 80, 1, 1455]",11904,1,80,1455,0.8857142857142857,7.440476190476191e-05,0.005952380952380952,0.33203125,0.611328125,"Operational multi-actor scenario; not causal human behavior, global optimization, filed tariff billing, or site-specific feeder validation.",1536,1501,802,5519,689,4830,329,45,284,767,35,9,125,70,70,0,510,939,4063,168,FullyCompliant,FleetCostOnly,NoGridIncentive,Fleet shifts discretionary charging to cheap windows without an explicit grid guardrail.,1045951.0604990534,40.89999999999992,2825.0,1.0022232690550004,1.0,767,70,1.482326111744598,122.99999999999983,True,True,False,harmful by priority distortion,LeastLaxity,False,False,True,False,True,False,False,False,not_mutually_acceptable,driver_fleet_grid_fail,driver,802.0,0.20833333333333334,13.0,0.9323271608921613,-75920.21427767118,1.0,0.0,0.3807795856256584,0.7175438596491214,0.5573114201432785,4.212189472728099,1.0,0.0,1536.0,1536.0,1536.0,0.0,9.0,0.0,0.33203125
multi_actor_v2,multi_actor_v2_caltech_sce_cap20,metro_caltech_sce,campus/workplace,multi-actor compact weekly matrix,20,8,1,1,4502,D_FullyCompliant__F_ServiceCostly__G_NoGrid,multi_actor,93.84264538198404,54,877,93.84264538198404,54,877,47.432666948223485,3794.6133558578786,113.0,79.88095238095238,1.4146050670640835,1.4146050670640835,0.7069110830172777,1389830.0,72.0,107,420.0,95.25,14,0.7559523809523809,11,0,"[12191, 0, 587, 662]",12191,587,0,662,0.9070684523809524,0.043675595238095236,0.0,0.1088871096877502,0.49079263410728585,"Operational multi-actor scenario; not causal human behavior, global optimization, filed tariff billing, or site-specific feeder validation.",1249,1180,597,5521,643,4878,152,67,85,557,0,77,830,418,181,11,136,613,4362,168,FullyCompliant,FleetServiceCostly,NoGridIncentive,"Fleet preserves urgent service but shifts discretionary charging away from cheap windows, creating a fleet economic stress case.",1125906.2889103135,87.79999999999984,2825.0,0.9863861573010494,1.0,557,181,1.0262257696693382,420.0,False,True,False,harmful by priority distortion,LeastLaxity,False,False,True,False,True,False,False,False,not_mutually_acceptable,driver_fleet_grid_fail,driver,597.0,0.7559523809523809,6.0,1.0035966819227027,4035.0141335888766,1.0,0.0,0.4847988077496274,1.5403508771929797,0.36420143278550354,3.1559789272900676,1.0,0.0,1249.0,1249.0,1249.0,0.0,77.0,0.0,0.1088871096877502
multi_actor_v2,multi_actor_v2_caltech_sce_cap20,metro_caltech_sce,campus/workplace,multi-actor compact weekly matrix,20,8,1,1,4502,D_FullyCompliant__F_QueueAware__G_NoGrid,multi_actor,94.2987457240593,50,877,94.2987457240593,50,877,45.4558556981028,3636.468455848224,113.0,100.57142857142857,1.1235795454545454,1.1235795454545454,0.8900126422250316,1824044.0,72.0,148,0.0,0.0,8,0.0,0,0,"[11960, 0, 1, 1479]",11960,1,0,1479,0.8898809523809523,7.440476190476191e-05,0.0,0.30675675675675673,0.6459459459459459,"Operational multi-actor scenario; not causal human behavior, global optimization, filed tariff billing, or site-specific feeder validation.",1480,1480,785,5520,695,4825,1181,0,1181,785,0,0,0,0,0,0,454,956,4040,168,FullyCompliant,FleetQueueAware,NoGridIncentive,Fleet suppresses non-urgent/high-SoC requests under queue pressure.,1078051.7620231765,35.69999999999999,2825.0,0.9452773734571114,1.0,785,0,1.482326111744598,0.0,False,False,False,harmful by under-delivery,LeastLaxity,False,False,True,False,True,False,False,False,not_mutually_acceptable,driver_fleet_grid_fail,driver,785.0,0.0,0.0,0.9609406945888074,-43819.5127535481,1.0,0.0,0.385061553030303,0.626315789473684,0.5473029919932575,4.141977383169081,1.0,0.0,1480.0,1480.0,1480.0,0.0,0.0,0.0,0.30675675675675673
multi_actor_v2,multi_actor_v2_caltech_sce_cap20,metro_caltech_sce,campus/workplace,multi-actor compact weekly matrix,20,8,1,1,4502,D_FullyCompliant__F_AvailabilityFocused__G_NoGrid,multi_actor,94.2987457240593,50,877,94.2987457240593,50,877,48.194231211556605,3855.5384969245283,113.0,103.72619047619048,1.0894066337656374,1.0894066337656374,0.9179308891698272,1908364.0,72.0,150,0.0,0.0,8,0.0,0,0,"[11915, 0, 46, 1479]",11915,46,0,1479,0.8865327380952381,0.0034226190476190476,0.0,0.30295081967213117,0.6308196721311475,"Operational multi-actor scenario; not causal human behavior, global optimization, filed tariff billing, or site-specific feeder validation.",1525,1525,790,5520,690,4830,294,45,249,790,0,0,0,0,0,0,462,962,4040,168,FullyCompliant,FleetAvailabilityFocused,NoGridIncentive,Fleet maintains a higher readiness reserve for vehicles with likely upcoming needs.,1161092.155736555,14.0,2825.0,1.0022232690550006,1.0,790,0,1.482326111744598,0.0,True,True,False,harmful by priority distortion,LeastLaxity,False,False,True,False,True,False,False,False,not_mutually_acceptable,driver_fleet_grid_fail,driver,790.0,0.0,0.0,1.0349602328196132,39220.88095983048,1.0,0.0,0.373350166417996,0.24561403508771928,0.5752212389380531,4.333448385485263,1.0,0.0,1525.0,1525.0,1525.0,0.0,0.0,0.0,0.30295081967213117
multi_actor_v2,multi_actor_v2_caltech_sce_cap20,metro_caltech_sce,campus/workplace,multi-actor compact weekly matrix,20,8,1,1,4502,D_FullyCompliant__F_ServiceFirst__G_PeakPenalty,multi_actor,92.8164196123147,63,877,92.8164196123147,63,877,48.008570160705396,3840.685612856432,99.0,38.601190476190474,2.564687740940632,2.564687740940632,0.3899110149110149,425659.0,72.0,34,0.0,0.0,6,0.0,0,0,"[12833, 0, 607, 0]",12833,607,0,0,0.9548363095238095,0.045163690476190475,0.0,0.2487644151565074,0.0,"Operational multi-actor scenario; not causal human behavior, global optimization, filed tariff billing, or site-specific feeder validation.",607,607,0,5519,533,4986,106,74,32,0,0,0,0,0,0,0,151,0,4986,168,FullyCompliant,FleetServiceFirst,GridPeakPenalty,Service-first fleet recommendation with an action-changing peak cap.,1151800.6907130405,57.0,2475.0,0.9983623541562135,0.8761061946902655,0,0,0.0,0.0,True,True,True,service-tolerated,LeastLaxity,True,True,True,True,True,True,True,True,mutually_acceptable,all_pass,none,0.0,0.0,-2.0,1.0266781195037482,29929.415936315898,0.8761061946902655,-350.0,0.8789432386514829,1.0,0.04720136467924074,0.9665720514101458,1.0,0.0,658.0,607.0,607.0,51.0,0.0,0.0,0.2487644151565074
multi_actor_v2,multi_actor_v2_caltech_sce_cap20,metro_caltech_sce,campus/workplace,multi-actor compact weekly matrix,20,8,1,1,4502,D_FullyCompliant__F_CostOnly__G_PeakPenalty,multi_actor,94.2987457240593,50,877,94.2987457240593,50,877,46.00735799138249,3680.5886393105993,99.0,90.70238095238095,1.091481821761386,1.091481821761386,0.9161856661856661,1468858.0,72.0,149,0.0,0.0,6,0.0,0,0,"[12203, 7, 1, 1229]",12203,1,7,1229,0.9079613095238095,7.440476190476191e-05,0.0005208333333333333,0.30962004850444624,0.5691188358932903,"Operational multi-actor scenario; not causal human behavior, global optimization, filed tariff billing, or site-specific feeder validation.",1237,1237,547,5520,683,4837,1181,7,1174,547,0,0,0,0,0,0,383,704,4290,168,FullyCompliant,FleetCostOnly,GridPeakPenalty,Cheap-window fleet policy with a grid peak cap.,1076864.1793302586,47.89999999999992,2475.0,0.9567461409292142,0.8761061946902655,547,0,1.482326111744598,0.0,False,False,False,harmful by priority distortion,LeastLaxity,False,False,True,False,True,False,False,False,not_mutually_acceptable,driver_fleet_grid_fail,driver,547.0,0.0,-2.0,0.9598821215424886,-45007.095446466,0.8761061946902655,-350.0,0.3740613533701842,0.8403508771929811,0.573476015953892,3.335433035106045,1.0,0.0,1782.0,1237.0,1237.0,545.0,0.0,0.0,0.30962004850444624
multi_actor_v2,multi_actor_v2_caltech_sce_cap20,metro_caltech_sce,campus/workplace,multi-actor compact weekly matrix,20,8,1,1,4502,D_FullyCompliant__F_QueueAware__G_PeakPenalty,multi_actor,94.18472063854047,51,877,94.18472063854047,51,877,45.37710569810281,3630.1684558482248,99.0,90.1547619047619,1.0981117126634095,1.0981117126634095,0.9106541606541606,1459106.0,72.0,148,0.0,0.0,6,0.0,0,0,"[12210, 0, 1, 1229]",12210,1,0,1229,0.9084821428571429,7.440476190476191e-05,0.0,0.3056910569105691,0.5756097560975609,"Operational multi-actor scenario; not causal human behavior, global optimization, filed tariff billing, or site-specific feeder validation.",1230,1230,541,5520,689,4831,1181,0,1181,541,0,0,0,0,0,0,376,708,4290,168,FullyCompliant,FleetQueueAware,GridPeakPenalty,Queue-aware fleet policy with a grid peak cap.,1093991.4727284117,40.59999999999991,2475.0,0.9436397276133253,0.8761061946902655,541,0,1.3683010262257653,0.0,False,False,False,harmful by under-delivery,LeastLaxity,False,False,True,False,True,False,False,False,not_mutually_acceptable,driver_fleet_grid_fail,driver,541.0,0.0,-2.0,0.9751488404461897,-27879.802048312966,0.8761061946902655,-350.0,0.37633348096229147,0.7122807017543844,0.5679445104223865,3.313288523547845,1.0,0.0,1480.0,1230.0,1230.0,250.0,0.0,0.0,0.3056910569105691
multi_actor_v2,multi_actor_v2_caltech_sce_cap20,metro_caltech_sce,campus/workplace,multi-actor compact weekly matrix,20,8,1,1,4502,D_LimitedAttentionP0025__F_ServiceFirst__G_NoGrid,multi_actor,92.8164196123147,63,877,92.8164196123147,63,877,47.929820160705404,3834.385612856432,113.0,38.55952380952381,2.930534115467737,2.930534115467737,0.3412347239780868,437328.0,72.0,32,0.0,0.0,8,0.0,0,0,"[12834, 0, 606, 0]",12834,606,0,0,0.9549107142857143,0.045089285714285714,0.0,0.24092409240924093,0.0,"Operational multi-actor scenario; not causal human behavior, global optimization, filed tariff billing, or site-specific feeder validation.",606,606,0,5519,526,4993,93,80,13,0,0,0,0,0,0,0,146,0,4993,168,LimitedAttentionP0025,FleetServiceFirst,NoGridIncentive,Low-probability missed compliance with service-first fleet recommendation.,1124906.9168162441,57.0,2825.0,0.9967247083124274,1.0,0,0,0.0,0.0,True,True,True,service-tolerated,LeastLaxity,True,True,True,True,True,True,True,True,mutually_acceptable,all_pass,none,0.0,0.0,0.0,1.002705873755546,3035.642039519502,1.0,0.0,1.0043223217042296,1.0,-0.0014749262536873364,0.9930696216903583,0.9749999999999999,0.0011904761904761906,622.0,622.0,606.0,0.0,0.0,0.0,0.24092409240924093
multi_actor_v2,multi_actor_v2_caltech_sce_cap20,metro_caltech_sce,campus/workplace,multi-actor compact weekly matrix,20,8,1,1,4502,D_LimitedAttentionP005__F_ServiceFirst__G_NoGrid,multi_actor,92.7023945267959,64,877,92.7023945267959,64,877,47.6198918311699,3809.591346493592,113.0,38.351190476190474,2.9464535154431166,2.9464535154431166,0.33939106616097764,430699.0,72.0,31,0.0,0.0,8,0.0,0,0,"[12839, 0, 601, 0]",12839,601,0,0,0.9552827380952381,0.044717261904761905,0.0,0.24292845257903495,0.0,"Operational multi-actor scenario; not causal human behavior, global optimization, filed tariff billing, or site-specific feeder validation.",601,601,0,5519,519,5000,91,82,9,0,0,0,0,0,0,0,146,0,5000,168,LimitedAttentionP005,FleetServiceFirst,NoGridIncentive,Moderate missed compliance with service-first fleet recommendation.,1111739.0293472796,57.0,2825.0,0.9902795928745171,1.0,0,0,-0.1140250855188043,0.0,True,True,True,service-tolerated,LeastLaxity,True,True,True,True,True,True,True,True,mutually_acceptable,all_pass,none,0.0,0.0,0.0,0.9909684420510173,-10132.245429445058,1.0,0.0,1.0097780537016916,1.0,-0.003318584070796493,0.9780167128389119,0.95,0.002232142857142857,631.0,631.0,601.0,0.0,0.0,0.0,0.24292845257903495
multi_actor_v2,multi_actor_v2_caltech_sce_cap20,metro_caltech_sce,campus/workplace,multi-actor compact weekly matrix,20,8,1,1,4502,D_SoCCompliance__F_ServiceFirst__G_NoGrid,multi_actor,88.71151653363741,99,877,88.71151653363741,99,877,41.35866987071981,3308.6935896575847,113.0,88.77380952380952,1.2728979482365563,1.2728979482365563,0.7856089338390223,1523834.0,72.0,121,3245.9999999999995,1166.25,23,8.654761904761905,162,101,"[11385, 41, 2014, 0]",11385,2014,41,0,0.8470982142857143,0.14985119047619047,0.003050595238095238,0.272992700729927,0.6,"Operational multi-actor scenario; not causal human behavior, global optimization, filed tariff billing, or site-specific feeder validation.",2055,1289,1589,5522,540,4982,105,71,34,1568,15,156,2025,1570,2213,263,561,1233,3556,168,SoCCompliance,FleetServiceFirst,NoGridIncentive,Compliance probability is higher at low SoC and lower at high SoC.,962002.9403403457,50.0,2825.0,0.8600743342008084,1.0,1568,2213,-4.104903078677296,3245.9999999999995,False,False,False,harmful by under-delivery,LeastLaxity,False,False,True,False,True,False,False,False,not_mutually_acceptable,driver_fleet_grid_fail,driver,1589.0,8.654761904761905,15.0,0.8574985044802079,-159868.3344363789,1.0,0.0,0.43623441062089313,0.8771929824561403,0.4428992836072482,3.4602706753258548,0.7813385416666686,0.22083333333333333,372.0,372.0,2055.0,0.0,156.0,0.0,0.272992700729927
multi_actor_v2,multi_actor_v2_caltech_sce_cap20,metro_caltech_sce,campus/workplace,multi-actor compact weekly matrix,20,8,1,1,4502,D_SoCQueueCompliance__F_ServiceFirst__G_NoGrid,multi_actor,89.16761687571265,95,877,89.16761687571265,95,877,43.198429253255554,3455.874340260444,113.0,96.38690476190476,1.172358426480578,1.172358426480578,0.8529814580699536,1707435.0,72.0,141,4686.0,2022.0000000000002,31,14.726190476190476,263,222,"[10354, 64, 3022, 0]",10354,3022,64,0,0.7703869047619047,0.22485119047619048,0.004761904761904762,0.27090084251458196,0.568049254698639,"Operational multi-actor scenario; not causal human behavior, global optimization, filed tariff billing, or site-specific feeder validation.",3086,1398,2628,5524,562,4962,141,58,83,2594,31,163,3064,2610,4157,485,836,1753,2521,168,SoCQueueCompliance,FleetServiceFirst,NoGridIncentive,SoC-dependent compliance with queue-sensitive avoidance for non-critical high-SoC charging.,984391.1718046935,47.89999999999992,2825.0,0.898333055551621,1.0,2594,4157,-3.6488027366020503,4686.0,False,False,False,harmful by under-delivery,LeastLaxity,False,False,True,False,True,False,False,False,not_mutually_acceptable,driver_fleet_grid_fail,driver,2628.0,14.726190476190476,23.0,0.8774546545017899,-137480.1029720311,1.0,0.0,0.4017785462854319,0.8403508771929811,0.5102718078381795,3.8771856124256323,0.5550491071428563,0.4461309523809524,300.0,300.0,3086.0,0.0,163.0,45.0,0.27090084251458196
multi_actor_v2,multi_actor_v2_caltech_sce_cap20,metro_caltech_sce,campus/workplace,multi-actor compact weekly matrix,20,8,1,1,4502,D_PriceSensitive__F_ServiceFirst__G_NoGrid,multi_actor,90.42189281641961,84,877,90.42189281641961,84,877,45.04717847824024,3603.7742782592195,113.0,85.92857142857143,1.3150457190357439,1.3150457190357439,0.7604298356510746,1444214.0,72.0,123,2885.9999999999995,1535.25,30,10.892857142857142,224,217,"[11098, 6, 2336, 0]",11098,2336,6,0,0.8257440476190476,0.1738095238095238,0.0004464285714285714,0.1327924850555081,0.4547395388556789,"Operational multi-actor scenario; not causal human behavior, global optimization, filed tariff billing, or site-specific feeder validation.",2342,1233,1848,5524,580,4944,157,64,93,1840,0,147,2270,1803,2927,441,311,1065,3246,168,PriceSensitive,FleetServiceFirst,NoGridIncentive,"Driver layer biases actual requests toward cheap windows, bounded by critical/low-SoC need.",1021335.12604301,57.0,2825.0,0.9367787251960566,1.0,1840,2927,-2.3945267958950893,2885.9999999999995,False,False,False,harmful by under-delivery,LeastLaxity,False,False,True,False,True,False,False,False,not_mutually_acceptable,driver_fleet_grid_fail,driver,1848.0,10.892857142857142,22.0,0.9103853080169796,-100536.1487337146,1.0,0.0,0.45067885840953165,1.0,0.41772018541930045,3.2794722739452293,0.6374999999999998,0.36183035714285716,452.0,452.0,2342.0,0.0,147.0,0.0,0.1327924850555081
multi_actor_v2,multi_actor_v2_caltech_sce_cap20,metro_caltech_sce,campus/workplace,multi-actor compact weekly matrix,20,8,1,1,4502,D_ReserveSeeking__F_ServiceFirst__G_NoGrid,multi_actor,90.64994298745724,82,877,90.64994298745724,82,877,44.56964359206908,3565.571487365526,113.0,58.31547619047619,1.9377360416454017,1.9377360416454017,0.5160661609776654,777879.0,72.0,69,840.0,375.75,13,2.8214285714285716,84,27,"[12472, 12, 956, 0]",12472,956,12,0,0.9279761904761905,0.07113095238095238,0.0008928571428571428,0.25516528925619836,0.32954545454545453,"Operational multi-actor scenario; not causal human behavior, global optimization, filed tariff billing, or site-specific feeder validation.",968,816,450,5520,547,4973,86,78,8,447,1,122,855,401,621,111,247,319,4631,168,ReserveSeeking,FleetServiceFirst,NoGridIncentive,Driver layer maintains a higher reserve threshold than the fleet recommendation assumes.,1035503.0623165141,57.0,2825.0,0.9268481471439783,1.0,447,621,-2.1664766248574665,840.0,False,False,False,harmful by under-delivery,LeastLaxity,False,False,True,False,True,False,False,False,not_mutually_acceptable,driver_fleet_grid_fail,driver,450.0,2.8214285714285716,5.0,0.9230141510866302,-86368.21246021055,1.0,0.0,0.6640808410737981,1.0,0.1733565107458913,1.7663813070529997,0.9000000000000001,0.10453869047619048,447.0,447.0,968.0,0.0,122.0,0.0,0.25516528925619836
multi_actor_v2,multi_actor_v2_caltech_sce_cap20,metro_caltech_sce,campus/workplace,multi-actor compact weekly matrix,20,8,1,1,4502,D_UrgencyDriven__F_ServiceFirst__G_NoGrid,multi_actor,93.5005701254276,57,877,93.5005701254276,57,877,47.17729636246232,3774.183708996986,113.0,50.45238095238095,2.2397357243983014,2.2397357243983014,0.4464812473662031,627038.0,72.0,53,60.0,12.75,9,0.10119047619047619,5,0,"[12691, 0, 534, 215]",12691,534,0,215,0.9442708333333333,0.039732142857142855,0.0,0.2616822429906542,0.2082777036048064,"Operational multi-actor scenario; not causal human behavior, global optimization, filed tariff billing, or site-specific feeder validation.",749,744,129,5519,551,4968,104,81,23,128,0,17,134,31,18,5,196,156,4850,168,UrgencyDriven,FleetServiceFirst,NoGridIncentive,Driver layer prioritizes deadline/urgent charging pressure over the fleet recommendation.,1102178.6816773857,64.0,2825.0,0.9810755975753728,1.0,128,18,0.6841505131128969,60.0,False,True,False,harmful by priority distortion,LeastLaxity,False,False,True,False,True,False,False,False,not_mutually_acceptable,driver_fleet_grid_fail,driver,129.0,0.10119047619047619,1.0,0.9824466553854334,-19692.593099338934,1.0,0.0,0.7675790467201511,1.1228070175438596,0.10377159713442896,1.4238566692402017,0.8499999999999999,0.15104166666666666,621.0,621.0,749.0,0.0,17.0,0.0,0.2616822429906542
multi_actor_v2,multi_actor_v2_caltech_sce_cap20,metro_caltech_sce,campus/workplace,multi-actor compact weekly matrix,20,8,1,1,4502,D_PriceSensitive__F_QueueAware__G_PeakPenalty,multi_actor,91.22006841505132,77,877,91.22006841505132,77,877,42.68315895089107,3414.6527160712853,113.0,99.94642857142857,1.130605681615151,1.130605681615151,0.8844816687737042,1796261.0,72.0,147,2948.9999999999995,1521.0,31,10.845238095238095,239,206,"[10830, 25, 2074, 511]",10830,2074,25,511,0.8058035714285714,0.1543154761904762,0.0018601190476190475,0.17624521072796934,0.5218390804597701,"Operational multi-actor scenario; not causal human behavior, global optimization, filed tariff billing, or site-specific feeder validation.",2610,1465,2096,5521,618,4903,748,28,720,2093,3,161,2567,2065,2955,445,460,1362,2936,168,PriceSensitive,FleetQueueAware,GridPeakPenalty,"Full interaction: price-sensitive driver response, queue-aware fleet policy, and grid peak cap.",963755.5162219359,50.0,2825.0,0.8876177505472566,1.0,2093,2955,-1.5963511972633881,2948.9999999999995,False,False,False,harmful by under-delivery,LeastLaxity,False,False,True,False,True,False,False,False,not_mutually_acceptable,driver_fleet_grid_fail,driver,2096.0,10.845238095238095,23.0,0.8590606942973408,-158115.75855478877,1.0,0.0,0.38746947769638496,0.8771929824561403,0.54177201854193,4.078888687043008,0.6374999999999998,0.3619791666666667,817.0,769.0,2610.0,48.0,161.0,0.0,0.17624521072796934
multi_actor_v2,multi_actor_v2_caltech_sce_cap20,metro_caltech_sce,campus/workplace,multi-actor compact weekly matrix,20,8,1,1,4502,D_SoCCompliance__F_QueueAware__G_PeakPenalty,multi_actor,89.50969213226911,92,877,89.50969213226911,92,877,42.038569969148014,3363.085597531841,113.0,100.61309523809524,1.1231142400757261,1.1231142400757261,0.8903813737884535,1817443.0,72.0,147,3374.999999999999,1168.5,21,8.68452380952381,163,99,"[11190, 76, 1751, 423]",11190,1751,76,423,0.8325892857142857,0.1302827380952381,0.005654761904761905,0.2782222222222222,0.6528888888888889,"Operational multi-actor scenario; not causal human behavior, global optimization, filed tariff billing, or site-specific feeder validation.",2250,1481,1781,5520,590,4930,195,54,141,1746,35,155,2165,1705,2219,262,626,1469,3346,168,SoCCompliance,FleetQueueAware,GridPeakPenalty,"Full interaction: SoC-dependent compliance, queue-aware fleet policy, and grid peak cap.",956647.1627449365,33.59999999999991,2825.0,0.8742131985865969,1.0,1746,2219,-3.306727480045595,3374.999999999999,False,False,False,harmful by under-delivery,LeastLaxity,False,False,True,False,True,False,False,False,not_mutually_acceptable,driver_fleet_grid_fail,driver,1781.0,8.68452380952381,13.0,0.8527245364539072,-165224.1120317881,1.0,0.0,0.3849020883866769,0.5894736842105247,0.5476717235566794,4.126988055770017,0.7818288690476197,0.21599702380952382,667.0,632.0,2250.0,35.0,155.0,0.0,0.2782222222222222
multi_actor_v2,multi_actor_v2_caltech_sce_cap20,metro_caltech_sce,campus/workplace,multi-actor compact weekly matrix,20,8,1,1,4503,LeastLaxity,anchor,87.2685185185185,110,864,87.2685185185185,110,864,37.32067123727386,2985.6536989819087,113.0,35.54761904761905,3.178834561286001,3.178834561286001,0.3145806995364518,363826.0,72.0,17,0.0,0.0,8,0.0,0,0,"[12980, 0, 460, 0]",12980,460,0,0,0.9657738095238095,0.03422619047619048,0.0,0.2847826086956522,0.0,"Behavior Applied Energy package v1; behavior proxies are imposed perturbations, not measured traits.",460,460,0,4795,411,4384,54,49,5,0,0,0,0,0,0,0,131,0,4384,168,FullyCompliant,FleetServiceFirst,NoGridIncentive,LeastLaxity anchor used for paired thresholds.,832903.7928305268,54.89999999999992,2825.0,1.0,1.0,0,0,0.0,0.0,True,True,True,anchor,LeastLaxity,True,True,True,True,True,True,True,True,mutually_acceptable,all_pass,none,0.0,0.0,0.0,1.0,0.0,1.0,0.0,1.0,1.0,0.0,1.0,,,,,,,,,
multi_actor_v2,multi_actor_v2_caltech_sce_cap20,metro_caltech_sce,campus/workplace,multi-actor compact weekly matrix,20,8,1,1,4503,D_FullyCompliant__F_ServiceFirst__G_NoGrid,multi_actor,87.2685185185185,110,864,87.2685185185185,110,864,37.32067123727386,2985.6536989819087,113.0,35.54761904761905,3.178834561286001,3.178834561286001,0.3145806995364518,363826.0,72.0,17,0.0,0.0,8,0.0,0,0,"[12980, 0, 460, 0]",12980,460,0,0,0.9657738095238095,0.03422619047619048,0.0,0.2847826086956522,0.0,"Operational multi-actor scenario; not causal human behavior, global optimization, filed tariff billing, or site-specific feeder validation.",460,460,0,4795,411,4384,54,49,5,0,0,0,0,0,0,0,131,0,4384,168,FullyCompliant,FleetServiceFirst,NoGridIncentive,"Baseline multi-actor row: least-laxity service-first fleet recommendation, fully compliant driver layer, no grid incentive.",832903.7928305268,54.89999999999992,2825.0,1.0,1.0,0,0,0.0,0.0,True,True,True,service-tolerated,LeastLaxity,True,True,True,True,True,True,True,True,mutually_acceptable,all_pass,none,0.0,0.0,0.0,1.0,0.0,1.0,0.0,1.0,1.0,0.0,1.0,1.0,0.0,460.0,460.0,460.0,0.0,0.0,0.0,0.2847826086956522
multi_actor_v2,multi_actor_v2_caltech_sce_cap20,metro_caltech_sce,campus/workplace,multi-actor compact weekly matrix,20,8,1,1,4503,D_FullyCompliant__F_CostOnly__G_NoGrid,multi_actor,89.81481481481481,88,864,89.81481481481481,88,864,37.20622818386803,2976.4982547094423,113.0,94.68452380952381,1.1934368517005092,1.1934368517005092,0.8379161399072903,1647229.0,72.0,134,62.99999999999983,9.75,12,0.07738095238095238,0,0,"[12119, 42, 0, 1279]",12119,0,42,1279,0.9017113095238095,0.0,0.003125,0.336109008327025,0.6760030280090841,"Operational multi-actor scenario; not causal human behavior, global optimization, filed tariff billing, or site-specific feeder validation.",1321,1308,781,4795,511,4284,171,29,142,768,13,7,73,38,26,0,444,893,3516,168,FullyCompliant,FleetCostOnly,NoGridIncentive,Fleet shifts discretionary charging to cheap windows without an explicit grid guardrail.,775493.9981404899,14.0,2825.0,0.9969335210323996,1.0,768,26,2.5462962962963047,62.99999999999983,True,True,False,harmful by priority distortion,LeastLaxity,False,False,True,False,True,False,False,False,not_mutually_acceptable,driver_fleet_grid_fail,driver,781.0,0.07738095238095238,4.0,0.9310727179006637,-57409.79469003691,1.0,0.0,0.3754321996605268,0.2550091074681242,0.5233354403708386,4.527518649024533,1.0,0.0,1321.0,1321.0,1321.0,0.0,7.0,0.0,0.336109008327025
multi_actor_v2,multi_actor_v2_caltech_sce_cap20,metro_caltech_sce,campus/workplace,multi-actor compact weekly matrix,20,8,1,1,4503,D_FullyCompliant__F_ServiceCostly__G_NoGrid,multi_actor,88.0787037037037,103,864,88.0787037037037,103,864,36.042424981087855,2883.3939984870285,113.0,73.69642857142857,1.5333171795493095,1.5333171795493095,0.652180783817952,1221967.0,72.0,98,240.0,50.25,10,0.39880952380952384,15,0,"[12410, 0, 388, 642]",12410,388,0,642,0.9233630952380952,0.02886904761904762,0.0,0.11553398058252427,0.5844660194174758,"Operational multi-actor scenario; not causal human behavior, global optimization, filed tariff billing, or site-specific feeder validation.",1030,1007,554,4795,483,4312,87,37,50,541,0,60,538,345,72,15,119,602,3808,168,FullyCompliant,FleetServiceCostly,NoGridIncentive,"Fleet preserves urgent service but shifts discretionary charging away from cheap windows, creating a fleet economic stress case.",803749.0303592413,61.89999999999992,2825.0,0.9657496445318658,1.0,541,72,0.8101851851851904,240.0,False,False,False,harmful by priority distortion,LeastLaxity,False,False,True,False,True,False,False,False,not_mutually_acceptable,driver_fleet_grid_fail,driver,554.0,0.39880952380952384,2.0,0.964996242396488,-29154.762471285532,1.0,0.0,0.48235199095388104,1.1275045537340622,0.3376000842815002,3.3586577100042327,1.0,0.0,1030.0,1030.0,1030.0,0.0,60.0,0.0,0.11553398058252427
multi_actor_v2,multi_actor_v2_caltech_sce_cap20,metro_caltech_sce,campus/workplace,multi-actor compact weekly matrix,20,8,1,1,4503,D_FullyCompliant__F_QueueAware__G_NoGrid,multi_actor,91.08796296296296,77,864,91.08796296296296,77,864,35.16643325387997,2813.314660310398,113.0,93.42857142857143,1.209480122324159,1.209480122324159,0.8268015170670038,1614258.0,72.0,131,0.0,0.0,8,0.0,0,0,"[12156, 0, 0, 1284]",12156,0,0,1284,0.9044642857142857,0.0,0.0,0.31697819314641745,0.6962616822429907,"Operational multi-actor scenario; not causal human behavior, global optimization, filed tariff billing, or site-specific feeder validation.",1284,1284,766,4795,518,4277,689,0,689,766,0,0,0,0,0,0,407,894,3511,168,FullyCompliant,FleetQueueAware,NoGridIncentive,Fleet suppresses non-urgent/high-SoC requests under queue pressure.,773478.0690685726,14.0,2825.0,0.9422776195610773,1.0,766,0,3.819444444444457,0.0,False,False,False,harmful by under-delivery,LeastLaxity,False,False,True,False,True,False,False,False,not_mutually_acceptable,driver_fleet_grid_fail,driver,766.0,0.0,0.0,0.9286523554419138,-59425.72376195423,1.0,0.0,0.3804791029561672,0.2550091074681242,0.512220817530552,4.436895658913876,1.0,0.0,1284.0,1284.0,1284.0,0.0,0.0,0.0,0.31697819314641745
multi_actor_v2,multi_actor_v2_caltech_sce_cap20,metro_caltech_sce,campus/workplace,multi-actor compact weekly matrix,20,8,1,1,4503,D_FullyCompliant__F_AvailabilityFocused__G_NoGrid,multi_actor,90.39351851851852,83,864,90.39351851851852,83,864,37.27891563340129,2982.313250672103,113.0,95.66071428571429,1.1812581668844502,1.1812581668844502,0.8465549936788875,1659307.0,72.0,133,0.0,0.0,8,0.0,0,0,"[12127, 0, 29, 1284]",12127,29,0,1284,0.9023065476190476,0.0021577380952380954,0.0,0.3153084539223153,0.6824067022086824,"Operational multi-actor scenario; not causal human behavior, global optimization, filed tariff billing, or site-specific feeder validation.",1313,1313,768,4795,516,4279,181,29,152,768,0,0,0,0,0,0,414,896,3511,168,FullyCompliant,FleetAvailabilityFocused,NoGridIncentive,Fleet maintains a higher readiness reserve for vehicles with likely upcoming needs.,826639.3259966163,14.0,2825.0,0.9988811668577154,1.0,768,0,3.125000000000014,0.0,True,True,False,harmful by priority distortion,LeastLaxity,False,False,True,False,True,False,False,False,not_mutually_acceptable,driver_fleet_grid_fail,driver,768.0,0.0,0.0,0.992478762988194,-6264.466833910556,1.0,0.0,0.37160102047165705,0.2550091074681242,0.5319742941424357,4.560715836691165,1.0,0.0,1313.0,1313.0,1313.0,0.0,0.0,0.0,0.3153084539223153
multi_actor_v2,multi_actor_v2_caltech_sce_cap20,metro_caltech_sce,campus/workplace,multi-actor compact weekly matrix,20,8,1,1,4503,D_FullyCompliant__F_ServiceFirst__G_PeakPenalty,multi_actor,87.2685185185185,110,864,87.2685185185185,110,864,37.32067123727386,2985.6536989819087,99.0,35.464285714285715,2.7915407854984893,2.7915407854984893,0.3582251082251082,355020.0,72.0,19,0.0,0.0,6,0.0,0,0,"[12982, 0, 458, 0]",12982,458,0,0,0.965922619047619,0.03407738095238095,0.0,0.259825327510917,0.0,"Operational multi-actor scenario; not causal human behavior, global optimization, filed tariff billing, or site-specific feeder validation.",458,458,0,4795,409,4386,54,49,5,0,0,0,0,0,0,0,119,0,4386,168,FullyCompliant,FleetServiceFirst,GridPeakPenalty,Service-first fleet recommendation with an action-changing peak cap.,845253.7394402395,57.0,2475.0,1.0,0.8761061946902655,0,0,0.0,0.0,True,True,True,service-tolerated,LeastLaxity,True,True,True,True,True,True,True,True,mutually_acceptable,all_pass,none,0.0,0.0,-2.0,1.014827578786432,12349.946609712671,0.8761061946902655,-350.0,0.8781648530866508,1.0382513661202202,0.04364440868865643,0.9757961223222089,1.0,0.0,474.0,458.0,458.0,16.0,0.0,0.0,0.259825327510917
multi_actor_v2,multi_actor_v2_caltech_sce_cap20,metro_caltech_sce,campus/workplace,multi-actor compact weekly matrix,20,8,1,1,4503,D_FullyCompliant__F_CostOnly__G_PeakPenalty,multi_actor,89.81481481481481,88,864,89.81481481481481,88,864,36.9998957674817,2959.991661398536,99.0,86.64285714285714,1.1426215993404782,1.1426215993404782,0.8751803751803752,1359396.0,72.0,135,0.0,0.0,6,0.0,0,0,"[12325, 24, 0, 1091]",12325,0,24,1091,0.9170386904761905,0.0,0.0017857142857142857,0.3255605381165919,0.6313901345291479,"Operational multi-actor scenario; not causal human behavior, global optimization, filed tariff billing, or site-specific feeder validation.",1115,1115,586,4795,505,4290,467,24,443,586,0,0,0,0,0,0,363,704,3704,168,FullyCompliant,FleetCostOnly,GridPeakPenalty,Cheap-window fleet policy with a grid peak cap.,784281.0321052034,14.0,2475.0,0.991404884768745,0.8761061946902655,586,0,2.5462962962963047,0.0,True,True,False,harmful by priority distortion,LeastLaxity,False,False,True,False,True,False,False,False,not_mutually_acceptable,driver_fleet_grid_fail,driver,586.0,0.0,-2.0,0.9416225965785501,-48622.76072532346,0.8761061946902655,-350.0,0.359446702025987,0.2550091074681242,0.5605996756439233,3.73639047236866,1.0,0.0,1408.0,1115.0,1115.0,293.0,0.0,0.0,0.3255605381165919
multi_actor_v2,multi_actor_v2_caltech_sce_cap20,metro_caltech_sce,campus/workplace,multi-actor compact weekly matrix,20,8,1,1,4503,D_FullyCompliant__F_QueueAware__G_PeakPenalty,multi_actor,91.08796296296296,77,864,91.08796296296296,77,864,35.16643325387997,2813.314660310398,99.0,85.38690476190476,1.1594283722551413,1.1594283722551413,0.8624939874939874,1329071.0,72.0,131,0.0,0.0,6,0.0,0,0,"[12349, 0, 0, 1091]",12349,0,0,1091,0.9188244047619047,0.0,0.0,0.31072410632447295,0.6406966086159487,"Operational multi-actor scenario; not causal human behavior, global optimization, filed tariff billing, or site-specific feeder validation.",1091,1091,577,4795,514,4281,689,0,689,577,0,0,0,0,0,0,339,699,3704,168,FullyCompliant,FleetQueueAware,GridPeakPenalty,Queue-aware fleet policy with a grid peak cap.,786724.0086788787,11.89999999999992,2475.0,0.9422776195610773,0.8761061946902655,577,0,3.819444444444457,0.0,False,False,False,harmful by under-delivery,LeastLaxity,False,False,True,False,True,False,False,False,not_mutually_acceptable,driver_fleet_grid_fail,driver,577.0,0.0,-2.0,0.9445556803208789,-46179.78415164817,0.8761061946902655,-350.0,0.36473378840643195,0.21675774134790415,0.5479132879575357,3.653040189541154,1.0,0.0,1284.0,1091.0,1091.0,193.0,0.0,0.0,0.31072410632447295
multi_actor_v2,multi_actor_v2_caltech_sce_cap20,metro_caltech_sce,campus/workplace,multi-actor compact weekly matrix,20,8,1,1,4503,D_LimitedAttentionP0025__F_ServiceFirst__G_NoGrid,multi_actor,87.2685185185185,110,864,87.2685185185185,110,864,37.097653643098795,2967.8122914479036,113.0,35.42261904761905,3.1900520920853634,3.1900520920853634,0.3134745048461863,363497.0,72.0,15,0.0,0.0,8,0.0,0,0,"[12983, 0, 457, 0]",12983,457,0,0,0.9659970238095238,0.03400297619047619,0.0,0.2844638949671772,0.0,"Operational multi-actor scenario; not causal human behavior, global optimization, filed tariff billing, or site-specific feeder validation.",457,457,0,4795,408,4387,61,49,12,0,0,0,0,0,0,0,130,0,4387,168,LimitedAttentionP0025,FleetServiceFirst,NoGridIncentive,Low-probability missed compliance with service-first fleet recommendation.,820055.9022945397,57.0,2825.0,0.9940242876995116,1.0,0,0,0.0,0.0,True,True,True,service-tolerated,LeastLaxity,True,True,True,True,True,True,True,True,mutually_acceptable,all_pass,none,0.0,0.0,0.0,0.9845745803457984,-12847.890535987099,1.0,0.0,1.0035288186859352,1.0382513661202202,-0.0011061946902655162,0.9990957215811954,0.9749999999999999,0.0010416666666666667,471.0,471.0,457.0,0.0,0.0,0.0,0.2844638949671772
multi_actor_v2,multi_actor_v2_caltech_sce_cap20,metro_caltech_sce,campus/workplace,multi-actor compact weekly matrix,20,8,1,1,4503,D_LimitedAttentionP005__F_ServiceFirst__G_NoGrid,multi_actor,87.03703703703704,112,864,87.03703703703704,112,864,36.26334890746431,2901.067912597145,106.0,34.708333333333336,3.054021608643457,3.054021608643457,0.327437106918239,347347.0,72.0,18,0.0,0.0,8,0.0,0,0,"[12994, 0, 446, 0]",12994,446,0,0,0.9668154761904761,0.03318452380952381,0.0,0.2825112107623318,0.0,"Operational multi-actor scenario; not causal human behavior, global optimization, filed tariff billing, or site-specific feeder validation.",446,446,0,4796,400,4396,55,46,9,0,0,0,0,0,0,0,126,0,4396,168,LimitedAttentionP005,FleetServiceFirst,NoGridIncentive,Moderate missed compliance with service-first fleet recommendation.,803269.7998248908,57.0,2650.0,0.9716692574180298,0.9380530973451328,0,0,-0.23148148148146674,0.0,False,False,True,service-tolerated,LeastLaxity,True,True,True,True,True,True,True,True,mutually_acceptable,all_pass,none,0.0,0.0,0.0,0.9644208691799465,-29633.99300563603,0.9380530973451328,-175.0,0.9607362540464985,1.0382513661202202,0.012856407381787227,0.9547063706277177,0.95,0.002232142857142857,476.0,476.0,446.0,0.0,0.0,0.0,0.2825112107623318
multi_actor_v2,multi_actor_v2_caltech_sce_cap20,metro_caltech_sce,campus/workplace,multi-actor compact weekly matrix,20,8,1,1,4503,D_SoCCompliance__F_ServiceFirst__G_NoGrid,multi_actor,82.63888888888889,150,864,82.63888888888889,150,864,31.938654393478327,2555.092351478266,113.0,81.07738095238095,1.393730269436899,1.393730269436899,0.7174989464812473,1243829.0,72.0,109,3794.999999999999,868.5,22,6.321428571428571,121,96,"[11894, 36, 1510, 0]",11894,1510,36,0,0.8849702380952381,0.11235119047619048,0.0026785714285714286,0.27360931435963776,0.609961190168176,"Operational multi-actor scenario; not causal human behavior, global optimization, filed tariff billing, or site-specific feeder validation.",1546,1006,1212,4795,407,4388,91,40,51,1191,20,146,1508,1192,1598,217,423,943,3307,168,SoCCompliance,FleetServiceFirst,NoGridIncentive,Compliance probability is higher at low SoC and lower at high SoC.,674169.7028791988,40.59999999999991,2825.0,0.8557899237776767,1.0,1191,1598,-4.629629629629619,3794.999999999999,False,False,False,harmful by under-delivery,LeastLaxity,False,False,True,False,True,False,False,False,not_mutually_acceptable,driver_fleet_grid_fail,driver,1212.0,6.321428571428571,14.0,0.8094208583059892,-158734.089951328,1.0,0.0,0.4384406431245871,0.7395264116575586,0.40291824694479556,3.4187468735054667,0.8168143601190481,0.17938988095238095,236.0,236.0,1546.0,0.0,146.0,0.0,0.27360931435963776
multi_actor_v2,multi_actor_v2_caltech_sce_cap20,metro_caltech_sce,campus/workplace,multi-actor compact weekly matrix,20,8,1,1,4503,D_SoCQueueCompliance__F_ServiceFirst__G_NoGrid,multi_actor,84.83796296296296,131,864,84.83796296296296,131,864,34.023007300347366,2721.840584027789,113.0,89.68452380952381,1.2599721245105198,1.2599721245105198,0.7936683522966709,1491409.0,72.0,126,5403.0,1729.5,33,12.166666666666666,227,262,"[10876, 53, 2511, 0]",10876,2511,53,0,0.8092261904761905,0.18683035714285715,0.003943452380952381,0.250390015600624,0.5273010920436817,"Operational multi-actor scenario; not causal human behavior, global optimization, filed tariff billing, or site-specific feeder validation.",2564,1188,2208,4795,430,4365,160,36,124,2168,39,165,2561,2207,3410,489,642,1352,2304,168,SoCQueueCompliance,FleetServiceFirst,NoGridIncentive,SoC-dependent compliance with queue-sensitive avoidance for non-critical high-SoC charging.,726465.1284873957,21.0,2825.0,0.9116397474214515,1.0,2168,3410,-2.430555555555543,5403.0,False,False,False,harmful by under-delivery,LeastLaxity,False,False,True,False,True,False,False,False,not_mutually_acceptable,driver_fleet_grid_fail,driver,2208.0,12.166666666666666,25.0,0.8722077324424089,-106438.66434313112,1.0,0.0,0.39636291232494864,0.38251366120218633,0.4790876527602191,4.099236997905592,0.5895063244047617,0.41063988095238096,236.0,236.0,2564.0,0.0,165.0,37.0,0.250390015600624
multi_actor_v2,multi_actor_v2_caltech_sce_cap20,metro_caltech_sce,campus/workplace,multi-actor compact weekly matrix,20,8,1,1,4503,D_PriceSensitive__F_ServiceFirst__G_NoGrid,multi_actor,85.64814814814815,124,864,85.64814814814815,124,864,34.878003647205745,2790.2402917764593,113.0,76.875,1.469918699186992,1.469918699186992,0.6803097345132744,1145193.0,72.0,100,3605.9999999999995,1479.0,33,10.357142857142858,214,232,"[11424, 8, 2008, 0]",11424,2008,8,0,0.85,0.1494047619047619,0.0005952380952380953,0.1259920634920635,0.40476190476190477,"Operational multi-actor scenario; not causal human behavior, global optimization, filed tariff billing, or site-specific feeder validation.",2016,942,1662,4795,427,4368,119,44,75,1658,4,157,1999,1657,2810,446,254,816,2824,168,PriceSensitive,FleetServiceFirst,NoGridIncentive,"Driver layer biases actual requests toward cheap windows, bounded by critical/low-SoC need.",772373.2340844967,50.0,2825.0,0.9345492053307844,1.0,1658,2810,-1.6203703703703525,3605.9999999999995,False,False,False,harmful by under-delivery,LeastLaxity,False,False,True,False,True,False,False,False,not_mutually_acceptable,driver_fleet_grid_fail,driver,1662.0,10.357142857142858,25.0,0.9273258697258131,-60530.55874603009,1.0,0.0,0.46240805265195517,0.910746812386158,0.3657290349768226,3.1476392561279294,0.6374999999999998,0.3651785714285714,271.0,271.0,2016.0,0.0,157.0,0.0,0.1259920634920635
multi_actor_v2,multi_actor_v2_caltech_sce_cap20,metro_caltech_sce,campus/workplace,multi-actor compact weekly matrix,20,8,1,1,4503,D_ReserveSeeking__F_ServiceFirst__G_NoGrid,multi_actor,86.9212962962963,113,864,86.9212962962963,113,864,34.85172571041446,2788.138056833157,113.0,53.49404761904762,2.112384555469011,2.112384555469011,0.47339865149599664,640793.0,72.0,44,960.0,387.75,13,2.880952380952381,73,33,"[12704, 8, 728, 0]",12704,728,8,0,0.9452380952380952,0.05416666666666667,0.0005952380952380953,0.27853260869565216,0.29891304347826086,"Operational multi-actor scenario; not causal human behavior, global optimization, filed tariff billing, or site-specific feeder validation.",736,602,376,4795,419,4376,60,44,16,373,2,117,645,360,611,106,205,220,4104,168,ReserveSeeking,FleetServiceFirst,NoGridIncentive,Driver layer maintains a higher reserve threshold than the fleet recommendation assumes.,770696.8295358923,57.0,2825.0,0.9338450932148952,1.0,373,611,-0.3472222222222001,960.0,False,False,False,harmful by under-delivery,LeastLaxity,False,False,True,False,True,False,False,False,not_mutually_acceptable,driver_fleet_grid_fail,driver,376.0,2.880952380952381,5.0,0.9253131468122731,-62206.96329463448,1.0,0.0,0.6645154111494381,1.0382513661202202,0.15881795195954485,1.76126225173572,0.9000000000000001,0.0931547619047619,320.0,320.0,736.0,0.0,117.0,0.0,0.27853260869565216
multi_actor_v2,multi_actor_v2_caltech_sce_cap20,metro_caltech_sce,campus/workplace,multi-actor compact weekly matrix,20,8,1,1,4503,D_UrgencyDriven__F_ServiceFirst__G_NoGrid,multi_actor,87.03703703703704,112,864,87.03703703703704,112,864,36.41876588247775,2913.50127059822,113.0,45.25,2.4972375690607733,2.4972375690607733,0.4004424778761062,500528.0,72.0,29,60.0,10.5,9,0.08333333333333333,2,0,"[12868, 0, 378, 194]",12868,378,0,194,0.9574404761904762,0.028125,0.0,0.291958041958042,0.2395104895104895,"Operational multi-actor scenario; not causal human behavior, global optimization, filed tariff billing, or site-specific feeder validation.",572,570,103,4795,432,4363,66,49,17,100,0,13,64,21,14,2,167,137,4272,168,UrgencyDriven,FleetServiceFirst,NoGridIncentive,Driver layer prioritizes deadline/urgent charging pressure over the fleet recommendation.,802135.5686032517,57.0,2825.0,0.9758336245063209,1.0,100,14,-0.23148148148146674,60.0,False,False,False,harmful by priority distortion,LeastLaxity,False,False,True,False,True,False,False,False,not_mutually_acceptable,driver_fleet_grid_fail,driver,103.0,0.08333333333333333,1.0,0.9630590897866933,-30768.224227275117,1.0,0.0,0.7855827413838464,1.0382513661202202,0.08586177833965442,1.375734554429865,0.8499999999999999,0.15186011904761904,445.0,445.0,572.0,0.0,13.0,0.0,0.291958041958042
multi_actor_v2,multi_actor_v2_caltech_sce_cap20,metro_caltech_sce,campus/workplace,multi-actor compact weekly matrix,20,8,1,1,4503,D_PriceSensitive__F_QueueAware__G_PeakPenalty,multi_actor,85.5324074074074,125,864,85.5324074074074,125,864,33.846789471748444,2707.7431577398756,113.0,91.55357142857143,1.234250048761459,1.234250048761459,0.8102085967130215,1542109.0,72.0,133,3128.9999999999995,1487.25,32,10.428571428571429,235,231,"[11067, 18, 1844, 511]",11067,1844,18,511,0.8234375,0.13720238095238096,0.0013392857142857143,0.16940581542351454,0.5006321112515802,"Operational multi-actor scenario; not causal human behavior, global optimization, filed tariff billing, or site-specific feeder validation.",2373,1239,1996,4795,462,4333,435,20,415,1991,5,155,2305,1949,2869,466,402,1188,2440,168,PriceSensitive,FleetQueueAware,GridPeakPenalty,"Full interaction: price-sensitive driver response, queue-aware fleet policy, and grid peak cap.",737339.9265035788,21.0,2825.0,0.9069180255778495,1.0,1991,2869,-1.7361111111111,3128.9999999999995,False,False,False,harmful by under-delivery,LeastLaxity,False,False,True,False,True,False,False,False,not_mutually_acceptable,driver_fleet_grid_fail,driver,1996.0,10.428571428571429,24.0,0.8852642200101103,-95563.86632694805,1.0,0.0,0.3882712437422795,0.38251366120218633,0.4956278971765697,4.2385893256666645,0.6374999999999998,0.36279761904761904,795.0,765.0,2373.0,30.0,155.0,0.0,0.16940581542351454
multi_actor_v2,multi_actor_v2_caltech_sce_cap20,metro_caltech_sce,campus/workplace,multi-actor compact weekly matrix,20,8,1,1,4503,D_SoCCompliance__F_QueueAware__G_PeakPenalty,multi_actor,84.25925925925925,136,864,84.25925925925925,136,864,32.31889799811664,2585.5118398493314,113.0,93.26785714285714,1.2115642351139193,1.2115642351139193,0.8253792667509481,1596465.0,72.0,133,3728.9999999999995,985.5,24,7.208333333333333,131,103,"[11523, 52, 1420, 445]",11523,1420,52,445,0.8573660714285715,0.1056547619047619,0.003869047619047619,0.27021387584767864,0.6525821596244131,"Operational multi-actor scenario; not causal human behavior, global optimization, filed tariff billing, or site-specific feeder validation.",1917,1274,1561,4805,437,4368,182,29,153,1530,31,153,1884,1542,1839,234,518,1251,2940,168,SoCCompliance,FleetQueueAware,GridPeakPenalty,"Full interaction: SoC-dependent compliance, queue-aware fleet policy, and grid peak cap.",711164.329298882,14.0,2825.0,0.8659784759133239,1.0,1530,1839,-3.0092592592592524,3728.9999999999995,False,False,False,harmful by under-delivery,LeastLaxity,False,False,True,False,True,False,False,False,not_mutually_acceptable,driver_fleet_grid_fail,driver,1561.0,7.208333333333333,16.0,0.8538373044047172,-121739.46353164478,1.0,0.0,0.38113472461548287,0.2550091074681242,0.5107985672144963,4.387990412999621,0.8230066964285709,0.18504464285714287,718.0,710.0,1917.0,8.0,153.0,0.0,0.27021387584767864
multi_actor_v2,multi_actor_v2_caltech_sce_cap20,metro_caltech_sce,campus/workplace,multi-actor compact weekly matrix,20,8,1,1,4504,LeastLaxity,anchor,93.25581395348837,58,860,93.25581395348837,58,860,57.9872881682881,4638.983053463048,113.0,55.20238095238095,2.047013155057149,2.047013155057149,0.4885166455962916,735748.0,72.0,70,0.0,0.0,8,0.0,0,0,"[12754, 0, 686, 0]",12754,686,0,0,0.9489583333333333,0.051041666666666666,0.0,0.22886297376093295,0.0,"Behavior Applied Energy package v1; behavior proxies are imposed perturbations, not measured traits.",686,686,0,6129,599,5530,151,87,64,0,0,0,0,0,0,0,157,0,5530,168,FullyCompliant,FleetServiceFirst,NoGridIncentive,LeastLaxity anchor used for paired thresholds.,1349564.1470676223,50.0,2825.0,1.0,1.0,0,0,0.0,0.0,True,True,True,anchor,LeastLaxity,True,True,True,True,True,True,True,True,mutually_acceptable,all_pass,none,0.0,0.0,0.0,1.0,0.0,1.0,0.0,1.0,1.0,0.0,1.0,,,,,,,,,
multi_actor_v2,multi_actor_v2_caltech_sce_cap20,metro_caltech_sce,campus/workplace,multi-actor compact weekly matrix,20,8,1,1,4504,D_FullyCompliant__F_ServiceFirst__G_NoGrid,multi_actor,93.25581395348837,58,860,93.25581395348837,58,860,57.9872881682881,4638.983053463048,113.0,55.20238095238095,2.047013155057149,2.047013155057149,0.4885166455962916,735748.0,72.0,70,0.0,0.0,8,0.0,0,0,"[12754, 0, 686, 0]",12754,686,0,0,0.9489583333333333,0.051041666666666666,0.0,0.22886297376093295,0.0,"Operational multi-actor scenario; not causal human behavior, global optimization, filed tariff billing, or site-specific feeder validation.",686,686,0,6129,599,5530,151,87,64,0,0,0,0,0,0,0,157,0,5530,168,FullyCompliant,FleetServiceFirst,NoGridIncentive,"Baseline multi-actor row: least-laxity service-first fleet recommendation, fully compliant driver layer, no grid incentive.",1349564.1470676223,50.0,2825.0,1.0,1.0,0,0,0.0,0.0,True,True,True,service-tolerated,LeastLaxity,True,True,True,True,True,True,True,True,mutually_acceptable,all_pass,none,0.0,0.0,0.0,1.0,0.0,1.0,0.0,1.0,1.0,0.0,1.0,1.0,0.0,686.0,686.0,686.0,0.0,0.0,0.0,0.22886297376093295
multi_actor_v2,multi_actor_v2_caltech_sce_cap20,metro_caltech_sce,campus/workplace,multi-actor compact weekly matrix,20,8,1,1,4504,D_FullyCompliant__F_CostOnly__G_NoGrid,multi_actor,95.0,43,860,95.0,43,860,57.22483785859303,4577.987028687442,113.0,100.61904761904762,1.1230477993374348,1.1230477993374348,0.8904340497260851,1821644.0,72.0,148,302.99999999999983,57.0,18,0.40476190476190477,0,8,"[11892, 123, 0, 1425]",11892,0,123,1425,0.8848214285714285,0.0,0.009151785714285715,0.35271317829457366,0.5523255813953488,"Operational multi-actor scenario; not causal human behavior, global optimization, filed tariff billing, or site-specific feeder validation.",1548,1475,773,6129,726,5403,490,50,440,699,74,14,205,142,141,8,546,855,4704,168,FullyCompliant,FleetCostOnly,NoGridIncentive,Fleet shifts discretionary charging to cheap windows without an explicit grid guardrail.,1246003.4455465418,21.0,2825.0,0.9868514232381013,1.0,699,141,1.7441860465116292,302.99999999999983,False,True,False,harmful by priority distortion,LeastLaxity,False,False,True,False,True,False,False,False,not_mutually_acceptable,driver_fleet_grid_fail,driver,773.0,0.40476190476190477,10.0,0.9232635945863703,-103560.70152108045,1.0,0.0,0.5486275437766208,0.42,0.4019174041297935,2.4759075118111094,1.0,0.0,1548.0,1548.0,1548.0,0.0,14.0,0.0,0.35271317829457366
multi_actor_v2,multi_actor_v2_caltech_sce_cap20,metro_caltech_sce,campus/workplace,multi-actor compact weekly matrix,20,8,1,1,4504,D_FullyCompliant__F_ServiceCostly__G_NoGrid,multi_actor,93.95348837209302,52,860,93.95348837209302,52,860,56.654563496248144,4532.365079699852,113.0,83.38095238095238,1.355225585379783,1.355225585379783,0.7378845343447114,1425334.0,72.0,115,240.0,90.0,13,0.7142857142857143,17,0,"[12213, 0, 598, 629]",12213,598,0,629,0.9087053571428572,0.04449404761904762,0.0,0.11735941320293398,0.45965770171149145,"Operational multi-actor scenario; not causal human behavior, global optimization, filed tariff billing, or site-specific feeder validation.",1227,1178,532,6130,698,5432,287,68,219,505,0,78,816,404,151,17,144,564,4985,168,FullyCompliant,FleetServiceCostly,NoGridIncentive,"Fleet preserves urgent service but shifts discretionary charging away from cheap windows, creating a fleet economic stress case.",1321574.103181589,56.0,2825.0,0.9770169512295146,1.0,505,151,0.6976744186046488,240.0,False,False,False,harmful by priority distortion,LeastLaxity,False,False,True,False,True,False,False,False,not_mutually_acceptable,driver_fleet_grid_fail,driver,532.0,0.7142857142857143,5.0,0.9792599381460666,-27990.043886033352,1.0,0.0,0.6620502569960023,1.12,0.24936788874841975,1.9372584091292127,1.0,0.0,1227.0,1227.0,1227.0,0.0,78.0,0.0,0.11735941320293398
multi_actor_v2,multi_actor_v2_caltech_sce_cap20,metro_caltech_sce,campus/workplace,multi-actor compact weekly matrix,20,8,1,1,4504,D_FullyCompliant__F_QueueAware__G_NoGrid,multi_actor,95.0,43,860,95.0,43,860,53.16575792977278,4253.2606343818225,113.0,99.45238095238095,1.1362221690208283,1.1362221690208283,0.8801095659502739,1787414.0,72.0,148,0.0,0.0,8,0.0,0,0,"[11993, 0, 0, 1447]",11993,0,0,1447,0.8923363095238095,0.0,0.0,0.30684174153420873,0.6046993780234969,"Operational multi-actor scenario; not causal human behavior, global optimization, filed tariff billing, or site-specific feeder validation.",1447,1447,706,6129,741,5388,1392,0,1392,706,0,0,0,0,0,0,444,875,4682,168,FullyCompliant,FleetQueueAware,NoGridIncentive,Fleet suppresses non-urgent/high-SoC requests under queue pressure.,1268157.305256226,18.89999999999992,2825.0,0.9168519447827514,1.0,706,0,1.7441860465116292,0.0,False,False,False,harmful by under-delivery,LeastLaxity,False,False,True,False,True,False,False,False,not_mutually_acceptable,driver_fleet_grid_fail,driver,706.0,0.0,0.0,0.9396791608696188,-81406.84181139618,1.0,0.0,0.5550634426621976,0.3779999999999984,0.3915929203539823,2.4293834301962085,1.0,0.0,1447.0,1447.0,1447.0,0.0,0.0,0.0,0.30684174153420873
multi_actor_v2,multi_actor_v2_caltech_sce_cap20,metro_caltech_sce,campus/workplace,multi-actor compact weekly matrix,20,8,1,1,4504,D_FullyCompliant__F_AvailabilityFocused__G_NoGrid,multi_actor,95.11627906976744,42,860,95.11627906976744,42,860,57.740216697084335,4619.217335766747,113.0,104.64285714285714,1.079863481228669,1.079863481228669,0.9260429835651074,1898872.0,72.0,157,0.0,0.0,8,0.0,0,0,"[11936, 0, 57, 1447]",11936,57,0,1447,0.888095238095238,0.004241071428571428,0.0,0.3011968085106383,0.5857712765957447,"Operational multi-actor scenario; not causal human behavior, global optimization, filed tariff billing, or site-specific feeder validation.",1504,1504,710,6129,737,5392,559,57,502,710,0,0,0,0,0,0,453,881,4682,168,FullyCompliant,FleetAvailabilityFocused,NoGridIncentive,Fleet maintains a higher readiness reserve for vehicles with likely upcoming needs.,1381021.3693017229,11.89999999999992,2825.0,0.995739213213649,1.0,710,0,1.860465116279073,0.0,True,True,False,harmful by priority distortion,LeastLaxity,False,False,True,False,True,False,False,False,not_mutually_acceptable,driver_fleet_grid_fail,driver,710.0,0.0,0.0,1.0233091715591673,31457.22223410057,1.0,0.0,0.5275312855517633,0.2379999999999984,0.4375263379688158,2.5808727988387328,1.0,0.0,1504.0,1504.0,1504.0,0.0,0.0,0.0,0.3011968085106383
multi_actor_v2,multi_actor_v2_caltech_sce_cap20,metro_caltech_sce,campus/workplace,multi-actor compact weekly matrix,20,8,1,1,4504,D_FullyCompliant__F_ServiceFirst__G_PeakPenalty,multi_actor,92.90697674418604,61,860,92.90697674418604,61,860,57.81371531754449,4625.09722540356,99.0,54.95238095238095,1.8015597920277298,1.8015597920277298,0.555074555074555,717828.0,72.0,73,0.0,0.0,6,0.0,0,0,"[12760, 0, 680, 0]",12760,680,0,0,0.9494047619047619,0.050595238095238096,0.0,0.24558823529411763,0.0,"Operational multi-actor scenario; not causal human behavior, global optimization, filed tariff billing, or site-specific feeder validation.",680,680,0,6129,594,5535,151,86,65,0,0,0,0,0,0,0,167,0,5535,168,FullyCompliant,FleetServiceFirst,GridPeakPenalty,Service-first fleet recommendation with an action-changing peak cap.,1351822.1889805596,50.0,2475.0,0.9970067086041362,0.8761061946902655,0,0,-0.34883720930233153,0.0,True,True,True,service-tolerated,LeastLaxity,True,True,True,True,True,True,True,True,mutually_acceptable,all_pass,none,0.0,0.0,-2.0,1.0016731638268872,2258.041912937304,0.8761061946902655,-350.0,0.8800919464425393,1.0,0.06655790947826346,0.9756438345737943,1.0,0.0,731.0,680.0,680.0,51.0,0.0,0.0,0.24558823529411763
multi_actor_v2,multi_actor_v2_caltech_sce_cap20,metro_caltech_sce,campus/workplace,multi-actor compact weekly matrix,20,8,1,1,4504,D_FullyCompliant__F_CostOnly__G_PeakPenalty,multi_actor,95.0,43,860,95.0,43,860,54.726263003734175,4378.101040298734,99.0,90.25,1.0969529085872576,1.0969529085872576,0.9116161616161617,1451590.0,72.0,149,0.0,0.0,6,0.0,0,0,"[12220, 17, 0, 1203]",12220,0,17,1203,0.9092261904761905,0.0,0.0012648809523809524,0.3114754098360656,0.5122950819672131,"Operational multi-actor scenario; not causal human behavior, global optimization, filed tariff billing, or site-specific feeder validation.",1220,1220,485,6129,718,5411,1388,17,1371,485,0,0,0,0,0,0,380,625,4926,168,FullyCompliant,FleetCostOnly,GridPeakPenalty,Cheap-window fleet policy with a grid peak cap.,1254450.363543626,21.0,2475.0,0.9437631027840114,0.8761061946902655,485,0,1.7441860465116292,0.0,False,False,False,harmful by under-delivery,LeastLaxity,False,False,True,False,True,False,False,False,not_mutually_acceptable,driver_fleet_grid_fail,driver,485.0,0.0,-2.0,0.929522591622886,-95113.78352399636,0.8761061946902655,-350.0,0.5358797552801425,0.42,0.42309951601987006,1.9729445407938588,1.0,0.0,1797.0,1220.0,1220.0,577.0,0.0,0.0,0.3114754098360656
multi_actor_v2,multi_actor_v2_caltech_sce_cap20,metro_caltech_sce,campus/workplace,multi-actor compact weekly matrix,20,8,1,1,4504,D_FullyCompliant__F_QueueAware__G_PeakPenalty,multi_actor,94.88372093023256,44,860,94.88372093023256,44,860,53.08700792977277,4246.960634381821,99.0,89.28571428571429,1.1088,1.1088,0.9018759018759019,1427768.0,72.0,148,0.0,0.0,6,0.0,0,0,"[12237, 0, 0, 1203]",12237,0,0,1203,0.9104910714285714,0.0,0.0,0.30174563591022446,0.5245220282626767,"Operational multi-actor scenario; not causal human behavior, global optimization, filed tariff billing, or site-specific feeder validation.",1203,1203,474,6129,729,5400,1392,0,1392,474,0,0,0,0,0,0,363,631,4926,168,FullyCompliant,FleetQueueAware,GridPeakPenalty,Queue-aware fleet policy with a grid peak cap.,1282048.4563721563,14.0,2475.0,0.9154938885175323,0.8761061946902655,474,0,1.6279069767441854,0.0,False,False,False,harmful by under-delivery,LeastLaxity,False,False,True,False,True,False,False,False,not_mutually_acceptable,driver_fleet_grid_fail,driver,474.0,0.0,-2.0,0.9499722255943399,-67515.69069546601,0.8761061946902655,-350.0,0.5416672566371681,0.28,0.41335925627961034,1.9405666070448033,1.0,0.0,1447.0,1203.0,1203.0,244.0,0.0,0.0,0.30174563591022446
multi_actor_v2,multi_actor_v2_caltech_sce_cap20,metro_caltech_sce,campus/workplace,multi-actor compact weekly matrix,20,8,1,1,4504,D_LimitedAttentionP0025__F_ServiceFirst__G_NoGrid,multi_actor,93.02325581395348,60,860,93.02325581395348,60,860,57.8297881682881,4626.383053463048,113.0,54.82142857142857,2.061237785016287,2.061237785016287,0.48514538558786346,723182.0,72.0,66,0.0,0.0,8,0.0,0,0,"[12757, 0, 683, 0]",12757,683,0,0,0.9491815476190476,0.05081845238095238,0.0,0.22986822840409957,0.0,"Operational multi-actor scenario; not causal human behavior, global optimization, filed tariff billing, or site-specific feeder validation.",683,683,0,6129,596,5533,164,87,77,0,0,0,0,0,0,0,157,0,5533,168,LimitedAttentionP0025,FleetServiceFirst,NoGridIncentive,Low-probability missed compliance with service-first fleet recommendation.,1350875.7446470452,50.0,2825.0,0.997283887469562,1.0,0,0,-0.2325581395348877,0.0,True,True,True,service-tolerated,LeastLaxity,True,True,True,True,True,True,True,True,mutually_acceptable,all_pass,none,0.0,0.0,0.0,1.0009718675338795,1311.5975794228725,1.0,0.0,1.0069489685124864,1.0,-0.003371260008428134,0.9829207826592801,0.9749999999999999,0.0010416666666666667,697.0,697.0,683.0,0.0,0.0,0.0,0.22986822840409957
multi_actor_v2,multi_actor_v2_caltech_sce_cap20,metro_caltech_sce,campus/workplace,multi-actor compact weekly matrix,20,8,1,1,4504,D_LimitedAttentionP005__F_ServiceFirst__G_NoGrid,multi_actor,93.13953488372093,59,860,93.13953488372093,59,860,57.7510381682881,4620.083053463048,113.0,55.035714285714285,2.053212199870214,2.053212199870214,0.48704171934260426,727614.0,72.0,68,0.0,0.0,8,0.0,0,0,"[12758, 0, 682, 0]",12758,682,0,0,0.9492559523809524,0.05074404761904762,0.0,0.22580645161290322,0.0,"Operational multi-actor scenario; not causal human behavior, global optimization, filed tariff billing, or site-specific feeder validation.",682,682,0,6129,595,5534,154,87,67,0,0,0,0,0,0,0,154,0,5534,168,LimitedAttentionP005,FleetServiceFirst,NoGridIncentive,Moderate missed compliance with service-first fleet recommendation.,1371283.5022232889,50.0,2825.0,0.9959258312043431,1.0,0,0,-0.11627906976744384,0.0,True,True,True,service-tolerated,LeastLaxity,True,True,True,True,True,True,True,True,mutually_acceptable,all_pass,none,0.0,0.0,0.0,1.0160936071122364,21719.35515566659,1.0,0.0,1.0030283365779795,1.0,-0.0014749262536873364,0.9889445842870113,0.95,0.001636904761904762,704.0,704.0,682.0,0.0,0.0,0.0,0.22580645161290322
multi_actor_v2,multi_actor_v2_caltech_sce_cap20,metro_caltech_sce,campus/workplace,multi-actor compact weekly matrix,20,8,1,1,4504,D_SoCCompliance__F_ServiceFirst__G_NoGrid,multi_actor,85.69767441860465,123,860,85.69767441860465,123,860,48.14152064209016,3851.321651367213,113.0,90.48809523809524,1.2487830548612024,1.2487830548612024,0.800779603876949,1556294.0,72.0,133,3905.9999999999995,1386.75,23,10.130952380952381,165,147,"[11222, 72, 2146, 0]",11222,2146,72,0,0.8349702380952381,0.15967261904761904,0.005357142857142857,0.2862939585211903,0.5919747520288549,"Operational multi-actor scenario; not causal human behavior, global optimization, filed tariff billing, or site-specific feeder validation.",2218,1281,1760,6160,548,5612,189,76,113,1706,53,151,2163,1724,2632,312,635,1313,4062,168,SoCCompliance,FleetServiceFirst,NoGridIncentive,Compliance probability is higher at low SoC and lower at high SoC.,1093563.2239590012,28.0,2825.0,0.8302081742877163,1.0,1706,2632,-7.558139534883722,3905.9999999999995,False,False,False,harmful by under-delivery,LeastLaxity,False,False,True,False,True,False,False,False,not_mutually_acceptable,driver_fleet_grid_fail,driver,1760.0,10.130952380952381,15.0,0.8103084439040054,-256000.92310862103,1.0,0.0,0.6100513090382844,0.56,0.3122629582806574,2.115254135926975,0.7886860119047622,0.2144345238095238,358.0,358.0,2218.0,0.0,151.0,0.0,0.2862939585211903
multi_actor_v2,multi_actor_v2_caltech_sce_cap20,metro_caltech_sce,campus/workplace,multi-actor compact weekly matrix,20,8,1,1,4504,D_SoCQueueCompliance__F_ServiceFirst__G_NoGrid,multi_actor,87.32558139534883,109,860,87.32558139534883,109,860,49.84013672300499,3987.2109378403993,113.0,94.71428571428571,1.1930618401206636,1.1930618401206636,0.8381795195954488,1661360.0,72.0,137,5460.0,2508.0,33,18.0,316,320,"[10030, 90, 3320, 0]",10030,3320,90,0,0.7462797619047619,0.24702380952380953,0.006696428571428571,0.2689149560117302,0.5580645161290323,"Operational multi-actor scenario; not causal human behavior, global optimization, filed tariff billing, or site-specific feeder validation.",3410,1364,2987,6137,556,5581,293,68,225,2923,63,159,3372,2956,5067,636,917,1903,2844,168,SoCQueueCompliance,FleetServiceFirst,NoGridIncentive,SoC-dependent compliance with queue-sensitive avoidance for non-critical high-SoC charging.,1096830.1163301738,32.89999999999992,2825.0,0.8595010785529612,1.0,2923,5067,-5.9302325581395365,5460.0,False,False,False,harmful by under-delivery,LeastLaxity,False,False,True,False,True,False,False,False,not_mutually_acceptable,driver_fleet_grid_fail,driver,2987.0,18.0,25.0,0.8127291457122676,-252734.03073744848,1.0,0.0,0.5828305681246857,0.6579999999999984,0.3496628739991572,2.2580557473482767,0.5650877976190477,0.43578869047619045,252.0,252.0,3410.0,0.0,159.0,66.0,0.2689149560117302
multi_actor_v2,multi_actor_v2_caltech_sce_cap20,metro_caltech_sce,campus/workplace,multi-actor compact weekly matrix,20,8,1,1,4504,D_PriceSensitive__F_ServiceFirst__G_NoGrid,multi_actor,88.83720930232558,96,860,88.83720930232558,96,860,52.11434372136547,4169.1474977092375,113.0,86.5,1.30635838150289,1.30635838150289,0.7654867256637168,1454600.0,72.0,124,3900.0,1824.0,38,12.857142857142858,253,272,"[10909, 0, 2531, 0]",10909,2531,0,0,0.8116815476190476,0.18831845238095238,0.0,0.12485183721849072,0.44053733702094033,"Operational multi-actor scenario; not causal human behavior, global optimization, filed tariff billing, or site-specific feeder validation.",2531,1216,2055,6132,584,5548,157,74,83,2052,0,153,2488,2030,3463,525,316,1115,3664,168,PriceSensitive,FleetServiceFirst,NoGridIncentive,"Driver layer biases actual requests toward cheap windows, bounded by critical/low-SoC need.",1185224.76634775,47.19999999999993,2825.0,0.8987201396644307,1.0,2052,3463,-4.418604651162795,3900.0,False,False,False,harmful by under-delivery,LeastLaxity,False,False,True,False,True,False,False,False,not_mutually_acceptable,driver_fleet_grid_fail,driver,2055.0,12.857142857142858,30.0,0.8782278107513791,-164339.3807198722,1.0,0.0,0.6381778144783924,0.9439999999999986,0.2769700800674252,1.9770356154552917,0.6374999999999998,0.3581845238095238,384.0,384.0,2531.0,0.0,153.0,0.0,0.12485183721849072
multi_actor_v2,multi_actor_v2_caltech_sce_cap20,metro_caltech_sce,campus/workplace,multi-actor compact weekly matrix,20,8,1,1,4504,D_ReserveSeeking__F_ServiceFirst__G_NoGrid,multi_actor,89.76744186046511,88,860,89.76744186046511,88,860,53.407311840842866,4272.584947267429,113.0,70.23214285714286,1.6089499110094074,1.6089499110094074,0.6215233881163085,1029585.0,72.0,94,1022.9999999999998,468.75,14,3.4761904761904763,83,41,"[12379, 9, 1052, 0]",12379,1052,9,0,0.9210565476190476,0.07827380952380952,0.0006696428571428571,0.2403393025447691,0.34213006597549483,"Operational multi-actor scenario; not causal human behavior, global optimization, filed tariff billing, or site-specific feeder validation.",1061,887,518,6130,599,5531,115,76,39,513,3,134,969,498,752,124,255,363,5146,168,ReserveSeeking,FleetServiceFirst,NoGridIncentive,Driver layer maintains a higher reserve threshold than the fleet recommendation assumes.,1250908.7191829802,35.0,2825.0,0.9210175803677275,1.0,513,752,-3.4883720930232585,1022.9999999999998,False,False,False,harmful by under-delivery,LeastLaxity,False,False,True,False,True,False,False,False,not_mutually_acceptable,driver_fleet_grid_fail,driver,518.0,3.4761904761904763,6.0,0.9268983040939522,-98655.42788464203,1.0,0.0,0.7859988134587675,0.7,0.13300674252001687,1.3993717957779022,0.9000000000000001,0.10223214285714285,484.0,484.0,1061.0,0.0,134.0,0.0,0.2403393025447691
multi_actor_v2,multi_actor_v2_caltech_sce_cap20,metro_caltech_sce,campus/workplace,multi-actor compact weekly matrix,20,8,1,1,4504,D_UrgencyDriven__F_ServiceFirst__G_NoGrid,multi_actor,93.13953488372093,59,860,93.13953488372093,59,860,56.90418650381132,4552.334920304906,113.0,62.0,1.8225806451612903,1.8225806451612903,0.5486725663716814,827372.0,72.0,75,60.0,21.75,12,0.17261904761904762,4,0,"[12631, 0, 576, 233]",12631,576,0,233,0.9398065476190476,0.04285714285714286,0.0,0.25710754017305315,0.173053152039555,"Operational multi-actor scenario; not causal human behavior, global optimization, filed tariff billing, or site-specific feeder validation.",809,800,129,6129,615,5514,214,85,129,128,0,24,176,46,30,4,208,140,5405,168,UrgencyDriven,FleetServiceFirst,NoGridIncentive,Driver layer prioritizes deadline/urgent charging pressure over the fleet recommendation.,1330052.072739799,64.0,2825.0,0.9813217396658823,1.0,128,30,-0.11627906976744384,60.0,False,True,False,harmful by priority distortion,LeastLaxity,False,False,True,False,True,False,False,False,not_mutually_acceptable,driver_fleet_grid_fail,driver,129.0,0.17261904761904762,4.0,0.9855419437673861,-19512.07432782324,1.0,0.0,0.8903609831029186,1.28,0.06015592077538978,1.1245317690296135,0.8499999999999999,0.1472470238095238,689.0,689.0,809.0,0.0,24.0,0.0,0.25710754017305315
multi_actor_v2,multi_actor_v2_caltech_sce_cap20,metro_caltech_sce,campus/workplace,multi-actor compact weekly matrix,20,8,1,1,4504,D_PriceSensitive__F_QueueAware__G_PeakPenalty,multi_actor,89.18604651162791,93,860,89.18604651162791,93,860,49.68014143083732,3974.4113144669855,113.0,98.66071428571429,1.1453393665158371,1.1453393665158371,0.8731036662452593,1756313.0,72.0,148,4323.0,1919.25,34,13.529761904761905,250,286,"[10624, 29, 2331, 456]",10624,2331,29,456,0.7904761904761904,0.1734375,0.0021577380952380954,0.1669034090909091,0.5081676136363636,"Operational multi-actor scenario; not causal human behavior, global optimization, filed tariff billing, or site-specific feeder validation.",2816,1428,2327,6145,621,5524,773,31,742,2316,11,158,2764,2288,3653,536,470,1431,3358,168,PriceSensitive,FleetQueueAware,GridPeakPenalty,"Full interaction: price-sensitive driver response, queue-aware fleet policy, and grid peak cap.",1110103.41486777,18.89999999999992,2825.0,0.8567419343125314,1.0,2316,3653,-4.0697674418604635,4323.0,False,False,False,harmful by under-delivery,LeastLaxity,False,False,True,False,True,False,False,False,not_mutually_acceptable,driver_fleet_grid_fail,driver,2327.0,13.529761904761905,26.0,0.8225643940525832,-239460.73219985235,1.0,0.0,0.5595173453996983,0.3779999999999984,0.38458702064896766,2.387112163403774,0.6374999999999998,0.3638392857142857,708.0,677.0,2816.0,31.0,158.0,0.0,0.1669034090909091
multi_actor_v2,multi_actor_v2_caltech_sce_cap20,metro_caltech_sce,campus/workplace,multi-actor compact weekly matrix,20,8,1,1,4504,D_SoCCompliance__F_QueueAware__G_PeakPenalty,multi_actor,87.09302325581395,111,860,87.09302325581395,111,860,48.544864439930514,3883.589155194441,113.0,99.92261904761905,1.1308750819086197,1.1308750819086197,0.8842709650231775,1791805.0,72.0,152,3965.9999999999995,1380.0,24,10.077380952380953,157,147,"[11130, 85, 1841, 384]",11130,1841,85,384,0.828125,0.13697916666666668,0.006324404761904762,0.2761904761904762,0.6225108225108225,"Operational multi-actor scenario; not causal human behavior, global optimization, filed tariff billing, or site-specific feeder validation.",2310,1446,1858,6194,588,5606,315,54,261,1819,39,155,2226,1794,2543,304,638,1438,3969,168,SoCCompliance,FleetQueueAware,GridPeakPenalty,"Full interaction: SoC-dependent compliance, queue-aware fleet policy, and grid peak cap.",1090138.179430475,14.0,2825.0,0.837163902182247,1.0,1819,2543,-6.162790697674424,3965.9999999999995,False,False,False,harmful by under-delivery,LeastLaxity,False,False,True,False,True,False,False,False,not_mutually_acceptable,driver_fleet_grid_fail,driver,1858.0,10.077380952380953,16.0,0.8077705545150732,-259425.9676371473,1.0,0.0,0.5524513016024304,0.28,0.3957543194268859,2.435351506222239,0.7915494791666666,0.20922619047619048,616.0,591.0,2310.0,25.0,155.0,0.0,0.2761904761904762
multi_actor_v2,multi_actor_v2_caltech_sce_cap20,metro_caltech_sce,campus/workplace,multi-actor compact weekly matrix,20,8,1,1,4505,LeastLaxity,anchor,90.76212471131639,80,866,90.76212471131639,80,866,47.05715605337811,3764.572484270249,113.0,37.035714285714285,3.051108968177435,3.051108968177435,0.3277496839443742,392580.0,72.0,27,0.0,0.0,8,0.0,0,0,"[12846, 0, 594, 0]",12846,594,0,0,0.9558035714285714,0.044196428571428574,0.0,0.24074074074074073,0.0,"Behavior Applied Energy package v1; behavior proxies are imposed perturbations, not measured traits.",594,594,0,5393,519,4874,80,75,5,0,0,0,0,0,0,0,143,0,4874,168,FullyCompliant,FleetServiceFirst,NoGridIncentive,LeastLaxity anchor used for paired thresholds.,1085246.4078497896,57.0,2825.0,1.0,1.0,0,0,0.0,0.0,True,True,True,anchor,LeastLaxity,True,True,True,True,True,True,True,True,mutually_acceptable,all_pass,none,0.0,0.0,0.0,1.0,0.0,1.0,0.0,1.0,1.0,0.0,1.0,,,,,,,,,
multi_actor_v2,multi_actor_v2_caltech_sce_cap20,metro_caltech_sce,campus/workplace,multi-actor compact weekly matrix,20,8,1,1,4505,D_FullyCompliant__F_ServiceFirst__G_NoGrid,multi_actor,90.76212471131639,80,866,90.76212471131639,80,866,47.05715605337811,3764.572484270249,113.0,37.035714285714285,3.051108968177435,3.051108968177435,0.3277496839443742,392580.0,72.0,27,0.0,0.0,8,0.0,0,0,"[12846, 0, 594, 0]",12846,594,0,0,0.9558035714285714,0.044196428571428574,0.0,0.24074074074074073,0.0,"Operational multi-actor scenario; not causal human behavior, global optimization, filed tariff billing, or site-specific feeder validation.",594,594,0,5393,519,4874,80,75,5,0,0,0,0,0,0,0,143,0,4874,168,FullyCompliant,FleetServiceFirst,NoGridIncentive,"Baseline multi-actor row: least-laxity service-first fleet recommendation, fully compliant driver layer, no grid incentive.",1085246.4078497896,57.0,2825.0,1.0,1.0,0,0,0.0,0.0,True,True,True,service-tolerated,LeastLaxity,True,True,True,True,True,True,True,True,mutually_acceptable,all_pass,none,0.0,0.0,0.0,1.0,0.0,1.0,0.0,1.0,1.0,0.0,1.0,1.0,0.0,594.0,594.0,594.0,0.0,0.0,0.0,0.24074074074074073
multi_actor_v2,multi_actor_v2_caltech_sce_cap20,metro_caltech_sce,campus/workplace,multi-actor compact weekly matrix,20,8,1,1,4505,D_FullyCompliant__F_CostOnly__G_NoGrid,multi_actor,92.37875288683603,66,866,92.37875288683603,66,866,47.1076949785152,3768.6155982812156,113.0,104.49404761904762,1.0814013101680433,1.0814013101680433,0.9247260851243152,1917607.0,72.0,156,62.99999999999983,15.75,13,0.125,0,0,"[11896, 61, 0, 1483]",11896,0,61,1483,0.8851190476190476,0.0,0.0045386904761904765,0.3180051813471503,0.6321243523316062,"Operational multi-actor scenario; not causal human behavior, global optimization, filed tariff billing, or site-specific feeder validation.",1544,1525,846,5393,660,4733,291,40,251,825,21,14,156,89,39,0,491,976,3910,168,FullyCompliant,FleetCostOnly,NoGridIncentive,Fleet shifts discretionary charging to cheap windows without an explicit grid guardrail.,1020531.159718719,14.0,2825.0,1.0010739902147883,1.0,825,39,1.6166281755196366,62.99999999999983,True,True,False,harmful by priority distortion,LeastLaxity,False,False,True,False,True,False,False,False,not_mutually_acceptable,driver_fleet_grid_fail,driver,846.0,0.125,5.0,0.9403681526490453,-64715.248131070635,1.0,0.0,0.35442893762460836,0.24561403508771928,0.596976401179941,4.884627337103265,1.0,0.0,1544.0,1544.0,1544.0,0.0,14.0,0.0,0.3180051813471503
multi_actor_v2,multi_actor_v2_caltech_sce_cap20,metro_caltech_sce,campus/workplace,multi-actor compact weekly matrix,20,8,1,1,4505,D_FullyCompliant__F_ServiceCostly__G_NoGrid,multi_actor,91.10854503464203,77,866,91.10854503464203,77,866,46.159852131116246,3692.7881704893,113.0,82.83928571428571,1.3640870877344256,1.3640870877344256,0.7330910240202275,1459543.0,72.0,117,182.99999999999983,67.5,11,0.5357142857142857,13,0,"[12183, 0, 541, 716]",12183,541,0,716,0.9064732142857143,0.04025297619047619,0.0,0.10342084327764518,0.5306284805091488,"Operational multi-actor scenario; not causal human behavior, global optimization, filed tariff billing, or site-specific feeder validation.",1257,1208,626,5393,603,4790,126,69,57,605,0,66,704,382,123,13,130,667,4217,168,FullyCompliant,FleetServiceCostly,NoGridIncentive,"Fleet preserves urgent service but shifts discretionary charging away from cheap windows, creating a fleet economic stress case.",1075610.2037936538,57.0,2825.0,0.9809316159853768,1.0,605,123,0.34642032332564554,182.99999999999983,False,True,False,harmful by priority distortion,LeastLaxity,False,False,True,False,True,False,False,False,not_mutually_acceptable,driver_fleet_grid_fail,driver,626.0,0.5357142857142857,3.0,0.9911207224585722,-9636.204056135844,1.0,0.0,0.44707911187755983,1.0,0.4053413400758533,3.717823118854756,1.0,0.0,1257.0,1257.0,1257.0,0.0,66.0,0.0,0.10342084327764518
multi_actor_v2,multi_actor_v2_caltech_sce_cap20,metro_caltech_sce,campus/workplace,multi-actor compact weekly matrix,20,8,1,1,4505,D_FullyCompliant__F_QueueAware__G_NoGrid,multi_actor,91.91685912240185,70,866,91.91685912240185,70,866,44.67251132234141,3573.8009057873123,113.0,102.98809523809524,1.097214194890764,1.097214194890764,0.9113990729034978,1877006.0,72.0,155,0.0,0.0,8,0.0,0,0,"[11945, 0, 0, 1495]",11945,0,0,1495,0.8887648809523809,0.0,0.0,0.2956521739130435,0.6561872909698997,"Operational multi-actor scenario; not causal human behavior, global optimization, filed tariff billing, or site-specific feeder validation.",1495,1495,822,5393,673,4720,868,0,868,822,0,0,0,0,0,0,442,981,3898,168,FullyCompliant,FleetQueueAware,NoGridIncentive,Fleet suppresses non-urgent/high-SoC requests under queue pressure.,1049309.5306399092,14.0,2825.0,0.949324503836744,1.0,822,0,1.1547344110854567,0.0,False,False,False,harmful by under-delivery,LeastLaxity,False,False,True,False,True,False,False,False,not_mutually_acceptable,driver_fleet_grid_fail,driver,822.0,0.0,0.0,0.9668859745123851,-35936.87720988039,1.0,0.0,0.35961160559472893,0.24561403508771928,0.5836493889591235,4.781206378317795,1.0,0.0,1495.0,1495.0,1495.0,0.0,0.0,0.0,0.2956521739130435
multi_actor_v2,multi_actor_v2_caltech_sce_cap20,metro_caltech_sce,campus/workplace,multi-actor compact weekly matrix,20,8,1,1,4505,D_FullyCompliant__F_AvailabilityFocused__G_NoGrid,multi_actor,92.0323325635104,69,866,92.0323325635104,69,866,47.44890946626414,3795.912757301131,113.0,106.14285714285714,1.0646029609690444,1.0646029609690444,0.9393173198482933,1952800.0,72.0,159,0.0,0.0,8,0.0,0,0,"[11900, 0, 45, 1495]",11900,45,0,1495,0.8854166666666666,0.0033482142857142855,0.0,0.2902597402597403,0.6441558441558441,"Operational multi-actor scenario; not causal human behavior, global optimization, filed tariff billing, or site-specific feeder validation.",1540,1540,833,5393,662,4731,268,45,223,833,0,0,0,0,0,0,447,992,3898,168,FullyCompliant,FleetAvailabilityFocused,NoGridIncentive,Fleet maintains a higher readiness reserve for vehicles with likely upcoming needs.,1125207.0471352455,7.0,2825.0,1.0083250550127096,1.0,833,0,1.2702078521940052,0.0,True,True,False,harmful by priority distortion,LeastLaxity,False,False,True,False,True,False,False,False,not_mutually_acceptable,driver_fleet_grid_fail,driver,833.0,0.0,0.0,1.0368217199305274,39960.63928545592,1.0,0.0,0.34892328398384925,0.12280701754385964,0.611567635903919,4.974272759692292,1.0,0.0,1540.0,1540.0,1540.0,0.0,0.0,0.0,0.2902597402597403
multi_actor_v2,multi_actor_v2_caltech_sce_cap20,metro_caltech_sce,campus/workplace,multi-actor compact weekly matrix,20,8,1,1,4505,D_FullyCompliant__F_ServiceFirst__G_PeakPenalty,multi_actor,90.76212471131639,80,866,90.76212471131639,80,866,47.1524024734868,3772.192197878944,99.0,36.95238095238095,2.6791237113402064,2.6791237113402064,0.37325637325637323,384838.0,72.0,29,0.0,0.0,6,0.0,0,0,"[12848, 0, 592, 0]",12848,592,0,0,0.955952380952381,0.04404761904761905,0.0,0.22972972972972974,0.0,"Operational multi-actor scenario; not causal human behavior, global optimization, filed tariff billing, or site-specific feeder validation.",592,592,0,5393,521,4872,93,71,22,0,0,0,0,0,0,0,136,0,4872,168,FullyCompliant,FleetServiceFirst,GridPeakPenalty,Service-first fleet recommendation with an action-changing peak cap.,1113069.1161526288,54.89999999999992,2475.0,1.0020240581475144,0.8761061946902655,0,0,0.0,0.0,True,True,True,service-tolerated,LeastLaxity,True,True,True,True,True,True,True,True,mutually_acceptable,all_pass,none,0.0,0.0,-2.0,1.025637226810052,27822.708302839193,0.8761061946902655,-350.0,0.8780819496396315,0.9631578947368407,0.04550668931199903,0.9802791787661114,1.0,0.0,630.0,592.0,592.0,38.0,0.0,0.0,0.22972972972972974
multi_actor_v2,multi_actor_v2_caltech_sce_cap20,metro_caltech_sce,campus/workplace,multi-actor compact weekly matrix,20,8,1,1,4505,D_FullyCompliant__F_CostOnly__G_PeakPenalty,multi_actor,92.37875288683603,66,866,92.37875288683603,66,866,46.26428443135276,3701.142754508221,99.0,93.24404761904762,1.0617299712735397,1.0617299712735397,0.9418590668590668,1517907.0,72.0,156,0.0,0.0,6,0.0,0,0,"[12185, 24, 0, 1231]",12185,0,24,1231,0.9066220238095238,0.0,0.0017857142857142857,0.30597609561752986,0.5745019920318725,"Operational multi-actor scenario; not causal human behavior, global optimization, filed tariff billing, or site-specific feeder validation.",1255,1255,579,5393,652,4741,639,24,615,579,0,0,0,0,0,0,384,721,4162,168,FullyCompliant,FleetCostOnly,GridPeakPenalty,Cheap-window fleet policy with a grid peak cap.,1037839.7559018335,14.0,2475.0,0.9831508810025414,0.8761061946902655,579,0,1.6166281755196366,0.0,False,True,False,harmful by priority distortion,LeastLaxity,False,False,True,False,True,False,False,False,not_mutually_acceptable,driver_fleet_grid_fail,driver,579.0,0.0,-2.0,0.956317153777193,-47406.65194795607,0.8761061946902655,-350.0,0.3479816625191722,0.24561403508771928,0.6141093829146926,3.866490906312089,1.0,0.0,1661.0,1255.0,1255.0,406.0,0.0,0.0,0.30597609561752986
multi_actor_v2,multi_actor_v2_caltech_sce_cap20,metro_caltech_sce,campus/workplace,multi-actor compact weekly matrix,20,8,1,1,4505,D_FullyCompliant__F_QueueAware__G_PeakPenalty,multi_actor,91.91685912240185,70,866,91.91685912240185,70,866,44.67251132234141,3573.8009057873123,99.0,91.98809523809524,1.0762262197489323,1.0762262197489323,0.9291726791726792,1486896.0,72.0,155,0.0,0.0,6,0.0,0,0,"[12209, 0, 0, 1231]",12209,0,0,1231,0.9084077380952381,0.0,0.0,0.2924451665312754,0.5824532900081235,"Operational multi-actor scenario; not causal human behavior, global optimization, filed tariff billing, or site-specific feeder validation.",1231,1231,564,5393,667,4726,868,0,868,564,0,0,0,0,0,0,360,717,4162,168,FullyCompliant,FleetQueueAware,GridPeakPenalty,Queue-aware fleet policy with a grid peak cap.,1064986.5912077227,14.0,2475.0,0.949324503836744,0.8761061946902655,564,0,1.1547344110854567,0.0,False,False,False,harmful by under-delivery,LeastLaxity,False,False,True,False,True,False,False,False,not_mutually_acceptable,driver_fleet_grid_fail,driver,564.0,0.0,-2.0,0.9813315976026054,-20259.81664206693,0.8761061946902655,-350.0,0.35273280337536117,0.24561403508771928,0.601422995228305,3.7874980895613635,1.0,0.0,1495.0,1231.0,1231.0,264.0,0.0,0.0,0.2924451665312754
multi_actor_v2,multi_actor_v2_caltech_sce_cap20,metro_caltech_sce,campus/workplace,multi-actor compact weekly matrix,20,8,1,1,4505,D_LimitedAttentionP0025__F_ServiceFirst__G_NoGrid,multi_actor,90.87759815242494,79,866,90.87759815242494,79,866,46.8447034331399,3747.576274651192,113.0,36.61309523809524,3.086327426434726,3.086327426434726,0.32400969237252425,387847.0,72.0,28,0.0,0.0,8,0.0,0,0,"[12850, 0, 590, 0]",12850,590,0,0,0.9561011904761905,0.04389880952380952,0.0,0.2440677966101695,0.0,"Operational multi-actor scenario; not causal human behavior, global optimization, filed tariff billing, or site-specific feeder validation.",590,590,0,5394,515,4879,80,75,5,0,0,0,0,0,0,0,144,0,4879,168,LimitedAttentionP0025,FleetServiceFirst,NoGridIncentive,Low-probability missed compliance with service-first fleet recommendation.,1080736.0644012324,57.0,2825.0,0.9954852218438951,1.0,0,0,0.11547344110854851,0.0,True,True,True,service-tolerated,LeastLaxity,True,True,True,True,True,True,True,True,mutually_acceptable,all_pass,none,0.0,0.0,0.0,0.9958439452865884,-4510.3434485571925,1.0,0.0,1.0115428385628353,1.0,-0.0037399915718499543,0.9879438585765958,0.9749999999999999,0.000818452380952381,601.0,601.0,590.0,0.0,0.0,0.0,0.2440677966101695
multi_actor_v2,multi_actor_v2_caltech_sce_cap20,metro_caltech_sce,campus/workplace,multi-actor compact weekly matrix,20,8,1,1,4505,D_LimitedAttentionP005__F_ServiceFirst__G_NoGrid,multi_actor,90.41570438799076,83,866,90.41570438799076,83,866,46.112156053378115,3688.972484270249,113.0,36.49404761904762,3.0963953678029683,3.0963953678029683,0.32295617361989043,379021.0,72.0,24,0.0,0.0,8,0.0,0,0,"[12859, 0, 581, 0]",12859,581,0,0,0.9567708333333333,0.043229166666666666,0.0,0.24440619621342513,0.0,"Operational multi-actor scenario; not causal human behavior, global optimization, filed tariff billing, or site-specific feeder validation.",581,581,0,5393,506,4887,88,75,13,0,0,0,0,0,0,0,142,0,4887,168,LimitedAttentionP005,FleetServiceFirst,NoGridIncentive,Moderate missed compliance with service-first fleet recommendation.,1059975.149554181,54.89999999999992,2825.0,0.9799180384184701,1.0,0,0,-0.34642032332563133,0.0,False,False,True,service-tolerated,LeastLaxity,True,True,True,True,True,True,True,True,mutually_acceptable,all_pass,none,0.0,0.0,0.0,0.9767138060878922,-25271.258295608684,1.0,0.0,1.0148426031642472,0.9631578947368407,-0.004793510324483774,0.9654618166997809,0.95,0.0026041666666666665,616.0,616.0,581.0,0.0,0.0,0.0,0.24440619621342513
multi_actor_v2,multi_actor_v2_caltech_sce_cap20,metro_caltech_sce,campus/workplace,multi-actor compact weekly matrix,20,8,1,1,4505,D_SoCCompliance__F_ServiceFirst__G_NoGrid,multi_actor,83.94919168591224,139,866,83.94919168591224,139,866,39.41307600436818,3153.0460803494543,113.0,91.08928571428571,1.2405410703783573,1.2405410703783573,0.8060998735777496,1534093.0,72.0,135,2777.999999999999,971.25,23,7.166666666666667,147,91,"[11561, 34, 1845, 0]",11561,1845,34,0,0.8601934523809524,0.13727678571428573,0.002529761904761905,0.27833954230973923,0.6327833954230974,"Operational multi-actor scenario; not causal human behavior, global optimization, filed tariff billing, or site-specific feeder validation.",1879,1277,1440,5393,493,4900,91,73,18,1429,9,157,1849,1421,1791,238,523,1189,3593,168,SoCCompliance,FleetServiceFirst,NoGridIncentive,Compliance probability is higher at low SoC and lower at high SoC.,890687.6618681875,57.0,2825.0,0.837557542994331,1.0,1429,1791,-6.812933025404149,2777.999999999999,False,False,False,harmful by under-delivery,LeastLaxity,False,False,True,False,True,False,False,False,not_mutually_acceptable,driver_fleet_grid_fail,driver,1440.0,7.166666666666667,15.0,0.8207238977486381,-194558.74598160211,1.0,0.0,0.40658694373652227,1.0,0.4783501896333754,3.907720719343828,0.8117529761904769,0.18705357142857143,369.0,369.0,1879.0,0.0,157.0,0.0,0.27833954230973923
multi_actor_v2,multi_actor_v2_caltech_sce_cap20,metro_caltech_sce,campus/workplace,multi-actor compact weekly matrix,20,8,1,1,4505,D_SoCQueueCompliance__F_ServiceFirst__G_NoGrid,multi_actor,85.45034642032331,126,866,85.45034642032331,126,866,40.87855058794126,3270.284047035301,113.0,97.9047619047619,1.154182879377432,1.154182879377432,0.8664138221660345,1728956.0,72.0,141,4634.999999999999,1917.75,33,13.833333333333334,256,233,"[10470, 50, 2920, 0]",10470,2920,50,0,0.7790178571428571,0.21726190476190477,0.003720238095238095,0.25656565656565655,0.5777777777777777,"Operational multi-actor scenario; not causal human behavior, global optimization, filed tariff billing, or site-specific feeder validation.",2970,1416,2537,5395,521,4874,139,64,75,2518,17,164,2967,2537,3871,489,762,1716,2501,168,SoCQueueCompliance,FleetServiceFirst,NoGridIncentive,SoC-dependent compliance with queue-sensitive avoidance for non-critical high-SoC charging.,919686.8058969913,47.89999999999992,2825.0,0.8686999813922393,1.0,2518,3871,-5.311778290993075,4634.999999999999,False,False,False,harmful by under-delivery,LeastLaxity,False,False,True,False,True,False,False,False,not_mutually_acceptable,driver_fleet_grid_fail,driver,2537.0,13.833333333333334,25.0,0.8474451509304478,-165559.60195279832,1.0,0.0,0.37828307392996113,0.8403508771929811,0.5386641382216603,4.404085791431046,0.5808147321428578,0.41956845238095236,337.0,337.0,2970.0,0.0,164.0,52.0,0.25656565656565655
multi_actor_v2,multi_actor_v2_caltech_sce_cap20,metro_caltech_sce,campus/workplace,multi-actor compact weekly matrix,20,8,1,1,4505,D_PriceSensitive__F_ServiceFirst__G_NoGrid,multi_actor,86.72055427251732,115,866,86.72055427251732,115,866,43.09332356725806,3447.465885380645,113.0,86.53571428571429,1.3058192323565827,1.3058192323565827,0.765802781289507,1409722.0,72.0,122,3060.0,1504.5,35,10.55952380952381,224,232,"[11158, 0, 2282, 0]",11158,2282,0,0,0.8302083333333333,0.16979166666666667,0.0,0.12226117440841368,0.4469763365468887,"Operational multi-actor scenario; not causal human behavior, global optimization, filed tariff billing, or site-specific feeder validation.",2282,1180,1828,5393,539,4854,143,63,80,1822,0,156,2250,1813,2858,456,279,1020,3173,168,PriceSensitive,FleetServiceFirst,NoGridIncentive,"Driver layer biases actual requests toward cheap windows, bounded by critical/low-SoC need.",944801.3561448137,56.69999999999999,2825.0,0.9157655749186421,1.0,1822,2858,-4.04157043879907,3060.0,False,False,False,harmful by under-delivery,LeastLaxity,False,False,True,False,True,False,False,False,not_mutually_acceptable,driver_fleet_grid_fail,driver,1828.0,10.55952380952381,27.0,0.8705869462556055,-140445.0517049759,1.0,0.0,0.4279818406933553,0.9947368421052629,0.43805309734513276,3.590916501095318,0.6374999999999998,0.3585565476190476,410.0,410.0,2282.0,0.0,156.0,0.0,0.12226117440841368
multi_actor_v2,multi_actor_v2_caltech_sce_cap20,metro_caltech_sce,campus/workplace,multi-actor compact weekly matrix,20,8,1,1,4505,D_ReserveSeeking__F_ServiceFirst__G_NoGrid,multi_actor,86.60508083140877,116,866,86.60508083140877,116,866,42.950772717878195,3436.0618174302554,113.0,54.732142857142854,2.0646003262642743,2.0646003262642743,0.48435524652338807,673131.0,72.0,51,960.0,417.75,14,3.0654761904761907,85,42,"[12487, 9, 944, 0]",12487,944,9,0,0.9290922619047619,0.07023809523809524,0.0006696428571428571,0.24344176285414482,0.3179433368310598,"Operational multi-actor scenario; not causal human behavior, global optimization, filed tariff billing, or site-specific feeder validation.",953,773,453,5394,525,4869,74,69,5,452,0,126,826,402,690,127,232,303,4509,168,ReserveSeeking,FleetServiceFirst,NoGridIncentive,Driver layer maintains a higher reserve threshold than the fleet recommendation assumes.,979207.6221363171,57.0,2825.0,0.9127362620290538,1.0,452,690,-4.157043879907619,960.0,False,False,False,harmful by under-delivery,LeastLaxity,False,False,True,False,True,False,False,False,not_mutually_acceptable,driver_fleet_grid_fail,driver,453.0,3.0654761904761907,6.0,0.9022905904627058,-106038.78571347252,1.0,0.0,0.6766721044045678,1.0,0.15660556257901387,1.7146339599572062,0.9000000000000001,0.09858630952380952,434.0,434.0,953.0,0.0,126.0,0.0,0.24344176285414482
multi_actor_v2,multi_actor_v2_caltech_sce_cap20,metro_caltech_sce,campus/workplace,multi-actor compact weekly matrix,20,8,1,1,4505,D_UrgencyDriven__F_ServiceFirst__G_NoGrid,multi_actor,90.18475750577367,85,866,90.18475750577367,85,866,46.256039971362,3700.4831977089602,113.0,46.464285714285715,2.4319754035357417,2.4319754035357417,0.4111883691529709,518582.0,72.0,39,60.0,8.25,9,0.06547619047619048,3,0,"[12715, 0, 511, 214]",12715,511,0,214,0.9460565476190477,0.03802083333333333,0.0,0.2537931034482759,0.21655172413793103,"Operational multi-actor scenario; not causal human behavior, global optimization, filed tariff billing, or site-specific feeder validation.",725,722,116,5394,547,4847,81,70,11,116,0,10,67,19,11,3,184,157,4739,168,UrgencyDriven,FleetServiceFirst,NoGridIncentive,Driver layer prioritizes deadline/urgent charging pressure over the fleet recommendation.,1057627.6916675044,57.0,2825.0,0.9829756800196896,1.0,116,11,-0.5773672055427141,60.0,False,True,False,harmful by priority distortion,LeastLaxity,False,False,True,False,True,False,False,False,not_mutually_acceptable,driver_fleet_grid_fail,driver,116.0,0.06547619047619048,1.0,0.9745507416725696,-27618.71618228522,1.0,0.0,0.7970791698693312,1.0,0.08343868520859671,1.3209587854704774,0.8499999999999999,0.14799107142857143,581.0,581.0,725.0,0.0,10.0,0.0,0.2537931034482759
multi_actor_v2,multi_actor_v2_caltech_sce_cap20,metro_caltech_sce,campus/workplace,multi-actor compact weekly matrix,20,8,1,1,4505,D_PriceSensitive__F_QueueAware__G_PeakPenalty,multi_actor,86.48960739030022,117,866,86.48960739030022,117,866,41.2792381524538,3302.339052196304,113.0,101.44642857142857,1.1138883999295899,1.1138883999295899,0.89775600505689,1819011.0,72.0,155,2831.999999999999,1502.25,36,10.630952380952381,246,217,"[10861, 17, 2006, 556]",10861,2006,17,556,0.8081101190476191,0.14925595238095238,0.0012648809523809524,0.16556804963164018,0.5215199689802249,"Operational multi-actor scenario; not causal human behavior, global optimization, filed tariff billing, or site-specific feeder validation.",2579,1458,2104,5393,585,4808,543,19,524,2100,4,156,2514,2067,2893,463,427,1345,2831,168,PriceSensitive,FleetQueueAware,GridPeakPenalty,"Full interaction: price-sensitive driver response, queue-aware fleet policy, and grid peak cap.",906707.7723456898,14.0,2825.0,0.8772148938543954,1.0,2100,2893,-4.272517321016167,2831.999999999999,False,False,False,harmful by under-delivery,LeastLaxity,False,False,True,False,True,False,False,False,not_mutually_acceptable,driver_fleet_grid_fail,driver,2104.0,10.630952380952381,28.0,0.8354856240825157,-178538.63550409977,1.0,0.0,0.3650765710262278,0.24561403508771928,0.5700063211125158,4.633478526669723,0.6374999999999998,0.3566220238095238,898.0,845.0,2579.0,53.0,156.0,0.0,0.16556804963164018
multi_actor_v2,multi_actor_v2_caltech_sce_cap20,metro_caltech_sce,campus/workplace,multi-actor compact weekly matrix,20,8,1,1,4505,D_SoCCompliance__F_QueueAware__G_PeakPenalty,multi_actor,84.75750577367207,132,866,84.75750577367207,132,866,39.031705237315236,3122.536418985219,113.0,103.20833333333333,1.0948728300363344,1.0948728300363344,0.9133480825958702,1862329.0,72.0,157,3197.999999999999,1013.9999999999999,22,7.488095238095238,145,94,"[11270, 61, 1650, 459]",11270,1650,61,459,0.8385416666666666,0.12276785714285714,0.0045386904761904765,0.2751152073732719,0.6718894009216589,"Operational multi-actor scenario; not causal human behavior, global optimization, filed tariff billing, or site-specific feeder validation.",2170,1488,1705,5393,535,4858,242,50,192,1685,20,162,2151,1690,1924,239,597,1458,3284,168,SoCCompliance,FleetQueueAware,GridPeakPenalty,"Full interaction: SoC-dependent compliance, queue-aware fleet policy, and grid peak cap.",877413.1513312492,18.89999999999992,2825.0,0.8294531270236688,1.0,1685,1924,-6.004618937644324,3197.999999999999,False,False,False,harmful by under-delivery,LeastLaxity,False,False,True,False,True,False,False,False,not_mutually_acceptable,driver_fleet_grid_fail,driver,1705.0,7.488095238095238,14.0,0.8084921037146553,-207833.25651854044,1.0,0.0,0.35884422400369115,0.33157894736841964,0.585598398651496,4.743820367823119,0.8124892113095238,0.18705357142857143,766.0,718.0,2170.0,48.0,162.0,0.0,0.2751152073732719
multi_actor_v2,multi_actor_v2_caltech_sce_cap20,metro_caltech_sce,campus/workplace,multi-actor compact weekly matrix,20,8,1,1,4506,LeastLaxity,anchor,90.88785046728972,78,856,90.88785046728972,78,856,44.973174533949575,3597.8539627159657,113.0,42.56547619047619,2.6547336036917915,2.6547336036917915,0.37668563000421407,503185.0,72.0,33,0.0,0.0,8,0.0,0,0,"[12916, 0, 524, 0]",12916,524,0,0,0.9610119047619048,0.03898809523809524,0.0,0.23282442748091603,0.0,"Behavior Applied Energy package v1; behavior proxies are imposed perturbations, not measured traits.",524,524,0,4967,455,4512,97,69,28,0,0,0,0,0,0,0,122,0,4512,168,FullyCompliant,FleetServiceFirst,NoGridIncentive,LeastLaxity anchor used for paired thresholds.,1070043.0876605462,57.0,2825.0,1.0,1.0,0,0,0.0,0.0,True,True,True,anchor,LeastLaxity,True,True,True,True,True,True,True,True,mutually_acceptable,all_pass,none,0.0,0.0,0.0,1.0,0.0,1.0,0.0,1.0,1.0,0.0,1.0,,,,,,,,,
multi_actor_v2,multi_actor_v2_caltech_sce_cap20,metro_caltech_sce,campus/workplace,multi-actor compact weekly matrix,20,8,1,1,4506,D_FullyCompliant__F_ServiceFirst__G_NoGrid,multi_actor,90.88785046728972,78,856,90.88785046728972,78,856,44.973174533949575,3597.8539627159657,113.0,42.56547619047619,2.6547336036917915,2.6547336036917915,0.37668563000421407,503185.0,72.0,33,0.0,0.0,8,0.0,0,0,"[12916, 0, 524, 0]",12916,524,0,0,0.9610119047619048,0.03898809523809524,0.0,0.23282442748091603,0.0,"Operational multi-actor scenario; not causal human behavior, global optimization, filed tariff billing, or site-specific feeder validation.",524,524,0,4967,455,4512,97,69,28,0,0,0,0,0,0,0,122,0,4512,168,FullyCompliant,FleetServiceFirst,NoGridIncentive,"Baseline multi-actor row: least-laxity service-first fleet recommendation, fully compliant driver layer, no grid incentive.",1070043.0876605462,57.0,2825.0,1.0,1.0,0,0,0.0,0.0,True,True,True,service-tolerated,LeastLaxity,True,True,True,True,True,True,True,True,mutually_acceptable,all_pass,none,0.0,0.0,0.0,1.0,0.0,1.0,0.0,1.0,1.0,0.0,1.0,1.0,0.0,524.0,524.0,524.0,0.0,0.0,0.0,0.23282442748091603
multi_actor_v2,multi_actor_v2_caltech_sce_cap20,metro_caltech_sce,campus/workplace,multi-actor compact weekly matrix,20,8,1,1,4506,D_FullyCompliant__F_CostOnly__G_NoGrid,multi_actor,91.58878504672897,72,856,91.58878504672897,72,856,44.80211955766754,3584.169564613403,113.0,97.75,1.156010230179028,1.156010230179028,0.8650442477876106,1746598.0,72.0,145,122.99999999999983,23.25,13,0.16666666666666666,0,3,"[12010, 69, 1, 1360]",12010,1,69,1360,0.8936011904761905,7.440476190476191e-05,0.005133928571428571,0.3300699300699301,0.641958041958042,"Operational multi-actor scenario; not causal human behavior, global optimization, filed tariff billing, or site-specific feeder validation.",1430,1400,831,4967,561,4406,302,39,263,800,31,7,75,40,57,3,472,918,3606,168,FullyCompliant,FleetCostOnly,NoGridIncentive,Fleet shifts discretionary charging to cheap windows without an explicit grid guardrail.,979946.208884528,21.0,2825.0,0.9961965109633764,1.0,800,57,0.7009345794392488,122.99999999999983,True,True,False,harmful by priority distortion,LeastLaxity,False,False,True,False,True,False,False,False,not_mutually_acceptable,driver_fleet_grid_fail,driver,831.0,0.16666666666666666,5.0,0.9158007001633939,-90096.87877601816,1.0,0.0,0.43545244184630366,0.3684210526315789,0.4883586177833965,3.4710851873565387,1.0,0.0,1430.0,1430.0,1430.0,0.0,7.0,0.0,0.3300699300699301
multi_actor_v2,multi_actor_v2_caltech_sce_cap20,metro_caltech_sce,campus/workplace,multi-actor compact weekly matrix,20,8,1,1,4506,D_FullyCompliant__F_ServiceCostly__G_NoGrid,multi_actor,91.1214953271028,76,856,91.1214953271028,76,856,43.96905912259707,3517.5247298077657,113.0,76.08928571428571,1.4850973949777049,1.4850973949777049,0.6733565107458912,1305865.0,72.0,107,182.99999999999983,60.0,10,0.47619047619047616,11,0,"[12321, 0, 464, 655]",12321,464,0,655,0.9167410714285714,0.034523809523809526,0.0,0.10098302055406613,0.5495978552278821,"Operational multi-actor scenario; not causal human behavior, global optimization, filed tariff billing, or site-specific feeder validation.",1119,1089,591,4969,528,4441,159,50,109,576,0,58,572,330,96,11,113,615,3906,168,FullyCompliant,FleetServiceCostly,NoGridIncentive,"Fleet preserves urgent service but shifts discretionary charging away from cheap windows, creating a fleet economic stress case.",1059466.6407801197,68.89999999999992,2825.0,0.9776730145968568,1.0,576,96,0.23364485981308292,182.99999999999983,False,False,False,harmful by priority distortion,LeastLaxity,False,False,True,False,True,False,False,False,not_mutually_acceptable,driver_fleet_grid_fail,driver,591.0,0.47619047619047616,2.0,0.9901158682277459,-10576.44688042649,1.0,0.0,0.5594148478447939,1.20877192982456,0.29667088074167713,2.5951985850134642,1.0,0.0,1119.0,1119.0,1119.0,0.0,58.0,0.0,0.10098302055406613
multi_actor_v2,multi_actor_v2_caltech_sce_cap20,metro_caltech_sce,campus/workplace,multi-actor compact weekly matrix,20,8,1,1,4506,D_FullyCompliant__F_QueueAware__G_NoGrid,multi_actor,92.05607476635514,68,856,92.05607476635514,68,856,42.43172655587113,3394.5381244696905,113.0,96.11904761904762,1.1756254644538022,1.1756254644538022,0.8506110408765276,1705724.0,72.0,140,0.0,0.0,8,0.0,0,0,"[12073, 0, 1, 1366]",12073,1,0,1366,0.8982886904761904,7.440476190476191e-05,0.0,0.29846378931967815,0.6664228237015362,"Operational multi-actor scenario; not causal human behavior, global optimization, filed tariff billing, or site-specific feeder validation.",1367,1367,784,4967,583,4384,967,0,967,784,0,0,0,0,0,0,408,911,3600,168,FullyCompliant,FleetQueueAware,NoGridIncentive,Fleet suppresses non-urgent/high-SoC requests under queue pressure.,1006924.0110881416,18.89999999999992,2825.0,0.9434896912567303,1.0,784,0,1.1682242990654146,0.0,False,False,False,harmful by under-delivery,LeastLaxity,False,False,True,False,True,False,False,False,not_mutually_acceptable,driver_fleet_grid_fail,driver,784.0,0.0,0.0,0.9410125841657433,-63119.07657240459,1.0,0.0,0.44284121872677723,0.33157894736841964,0.47392541087231355,3.389854626032175,1.0,0.0,1367.0,1367.0,1367.0,0.0,0.0,0.0,0.29846378931967815
multi_actor_v2,multi_actor_v2_caltech_sce_cap20,metro_caltech_sce,campus/workplace,multi-actor compact weekly matrix,20,8,1,1,4506,D_FullyCompliant__F_AvailabilityFocused__G_NoGrid,multi_actor,91.93925233644859,69,856,91.93925233644859,69,856,44.95961955766754,3596.769564613403,113.0,99.66071428571429,1.1338469808278087,1.1338469808278087,0.8819532237673832,1771223.0,72.0,143,0.0,0.0,8,0.0,0,0,"[12031, 0, 43, 1366]",12031,43,0,1366,0.8951636904761905,0.003199404761904762,0.0,0.2931156848828957,0.6564939673527325,"Operational multi-actor scenario; not causal human behavior, global optimization, filed tariff billing, or site-specific feeder validation.",1409,1409,798,4967,569,4398,367,42,325,798,0,0,0,0,0,0,413,925,3600,168,FullyCompliant,FleetAvailabilityFocused,NoGridIncentive,Fleet maintains a higher readiness reserve for vehicles with likely upcoming needs.,1077816.9262003729,14.0,2825.0,0.9996985986330184,1.0,798,0,1.051401869158866,0.0,True,True,False,harmful by priority distortion,LeastLaxity,False,False,True,False,True,False,False,False,not_mutually_acceptable,driver_fleet_grid_fail,driver,798.0,0.0,0.0,1.0072649771111766,7773.838539826684,1.0,0.0,0.4271038643014991,0.24561403508771928,0.5052675937631691,3.5200234506195534,1.0,0.0,1409.0,1409.0,1409.0,0.0,0.0,0.0,0.2931156848828957
multi_actor_v2,multi_actor_v2_caltech_sce_cap20,metro_caltech_sce,campus/workplace,multi-actor compact weekly matrix,20,8,1,1,4506,D_FullyCompliant__F_ServiceFirst__G_PeakPenalty,multi_actor,90.88785046728972,78,856,90.88785046728972,78,856,44.973174533949575,3597.8539627159657,99.0,42.482142857142854,2.330390920554855,2.330390920554855,0.42911255411255406,495485.0,72.0,36,0.0,0.0,6,0.0,0,0,"[12918, 0, 522, 0]",12918,522,0,0,0.9611607142857143,0.038839285714285715,0.0,0.20881226053639848,0.0,"Operational multi-actor scenario; not causal human behavior, global optimization, filed tariff billing, or site-specific feeder validation.",522,522,0,4967,453,4514,97,69,28,0,0,0,0,0,0,0,109,0,4514,168,FullyCompliant,FleetServiceFirst,GridPeakPenalty,Service-first fleet recommendation with an action-changing peak cap.,1081782.6651974164,57.0,2475.0,1.0,0.8761061946902655,0,0,0.0,0.0,True,True,True,service-tolerated,LeastLaxity,True,True,True,True,True,True,True,True,mutually_acceptable,all_pass,none,0.0,0.0,-2.0,1.0109711259969323,11739.57753687026,0.8761061946902655,-350.0,0.877824772065306,1.0,0.05242692410833999,0.9846974770710574,1.0,0.0,540.0,522.0,522.0,18.0,0.0,0.0,0.20881226053639848
multi_actor_v2,multi_actor_v2_caltech_sce_cap20,metro_caltech_sce,campus/workplace,multi-actor compact weekly matrix,20,8,1,1,4506,D_FullyCompliant__F_CostOnly__G_PeakPenalty,multi_actor,91.58878504672897,72,856,91.58878504672897,72,856,43.940374428573485,3515.2299542858786,99.0,88.83333333333333,1.1144465290806755,1.1144465290806755,0.8973063973063973,1428140.0,72.0,146,0.0,0.0,6,0.0,0,0,"[12254, 31, 1, 1154]",12254,1,31,1154,0.9117559523809524,7.440476190476191e-05,0.002306547619047619,0.3128161888701518,0.596964586846543,"Operational multi-actor scenario; not causal human behavior, global optimization, filed tariff billing, or site-specific feeder validation.",1186,1186,602,4967,553,4414,628,31,597,602,0,0,0,0,0,0,371,708,3812,168,FullyCompliant,FleetCostOnly,GridPeakPenalty,Cheap-window fleet policy with a grid peak cap.,993251.6579537664,18.89999999999992,2475.0,0.9770351967349682,0.8761061946902655,602,0,0.7009345794392488,0.0,False,False,False,harmful by priority distortion,LeastLaxity,False,False,True,False,True,False,False,False,not_mutually_acceptable,driver_fleet_grid_fail,driver,602.0,0.0,-2.0,0.928235198570676,-76791.42970677977,0.8761061946902655,-350.0,0.4197959929127639,0.33157894736841964,0.5206207673021832,2.838200661784433,1.0,0.0,1525.0,1186.0,1186.0,339.0,0.0,0.0,0.3128161888701518
multi_actor_v2,multi_actor_v2_caltech_sce_cap20,metro_caltech_sce,campus/workplace,multi-actor compact weekly matrix,20,8,1,1,4506,D_FullyCompliant__F_QueueAware__G_PeakPenalty,multi_actor,92.05607476635514,68,856,92.05607476635514,68,856,42.43172655587113,3394.5381244696905,99.0,87.28571428571429,1.1342062193126021,1.1342062193126021,0.8816738816738817,1392390.0,72.0,140,0.0,0.0,6,0.0,0,0,"[12285, 0, 1, 1154]",12285,1,0,1154,0.9140625,7.440476190476191e-05,0.0,0.2943722943722944,0.6025974025974026,"Operational multi-actor scenario; not causal human behavior, global optimization, filed tariff billing, or site-specific feeder validation.",1155,1155,576,4967,579,4388,972,0,972,576,0,0,0,0,0,0,340,696,3812,168,FullyCompliant,FleetQueueAware,GridPeakPenalty,Queue-aware fleet policy with a grid peak cap.,1024158.2321777226,14.0,2475.0,0.9434896912567303,0.8761061946902655,576,0,1.1682242990654146,0.0,False,False,False,harmful by under-delivery,LeastLaxity,False,False,True,False,True,False,False,False,not_mutually_acceptable,driver_fleet_grid_fail,driver,576.0,0.0,-2.0,0.9571186842736003,-45884.855482823565,0.8761061946902655,-350.0,0.4272391842764653,0.24561403508771928,0.5049882516696677,2.7671532339000566,1.0,0.0,1367.0,1155.0,1155.0,212.0,0.0,0.0,0.2943722943722944
multi_actor_v2,multi_actor_v2_caltech_sce_cap20,metro_caltech_sce,campus/workplace,multi-actor compact weekly matrix,20,8,1,1,4506,D_LimitedAttentionP0025__F_ServiceFirst__G_NoGrid,multi_actor,90.88785046728972,78,856,90.88785046728972,78,856,44.57942453394957,3566.3539627159657,113.0,42.357142857142854,2.66779089376054,2.66779089376054,0.3748419721871049,502436.0,72.0,34,0.0,0.0,8,0.0,0,0,"[12921, 0, 519, 0]",12921,519,0,0,0.9613839285714286,0.03861607142857143,0.0,0.23314065510597304,0.0,"Operational multi-actor scenario; not causal human behavior, global optimization, filed tariff billing, or site-specific feeder validation.",519,519,0,4967,451,4516,97,68,29,0,0,0,0,0,0,0,121,0,4516,168,LimitedAttentionP0025,FleetServiceFirst,NoGridIncentive,Low-probability missed compliance with service-first fleet recommendation.,1065633.0876605464,57.0,2825.0,0.9912447808258951,1.0,0,0,0.0,0.0,True,True,True,service-tolerated,LeastLaxity,True,True,True,True,True,True,True,True,mutually_acceptable,all_pass,none,0.0,0.0,0.0,0.995878670634057,-4409.999999999767,1.0,0.0,1.0049184935356943,1.0,-0.0018436578171091567,0.9985114818605483,0.9749999999999999,0.000818452380952381,530.0,530.0,519.0,0.0,0.0,0.0,0.23314065510597304
multi_actor_v2,multi_actor_v2_caltech_sce_cap20,metro_caltech_sce,campus/workplace,multi-actor compact weekly matrix,20,8,1,1,4506,D_LimitedAttentionP005__F_ServiceFirst__G_NoGrid,multi_actor,90.42056074766354,82,856,90.42056074766354,82,856,44.50067453394958,3560.053962715966,113.0,41.720238095238095,2.708517620202597,2.708517620202597,0.3692056468605141,491129.0,72.0,34,0.0,0.0,8,0.0,0,0,"[12924, 0, 516, 0]",12924,516,0,0,0.9616071428571429,0.038392857142857145,0.0,0.2364341085271318,0.0,"Operational multi-actor scenario; not causal human behavior, global optimization, filed tariff billing, or site-specific feeder validation.",516,516,0,4967,446,4521,102,70,32,0,0,0,0,0,0,0,122,0,4521,168,LimitedAttentionP005,FleetServiceFirst,NoGridIncentive,Moderate missed compliance with service-first fleet recommendation.,1068615.2470393307,64.0,2825.0,0.9894937369910742,1.0,0,0,-0.46728971962618004,0.0,False,True,True,service-tolerated,LeastLaxity,True,True,True,True,True,False,False,False,not_mutually_acceptable,grid_only_fail,grid,0.0,0.0,0.0,0.9986656232466888,-1427.8406212155242,1.0,0.0,1.0202596661435297,1.1228070175438596,-0.007479983143699964,0.9760406212426841,0.95,0.0014136904761904762,535.0,535.0,516.0,0.0,0.0,0.0,0.2364341085271318
multi_actor_v2,multi_actor_v2_caltech_sce_cap20,metro_caltech_sce,campus/workplace,multi-actor compact weekly matrix,20,8,1,1,4506,D_SoCCompliance__F_ServiceFirst__G_NoGrid,multi_actor,84.22897196261682,135,856,84.22897196261682,135,856,37.99885987477539,3039.908789982031,113.0,84.04761904761905,1.3444759206798866,1.3444759206798866,0.7437842393594606,1343826.0,72.0,122,3974.999999999999,983.9999999999999,21,7.107142857142857,122,118,"[11742, 75, 1623, 0]",11742,1623,75,0,0.8736607142857142,0.12075892857142857,0.005580357142857143,0.2850412249705536,0.6118963486454653,"Operational multi-actor scenario; not causal human behavior, global optimization, filed tariff billing, or site-specific feeder validation.",1698,1108,1337,4970,426,4544,176,59,117,1285,52,153,1659,1304,1771,240,484,1039,3377,168,SoCCompliance,FleetServiceFirst,NoGridIncentive,Compliance probability is higher at low SoC and lower at high SoC.,885539.1572244023,40.89999999999992,2825.0,0.8449227849390668,1.0,1285,1771,-6.658878504672899,3974.999999999999,False,False,False,harmful by under-delivery,LeastLaxity,False,False,True,False,True,False,False,False,not_mutually_acceptable,driver_fleet_grid_fail,driver,1337.0,7.107142857142857,13.0,0.8275733635740519,-184503.93043614388,1.0,0.0,0.5064447592067989,0.7175438596491214,0.3670986093552465,2.6706400230531515,0.8173102678571432,0.18563988095238096,290.0,290.0,1698.0,0.0,153.0,0.0,0.2850412249705536
multi_actor_v2,multi_actor_v2_caltech_sce_cap20,metro_caltech_sce,campus/workplace,multi-actor compact weekly matrix,20,8,1,1,4506,D_SoCQueueCompliance__F_ServiceFirst__G_NoGrid,multi_actor,86.56542056074767,115,856,86.56542056074767,115,856,40.16711764712796,3213.3694117702366,113.0,90.22619047619048,1.2524079693891015,1.2524079693891015,0.7984618626211547,1537532.0,72.0,135,5348.999999999999,1803.75,29,12.732142857142858,247,266,"[10759, 70, 2611, 0]",10759,2611,70,0,0.8005208333333333,0.19427083333333334,0.005208333333333333,0.25997762029093624,0.5486758672137262,"Operational multi-actor scenario; not causal human behavior, global optimization, filed tariff billing, or site-specific feeder validation.",2681,1244,2272,4978,459,4519,187,50,137,2232,40,154,2646,2242,3565,513,697,1471,2384,168,SoCQueueCompliance,FleetServiceFirst,NoGridIncentive,SoC-dependent compliance with queue-sensitive avoidance for non-critical high-SoC charging.,975611.121728428,28.0,2825.0,0.8931350313464398,1.0,2232,3565,-4.322429906542055,5348.999999999999,False,False,False,harmful by under-delivery,LeastLaxity,False,False,True,False,True,False,False,False,not_mutually_acceptable,driver_fleet_grid_fail,driver,2272.0,12.732142857142858,21.0,0.9117493799819067,-94431.96593211812,1.0,0.0,0.47176408497163214,0.49122807017543857,0.42177623261694064,3.0555998290887048,0.5990874255952378,0.40074404761904764,292.0,292.0,2681.0,0.0,154.0,52.0,0.25997762029093624
multi_actor_v2,multi_actor_v2_caltech_sce_cap20,metro_caltech_sce,campus/workplace,multi-actor compact weekly matrix,20,8,1,1,4506,D_PriceSensitive__F_ServiceFirst__G_NoGrid,multi_actor,86.21495327102804,118,856,86.21495327102804,118,856,40.55939954111703,3244.7519632893627,113.0,78.06547619047619,1.4475028593213877,1.4475028593213877,0.6908449220396123,1193245.0,72.0,111,3843.0,1494.75,33,10.446428571428571,225,238,"[11357, 1, 2082, 0]",11357,2082,1,0,0.845014880952381,0.1549107142857143,7.440476190476191e-05,0.12241958713394142,0.4368698991838694,"Operational multi-actor scenario; not causal human behavior, global optimization, filed tariff billing, or site-specific feeder validation.",2083,989,1699,4968,456,4512,140,54,86,1699,0,151,2059,1688,2841,463,255,910,2932,168,PriceSensitive,FleetServiceFirst,NoGridIncentive,"Driver layer biases actual requests toward cheap windows, bounded by critical/low-SoC need.",947892.014229297,50.0,2825.0,0.9018576064827123,1.0,1699,2841,-4.672897196261687,3843.0,False,False,False,harmful by under-delivery,LeastLaxity,False,False,True,False,True,False,False,False,not_mutually_acceptable,driver_fleet_grid_fail,driver,1699.0,10.446428571428571,25.0,0.8858447151896377,-122151.07343124913,1.0,0.0,0.5452535264963781,0.8771929824561403,0.3141592920353983,2.3713842821228774,0.6374999999999998,0.3619791666666667,323.0,323.0,2083.0,0.0,151.0,0.0,0.12241958713394142
multi_actor_v2,multi_actor_v2_caltech_sce_cap20,metro_caltech_sce,campus/workplace,multi-actor compact weekly matrix,20,8,1,1,4506,D_ReserveSeeking__F_ServiceFirst__G_NoGrid,multi_actor,87.38317757009347,108,856,87.38317757009347,108,856,41.83673408971954,3346.9387271775636,113.0,59.482142857142854,1.8997298108676075,1.8997298108676075,0.5263906447534766,754037.0,72.0,61,1202.9999999999998,418.5,17,3.1666666666666665,72,26,"[12618, 11, 811, 0]",12618,811,11,0,0.9388392857142858,0.060342261904761905,0.000818452380952381,0.25547445255474455,0.3199513381995134,"Operational multi-actor scenario; not causal human behavior, global optimization, filed tariff billing, or site-specific feeder validation.",822,672,428,4967,452,4515,96,63,33,421,5,134,765,411,680,98,210,263,4210,168,ReserveSeeking,FleetServiceFirst,NoGridIncentive,Driver layer maintains a higher reserve threshold than the fleet recommendation assumes.,965955.5384556095,64.0,2825.0,0.9302597498012425,1.0,421,680,-3.504672897196258,1202.9999999999998,False,False,False,harmful by under-delivery,LeastLaxity,False,False,True,False,True,False,False,False,not_mutually_acceptable,driver_fleet_grid_fail,driver,428.0,3.1666666666666665,9.0,0.9027258337488959,-104087.54920493672,1.0,0.0,0.7156009206444511,1.1228070175438596,0.14970501474926257,1.4985283742559894,0.9000000000000001,0.09977678571428572,354.0,354.0,822.0,0.0,134.0,0.0,0.25547445255474455
multi_actor_v2,multi_actor_v2_caltech_sce_cap20,metro_caltech_sce,campus/workplace,multi-actor compact weekly matrix,20,8,1,1,4506,D_UrgencyDriven__F_ServiceFirst__G_NoGrid,multi_actor,90.53738317757009,81,856,90.53738317757009,81,856,43.795064857510646,3503.6051886008518,113.0,51.99404761904762,2.1733257012020606,2.1733257012020606,0.4601243152128108,639869.0,72.0,54,62.99999999999983,11.25,9,0.08928571428571429,5,0,"[12783, 0, 431, 226]",12783,431,0,226,0.9511160714285715,0.03206845238095238,0.0,0.2572298325722983,0.243531202435312,"Operational multi-actor scenario; not causal human behavior, global optimization, filed tariff billing, or site-specific feeder validation.",657,652,132,4967,472,4495,107,63,44,130,0,14,100,30,15,5,169,160,4373,168,UrgencyDriven,FleetServiceFirst,NoGridIncentive,Driver layer prioritizes deadline/urgent charging pressure over the fleet recommendation.,1030684.3739481453,61.89999999999992,2825.0,0.9738041690708404,1.0,130,15,-0.3504672897196315,62.99999999999983,False,False,False,harmful by priority distortion,LeastLaxity,False,False,True,False,True,False,False,False,not_mutually_acceptable,driver_fleet_grid_fail,driver,132.0,0.08928571428571429,1.0,0.9632176365921381,-39358.71371240087,1.0,0.0,0.8186605609616485,1.0859649122807005,0.08343868520859671,1.271637668054493,0.8499999999999999,0.15126488095238094,519.0,519.0,657.0,0.0,14.0,0.0,0.2572298325722983
multi_actor_v2,multi_actor_v2_caltech_sce_cap20,metro_caltech_sce,campus/workplace,multi-actor compact weekly matrix,20,8,1,1,4506,D_PriceSensitive__F_QueueAware__G_PeakPenalty,multi_actor,86.79906542056075,113,856,86.79906542056075,113,856,39.47868370182706,3158.294696146165,113.0,94.16666666666667,1.2,1.2,0.8333333333333334,1622698.0,72.0,142,3600.0,1488.75,31,10.529761904761905,244,216,"[11022, 21, 1862, 535]",11022,1862,21,535,0.8200892857142857,0.13854166666666667,0.0015625,0.17204301075268819,0.5239867659222498,"Operational multi-actor scenario; not causal human behavior, global optimization, filed tariff billing, or site-specific feeder validation.",2418,1314,2008,4967,494,4473,500,24,476,2004,4,153,2340,1945,2858,460,416,1267,2570,168,PriceSensitive,FleetQueueAware,GridPeakPenalty,"Full interaction: price-sensitive driver response, queue-aware fleet policy, and grid peak cap.",911375.3023565994,21.0,2825.0,0.8778273740054795,1.0,2004,2858,-4.088785046728972,3600.0,False,False,False,harmful by under-delivery,LeastLaxity,False,False,True,False,True,False,False,False,not_mutually_acceptable,driver_fleet_grid_fail,driver,2008.0,10.529761904761905,23.0,0.8517183213146632,-158667.78530394682,1.0,0.0,0.45202275600505687,0.3684210526315789,0.4566477033291193,3.224853682045371,0.6374999999999998,0.36101190476190476,851.0,831.0,2418.0,20.0,153.0,0.0,0.17204301075268819
multi_actor_v2,multi_actor_v2_caltech_sce_cap20,metro_caltech_sce,campus/workplace,multi-actor compact weekly matrix,20,8,1,1,4506,D_SoCCompliance__F_QueueAware__G_PeakPenalty,multi_actor,84.69626168224299,131,856,84.69626168224299,131,856,37.3680078322559,2989.440626580472,113.0,95.74404761904762,1.1802300279763756,1.1802300279763756,0.8472924568057312,1676121.0,72.0,141,3437.999999999999,907.5,20,6.660714285714286,123,91,"[11498, 70, 1399, 473]",11498,1399,70,473,0.8555059523809524,0.10409226190476191,0.005208333333333333,0.2801235839340886,0.6725025746652935,"Operational multi-actor scenario; not causal human behavior, global optimization, filed tariff billing, or site-specific feeder validation.",1942,1358,1558,4968,446,4522,184,46,138,1527,31,154,1883,1508,1692,214,544,1306,3096,168,SoCCompliance,FleetQueueAware,GridPeakPenalty,"Full interaction: SoC-dependent compliance, queue-aware fleet policy, and grid peak cap.",885386.6747321652,21.0,2825.0,0.8308954886884258,1.0,1527,1692,-6.191588785046733,3437.999999999999,False,False,False,harmful by under-delivery,LeastLaxity,False,False,True,False,True,False,False,False,not_mutually_acceptable,driver_fleet_grid_fail,driver,1558.0,6.660714285714286,12.0,0.8274308623103219,-184656.412928381,1.0,0.0,0.44457569163817223,0.3684210526315789,0.4706068268015171,3.331023381062631,0.8221104910714304,0.17589285714285716,770.0,766.0,1942.0,4.0,154.0,0.0,0.2801235839340886
multi_actor_v2,multi_actor_v2_caltech_sce_cap20,metro_caltech_sce,campus/workplace,multi-actor compact weekly matrix,20,8,1,1,4507,LeastLaxity,anchor,86.65893271461718,115,862,86.65893271461718,115,862,30.83667694727484,2466.934155781987,113.0,27.357142857142858,4.130548302872063,4.130548302872063,0.24209860935524652,256498.0,72.0,10,0.0,0.0,8,0.0,0,0,"[13066, 0, 374, 0]",13066,374,0,0,0.9721726190476191,0.02782738095238095,0.0,0.30213903743315507,0.0,"Behavior Applied Energy package v1; behavior proxies are imposed perturbations, not measured traits.",374,374,0,4043,339,3704,36,35,1,0,0,0,0,0,0,0,113,0,3704,168,FullyCompliant,FleetServiceFirst,NoGridIncentive,LeastLaxity anchor used for paired thresholds.,700843.7554889827,57.0,2825.0,1.0,1.0,0,0,0.0,0.0,True,True,True,anchor,LeastLaxity,True,True,True,True,True,True,True,True,mutually_acceptable,all_pass,none,0.0,0.0,0.0,1.0,0.0,1.0,0.0,1.0,1.0,0.0,1.0,,,,,,,,,
multi_actor_v2,multi_actor_v2_caltech_sce_cap20,metro_caltech_sce,campus/workplace,multi-actor compact weekly matrix,20,8,1,1,4507,D_FullyCompliant__F_ServiceFirst__G_NoGrid,multi_actor,86.65893271461718,115,862,86.65893271461718,115,862,30.83667694727484,2466.934155781987,113.0,27.357142857142858,4.130548302872063,4.130548302872063,0.24209860935524652,256498.0,72.0,10,0.0,0.0,8,0.0,0,0,"[13066, 0, 374, 0]",13066,374,0,0,0.9721726190476191,0.02782738095238095,0.0,0.30213903743315507,0.0,"Operational multi-actor scenario; not causal human behavior, global optimization, filed tariff billing, or site-specific feeder validation.",374,374,0,4043,339,3704,36,35,1,0,0,0,0,0,0,0,113,0,3704,168,FullyCompliant,FleetServiceFirst,NoGridIncentive,"Baseline multi-actor row: least-laxity service-first fleet recommendation, fully compliant driver layer, no grid incentive.",700843.7554889827,57.0,2825.0,1.0,1.0,0,0,0.0,0.0,True,True,True,service-tolerated,LeastLaxity,True,True,True,True,True,True,True,True,mutually_acceptable,all_pass,none,0.0,0.0,0.0,1.0,0.0,1.0,0.0,1.0,1.0,0.0,1.0,1.0,0.0,374.0,374.0,374.0,0.0,0.0,0.0,0.30213903743315507
multi_actor_v2,multi_actor_v2_caltech_sce_cap20,metro_caltech_sce,campus/workplace,multi-actor compact weekly matrix,20,8,1,1,4507,D_FullyCompliant__F_CostOnly__G_NoGrid,multi_actor,89.4431554524362,91,862,89.4431554524362,91,862,30.841937987331256,2467.3550389865004,113.0,81.5,1.3865030674846626,1.3865030674846626,0.7212389380530974,1400014.0,72.0,122,0.0,2.25,8,0.017857142857142856,0,0,"[12255, 24, 1, 1160]",12255,1,24,1160,0.9118303571428571,7.440476190476191e-05,0.0017857142857142857,0.33839662447257385,0.7063291139240506,"Operational multi-actor scenario; not causal human behavior, global optimization, filed tariff billing, or site-specific feeder validation.",1185,1182,742,4043,422,3621,183,21,162,739,3,3,27,9,6,0,401,837,2882,168,FullyCompliant,FleetCostOnly,NoGridIncentive,Fleet shifts discretionary charging to cheap windows without an explicit grid guardrail.,664436.3884454321,47.89999999999992,2825.0,1.000170609824963,1.0,739,6,2.7842227378190216,0.0,True,True,False,harmful by priority distortion,LeastLaxity,False,False,True,False,True,False,False,False,not_mutually_acceptable,driver_fleet_grid_fail,driver,742.0,0.017857142857142856,0.0,0.9480520918415704,-36407.36704355059,1.0,0.0,0.33567046450482035,0.8403508771929811,0.47914032869785084,5.4581868084741405,1.0,0.0,1185.0,1185.0,1185.0,0.0,3.0,0.0,0.33839662447257385
multi_actor_v2,multi_actor_v2_caltech_sce_cap20,metro_caltech_sce,campus/workplace,multi-actor compact weekly matrix,20,8,1,1,4507,D_FullyCompliant__F_ServiceCostly__G_NoGrid,multi_actor,87.00696055684455,112,862,87.00696055684455,112,862,29.61320924292351,2369.056739433881,113.0,62.75,1.800796812749004,1.800796812749004,0.5553097345132744,1017100.0,72.0,92,180.0,39.0,8,0.30952380952380953,16,0,"[12520, 0, 309, 611]",12520,309,0,611,0.9315476190476191,0.02299107142857143,0.0,0.11413043478260869,0.6206521739130435,"Operational multi-actor scenario; not causal human behavior, global optimization, filed tariff billing, or site-specific feeder validation.",920,904,539,4043,385,3658,51,32,19,535,0,48,415,284,52,16,105,571,3156,168,FullyCompliant,FleetServiceCostly,NoGridIncentive,"Fleet preserves urgent service but shifts discretionary charging away from cheap windows, creating a fleet economic stress case.",663290.2027278357,57.0,2825.0,0.9603242688424813,1.0,535,52,0.34802784222736705,180.0,False,False,False,harmful by priority distortion,LeastLaxity,False,False,True,False,True,False,False,False,not_mutually_acceptable,driver_fleet_grid_fail,driver,539.0,0.30952380952380953,0.0,0.9464166549719123,-37553.552761146915,1.0,0.0,0.4359704040978941,1.0,0.31321112515802785,3.9653330630258328,1.0,0.0,920.0,920.0,920.0,0.0,48.0,0.0,0.11413043478260869
multi_actor_v2,multi_actor_v2_caltech_sce_cap20,metro_caltech_sce,campus/workplace,multi-actor compact weekly matrix,20,8,1,1,4507,D_FullyCompliant__F_QueueAware__G_NoGrid,multi_actor,90.02320185614849,86,862,90.02320185614849,86,862,28.946990404038807,2315.7592323231047,113.0,79.60119047619048,1.4195767591415538,1.4195767591415538,0.7044353139485884,1363127.0,72.0,118,0.0,0.0,8,0.0,0,0,"[12279, 0, 0, 1161]",12279,0,0,1161,0.9136160714285714,0.0,0.0,0.32472006890611543,0.7217915590008613,"Operational multi-actor scenario; not causal human behavior, global optimization, filed tariff billing, or site-specific feeder validation.",1161,1161,735,4043,426,3617,723,0,723,735,0,0,0,0,0,0,377,838,2882,168,FullyCompliant,FleetQueueAware,NoGridIncentive,Fleet suppresses non-urgent/high-SoC requests under queue pressure.,654505.1916766504,43.0,2825.0,0.9387195142178564,1.0,735,0,3.3642691415313095,0.0,False,False,False,harmful by under-delivery,LeastLaxity,False,False,True,False,True,False,False,False,not_mutually_acceptable,driver_fleet_grid_fail,driver,735.0,0.0,0.0,0.9338817483220614,-46338.56381233223,1.0,0.0,0.3436775592611979,0.7543859649122807,0.46233670459334186,5.314376720286318,1.0,0.0,1161.0,1161.0,1161.0,0.0,0.0,0.0,0.32472006890611543
multi_actor_v2,multi_actor_v2_caltech_sce_cap20,metro_caltech_sce,campus/workplace,multi-actor compact weekly matrix,20,8,1,1,4507,D_FullyCompliant__F_AvailabilityFocused__G_NoGrid,multi_actor,89.90719257540604,87,862,89.90719257540604,87,862,30.841937987331256,2467.3550389865004,113.0,81.91666666666667,1.3794506612410986,1.3794506612410986,0.7249262536873157,1412292.0,72.0,123,0.0,0.0,8,0.0,0,0,"[12248, 0, 31, 1161]",12248,31,0,1161,0.9113095238095238,0.002306547619047619,0.0,0.32046979865771813,0.7114093959731543,"Operational multi-actor scenario; not causal human behavior, global optimization, filed tariff billing, or site-specific feeder validation.",1192,1192,745,4043,416,3627,42,31,11,745,0,0,0,0,0,0,382,848,2882,168,FullyCompliant,FleetAvailabilityFocused,NoGridIncentive,Fleet maintains a higher readiness reserve for vehicles with likely upcoming needs.,691679.9858245844,36.39999999999975,2825.0,1.000170609824963,1.0,745,0,3.2482598607888633,0.0,True,True,False,harmful by priority distortion,LeastLaxity,False,False,True,False,True,False,False,False,not_mutually_acceptable,driver_fleet_grid_fail,driver,745.0,0.0,0.0,0.9869246610351766,-9163.769664398278,1.0,0.0,0.33396308676064523,0.6385964912280658,0.48282764433206915,5.506054628106262,1.0,0.0,1192.0,1192.0,1192.0,0.0,0.0,0.0,0.32046979865771813
multi_actor_v2,multi_actor_v2_caltech_sce_cap20,metro_caltech_sce,campus/workplace,multi-actor compact weekly matrix,20,8,1,1,4507,D_FullyCompliant__F_ServiceFirst__G_PeakPenalty,multi_actor,86.65893271461718,115,862,86.65893271461718,115,862,30.83667694727484,2466.934155781987,99.0,27.357142857142858,3.618798955613577,3.618798955613577,0.2763347763347763,253446.0,72.0,11,0.0,0.0,6,0.0,0,0,"[13066, 0, 374, 0]",13066,374,0,0,0.9721726190476191,0.02782738095238095,0.0,0.2914438502673797,0.0,"Operational multi-actor scenario; not causal human behavior, global optimization, filed tariff billing, or site-specific feeder validation.",374,374,0,4043,339,3704,36,35,1,0,0,0,0,0,0,0,109,0,3704,168,FullyCompliant,FleetServiceFirst,GridPeakPenalty,Service-first fleet recommendation with an action-changing peak cap.,703696.3789867716,57.0,2475.0,1.0,0.8761061946902655,0,0,0.0,0.0,True,True,True,service-tolerated,LeastLaxity,True,True,True,True,True,True,True,True,mutually_acceptable,all_pass,none,0.0,0.0,-2.0,1.0040702702641597,2852.6234977889108,0.8761061946902655,-350.0,0.8761061946902655,1.0,0.0342361669795298,0.9881012717448089,1.0,0.0,385.0,374.0,374.0,11.0,0.0,0.0,0.2914438502673797
multi_actor_v2,multi_actor_v2_caltech_sce_cap20,metro_caltech_sce,campus/workplace,multi-actor compact weekly matrix,20,8,1,1,4507,D_FullyCompliant__F_CostOnly__G_PeakPenalty,multi_actor,89.4431554524362,91,862,89.4431554524362,91,862,30.841937987331256,2467.3550389865004,99.0,75.04166666666667,1.3192670738478622,1.3192670738478622,0.757996632996633,1170827.0,72.0,122,0.0,0.0,6,0.0,0,0,"[12413, 21, 1, 1005]",12413,1,21,1005,0.9235863095238095,7.440476190476191e-05,0.0015625,0.3213242453748783,0.6640701071080818,"Operational multi-actor scenario; not causal human behavior, global optimization, filed tariff billing, or site-specific feeder validation.",1027,1027,584,4043,422,3621,186,21,165,584,0,0,0,0,0,0,330,682,3037,168,FullyCompliant,FleetCostOnly,GridPeakPenalty,Cheap-window fleet policy with a grid peak cap.,664436.388445432,50.0,2475.0,1.000170609824963,0.8761061946902655,584,0,2.7842227378190216,0.0,True,True,False,harmful by priority distortion,LeastLaxity,False,False,True,False,True,False,False,False,not_mutually_acceptable,driver_fleet_grid_fail,driver,584.0,0.0,-2.0,0.9480520918415702,-36407.36704355071,0.8761061946902655,-350.0,0.3193927239467328,0.8771929824561403,0.5158980236413865,4.564663272228244,1.0,0.0,1188.0,1027.0,1027.0,161.0,0.0,0.0,0.3213242453748783
multi_actor_v2,multi_actor_v2_caltech_sce_cap20,metro_caltech_sce,campus/workplace,multi-actor compact weekly matrix,20,8,1,1,4507,D_FullyCompliant__F_QueueAware__G_PeakPenalty,multi_actor,90.02320185614849,86,862,90.02320185614849,86,862,28.946990404038807,2315.7592323231047,99.0,73.14285714285714,1.353515625,1.353515625,0.7388167388167388,1134234.0,72.0,118,0.0,0.0,6,0.0,0,0,"[12434, 0, 0, 1006]",12434,0,0,1006,0.9251488095238095,0.0,0.0,0.3071570576540755,0.6779324055666004,"Operational multi-actor scenario; not causal human behavior, global optimization, filed tariff billing, or site-specific feeder validation.",1006,1006,584,4043,422,3621,723,0,723,584,0,0,0,0,0,0,309,682,3037,168,FullyCompliant,FleetQueueAware,GridPeakPenalty,Queue-aware fleet policy with a grid peak cap.,660195.1094594084,43.0,2475.0,0.9387195142178564,0.8761061946902655,584,0,3.3642691415313095,0.0,False,False,False,harmful by under-delivery,LeastLaxity,False,False,True,False,True,False,False,False,not_mutually_acceptable,driver_fleet_grid_fail,driver,584.0,0.0,-2.0,0.9420004163392832,-40648.646029574214,0.8761061946902655,-350.0,0.32768425055309736,0.7543859649122807,0.4967181294614923,4.421999391808123,1.0,0.0,1161.0,1006.0,1006.0,155.0,0.0,0.0,0.3071570576540755
multi_actor_v2,multi_actor_v2_caltech_sce_cap20,metro_caltech_sce,campus/workplace,multi-actor compact weekly matrix,20,8,1,1,4507,D_LimitedAttentionP0025__F_ServiceFirst__G_NoGrid,multi_actor,86.42691415313224,117,862,86.42691415313224,117,862,30.52167694727484,2441.7341557819873,106.0,27.19047619047619,3.8984238178633976,3.8984238178633976,0.25651392632524705,253614.0,72.0,11,0.0,0.0,8,0.0,0,0,"[13070, 0, 370, 0]",13070,370,0,0,0.9724702380952381,0.027529761904761904,0.0,0.2972972972972973,0.0,"Operational multi-actor scenario; not causal human behavior, global optimization, filed tariff billing, or site-specific feeder validation.",370,370,0,4043,335,3708,36,35,1,0,0,0,0,0,0,0,110,0,3708,168,LimitedAttentionP0025,FleetServiceFirst,NoGridIncentive,Low-probability missed compliance with service-first fleet recommendation.,693082.1554889828,57.0,2650.0,0.989784891525809,0.9380530973451328,0,0,-0.23201856148493505,0.0,False,True,True,service-tolerated,LeastLaxity,True,True,True,True,True,True,True,True,mutually_acceptable,all_pass,none,0.0,0.0,0.0,0.9889253489965327,-7761.59999999986,0.9380530973451328,-175.0,0.9438029849820995,1.0,0.014415316970000536,0.9887562476120672,0.9749999999999999,0.0005208333333333333,377.0,377.0,370.0,0.0,0.0,0.0,0.2972972972972973
multi_actor_v2,multi_actor_v2_caltech_sce_cap20,metro_caltech_sce,campus/workplace,multi-actor compact weekly matrix,20,8,1,1,4507,D_LimitedAttentionP005__F_ServiceFirst__G_NoGrid,multi_actor,86.65893271461718,115,862,86.65893271461718,115,862,29.812926947274832,2385.0341557819866,106.0,26.81547619047619,3.9529411764705884,3.9529411764705884,0.25297619047619047,250107.0,72.0,12,0.0,0.0,8,0.0,0,0,"[13079, 0, 361, 0]",13079,361,0,0,0.9731398809523809,0.02686011904761905,0.0,0.31024930747922436,0.0,"Operational multi-actor scenario; not causal human behavior, global optimization, filed tariff billing, or site-specific feeder validation.",361,361,0,4043,325,3718,40,36,4,0,0,0,0,0,0,0,112,0,3718,168,LimitedAttentionP005,FleetServiceFirst,NoGridIncentive,Moderate missed compliance with service-first fleet recommendation.,664593.5554889827,57.0,2650.0,0.9668008974588788,0.9380530973451328,0,0,0.0,0.0,False,False,True,service-tolerated,LeastLaxity,True,True,True,True,True,True,True,True,mutually_acceptable,all_pass,none,0.0,0.0,0.0,0.9482763458815325,-36250.19999999995,0.9380530973451328,-175.0,0.9570015616866216,1.0,0.010877581120943947,0.9750836263830517,0.95,0.0017113095238095238,384.0,384.0,361.0,0.0,0.0,0.0,0.31024930747922436
multi_actor_v2,multi_actor_v2_caltech_sce_cap20,metro_caltech_sce,campus/workplace,multi-actor compact weekly matrix,20,8,1,1,4507,D_SoCCompliance__F_ServiceFirst__G_NoGrid,multi_actor,81.4385150812065,160,862,81.4385150812065,160,862,25.25478015245471,2020.382412196377,113.0,63.73809523809524,1.772880089652596,1.772880089652596,0.5640539401601349,908346.0,72.0,91,2888.9999999999995,632.25,17,4.613095238095238,96,68,"[12231, 12, 1197, 0]",12231,1197,12,0,0.9100446428571428,0.0890625,0.0008928571428571428,0.2853598014888337,0.6286186931348222,"Operational multi-actor scenario; not causal human behavior, global optimization, filed tariff billing, or site-specific feeder validation.",1209,811,934,4043,324,3719,35,32,3,933,1,138,1175,926,1166,164,345,760,2865,168,SoCCompliance,FleetServiceFirst,NoGridIncentive,Compliance probability is higher at low SoC and lower at high SoC.,555184.1368005943,47.89999999999992,2825.0,0.8189851388862631,1.0,933,1166,-5.220417633410676,2888.9999999999995,False,False,False,harmful by under-delivery,LeastLaxity,False,False,True,False,True,False,False,False,not_mutually_acceptable,driver_fleet_grid_fail,driver,934.0,4.613095238095238,9.0,0.7921653470583314,-145659.61868838838,1.0,0.0,0.42921180425849825,0.8403508771929811,0.32195533080488836,3.5413375542889223,0.8514110863095253,0.1494047619047619,203.0,203.0,1209.0,0.0,138.0,0.0,0.2853598014888337
multi_actor_v2,multi_actor_v2_caltech_sce_cap20,metro_caltech_sce,campus/workplace,multi-actor compact weekly matrix,20,8,1,1,4507,D_SoCQueueCompliance__F_ServiceFirst__G_NoGrid,multi_actor,83.1786542923434,145,862,83.1786542923434,145,862,28.072469639223243,2245.7975711378594,113.0,73.07142857142857,1.5464320625610948,1.5464320625610948,0.6466498103666245,1151680.0,72.0,113,4571.999999999999,1358.25,31,9.583333333333334,219,201,"[11373, 24, 2043, 0]",11373,2043,24,0,0.8462053571428572,0.15200892857142856,0.0017857142857142857,0.24044508950169327,0.5399129172714079,"Operational multi-actor scenario; not causal human behavior, global optimization, filed tariff billing, or site-specific feeder validation.",2067,992,1768,4042,362,3680,50,32,18,1766,2,150,2049,1757,2674,420,497,1116,2007,168,SoCQueueCompliance,FleetServiceFirst,NoGridIncentive,SoC-dependent compliance with queue-sensitive avoidance for non-critical high-SoC charging.,634014.7671353745,47.89999999999992,2825.0,0.9103597539780991,1.0,1766,2674,-3.480278422273784,4571.999999999999,False,False,False,harmful by under-delivery,LeastLaxity,False,False,True,False,True,False,False,False,not_mutually_acceptable,driver_fleet_grid_fail,driver,1768.0,9.583333333333334,23.0,0.9046449542708971,-66828.98835360818,1.0,0.0,0.37438905180840665,0.8403508771929811,0.404551201011378,4.490015516690189,0.6271331845238088,0.3771577380952381,189.0,189.0,2067.0,0.0,150.0,12.0,0.24044508950169327
multi_actor_v2,multi_actor_v2_caltech_sce_cap20,metro_caltech_sce,campus/workplace,multi-actor compact weekly matrix,20,8,1,1,4507,D_PriceSensitive__F_ServiceFirst__G_NoGrid,multi_actor,83.52668213457076,142,862,83.52668213457076,142,862,27.976383861919476,2238.110708953558,113.0,60.36309523809524,1.8720047332610195,1.8720047332610195,0.5341866835229667,806349.0,72.0,77,3300.0,1316.25,31,9.214285714285714,227,207,"[11714, 0, 1726, 0]",11714,1726,0,0,0.8715773809523809,0.12842261904761904,0.0,0.12514484356894554,0.39571263035921206,"Operational multi-actor scenario; not causal human behavior, global optimization, filed tariff billing, or site-specific feeder validation.",1726,730,1438,4043,352,3691,59,31,28,1438,0,154,1711,1428,2539,434,216,683,2346,168,PriceSensitive,FleetServiceFirst,NoGridIncentive,"Driver layer biases actual requests toward cheap windows, bounded by critical/low-SoC need.",630385.6876652953,54.89999999999992,2825.0,0.9072437963971945,1.0,1438,2539,-3.132250580046417,3300.0,False,False,False,harmful by under-delivery,LeastLaxity,False,False,True,False,True,False,False,False,not_mutually_acceptable,driver_fleet_grid_fail,driver,1438.0,9.214285714285714,23.0,0.8994667965978689,-70458.06782368734,1.0,0.0,0.45320974262893204,0.9631578947368407,0.2920880741677202,3.143685330879773,0.6374999999999998,0.35892857142857143,211.0,211.0,1726.0,0.0,154.0,0.0,0.12514484356894554
multi_actor_v2,multi_actor_v2_caltech_sce_cap20,metro_caltech_sce,campus/workplace,multi-actor compact weekly matrix,20,8,1,1,4507,D_ReserveSeeking__F_ServiceFirst__G_NoGrid,multi_actor,83.9907192575406,138,862,83.9907192575406,138,862,28.410419581209396,2272.8335664967517,113.0,43.398809523809526,2.6037580578795776,2.6037580578795776,0.3840602612726507,477495.0,72.0,24,900.0,406.5,15,3.0476190476190474,73,30,"[12792, 4, 644, 0]",12792,644,4,0,0.9517857142857142,0.04791666666666667,0.00029761904761904765,0.2623456790123457,0.3148148148148148,"Operational multi-actor scenario; not causal human behavior, global optimization, filed tariff billing, or site-specific feeder validation.",648,501,372,4043,340,3703,39,37,2,371,1,129,599,361,656,103,170,204,3431,168,ReserveSeeking,FleetServiceFirst,NoGridIncentive,Driver layer maintains a higher reserve threshold than the fleet recommendation assumes.,619467.7459868698,57.0,2825.0,0.9213191041883694,1.0,371,656,-2.6682134570765754,900.0,False,False,False,harmful by under-delivery,LeastLaxity,False,False,True,False,True,False,False,False,not_mutually_acceptable,driver_fleet_grid_fail,driver,372.0,3.0476190476190474,7.0,0.8838885145729288,-81376.00950211287,1.0,0.0,0.6303662049101633,1.0,0.14196165191740417,1.8615934627170583,0.9000000000000001,0.10171130952380952,235.0,235.0,648.0,0.0,129.0,0.0,0.2623456790123457
multi_actor_v2,multi_actor_v2_caltech_sce_cap20,metro_caltech_sce,campus/workplace,multi-actor compact weekly matrix,20,8,1,1,4507,D_UrgencyDriven__F_ServiceFirst__G_NoGrid,multi_actor,86.3109048723898,118,862,86.3109048723898,118,862,30.140050332460476,2411.204026596838,113.0,33.92261904761905,3.331110721179154,3.331110721179154,0.30020016856300047,340817.0,72.0,16,60.0,8.25,9,0.06547619047619048,2,0,"[12973, 0, 310, 157]",12973,310,0,157,0.9652529761904762,0.023065476190476192,0.0,0.29978586723768735,0.2334047109207709,"Operational multi-actor scenario; not causal human behavior, global optimization, filed tariff billing, or site-specific feeder validation.",467,464,86,4043,353,3690,38,36,2,85,0,8,49,17,11,2,140,109,3613,168,UrgencyDriven,FleetServiceFirst,NoGridIncentive,Driver layer prioritizes deadline/urgent charging pressure over the fleet recommendation.,681486.7378404962,57.0,2825.0,0.9774091541703579,1.0,85,11,-0.34802784222738126,60.0,False,False,False,harmful by priority distortion,LeastLaxity,False,False,True,False,True,False,False,False,not_mutually_acceptable,driver_fleet_grid_fail,driver,86.0,0.06547619047619048,1.0,0.9723804093324896,-19357.01764848642,1.0,0.0,0.8064572732058255,1.0,0.05810155920775395,1.3287316080437275,0.8499999999999999,0.15119047619047618,369.0,369.0,467.0,0.0,8.0,0.0,0.29978586723768735
multi_actor_v2,multi_actor_v2_caltech_sce_cap20,metro_caltech_sce,campus/workplace,multi-actor compact weekly matrix,20,8,1,1,4507,D_PriceSensitive__F_QueueAware__G_PeakPenalty,multi_actor,83.64269141531322,141,862,83.64269141531322,141,862,27.235890473551944,2178.8712378841556,113.0,76.4702380952381,1.4776990737137075,1.4776990737137075,0.6767277707543194,1242215.0,72.0,116,2885.9999999999995,1302.75,32,9.083333333333334,207,211,"[11361, 12, 1566, 501]",11361,1566,12,501,0.8453125,0.11651785714285715,0.0008928571428571428,0.1721981721981722,0.5031265031265031,"Operational multi-actor scenario; not causal human behavior, global optimization, filed tariff billing, or site-specific feeder validation.",2079,1092,1772,4043,379,3664,396,13,383,1771,1,152,2030,1746,2505,418,358,1046,1976,168,PriceSensitive,FleetQueueAware,GridPeakPenalty,"Full interaction: price-sensitive driver response, queue-aware fleet policy, and grid peak cap.",575408.7385541971,50.0,2825.0,0.8832303986619703,1.0,1771,2505,-3.0162412993039567,2885.9999999999995,False,False,False,harmful by under-delivery,LeastLaxity,False,False,True,False,True,False,False,False,not_mutually_acceptable,driver_fleet_grid_fail,driver,1772.0,9.083333333333334,24.0,0.8210228514524343,-125435.01693478553,1.0,0.0,0.3577488907916245,0.8771929824561403,0.4346291613990729,4.8429812318224705,0.6374999999999998,0.36428571428571427,800.0,774.0,2079.0,26.0,152.0,0.0,0.1721981721981722
multi_actor_v2,multi_actor_v2_caltech_sce_cap20,metro_caltech_sce,campus/workplace,multi-actor compact weekly matrix,20,8,1,1,4507,D_SoCCompliance__F_QueueAware__G_PeakPenalty,multi_actor,81.90255220417633,156,862,81.90255220417633,156,862,25.5049908948155,2040.3992715852398,113.0,78.51785714285714,1.4391630657266319,1.4391630657266319,0.6948482932996207,1311061.0,72.0,120,2945.9999999999995,626.25,18,4.648809523809524,106,54,"[11873, 29, 1059, 479]",11873,1059,29,479,0.8834077380952381,0.07879464285714285,0.0021577380952380954,0.2801531589023612,0.7089980855137205,"Operational multi-actor scenario; not causal human behavior, global optimization, filed tariff billing, or site-specific feeder validation.",1567,1135,1265,4043,341,3702,68,29,39,1263,2,136,1505,1235,1201,160,439,1111,2505,168,SoCCompliance,FleetQueueAware,GridPeakPenalty,"Full interaction: SoC-dependent compliance, queue-aware fleet policy, and grid peak cap.",527185.2662996424,50.0,2825.0,0.8270992019803054,1.0,1263,1201,-4.756380510440849,2945.9999999999995,False,False,False,harmful by under-delivery,LeastLaxity,False,False,True,False,True,False,False,False,not_mutually_acceptable,driver_fleet_grid_fail,driver,1265.0,4.648809523809524,10.0,0.7522151152389482,-173658.48918934027,1.0,0.0,0.34841937684785085,0.8771929824561403,0.4527496839443742,5.11138878275854,0.8511242559523787,0.14851190476190476,787.0,775.0,1567.0,12.0,136.0,0.0,0.2801531589023612
multi_actor_v2,multi_actor_v2_caltech_sce_cap20,metro_caltech_sce,campus/workplace,multi-actor compact weekly matrix,20,8,1,1,4508,LeastLaxity,anchor,84.49258836944128,136,877,84.49258836944128,136,877,39.7199161785197,3177.593294281576,106.0,39.01190476190476,2.717119316447971,2.717119316447971,0.36803683737646,406772.0,72.0,16,0.0,0.0,8,0.0,0,0,"[12989, 0, 451, 0]",12989,451,0,0,0.9664434523809524,0.03355654761904762,0.0,0.28159645232815966,0.0,"Behavior Applied Energy package v1; behavior proxies are imposed perturbations, not measured traits.",451,451,0,4805,401,4404,77,50,27,0,0,0,0,0,0,0,127,0,4404,168,FullyCompliant,FleetServiceFirst,NoGridIncentive,LeastLaxity anchor used for paired thresholds.,871433.8850093046,50.0,2650.0,1.0,1.0,0,0,0.0,0.0,True,True,True,anchor,LeastLaxity,True,True,True,True,True,True,True,True,mutually_acceptable,all_pass,none,0.0,0.0,0.0,1.0,0.0,1.0,0.0,1.0,1.0,0.0,1.0,,,,,,,,,
multi_actor_v2,multi_actor_v2_caltech_sce_cap20,metro_caltech_sce,campus/workplace,multi-actor compact weekly matrix,20,8,1,1,4508,D_FullyCompliant__F_ServiceFirst__G_NoGrid,multi_actor,84.49258836944128,136,877,84.49258836944128,136,877,39.7199161785197,3177.593294281576,106.0,39.01190476190476,2.717119316447971,2.717119316447971,0.36803683737646,406772.0,72.0,16,0.0,0.0,8,0.0,0,0,"[12989, 0, 451, 0]",12989,451,0,0,0.9664434523809524,0.03355654761904762,0.0,0.28159645232815966,0.0,"Operational multi-actor scenario; not causal human behavior, global optimization, filed tariff billing, or site-specific feeder validation.",451,451,0,4805,401,4404,77,50,27,0,0,0,0,0,0,0,127,0,4404,168,FullyCompliant,FleetServiceFirst,NoGridIncentive,"Baseline multi-actor row: least-laxity service-first fleet recommendation, fully compliant driver layer, no grid incentive.",871433.8850093046,50.0,2650.0,1.0,1.0,0,0,0.0,0.0,True,True,True,service-tolerated,LeastLaxity,True,True,True,True,True,True,True,True,mutually_acceptable,all_pass,none,0.0,0.0,0.0,1.0,0.0,1.0,0.0,1.0,1.0,0.0,1.0,1.0,0.0,451.0,451.0,451.0,0.0,0.0,0.0,0.28159645232815966
multi_actor_v2,multi_actor_v2_caltech_sce_cap20,metro_caltech_sce,campus/workplace,multi-actor compact weekly matrix,20,8,1,1,4508,D_FullyCompliant__F_CostOnly__G_NoGrid,multi_actor,87.45724059293045,110,877,87.45724059293045,110,877,39.66454479183062,3173.1635833464497,113.0,91.61904761904762,1.2333679833679834,1.2333679833679834,0.8107880320269701,1594984.0,72.0,131,122.99999999999983,21.75,10,0.15476190476190477,0,3,"[12024, 59, 0, 1357]",12024,0,59,1357,0.8946428571428572,0.0,0.004389880952380952,0.3432203389830508,0.692090395480226,"Operational multi-actor scenario; not causal human behavior, global optimization, filed tariff billing, or site-specific feeder validation.",1416,1388,893,4805,493,4312,256,31,225,864,29,10,114,76,53,3,486,980,3448,168,FullyCompliant,FleetCostOnly,NoGridIncentive,Fleet shifts discretionary charging to cheap windows without an explicit grid guardrail.,846060.5792301396,33.59999999999991,2825.0,0.9986059540901291,1.0660377358490567,864,53,2.9646522234891677,122.99999999999983,True,True,False,harmful by priority distortion,LeastLaxity,False,False,True,False,False,False,False,False,not_mutually_acceptable,driver_fleet_grid_fail,driver,893.0,0.15476190476190477,2.0,0.9708832692695969,-25373.305779165006,1.0660377358490567,175.0,0.45392485192013493,0.6719999999999982,0.44275119465051016,3.9210761802680616,1.0,0.0,1416.0,1416.0,1416.0,0.0,10.0,0.0,0.3432203389830508
multi_actor_v2,multi_actor_v2_caltech_sce_cap20,metro_caltech_sce,campus/workplace,multi-actor compact weekly matrix,20,8,1,1,4508,D_FullyCompliant__F_ServiceCostly__G_NoGrid,multi_actor,86.54503990877993,118,877,86.54503990877993,118,877,38.43315504348773,3074.652403479018,113.0,72.31547619047619,1.5625977446703432,1.5625977446703432,0.6399599662873999,1191873.0,72.0,98,180.0,51.0,9,0.40476190476190477,15,0,"[12356, 0, 369, 715]",12356,369,0,715,0.919345238095238,0.027455357142857142,0.0,0.10793357933579335,0.6143911439114391,"Operational multi-actor scenario; not causal human behavior, global optimization, filed tariff billing, or site-specific feeder validation.",1084,1066,631,4805,464,4341,104,39,65,622,0,59,557,354,71,15,117,666,3761,168,FullyCompliant,FleetServiceCostly,NoGridIncentive,"Fleet preserves urgent service but shifts discretionary charging away from cheap windows, creating a fleet economic stress case.",846124.3587090245,56.0,2825.0,0.9676041326661247,1.0660377358490567,622,71,2.052451539338648,180.0,False,False,False,harmful by priority distortion,LeastLaxity,False,False,True,False,False,False,False,False,not_mutually_acceptable,driver_fleet_grid_fail,driver,631.0,0.40476190476190477,1.0,0.9709564583892559,-25309.526300280122,1.0660377358490567,175.0,0.5750935320400623,1.12,0.27192312891093995,2.9300763081038026,1.0,0.0,1084.0,1084.0,1084.0,0.0,59.0,0.0,0.10793357933579335
multi_actor_v2,multi_actor_v2_caltech_sce_cap20,metro_caltech_sce,campus/workplace,multi-actor compact weekly matrix,20,8,1,1,4508,D_FullyCompliant__F_QueueAware__G_NoGrid,multi_actor,87.57126567844927,109,877,87.57126567844927,109,877,37.35932238064053,2988.745790451242,113.0,90.06547619047619,1.2546427863326945,1.2546427863326945,0.797039612305099,1552653.0,72.0,129,0.0,0.0,8,0.0,0,0,"[12077, 0, 0, 1363]",12077,0,0,1363,0.8985863095238096,0.0,0.0,0.31694790902421127,0.7197358767424799,"Operational multi-actor scenario; not causal human behavior, global optimization, filed tariff billing, or site-specific feeder validation.",1363,1363,852,4805,511,4294,810,0,810,852,0,0,0,0,0,0,432,981,3442,168,FullyCompliant,FleetQueueAware,NoGridIncentive,Fleet suppresses non-urgent/high-SoC requests under queue pressure.,819765.7990758386,21.0,2825.0,0.9405690136084484,1.0660377358490567,852,0,3.078677309007986,0.0,False,False,False,harmful by under-delivery,LeastLaxity,False,False,True,False,False,False,False,False,not_mutually_acceptable,driver_fleet_grid_fail,driver,852.0,0.0,0.0,0.9407091153760744,-51668.085933465976,1.0660377358490567,175.0,0.46175476311907454,0.42,0.42900277492863903,3.81701051203131,1.0,0.0,1363.0,1363.0,1363.0,0.0,0.0,0.0,0.31694790902421127
multi_actor_v2,multi_actor_v2_caltech_sce_cap20,metro_caltech_sce,campus/workplace,multi-actor compact weekly matrix,20,8,1,1,4508,D_FullyCompliant__F_AvailabilityFocused__G_NoGrid,multi_actor,87.45724059293045,110,877,87.45724059293045,110,877,39.70130362830831,3176.104290264665,113.0,93.6547619047619,1.2065590441083005,1.2065590441083005,0.8288032026970079,1637242.0,72.0,138,0.0,0.0,8,0.0,0,0,"[12040, 0, 37, 1363]",12040,37,0,1363,0.8958333333333334,0.0027529761904761907,0.0,0.31214285714285717,0.7071428571428572,"Operational multi-actor scenario; not causal human behavior, global optimization, filed tariff billing, or site-specific feeder validation.",1400,1400,861,4805,502,4303,187,37,150,861,0,0,0,0,0,0,437,990,3442,168,FullyCompliant,FleetAvailabilityFocused,NoGridIncentive,Fleet maintains a higher readiness reserve for vehicles with likely upcoming needs.,863442.6614115809,14.0,2825.0,0.9995314050984463,1.0660377358490567,861,0,2.9646522234891677,0.0,True,True,False,harmful by priority distortion,LeastLaxity,False,False,True,False,False,False,False,False,not_mutually_acceptable,driver_fleet_grid_fail,driver,861.0,0.0,0.0,0.9908297993282205,-7991.223597723758,1.0660377358490567,175.0,0.44405817470158365,0.28,0.46076636532054793,4.024962386791618,1.0,0.0,1400.0,1400.0,1400.0,0.0,0.0,0.0,0.31214285714285717
multi_actor_v2,multi_actor_v2_caltech_sce_cap20,metro_caltech_sce,campus/workplace,multi-actor compact weekly matrix,20,8,1,1,4508,D_FullyCompliant__F_ServiceFirst__G_PeakPenalty,multi_actor,84.49258836944128,136,877,84.49258836944128,136,877,39.7199161785197,3177.593294281576,99.0,38.92857142857143,2.543119266055046,2.543119266055046,0.39321789321789324,402642.0,72.0,19,0.0,0.0,6,0.0,0,0,"[12991, 0, 449, 0]",12991,449,0,0,0.9665922619047619,0.033407738095238095,0.0,0.2583518930957684,0.0,"Operational multi-actor scenario; not causal human behavior, global optimization, filed tariff billing, or site-specific feeder validation.",449,449,0,4805,399,4406,77,50,27,0,0,0,0,0,0,0,116,0,4406,168,FullyCompliant,FleetServiceFirst,GridPeakPenalty,Service-first fleet recommendation with an action-changing peak cap.,882261.3387955951,50.0,2475.0,1.0,0.9339622641509434,0,0,0.0,0.0,True,True,True,service-tolerated,LeastLaxity,True,True,True,True,True,True,True,True,mutually_acceptable,all_pass,none,0.0,0.0,-2.0,1.0124248712065802,10827.453786290484,0.9339622641509434,-175.0,0.9359615717500432,1.0,0.025181055841433264,0.9898468921164681,1.0,0.0,463.0,449.0,449.0,14.0,0.0,0.0,0.2583518930957684
multi_actor_v2,multi_actor_v2_caltech_sce_cap20,metro_caltech_sce,campus/workplace,multi-actor compact weekly matrix,20,8,1,1,4508,D_FullyCompliant__F_CostOnly__G_PeakPenalty,multi_actor,87.45724059293045,110,877,87.45724059293045,110,877,39.16136815560096,3132.909452448077,99.0,85.0297619047619,1.1642982149107457,1.1642982149107457,0.8588864838864838,1339847.0,72.0,137,0.0,0.0,6,0.0,0,0,"[12247, 21, 0, 1172]",12247,0,21,1172,0.911235119047619,0.0,0.0015625,0.32271584241408213,0.663872590108969,"Operational multi-actor scenario; not causal human behavior, global optimization, filed tariff billing, or site-specific feeder validation.",1193,1193,677,4805,495,4310,662,21,641,677,0,0,0,0,0,0,385,792,3633,168,FullyCompliant,FleetCostOnly,GridPeakPenalty,Cheap-window fleet policy with a grid peak cap.,845913.3772460102,40.89999999999992,2475.0,0.9859378348028639,0.9339622641509434,677,0,2.9646522234891677,0.0,False,True,False,harmful by priority distortion,LeastLaxity,False,False,True,False,True,False,False,False,not_mutually_acceptable,driver_fleet_grid_fail,driver,677.0,0.0,-2.0,0.9707143499899342,-25520.507763294387,0.9339622641509434,-175.0,0.4285046327788088,0.8179999999999984,0.49084964651002383,3.2938525758901793,1.0,0.0,1531.0,1193.0,1193.0,338.0,0.0,0.0,0.32271584241408213
multi_actor_v2,multi_actor_v2_caltech_sce_cap20,metro_caltech_sce,campus/workplace,multi-actor compact weekly matrix,20,8,1,1,4508,D_FullyCompliant__F_QueueAware__G_PeakPenalty,multi_actor,87.57126567844927,109,877,87.57126567844927,109,877,37.35932238064053,2988.745790451242,99.0,82.10714285714286,1.2057416267942582,1.2057416267942582,0.8293650793650794,1271624.0,72.0,129,0.0,0.0,6,0.0,0,0,"[12268, 0, 0, 1172]",12268,0,0,1172,0.912797619047619,0.0,0.0,0.310580204778157,0.6749146757679181,"Operational multi-actor scenario; not causal human behavior, global optimization, filed tariff billing, or site-specific feeder validation.",1172,1172,663,4805,509,4296,810,0,810,663,0,0,0,0,0,0,364,791,3633,168,FullyCompliant,FleetQueueAware,GridPeakPenalty,Queue-aware fleet policy with a grid peak cap.,832248.6080342545,21.0,2475.0,0.9405690136084484,0.9339622641509434,663,0,3.078677309007986,0.0,False,False,False,harmful by under-delivery,LeastLaxity,False,False,True,False,True,False,False,False,not_mutually_acceptable,driver_fleet_grid_fail,driver,663.0,0.0,-2.0,0.9550335629023289,-39185.2769750501,0.9339622641509434,-175.0,0.4437573350185067,0.42,0.46132824198861944,3.126134542200545,1.0,0.0,1363.0,1172.0,1172.0,191.0,0.0,0.0,0.310580204778157
multi_actor_v2,multi_actor_v2_caltech_sce_cap20,metro_caltech_sce,campus/workplace,multi-actor compact weekly matrix,20,8,1,1,4508,D_LimitedAttentionP0025__F_ServiceFirst__G_NoGrid,multi_actor,84.26453819840364,138,877,84.26453819840364,138,877,39.562416178519705,3164.9932942815763,106.0,38.63095238095238,2.743913713405239,2.743913713405239,0.3644429469901168,403670.0,72.0,18,0.0,0.0,8,0.0,0,0,"[12992, 0, 448, 0]",12992,448,0,0,0.9666666666666667,0.03333333333333333,0.0,0.27901785714285715,0.0,"Operational multi-actor scenario; not causal human behavior, global optimization, filed tariff billing, or site-specific feeder validation.",448,448,0,4805,399,4406,83,49,34,0,0,0,0,0,0,0,125,0,4406,168,LimitedAttentionP0025,FleetServiceFirst,NoGridIncentive,Low-probability missed compliance with service-first fleet recommendation.,860770.8727881962,57.0,2650.0,0.9960347348344815,1.0,0,0,-0.22805017103763703,0.0,True,True,True,service-tolerated,LeastLaxity,True,True,True,True,True,False,False,False,not_mutually_acceptable,grid_only_fail,grid,0.0,0.0,0.0,0.9877638310782526,-10663.012221108424,1.0,0.0,1.0098613251155624,1.14,-0.003593890386343168,0.9923741063790035,0.9749999999999999,0.0011160714285714285,463.0,463.0,448.0,0.0,0.0,0.0,0.27901785714285715
multi_actor_v2,multi_actor_v2_caltech_sce_cap20,metro_caltech_sce,campus/workplace,multi-actor compact weekly matrix,20,8,1,1,4508,D_LimitedAttentionP005__F_ServiceFirst__G_NoGrid,multi_actor,84.37856328392246,137,877,84.37856328392246,137,877,39.08991617851971,3127.1932942815765,113.0,38.083333333333336,2.9671772428884022,2.9671772428884022,0.33702064896755163,392294.0,72.0,13,0.0,0.0,8,0.0,0,0,"[12999, 0, 441, 0]",12999,441,0,0,0.9671875,0.0328125,0.0,0.272108843537415,0.0,"Operational multi-actor scenario; not causal human behavior, global optimization, filed tariff billing, or site-specific feeder validation.",441,441,0,4805,391,4414,78,50,28,0,0,0,0,0,0,0,120,0,4414,168,LimitedAttentionP005,FleetServiceFirst,NoGridIncentive,Moderate missed compliance with service-first fleet recommendation.,880097.9520298936,57.0,2825.0,0.984138939337926,1.0660377358490567,0,0,-0.11402508551881851,0.0,False,True,True,harmful by synchronization,LeastLaxity,True,True,True,True,False,False,False,False,not_mutually_acceptable,grid_only_fail,grid,0.0,0.0,0.0,1.0099423113670827,8664.06702058902,1.0660377358490567,175.0,1.0920305284080518,1.14,-0.03101618840890835,0.9644075796760839,0.95,0.0012648809523809524,458.0,458.0,441.0,0.0,0.0,0.0,0.272108843537415
multi_actor_v2,multi_actor_v2_caltech_sce_cap20,metro_caltech_sce,campus/workplace,multi-actor compact weekly matrix,20,8,1,1,4508,D_SoCCompliance__F_ServiceFirst__G_NoGrid,multi_actor,79.58950969213227,179,877,79.58950969213227,179,877,30.80872230810372,2464.697784648298,113.0,72.94047619047619,1.54920842173984,1.54920842173984,0.6454909397387274,1071172.0,72.0,105,3545.9999999999995,730.5,14,5.404761904761905,105,66,"[12045, 12, 1383, 0]",12045,1383,12,0,0.8962053571428571,0.10290178571428571,0.0008928571428571428,0.2982078853046595,0.657347670250896,"Operational multi-actor scenario; not causal human behavior, global optimization, filed tariff billing, or site-specific feeder validation.",1395,952,1079,4815,377,4438,63,39,24,1076,3,151,1342,1044,1346,171,416,917,3458,168,SoCCompliance,FleetServiceFirst,NoGridIncentive,Compliance probability is higher at low SoC and lower at high SoC.,674455.0274228357,28.0,2825.0,0.7756492276981415,1.0660377358490567,1076,1346,-4.903078677309011,3545.9999999999995,False,False,False,harmful by under-delivery,LeastLaxity,False,False,True,False,False,False,False,False,not_mutually_acceptable,driver_fleet_grid_fail,driver,1079.0,5.404761904761905,6.0,0.7739600663057006,-196978.85758646892,1.0660377358490567,175.0,0.5701657679741078,0.56,0.2774541023622674,2.633347428043228,0.8441171875000008,0.15364583333333334,210.0,210.0,1395.0,0.0,151.0,0.0,0.2982078853046595
multi_actor_v2,multi_actor_v2_caltech_sce_cap20,metro_caltech_sce,campus/workplace,multi-actor compact weekly matrix,20,8,1,1,4508,D_SoCQueueCompliance__F_ServiceFirst__G_NoGrid,multi_actor,81.87001140250855,159,877,81.87001140250855,159,877,34.590250146641566,2767.2200117313255,113.0,82.63095238095238,1.3675262930413485,1.3675262930413485,0.7312473662031184,1339276.0,72.0,124,5340.0,1689.0,31,11.821428571428571,233,266,"[10937, 31, 2472, 0]",10937,2472,31,0,0.813764880952381,0.18392857142857144,0.002306547619047619,0.25489412704754294,0.5793048341989613,"Operational multi-actor scenario; not causal human behavior, global optimization, filed tariff billing, or site-specific feeder validation.",2503,1160,2176,4811,394,4417,115,42,73,2163,13,159,2475,2156,3323,499,638,1450,2355,168,SoCQueueCompliance,FleetServiceFirst,NoGridIncentive,SoC-dependent compliance with queue-sensitive avoidance for non-critical high-SoC charging.,775806.5929792572,33.59999999999991,2825.0,0.8708540569717458,1.0660377358490567,2163,3323,-2.6225769669327264,5340.0,False,False,False,harmful by under-delivery,LeastLaxity,False,False,True,False,False,False,False,False,not_mutually_acceptable,driver_fleet_grid_fail,driver,2176.0,11.821428571428571,23.0,0.8902644323625006,-95627.29203004739,1.0660377358490567,175.0,0.503300051920092,0.6719999999999982,0.3632105288266584,3.292448841119841,0.6198370535714278,0.3804315476190476,188.0,188.0,2503.0,0.0,159.0,29.0,0.25489412704754294
multi_actor_v2,multi_actor_v2_caltech_sce_cap20,metro_caltech_sce,campus/workplace,multi-actor compact weekly matrix,20,8,1,1,4508,D_PriceSensitive__F_ServiceFirst__G_NoGrid,multi_actor,83.58038768529077,144,877,83.58038768529077,144,877,36.345216397964904,2907.6173118371926,113.0,69.10119047619048,1.6352829701093978,1.6352829701093978,0.6115149599662875,989187.0,72.0,92,3603.0,1518.75,28,10.589285714285714,236,246,"[11446, 0, 1994, 0]",11446,1994,0,0,0.8516369047619048,0.14836309523809524,0.0,0.10180541624874624,0.42878635907723167,"Operational multi-actor scenario; not causal human behavior, global optimization, filed tariff billing, or site-specific feeder validation.",1994,866,1655,4805,417,4388,93,39,54,1655,0,156,1976,1646,2902,482,203,855,2843,168,PriceSensitive,FleetServiceFirst,NoGridIncentive,"Driver layer biases actual requests toward cheap windows, bounded by critical/low-SoC need.",781784.5819628357,40.19999999999993,2825.0,0.915037590578305,1.0660377358490567,1655,2902,-0.9122006841505055,3603.0,False,False,False,harmful by under-delivery,LeastLaxity,False,False,True,False,False,False,False,False,not_mutually_acceptable,driver_fleet_grid_fail,driver,1655.0,10.589285714285714,20.0,0.8971243778918332,-89649.30304646888,1.0660377358490567,175.0,0.601844372534647,0.8039999999999986,0.24347812258982748,2.4317971738467743,0.6374999999999998,0.36436011904761906,232.0,232.0,1994.0,0.0,156.0,0.0,0.10180541624874624
multi_actor_v2,multi_actor_v2_caltech_sce_cap20,metro_caltech_sce,campus/workplace,multi-actor compact weekly matrix,20,8,1,1,4508,D_ReserveSeeking__F_ServiceFirst__G_NoGrid,multi_actor,82.66818700114025,152,877,82.66818700114025,152,877,36.6036034645595,2928.2882771647596,113.0,54.214285714285715,2.0843214756258233,2.0843214756258233,0.4797724399494311,633984.0,72.0,33,1200.0,477.0,15,3.625,86,27,"[12705, 8, 727, 0]",12705,727,8,0,0.9453125,0.05409226190476191,0.0005952380952380953,0.2530612244897959,0.3333333333333333,"Operational multi-actor scenario; not causal human behavior, global optimization, filed tariff billing, or site-specific feeder validation.",735,564,428,4805,396,4409,83,46,37,421,6,141,690,416,775,113,186,245,4116,168,ReserveSeeking,FleetServiceFirst,NoGridIncentive,Driver layer maintains a higher reserve threshold than the fleet recommendation assumes.,805668.4587502729,57.0,2825.0,0.9215428174633086,1.0660377358490567,421,775,-1.8244013683010252,1200.0,False,False,False,harmful by under-delivery,LeastLaxity,False,False,True,False,False,False,False,False,not_mutually_acceptable,driver_fleet_grid_fail,driver,428.0,3.625,7.0,0.9245319382338115,-65765.42625903175,1.0660377358490567,175.0,0.7671070839651642,1.14,0.1117356025729711,1.558573353131484,0.9000000000000001,0.1021577380952381,266.0,266.0,735.0,0.0,141.0,0.0,0.2530612244897959
multi_actor_v2,multi_actor_v2_caltech_sce_cap20,metro_caltech_sce,campus/workplace,multi-actor compact weekly matrix,20,8,1,1,4508,D_UrgencyDriven__F_ServiceFirst__G_NoGrid,multi_actor,85.40478905359178,128,877,85.40478905359178,128,877,38.62095021823707,3089.676017458966,106.0,45.607142857142854,2.324197337509789,2.324197337509789,0.4302560646900269,507756.0,72.0,30,60.0,13.5,9,0.10714285714285714,6,0,"[12879, 0, 380, 181]",12879,380,0,181,0.9582589285714286,0.028273809523809524,0.0,0.28698752228163993,0.23885918003565063,"Operational multi-actor scenario; not causal human behavior, global optimization, filed tariff billing, or site-specific feeder validation.",561,554,107,4805,416,4389,78,49,29,106,0,18,78,26,18,6,161,134,4294,168,UrgencyDriven,FleetServiceFirst,NoGridIncentive,Driver layer prioritizes deadline/urgent charging pressure over the fleet recommendation.,854075.7224199143,57.0,2650.0,0.9723321178387343,1.0,106,18,0.9122006841505055,60.0,False,False,False,harmful by priority distortion,LeastLaxity,False,False,True,False,True,False,False,False,not_mutually_acceptable,driver_fleet_grid_fail,driver,107.0,0.10714285714285714,1.0,0.980080918486197,-17358.162589390296,1.0,0.0,0.8553902375358915,1.14,0.06221922731356694,1.248257008840333,0.8499999999999999,0.15022321428571428,431.0,431.0,561.0,0.0,18.0,0.0,0.28698752228163993
multi_actor_v2,multi_actor_v2_caltech_sce_cap20,metro_caltech_sce,campus/workplace,multi-actor compact weekly matrix,20,8,1,1,4508,D_PriceSensitive__F_QueueAware__G_PeakPenalty,multi_actor,83.23831242873432,147,877,83.23831242873432,147,877,35.32185358778598,2825.7482870228787,113.0,88.2202380952381,1.2808852304163012,1.2808852304163012,0.7807100716392752,1463373.0,72.0,133,3491.999999999999,1503.0,30,10.583333333333334,247,226,"[11018, 14, 1807, 601]",11018,1807,14,601,0.8197916666666667,0.13444940476190476,0.0010416666666666667,0.1796036333608588,0.5400495458298926,"Operational multi-actor scenario; not causal human behavior, global optimization, filed tariff billing, or site-specific feeder validation.",2422,1288,2071,4808,445,4363,531,16,515,2067,4,157,2354,2018,2902,473,435,1308,2400,168,PriceSensitive,FleetQueueAware,GridPeakPenalty,"Full interaction: price-sensitive driver response, queue-aware fleet policy, and grid peak cap.",738536.0595812863,47.89999999999992,2825.0,0.8892731150044025,1.0660377358490567,2067,2902,-1.254275940706961,3491.999999999999,False,False,False,harmful by under-delivery,LeastLaxity,False,False,True,False,False,False,False,False,not_mutually_acceptable,driver_fleet_grid_fail,driver,2071.0,10.583333333333334,22.0,0.8474952285948815,-132897.82542801835,1.0660377358490567,175.0,0.4714129492446337,0.9579999999999984,0.4126732342628152,3.59752637841346,0.6374999999999998,0.3573660714285714,902.0,891.0,2422.0,11.0,157.0,0.0,0.1796036333608588
multi_actor_v2,multi_actor_v2_caltech_sce_cap20,metro_caltech_sce,campus/workplace,multi-actor compact weekly matrix,20,8,1,1,4508,D_SoCCompliance__F_QueueAware__G_PeakPenalty,multi_actor,79.58950969213227,179,877,79.58950969213227,179,877,31.955826438430098,2556.4661150744078,113.0,89.20238095238095,1.26678233017483,1.26678233017483,0.789401601348504,1505930.0,72.0,132,3335.999999999998,868.5,16,6.398809523809524,108,83,"[11591, 41, 1293, 515]",11591,1293,41,515,0.8624255952380953,0.09620535714285715,0.003050595238095238,0.29583558680367766,0.7355327203893997,"Operational multi-actor scenario; not causal human behavior, global optimization, filed tariff billing, or site-specific feeder validation.",1849,1330,1542,4821,391,4430,128,34,94,1528,14,156,1775,1481,1584,191,547,1360,3013,168,SoCCompliance,FleetQueueAware,GridPeakPenalty,"Full interaction: SoC-dependent compliance, queue-aware fleet policy, and grid peak cap.",710457.9805155693,25.89999999999992,2825.0,0.8045290502327802,1.0660377358490567,1528,1584,-4.903078677309011,3335.999999999998,False,False,False,harmful by under-delivery,LeastLaxity,False,False,True,False,False,False,False,False,not_mutually_acceptable,driver_fleet_grid_fail,driver,1542.0,6.398809523809524,8.0,0.8152746785924941,-160975.9044937353,1.0660377358490567,175.0,0.466222562441927,0.5179999999999985,0.42136476397204403,3.702147640447228,0.8434140625000003,0.16331845238095238,866.0,861.0,1849.0,5.0,156.0,0.0,0.29583558680367766
multi_actor_v2,multi_actor_v2_caltech_sce_cap20,metro_caltech_sce,campus/workplace,multi-actor compact weekly matrix,20,8,1,1,4509,LeastLaxity,anchor,88.12572759022119,102,859,88.12572759022119,102,859,40.46437435127926,3237.149948102341,106.0,41.61309523809524,2.5472750679444998,2.5472750679444998,0.39257637017070984,445961.0,72.0,20,0.0,0.0,8,0.0,0,0,"[12988, 0, 452, 0]",12988,452,0,0,0.9663690476190476,0.03363095238095238,0.0,0.2853982300884956,0.0,"Behavior Applied Energy package v1; behavior proxies are imposed perturbations, not measured traits.",452,452,0,4635,402,4233,76,50,26,0,0,0,0,0,0,0,129,0,4233,168,FullyCompliant,FleetServiceFirst,NoGridIncentive,LeastLaxity anchor used for paired thresholds.,943918.9550642667,50.0,2650.0,1.0,1.0,0,0,0.0,0.0,True,True,True,anchor,LeastLaxity,True,True,True,True,True,True,True,True,mutually_acceptable,all_pass,none,0.0,0.0,0.0,1.0,0.0,1.0,0.0,1.0,1.0,0.0,1.0,,,,,,,,,
multi_actor_v2,multi_actor_v2_caltech_sce_cap20,metro_caltech_sce,campus/workplace,multi-actor compact weekly matrix,20,8,1,1,4509,D_FullyCompliant__F_ServiceFirst__G_NoGrid,multi_actor,88.12572759022119,102,859,88.12572759022119,102,859,40.46437435127926,3237.149948102341,106.0,41.61309523809524,2.5472750679444998,2.5472750679444998,0.39257637017070984,445961.0,72.0,20,0.0,0.0,8,0.0,0,0,"[12988, 0, 452, 0]",12988,452,0,0,0.9663690476190476,0.03363095238095238,0.0,0.2853982300884956,0.0,"Operational multi-actor scenario; not causal human behavior, global optimization, filed tariff billing, or site-specific feeder validation.",452,452,0,4635,402,4233,76,50,26,0,0,0,0,0,0,0,129,0,4233,168,FullyCompliant,FleetServiceFirst,NoGridIncentive,"Baseline multi-actor row: least-laxity service-first fleet recommendation, fully compliant driver layer, no grid incentive.",943918.9550642667,50.0,2650.0,1.0,1.0,0,0,0.0,0.0,True,True,True,service-tolerated,LeastLaxity,True,True,True,True,True,True,True,True,mutually_acceptable,all_pass,none,0.0,0.0,0.0,1.0,0.0,1.0,0.0,1.0,1.0,0.0,1.0,1.0,0.0,452.0,452.0,452.0,0.0,0.0,0.0,0.2853982300884956
multi_actor_v2,multi_actor_v2_caltech_sce_cap20,metro_caltech_sce,campus/workplace,multi-actor compact weekly matrix,20,8,1,1,4509,D_FullyCompliant__F_CostOnly__G_NoGrid,multi_actor,90.57043073341094,81,859,90.57043073341094,81,859,40.24261478996005,3219.409183196804,113.0,93.67857142857143,1.206252382767823,1.206252382767823,0.8290139064475348,1587448.0,72.0,139,62.99999999999983,16.5,11,0.11904761904761904,0,2,"[12128, 55, 0, 1257]",12128,0,55,1257,0.9023809523809524,0.0,0.004092261904761905,0.3483231707317073,0.6730182926829268,"Operational multi-actor scenario; not causal human behavior, global optimization, filed tariff billing, or site-specific feeder validation.",1312,1290,794,4634,485,4149,260,33,227,772,22,9,83,47,42,2,457,883,3377,168,FullyCompliant,FleetCostOnly,NoGridIncentive,Fleet shifts discretionary charging to cheap windows without an explicit grid guardrail.,879970.2890458043,14.0,2825.0,0.9945196344964073,1.0660377358490567,772,42,2.4447031431897557,62.99999999999983,True,True,False,harmful by priority distortion,LeastLaxity,False,False,True,False,False,False,False,False,not_mutually_acceptable,driver_fleet_grid_fail,driver,794.0,0.11904761904761904,3.0,0.932251952696396,-63948.66601846239,1.0660377358490567,175.0,0.4735461819367617,0.28,0.43643753627682497,3.5596117149257447,1.0,0.0,1312.0,1312.0,1312.0,0.0,9.0,0.0,0.3483231707317073
multi_actor_v2,multi_actor_v2_caltech_sce_cap20,metro_caltech_sce,campus/workplace,multi-actor compact weekly matrix,20,8,1,1,4509,D_FullyCompliant__F_ServiceCostly__G_NoGrid,multi_actor,90.33760186263096,83,859,90.33760186263096,83,859,39.23391742069034,3138.7133936552273,113.0,74.17857142857143,1.5233509870004813,1.5233509870004813,0.6564475347661188,1169814.0,72.0,103,180.0,51.0,8,0.40476190476190477,15,0,"[12431, 0, 369, 640]",12431,369,0,640,0.9249255952380953,0.027455357142857142,0.0,0.12091179385530228,0.5887016848364718,"Operational multi-actor scenario; not causal human behavior, global optimization, filed tariff billing, or site-specific feeder validation.",1009,994,565,4633,453,4180,141,44,97,553,0,60,511,324,68,15,122,594,3667,168,FullyCompliant,FleetServiceCostly,NoGridIncentive,"Fleet preserves urgent service but shifts discretionary charging away from cheap windows, creating a fleet economic stress case.",912280.2854038371,56.69999999999999,2825.0,0.9695915987750835,1.0660377358490567,553,68,2.211874272409773,180.0,False,False,False,harmful by priority distortion,LeastLaxity,False,False,True,False,False,False,False,False,not_mutually_acceptable,driver_fleet_grid_fail,driver,565.0,0.40476190476190477,0.0,0.9664815824592955,-31638.669660429587,1.0660377358490567,175.0,0.5980316009726172,1.1339999999999997,0.263871164595409,2.623130722193196,1.0,0.0,1009.0,1009.0,1009.0,0.0,60.0,0.0,0.12091179385530228
multi_actor_v2,multi_actor_v2_caltech_sce_cap20,metro_caltech_sce,campus/workplace,multi-actor compact weekly matrix,20,8,1,1,4509,D_FullyCompliant__F_QueueAware__G_NoGrid,multi_actor,91.26891734575088,75,859,91.26891734575088,75,859,37.88190753254048,3030.5526026032385,113.0,92.33928571428571,1.2237478244053375,1.2237478244053375,0.8171618204804045,1555541.0,72.0,133,0.0,0.0,8,0.0,0,0,"[12176, 0, 0, 1264]",12176,0,0,1264,0.905952380952381,0.0,0.0,0.3235759493670886,0.6977848101265823,"Operational multi-actor scenario; not causal human behavior, global optimization, filed tariff billing, or site-specific feeder validation.",1264,1264,765,4633,499,4134,885,0,885,765,0,0,0,0,0,0,409,882,3369,168,FullyCompliant,FleetQueueAware,NoGridIncentive,Fleet suppresses non-urgent/high-SoC requests under queue pressure.,882497.7000552524,14.0,2825.0,0.9361792475445222,1.0660377358490567,765,0,3.14318975552969,0.0,False,False,False,harmful by under-delivery,LeastLaxity,False,False,True,False,False,False,False,False,not_mutually_acceptable,driver_fleet_grid_fail,driver,765.0,0.0,0.0,0.9349295247441742,-61421.255009014276,1.0660377358490567,175.0,0.4804144789093506,0.28,0.4245854503096947,3.4880650998629923,1.0,0.0,1264.0,1264.0,1264.0,0.0,0.0,0.0,0.3235759493670886
multi_actor_v2,multi_actor_v2_caltech_sce_cap20,metro_caltech_sce,campus/workplace,multi-actor compact weekly matrix,20,8,1,1,4509,D_FullyCompliant__F_AvailabilityFocused__G_NoGrid,multi_actor,91.50174621653085,73,859,91.50174621653085,73,859,40.44566620343245,3235.653296274596,113.0,96.05357142857143,1.1764268451385016,1.1764268451385016,0.8500316055625791,1624961.0,72.0,144,0.0,0.0,8,0.0,0,0,"[12136, 0, 40, 1264]",12136,40,0,1264,0.9029761904761905,0.002976190476190476,0.0,0.3159509202453988,0.683282208588957,"Operational multi-actor scenario; not causal human behavior, global optimization, filed tariff billing, or site-specific feeder validation.",1304,1304,774,4633,490,4143,377,40,337,774,0,0,0,0,0,0,412,891,3369,168,FullyCompliant,FleetAvailabilityFocused,NoGridIncentive,Fleet maintains a higher readiness reserve for vehicles with likely upcoming needs.,950979.6952981439,14.0,2825.0,0.9995376637314493,1.0660377358490567,774,0,3.3760186263096585,0.0,True,True,False,harmful by priority distortion,LeastLaxity,False,False,True,False,False,False,False,False,not_mutually_acceptable,driver_fleet_grid_fail,driver,774.0,0.0,0.0,1.0074802399040672,7060.740233877208,1.0660377358490567,175.0,0.4618373806358527,0.28,0.4574552353918692,3.6437289359383445,1.0,0.0,1304.0,1304.0,1304.0,0.0,0.0,0.0,0.3159509202453988
multi_actor_v2,multi_actor_v2_caltech_sce_cap20,metro_caltech_sce,campus/workplace,multi-actor compact weekly matrix,20,8,1,1,4509,D_FullyCompliant__F_ServiceFirst__G_PeakPenalty,multi_actor,88.12572759022119,102,859,88.12572759022119,102,859,40.46437435127926,3237.149948102341,99.0,41.61309523809524,2.379058789872693,2.379058789872693,0.42033429533429534,443511.0,72.0,21,0.0,0.0,6,0.0,0,0,"[12988, 0, 452, 0]",12988,452,0,0,0.9663690476190476,0.03363095238095238,0.0,0.2676991150442478,0.0,"Operational multi-actor scenario; not causal human behavior, global optimization, filed tariff billing, or site-specific feeder validation.",452,452,0,4635,402,4233,76,50,26,0,0,0,0,0,0,0,121,0,4233,168,FullyCompliant,FleetServiceFirst,GridPeakPenalty,Service-first fleet recommendation with an action-changing peak cap.,950161.7943621627,50.0,2475.0,1.0,0.9339622641509434,0,0,0.0,0.0,True,True,True,service-tolerated,LeastLaxity,True,True,True,True,True,True,True,True,mutually_acceptable,all_pass,none,0.0,0.0,-2.0,1.0066137450301238,6242.839297896018,0.9339622641509434,-175.0,0.9339622641509434,1.0,0.027757925163585495,0.9945062460618753,1.0,0.0,465.0,452.0,452.0,13.0,0.0,0.0,0.2676991150442478
multi_actor_v2,multi_actor_v2_caltech_sce_cap20,metro_caltech_sce,campus/workplace,multi-actor compact weekly matrix,20,8,1,1,4509,D_FullyCompliant__F_CostOnly__G_PeakPenalty,multi_actor,90.57043073341094,81,859,90.57043073341094,81,859,39.59113200172474,3167.290560137979,99.0,87.30357142857143,1.1339742278584577,1.1339742278584577,0.8818542568542569,1361621.0,72.0,139,0.0,0.0,6,0.0,0,0,"[12303, 26, 0, 1111]",12303,0,26,1111,0.9154017857142858,0.0,0.0019345238095238096,0.3227792436235708,0.6464379947229552,"Operational multi-actor scenario; not causal human behavior, global optimization, filed tariff billing, or site-specific feeder validation.",1137,1137,625,4634,486,4148,563,26,537,625,0,0,0,0,0,0,367,735,3523,168,FullyCompliant,FleetCostOnly,GridPeakPenalty,Cheap-window fleet policy with a grid peak cap.,876463.0107085165,14.0,2475.0,0.9784194772919573,0.9339622641509434,625,0,2.4447031431897557,0.0,False,False,False,harmful by priority distortion,LeastLaxity,False,False,True,False,True,False,False,False,not_mutually_acceptable,driver_fleet_grid_fail,driver,625.0,0.0,-2.0,0.9285362964756254,-67455.94435575022,0.9339622641509434,-175.0,0.44517148623980674,0.28,0.48927788668354705,3.0532288697890624,1.0,0.0,1401.0,1137.0,1137.0,264.0,0.0,0.0,0.3227792436235708
multi_actor_v2,multi_actor_v2_caltech_sce_cap20,metro_caltech_sce,campus/workplace,multi-actor compact weekly matrix,20,8,1,1,4509,D_FullyCompliant__F_QueueAware__G_PeakPenalty,multi_actor,91.26891734575088,75,859,91.26891734575088,75,859,37.88190753254048,3030.5526026032385,99.0,85.96428571428571,1.1516410469464065,1.1516410469464065,0.8683261183261183,1330596.0,72.0,133,0.0,0.0,6,0.0,0,0,"[12329, 0, 0, 1111]",12329,0,0,1111,0.9173363095238095,0.0,0.0,0.3069306930693069,0.6543654365436543,"Operational multi-actor scenario; not causal human behavior, global optimization, filed tariff billing, or site-specific feeder validation.",1111,1111,616,4633,495,4138,885,0,885,616,0,0,0,0,0,0,341,727,3522,168,FullyCompliant,FleetQueueAware,GridPeakPenalty,Queue-aware fleet policy with a grid peak cap.,892489.8452165866,14.0,2475.0,0.9361792475445222,0.9339622641509434,616,0,3.14318975552969,0.0,False,False,False,harmful by under-delivery,LeastLaxity,False,False,True,False,True,False,False,False,not_mutually_acceptable,driver_fleet_grid_fail,driver,616.0,0.0,-2.0,0.9455153330995684,-51429.10984768008,0.9339622641509434,-175.0,0.4521070619498163,0.28,0.47574974815540844,2.983660006144035,1.0,0.0,1264.0,1111.0,1111.0,153.0,0.0,0.0,0.3069306930693069
multi_actor_v2,multi_actor_v2_caltech_sce_cap20,metro_caltech_sce,campus/workplace,multi-actor compact weekly matrix,20,8,1,1,4509,D_LimitedAttentionP0025__F_ServiceFirst__G_NoGrid,multi_actor,88.12572759022119,102,859,88.12572759022119,102,859,40.17530690275466,3214.024552220373,106.0,41.148809523809526,2.576016201359757,2.576016201359757,0.388196316262354,439681.0,72.0,19,0.0,0.0,8,0.0,0,0,"[12993, 0, 447, 0]",12993,447,0,0,0.9667410714285715,0.03325892857142857,0.0,0.28187919463087246,0.0,"Operational multi-actor scenario; not causal human behavior, global optimization, filed tariff billing, or site-specific feeder validation.",447,447,0,4635,397,4238,78,50,28,0,0,0,0,0,0,0,126,0,4238,168,LimitedAttentionP0025,FleetServiceFirst,NoGridIncentive,Low-probability missed compliance with service-first fleet recommendation.,940206.6325982462,50.0,2650.0,0.9928562481649872,1.0,0,0,0.0,0.0,True,True,True,service-tolerated,LeastLaxity,True,True,True,True,True,True,True,True,mutually_acceptable,all_pass,none,0.0,0.0,0.0,0.9960671173662704,-3712.3224660204723,1.0,0.0,1.0112830898307537,1.0,-0.00438005390835583,0.9859180511300315,0.9749999999999999,0.0009672619047619048,460.0,460.0,447.0,0.0,0.0,0.0,0.28187919463087246
multi_actor_v2,multi_actor_v2_caltech_sce_cap20,metro_caltech_sce,campus/workplace,multi-actor compact weekly matrix,20,8,1,1,4509,D_LimitedAttentionP005__F_ServiceFirst__G_NoGrid,multi_actor,87.66006984866124,106,859,87.66006984866124,106,859,39.85696438947186,3188.557151157749,106.0,40.089285714285715,2.644097995545657,2.644097995545657,0.37820080862533695,424775.0,72.0,18,0.0,0.0,8,0.0,0,0,"[13000, 0, 440, 0]",13000,440,0,0,0.9672619047619048,0.03273809523809524,0.0,0.29318181818181815,0.0,"Operational multi-actor scenario; not causal human behavior, global optimization, filed tariff billing, or site-specific feeder validation.",440,440,0,4637,388,4249,77,52,25,0,0,0,0,0,0,0,129,0,4249,168,LimitedAttentionP005,FleetServiceFirst,NoGridIncentive,Moderate missed compliance with service-first fleet recommendation.,929280.5299784599,50.0,2650.0,0.9849890188209917,1.0,0,0,-0.46565774155995143,0.0,False,True,True,service-tolerated,LeastLaxity,True,True,True,True,True,True,True,True,mutually_acceptable,all_pass,none,0.0,0.0,0.0,0.9844918623497606,-14638.425085806753,1.0,0.0,1.0380103934669638,1.0,-0.014375561545372895,0.9524936037007721,0.95,0.0017857142857142857,464.0,464.0,440.0,0.0,0.0,0.0,0.29318181818181815
multi_actor_v2,multi_actor_v2_caltech_sce_cap20,metro_caltech_sce,campus/workplace,multi-actor compact weekly matrix,20,8,1,1,4509,D_SoCCompliance__F_ServiceFirst__G_NoGrid,multi_actor,83.35273573923166,143,859,83.35273573923166,143,859,34.093979223248404,2727.518337859872,113.0,74.42857142857143,1.5182341650671785,1.5182341650671785,0.6586599241466499,1040454.0,72.0,95,4391.999999999999,967.5,18,6.892857142857143,127,132,"[11992, 61, 1387, 0]",11992,1387,61,0,0.8922619047619048,0.10319940476190476,0.0045386904761904765,0.2941988950276243,0.5897790055248618,"Operational multi-actor scenario; not causal human behavior, global optimization, filed tariff billing, or site-specific feeder validation.",1448,871,1151,4648,378,4270,194,39,155,1098,52,158,1426,1139,1729,259,426,854,3288,168,SoCCompliance,FleetServiceFirst,NoGridIncentive,Compliance probability is higher at low SoC and lower at high SoC.,825301.1345650401,28.0,2825.0,0.8425678085931048,1.0660377358490567,1098,1729,-4.772991850989527,4391.999999999999,False,False,False,harmful by under-delivery,LeastLaxity,False,False,True,False,False,False,False,False,not_mutually_acceptable,driver_fleet_grid_fail,driver,1151.0,6.892857142857143,10.0,0.8743347404320846,-118617.82049922657,1.0660377358490567,175.0,0.5960228575912312,0.56,0.26608355397594,2.3330605142602154,0.8317950148809522,0.1605654761904762,217.0,217.0,1448.0,0.0,158.0,0.0,0.2941988950276243
multi_actor_v2,multi_actor_v2_caltech_sce_cap20,metro_caltech_sce,campus/workplace,multi-actor compact weekly matrix,20,8,1,1,4509,D_SoCQueueCompliance__F_ServiceFirst__G_NoGrid,multi_actor,84.74970896391152,131,859,84.74970896391152,131,859,36.20137757344652,2896.1102058757215,113.0,84.93452380952381,1.3304366108346766,1.3304366108346766,0.7516329540665824,1341623.0,72.0,124,5471.999999999999,1712.25,28,11.964285714285714,232,273,"[10942, 60, 2438, 0]",10942,2438,60,0,0.8141369047619048,0.18139880952380952,0.004464285714285714,0.2634107285828663,0.5408326661329064,"Operational multi-actor scenario; not causal human behavior, global optimization, filed tariff billing, or site-specific feeder validation.",2498,1117,2173,4646,399,4247,156,41,115,2131,41,157,2461,2147,3384,505,658,1351,2224,168,SoCQueueCompliance,FleetServiceFirst,NoGridIncentive,SoC-dependent compliance with queue-sensitive avoidance for non-critical high-SoC charging.,830381.6479883369,28.0,2825.0,0.8946481480023682,1.0660377358490567,2131,3384,-3.3760186263096728,5471.999999999999,False,False,False,harmful by under-delivery,LeastLaxity,False,False,True,False,False,False,False,False,not_mutually_acceptable,driver_fleet_grid_fail,driver,2173.0,11.964285714285714,20.0,0.8797171023351261,-113537.30707592983,1.0660377358490567,175.0,0.5222979754236986,0.56,0.3590565838958725,3.008386383562688,0.6075822172619045,0.3926339285714286,214.0,214.0,2498.0,0.0,157.0,32.0,0.2634107285828663
multi_actor_v2,multi_actor_v2_caltech_sce_cap20,metro_caltech_sce,campus/workplace,multi-actor compact weekly matrix,20,8,1,1,4509,D_PriceSensitive__F_ServiceFirst__G_NoGrid,multi_actor,86.0302677532014,120,859,86.0302677532014,120,859,36.69767480437798,2935.8139843502386,113.0,72.79761904761905,1.5522485690923957,1.5522485690923957,0.6442267172355668,999902.0,72.0,92,3903.0,1514.25,34,10.595238095238095,241,239,"[11477, 3, 1960, 0]",11477,1960,3,0,0.8539434523809524,0.14583333333333334,0.0002232142857142857,0.12837493632195618,0.40753948038716253,"Operational multi-actor scenario; not causal human behavior, global optimization, filed tariff billing, or site-specific feeder validation.",1963,838,1639,4640,395,4245,152,44,108,1637,1,156,1940,1629,2903,480,252,800,2716,168,PriceSensitive,FleetServiceFirst,NoGridIncentive,"Driver layer biases actual requests toward cheap windows, bounded by critical/low-SoC need.",858612.7900460435,42.69999999999999,2825.0,0.9069131895083361,1.0660377358490567,1637,2903,-2.0954598370197886,3903.0,False,False,False,harmful by under-delivery,LeastLaxity,False,False,True,False,False,False,False,False,not_mutually_acceptable,driver_fleet_grid_fail,driver,1639.0,10.595238095238095,26.0,0.9096255408787557,-85306.16501822323,1.0660377358490567,175.0,0.609376108856971,0.8539999999999998,0.25165034706485695,2.242128796015795,0.6374999999999998,0.36629464285714286,238.0,238.0,1963.0,0.0,156.0,0.0,0.12837493632195618
multi_actor_v2,multi_actor_v2_caltech_sce_cap20,metro_caltech_sce,campus/workplace,multi-actor compact weekly matrix,20,8,1,1,4509,D_ReserveSeeking__F_ServiceFirst__G_NoGrid,multi_actor,85.79743888242142,122,859,85.79743888242142,122,859,37.835946572571835,3026.8757258057467,106.0,56.43452380952381,1.8782828815525787,1.8782828815525787,0.5324011680143755,650275.0,72.0,33,1140.0,433.5,10,3.2202380952380953,61,37,"[12719, 13, 708, 0]",12719,708,13,0,0.9463541666666667,0.05267857142857143,0.0009672619047619048,0.27461858529819694,0.2857142857142857,"Operational multi-actor scenario; not causal human behavior, global optimization, filed tariff billing, or site-specific feeder validation.",721,562,392,4635,393,4242,82,49,33,383,7,124,638,371,696,98,198,206,3965,168,ReserveSeeking,FleetServiceFirst,NoGridIncentive,Driver layer maintains a higher reserve threshold than the fleet recommendation assumes.,869253.315029589,50.0,2650.0,0.9350434098921308,1.0,383,696,-2.3282887077997714,1140.0,False,False,False,harmful by under-delivery,LeastLaxity,False,False,True,False,True,False,False,False,not_mutually_acceptable,driver_fleet_grid_fail,driver,392.0,3.2202380952380953,2.0,0.9208982512385355,-74665.6400346777,1.0,0.0,0.7373694757936927,1.0,0.1398247978436657,1.4581432008628556,0.9000000000000001,0.09709821428571429,294.0,294.0,721.0,0.0,124.0,0.0,0.27461858529819694
multi_actor_v2,multi_actor_v2_caltech_sce_cap20,metro_caltech_sce,campus/workplace,multi-actor compact weekly matrix,20,8,1,1,4509,D_UrgencyDriven__F_ServiceFirst__G_NoGrid,multi_actor,88.0093131548312,103,859,88.0093131548312,103,859,39.693976420323246,3175.5181136258598,106.0,49.04761904761905,2.161165048543689,2.161165048543689,0.46271338724168914,543362.0,72.0,34,60.0,13.5,9,0.10714285714285714,5,0,"[12866, 0, 370, 204]",12866,370,0,204,0.9572916666666667,0.027529761904761904,0.0,0.3153310104529617,0.24912891986062718,"Operational multi-actor scenario; not causal human behavior, global optimization, filed tariff billing, or site-specific feeder validation.",574,569,118,4633,422,4211,82,47,35,117,0,18,81,28,18,5,181,143,4106,168,UrgencyDriven,FleetServiceFirst,NoGridIncentive,Driver layer prioritizes deadline/urgent charging pressure over the fleet recommendation.,920478.666039935,50.0,2650.0,0.9809610813633731,1.0,117,18,-0.1164144353899843,60.0,False,True,False,harmful by priority distortion,LeastLaxity,False,False,True,False,True,False,False,False,not_mutually_acceptable,driver_fleet_grid_fail,driver,118.0,0.10714285714285714,1.0,0.9751670533804083,-23440.289024331723,1.0,0.0,0.8484223300970873,1.0,0.0701370170709793,1.2184069907458275,0.8499999999999999,0.15677083333333333,431.0,431.0,574.0,0.0,18.0,0.0,0.3153310104529617
multi_actor_v2,multi_actor_v2_caltech_sce_cap20,metro_caltech_sce,campus/workplace,multi-actor compact weekly matrix,20,8,1,1,4509,D_PriceSensitive__F_QueueAware__G_PeakPenalty,multi_actor,85.79743888242142,122,859,85.79743888242142,122,859,35.724478410515225,2857.958272841218,113.0,89.96428571428571,1.256053989678444,1.256053989678444,0.7961441213653603,1466270.0,72.0,135,3734.999999999999,1519.5,33,10.577380952380953,212,249,"[11085, 13, 1782, 560]",11085,1782,13,560,0.8247767857142857,0.13258928571428572,0.0009672619047619048,0.17239915074309978,0.5121019108280255,"Operational multi-actor scenario; not causal human behavior, global optimization, filed tariff billing, or site-specific feeder validation.",2355,1207,2013,4638,431,4207,528,15,513,2010,3,153,2299,1969,2917,461,406,1206,2296,168,PriceSensitive,FleetQueueAware,GridPeakPenalty,"Full interaction: price-sensitive driver response, queue-aware fleet policy, and grid peak cap.",774328.4810150899,14.0,2825.0,0.8828624928284802,1.0660377358490567,2010,2917,-2.3282887077997714,3734.999999999999,False,False,False,harmful by under-delivery,LeastLaxity,False,False,True,False,False,False,False,False,not_mutually_acceptable,driver_fleet_grid_fail,driver,2013.0,10.577380952380953,25.0,0.8203336492616252,-169590.4740491768,1.0660377358490567,175.0,0.49309711600640177,0.28,0.40356775119465044,3.287888402797554,0.6374999999999998,0.36316964285714287,831.0,829.0,2355.0,2.0,153.0,0.0,0.17239915074309978
multi_actor_v2,multi_actor_v2_caltech_sce_cap20,metro_caltech_sce,campus/workplace,multi-actor compact weekly matrix,20,8,1,1,4509,D_SoCCompliance__F_QueueAware__G_PeakPenalty,multi_actor,83.23632130384168,144,859,83.23632130384168,144,859,33.08274042959931,2646.619234367945,113.0,92.05357142857143,1.2275460717749758,1.2275460717749758,0.8146333754740834,1528039.0,72.0,138,3965.9999999999995,880.5,17,6.333333333333333,107,110,"[11657, 51, 1225, 507]",11657,1225,51,507,0.8673363095238096,0.09114583333333333,0.003794642857142857,0.303421200224341,0.7027481772293886,"Operational multi-actor scenario; not causal human behavior, global optimization, filed tariff billing, or site-specific feeder validation.",1783,1251,1467,4644,391,4253,202,32,170,1442,25,150,1705,1403,1581,217,541,1253,2912,168,SoCCompliance,FleetQueueAware,GridPeakPenalty,"Full interaction: SoC-dependent compliance, queue-aware fleet policy, and grid peak cap.",736205.0049969873,14.0,2825.0,0.8175769664051019,1.0660377358490567,1442,1581,-4.889406286379511,3965.9999999999995,False,False,False,harmful by under-delivery,LeastLaxity,False,False,True,False,False,False,False,False,not_mutually_acceptable,driver_fleet_grid_fail,driver,1467.0,6.333333333333333,9.0,0.7799451436451584,-207713.9500672794,1.0660377358490567,175.0,0.48190558107473364,0.28,0.4220570053033736,3.426396030146134,0.8345513392857139,0.1654017857142857,831.0,825.0,1783.0,6.0,150.0,0.0,0.303421200224341
multi_actor_v2,multi_actor_v2_caltech_sce_cap20,metro_caltech_sce,campus/workplace,multi-actor compact weekly matrix,20,8,1,1,4510,LeastLaxity,anchor,90.17341040462428,85,865,90.17341040462428,85,865,38.59371973495818,3087.497578796654,106.0,42.214285714285715,2.510998307952623,2.510998307952623,0.3982479784366577,462288.0,72.0,19,0.0,0.0,8,0.0,0,0,"[12992, 0, 448, 0]",12992,448,0,0,0.9666666666666667,0.03333333333333333,0.0,0.28348214285714285,0.0,"Behavior Applied Energy package v1; behavior proxies are imposed perturbations, not measured traits.",448,448,0,4530,401,4129,97,47,50,0,0,0,0,0,0,0,127,0,4129,168,FullyCompliant,FleetServiceFirst,NoGridIncentive,LeastLaxity anchor used for paired thresholds.,850214.2878148247,50.0,2650.0,1.0,1.0,0,0,0.0,0.0,True,True,True,anchor,LeastLaxity,True,True,True,True,True,True,True,True,mutually_acceptable,all_pass,none,0.0,0.0,0.0,1.0,0.0,1.0,0.0,1.0,1.0,0.0,1.0,,,,,,,,,
multi_actor_v2,multi_actor_v2_caltech_sce_cap20,metro_caltech_sce,campus/workplace,multi-actor compact weekly matrix,20,8,1,1,4510,D_FullyCompliant__F_ServiceFirst__G_NoGrid,multi_actor,90.17341040462428,85,865,90.17341040462428,85,865,38.59371973495818,3087.497578796654,106.0,42.214285714285715,2.510998307952623,2.510998307952623,0.3982479784366577,462288.0,72.0,19,0.0,0.0,8,0.0,0,0,"[12992, 0, 448, 0]",12992,448,0,0,0.9666666666666667,0.03333333333333333,0.0,0.28348214285714285,0.0,"Operational multi-actor scenario; not causal human behavior, global optimization, filed tariff billing, or site-specific feeder validation.",448,448,0,4530,401,4129,97,47,50,0,0,0,0,0,0,0,127,0,4129,168,FullyCompliant,FleetServiceFirst,NoGridIncentive,"Baseline multi-actor row: least-laxity service-first fleet recommendation, fully compliant driver layer, no grid incentive.",850214.2878148247,50.0,2650.0,1.0,1.0,0,0,0.0,0.0,True,True,True,service-tolerated,LeastLaxity,True,True,True,True,True,True,True,True,mutually_acceptable,all_pass,none,0.0,0.0,0.0,1.0,0.0,1.0,0.0,1.0,1.0,0.0,1.0,1.0,0.0,448.0,448.0,448.0,0.0,0.0,0.0,0.28348214285714285
multi_actor_v2,multi_actor_v2_caltech_sce_cap20,metro_caltech_sce,campus/workplace,multi-actor compact weekly matrix,20,8,1,1,4510,D_FullyCompliant__F_CostOnly__G_NoGrid,multi_actor,91.5606936416185,73,865,91.5606936416185,73,865,38.39213397294936,3071.3707178359487,113.0,90.91666666666667,1.2428964252978918,1.2428964252978918,0.8045722713864307,1564934.0,72.0,136,60.0,6.0,9,0.047619047619047616,0,0,"[12153, 43, 1, 1243]",12153,1,43,1243,0.9042410714285715,7.440476190476191e-05,0.003199404761904762,0.32944832944832947,0.675990675990676,"Operational multi-actor scenario; not causal human behavior, global optimization, filed tariff billing, or site-specific feeder validation.",1287,1279,792,4528,460,4068,202,35,167,784,8,6,50,18,15,0,424,870,3284,168,FullyCompliant,FleetCostOnly,NoGridIncentive,Fleet shifts discretionary charging to cheap windows without an explicit grid guardrail.,782509.4034921873,21.0,2825.0,0.9947767210988419,1.0660377358490567,784,15,1.3872832369942216,60.0,True,True,False,harmful by priority distortion,LeastLaxity,False,False,True,False,False,False,False,False,not_mutually_acceptable,driver_fleet_grid_fail,driver,792.0,0.047619047619047616,1.0,0.920367270589337,-67704.88432263746,1.0660377358490567,175.0,0.4949809887810337,0.42,0.406324292949773,3.385192780258194,1.0,0.0,1287.0,1287.0,1287.0,0.0,6.0,0.0,0.32944832944832947
multi_actor_v2,multi_actor_v2_caltech_sce_cap20,metro_caltech_sce,campus/workplace,multi-actor compact weekly matrix,20,8,1,1,4510,D_FullyCompliant__F_ServiceCostly__G_NoGrid,multi_actor,90.28901734104046,84,865,90.28901734104046,84,865,37.4294682234652,2994.357457877216,113.0,73.31547619047619,1.5412844036697249,1.5412844036697249,0.6488095238095238,1204319.0,72.0,108,180.0,48.0,8,0.38095238095238093,14,0,"[12422, 0, 372, 646]",12422,372,0,646,0.9242559523809524,0.027678571428571427,0.0,0.11296660117878192,0.5884086444007859,"Operational multi-actor scenario; not causal human behavior, global optimization, filed tariff billing, or site-specific feeder validation.",1018,1004,591,4529,434,4095,116,43,73,585,0,57,510,342,64,14,115,599,3554,168,FullyCompliant,FleetServiceCostly,NoGridIncentive,"Fleet preserves urgent service but shifts discretionary charging away from cheap windows, creating a fleet economic stress case.",829457.7984546961,66.79999999999984,2825.0,0.9698331355596594,1.0660377358490567,585,64,0.11560693641618514,180.0,False,False,False,harmful by priority distortion,LeastLaxity,False,False,True,False,False,False,False,False,not_mutually_acceptable,driver_fleet_grid_fail,driver,591.0,0.38095238095238093,0.0,0.9755867554125962,-20756.489360128646,1.0660377358490567,175.0,0.6138133979574173,1.3359999999999967,0.2505615453728661,2.605127106911709,1.0,0.0,1018.0,1018.0,1018.0,0.0,57.0,0.0,0.11296660117878192
multi_actor_v2,multi_actor_v2_caltech_sce_cap20,metro_caltech_sce,campus/workplace,multi-actor compact weekly matrix,20,8,1,1,4510,D_FullyCompliant__F_QueueAware__G_NoGrid,multi_actor,91.21387283236994,76,865,91.21387283236994,76,865,36.431533983856994,2914.5227187085598,113.0,89.36904761904762,1.2644198747835353,1.2644198747835353,0.7908765276021913,1528554.0,72.0,129,0.0,0.0,8,0.0,0,0,"[12192, 0, 1, 1247]",12192,1,0,1247,0.9071428571428571,7.440476190476191e-05,0.0,0.30849358974358976,0.6907051282051282,"Operational multi-actor scenario; not causal human behavior, global optimization, filed tariff billing, or site-specific feeder validation.",1248,1248,772,4528,476,4052,725,0,725,772,0,0,0,0,0,0,385,862,3280,168,FullyCompliant,FleetQueueAware,NoGridIncentive,Fleet suppresses non-urgent/high-SoC requests under queue pressure.,770323.6278848088,14.0,2825.0,0.9439757098836297,1.0660377358490567,772,0,1.0404624277456662,0.0,False,False,False,harmful by under-delivery,LeastLaxity,False,False,True,False,False,False,False,False,not_mutually_acceptable,driver_fleet_grid_fail,driver,772.0,0.0,0.0,0.906034677286656,-79890.65993001591,1.0660377358490567,175.0,0.5035526590276748,0.28,0.3926285491655336,3.3064972484684874,1.0,0.0,1248.0,1248.0,1248.0,0.0,0.0,0.0,0.30849358974358976
multi_actor_v2,multi_actor_v2_caltech_sce_cap20,metro_caltech_sce,campus/workplace,multi-actor compact weekly matrix,20,8,1,1,4510,D_FullyCompliant__F_AvailabilityFocused__G_NoGrid,multi_actor,91.32947976878613,75,865,91.32947976878613,75,865,38.642836060539175,3091.426884843134,113.0,92.6547619047619,1.2195811383785173,1.2195811383785173,0.819953645174884,1597062.0,72.0,141,0.0,0.0,8,0.0,0,0,"[12150, 0, 43, 1247]",12150,43,0,1247,0.9040178571428571,0.003199404761904762,0.0,0.30465116279069765,0.6775193798449612,"Operational multi-actor scenario; not causal human behavior, global optimization, filed tariff billing, or site-specific feeder validation.",1290,1290,783,4528,465,4063,239,42,197,783,0,0,0,0,0,0,393,874,3280,168,FullyCompliant,FleetAvailabilityFocused,NoGridIncentive,Fleet maintains a higher readiness reserve for vehicles with likely upcoming needs.,836534.6116375406,14.0,2825.0,1.0012726507296603,1.0660377358490567,783,0,1.1560693641618514,0.0,True,True,False,harmful by priority distortion,LeastLaxity,False,False,True,False,False,False,False,False,not_mutually_acceptable,driver_fleet_grid_fail,driver,783.0,0.0,0.0,0.9839103195825574,-13679.676177284098,1.0660377358490567,175.0,0.4856957228987222,0.28,0.4217056667382263,3.4546905824940297,1.0,0.0,1290.0,1290.0,1290.0,0.0,0.0,0.0,0.30465116279069765
multi_actor_v2,multi_actor_v2_caltech_sce_cap20,metro_caltech_sce,campus/workplace,multi-actor compact weekly matrix,20,8,1,1,4510,D_FullyCompliant__F_ServiceFirst__G_PeakPenalty,multi_actor,90.17341040462428,85,865,90.17341040462428,85,865,38.59268355451575,3087.4146843612602,99.0,42.17261904761905,2.3474947071277343,2.3474947071277343,0.425986050986051,459705.0,72.0,21,0.0,0.0,6,0.0,0,0,"[12993, 0, 447, 0]",12993,447,0,0,0.9667410714285715,0.03325892857142857,0.0,0.26174496644295303,0.0,"Operational multi-actor scenario; not causal human behavior, global optimization, filed tariff billing, or site-specific feeder validation.",447,447,0,4530,400,4130,97,47,50,0,0,0,0,0,0,0,117,0,4130,168,FullyCompliant,FleetServiceFirst,GridPeakPenalty,Service-first fleet recommendation with an action-changing peak cap.,858025.5614038998,50.0,2475.0,0.9999731515788179,0.9339622641509434,0,0,0.0,0.0,True,True,True,service-tolerated,LeastLaxity,True,True,True,True,True,True,True,True,mutually_acceptable,all_pass,none,0.0,0.0,-2.0,1.0091874174558406,7811.273589075077,0.9339622641509434,-175.0,0.9348850215043739,1.0,0.02773807254939331,0.9944125739798567,1.0,0.0,461.0,447.0,447.0,14.0,0.0,0.0,0.26174496644295303
multi_actor_v2,multi_actor_v2_caltech_sce_cap20,metro_caltech_sce,campus/workplace,multi-actor compact weekly matrix,20,8,1,1,4510,D_FullyCompliant__F_CostOnly__G_PeakPenalty,multi_actor,91.5606936416185,73,865,91.5606936416185,73,865,38.39213397294936,3071.3707178359487,99.0,84.85714285714286,1.1666666666666665,1.1666666666666665,0.8571428571428572,1329682.0,72.0,139,0.0,0.0,6,0.0,0,0,"[12331, 35, 1, 1073]",12331,1,35,1073,0.9174851190476191,7.440476190476191e-05,0.0026041666666666665,0.3174030658250676,0.6311992786293958,"Operational multi-actor scenario; not causal human behavior, global optimization, filed tariff billing, or site-specific feeder validation.",1109,1109,617,4528,457,4071,308,35,273,617,0,0,0,0,0,0,352,700,3454,168,FullyCompliant,FleetCostOnly,GridPeakPenalty,Cheap-window fleet policy with a grid peak cap.,788636.2829536421,14.0,2475.0,0.9947767210988419,0.9339622641509434,617,0,1.3872832369942216,0.0,True,True,False,harmful by priority distortion,LeastLaxity,False,False,True,False,True,False,False,False,not_mutually_acceptable,driver_fleet_grid_fail,driver,617.0,0.0,-2.0,0.9275735473471669,-61578.00486118265,0.9339622641509434,-175.0,0.4646226415094339,0.28,0.4588948787061995,2.87630654483785,1.0,0.0,1329.0,1109.0,1109.0,220.0,0.0,0.0,0.3174030658250676
multi_actor_v2,multi_actor_v2_caltech_sce_cap20,metro_caltech_sce,campus/workplace,multi-actor compact weekly matrix,20,8,1,1,4510,D_FullyCompliant__F_QueueAware__G_PeakPenalty,multi_actor,91.21387283236994,76,865,91.21387283236994,76,865,36.431533983856994,2914.5227187085598,99.0,82.11904761904762,1.2055668309654972,1.2055668309654972,0.8294853294853295,1272494.0,72.0,129,0.0,0.0,6,0.0,0,0,"[12366, 0, 1, 1073]",12366,1,0,1073,0.9200892857142857,7.440476190476191e-05,0.0,0.2951582867783985,0.638733705772812,"Operational multi-actor scenario; not causal human behavior, global optimization, filed tariff billing, or site-specific feeder validation.",1074,1074,601,4528,473,4055,725,0,725,601,0,0,0,0,0,0,317,686,3454,168,FullyCompliant,FleetQueueAware,GridPeakPenalty,Queue-aware fleet policy with a grid peak cap.,780542.4753825204,7.0,2475.0,0.9439757098836297,0.9339622641509434,601,0,1.0404624277456662,0.0,False,False,False,harmful by under-delivery,LeastLaxity,False,False,True,False,True,False,False,False,not_mutually_acceptable,driver_fleet_grid_fail,driver,601.0,0.0,-2.0,0.918053820747507,-69671.81243230437,0.9339622641509434,-175.0,0.480114553302297,0.14,0.4312373510486718,2.7526001107534697,1.0,0.0,1248.0,1074.0,1074.0,174.0,0.0,0.0,0.2951582867783985
multi_actor_v2,multi_actor_v2_caltech_sce_cap20,metro_caltech_sce,campus/workplace,multi-actor compact weekly matrix,20,8,1,1,4510,D_LimitedAttentionP0025__F_ServiceFirst__G_NoGrid,multi_actor,89.82658959537572,88,865,89.82658959537572,88,865,38.278719734958166,3062.2975787966534,106.0,41.75,2.538922155688623,2.538922155688623,0.3938679245283019,453516.0,72.0,21,0.0,0.0,8,0.0,0,0,"[12997, 0, 443, 0]",12997,443,0,0,0.9670386904761905,0.032961309523809525,0.0,0.28216704288939054,0.0,"Operational multi-actor scenario; not causal human behavior, global optimization, filed tariff billing, or site-specific feeder validation.",443,443,0,4530,396,4134,102,47,55,0,0,0,0,0,0,0,125,0,4134,168,LimitedAttentionP0025,FleetServiceFirst,NoGridIncentive,Low-probability missed compliance with service-first fleet recommendation.,852535.4876067248,50.0,2650.0,0.991838050279598,1.0,0,0,-0.3468208092485554,0.0,True,True,True,service-tolerated,LeastLaxity,True,True,True,True,True,True,True,True,mutually_acceptable,all_pass,none,0.0,0.0,0.0,1.0027301350085118,2321.199791900115,1.0,0.0,1.011120615911035,1.0,-0.00438005390835583,0.9810248156993043,0.9749999999999999,0.0013392857142857143,461.0,461.0,443.0,0.0,0.0,0.0,0.28216704288939054
multi_actor_v2,multi_actor_v2_caltech_sce_cap20,metro_caltech_sce,campus/workplace,multi-actor compact weekly matrix,20,8,1,1,4510,D_LimitedAttentionP005__F_ServiceFirst__G_NoGrid,multi_actor,90.17341040462428,85,865,90.17341040462428,85,865,38.040870157664564,3043.269612613165,106.0,41.88095238095238,2.5309835133598635,2.5309835133598635,0.39510332434860734,456044.0,72.0,18,0.0,0.0,8,0.0,0,0,"[13000, 0, 440, 0]",13000,440,0,0,0.9672619047619048,0.03273809523809524,0.0,0.27954545454545454,0.0,"Operational multi-actor scenario; not causal human behavior, global optimization, filed tariff billing, or site-specific feeder validation.",440,440,0,4530,392,4138,99,48,51,0,0,0,0,0,0,0,123,0,4138,168,LimitedAttentionP005,FleetServiceFirst,NoGridIncentive,Moderate missed compliance with service-first fleet recommendation.,836601.0318631544,50.0,2650.0,0.9856751414196325,1.0,0,0,0.0,0.0,False,True,True,service-tolerated,LeastLaxity,True,True,True,True,True,True,True,True,mutually_acceptable,all_pass,none,0.0,0.0,0.0,0.9839884413297048,-13613.255951670348,1.0,0.0,1.0079590676520749,1.0,-0.0031446540880503693,0.9864932682656699,0.95,0.001488095238095238,460.0,460.0,440.0,0.0,0.0,0.0,0.27954545454545454
multi_actor_v2,multi_actor_v2_caltech_sce_cap20,metro_caltech_sce,campus/workplace,multi-actor compact weekly matrix,20,8,1,1,4510,D_SoCCompliance__F_ServiceFirst__G_NoGrid,multi_actor,82.65895953757226,150,865,82.65895953757226,150,865,31.175030040053382,2494.0024032042706,113.0,75.31547619047619,1.5003556468821624,1.5003556468821624,0.6665086388537715,1070507.0,72.0,106,4380.0,907.5,18,6.565476190476191,116,107,"[11981, 85, 1374, 0]",11981,1374,85,0,0.8914434523809524,0.10223214285714285,0.006324404761904762,0.26319396847155585,0.5860178204249485,"Operational multi-actor scenario; not causal human behavior, global optimization, filed tariff billing, or site-specific feeder validation.",1459,880,1170,4550,357,4193,187,41,146,1105,65,161,1450,1170,1677,223,384,855,3193,168,SoCCompliance,FleetServiceFirst,NoGridIncentive,Compliance probability is higher at low SoC and lower at high SoC.,680533.2069682579,28.0,2825.0,0.807774691171192,1.0660377358490567,1105,1677,-7.51445086705202,4380.0,False,False,False,harmful by under-delivery,LeastLaxity,False,False,True,False,False,False,False,False,not_mutually_acceptable,driver_fleet_grid_fail,driver,1170.0,6.565476190476191,10.0,0.8004255123932673,-169681.08084656682,1.0660377358490567,175.0,0.597513603306845,0.56,0.2682606604171138,2.315671183331603,0.8413936011904762,0.16138392857142858,206.0,206.0,1459.0,0.0,161.0,0.0,0.26319396847155585
multi_actor_v2,multi_actor_v2_caltech_sce_cap20,metro_caltech_sce,campus/workplace,multi-actor compact weekly matrix,20,8,1,1,4510,D_SoCQueueCompliance__F_ServiceFirst__G_NoGrid,multi_actor,85.78034682080926,123,865,85.78034682080926,123,865,35.014631245035986,2801.170499602879,113.0,81.69047619047619,1.383270183619936,1.383270183619936,0.7229245680573114,1300016.0,72.0,125,5414.999999999999,1629.75,27,11.398809523809524,211,258,"[11081, 32, 2327, 0]",11081,2327,32,0,0.8244791666666667,0.17313988095238095,0.002380952380952381,0.24925816023738873,0.5222551928783383,"Operational multi-actor scenario; not causal human behavior, global optimization, filed tariff billing, or site-specific feeder validation.",2359,1076,2035,4541,391,4150,112,39,73,2024,11,159,2344,2023,3194,469,588,1232,2230,168,SoCQueueCompliance,FleetServiceFirst,NoGridIncentive,SoC-dependent compliance with queue-sensitive avoidance for non-critical high-SoC charging.,803451.8886647096,28.0,2825.0,0.9072624117472602,1.0660377358490567,2024,3194,-4.393063583815021,5414.999999999999,False,False,False,harmful by under-delivery,LeastLaxity,False,False,True,False,False,False,False,False,not_mutually_acceptable,driver_fleet_grid_fail,driver,2035.0,11.398809523809524,19.0,0.9449992786285664,-46762.39915011509,1.0660377358490567,175.0,0.5508845542583437,0.56,0.3246765896206537,2.8121344270238464,0.6085145089285704,0.3992559523809524,214.0,214.0,2359.0,0.0,159.0,38.0,0.24925816023738873
multi_actor_v2,multi_actor_v2_caltech_sce_cap20,metro_caltech_sce,campus/workplace,multi-actor compact weekly matrix,20,8,1,1,4510,D_PriceSensitive__F_ServiceFirst__G_NoGrid,multi_actor,86.01156069364163,121,865,86.01156069364163,121,865,35.60545248217336,2848.436198573869,113.0,70.47619047619048,1.6033783783783782,1.6033783783783782,0.6236831015592078,979142.0,72.0,92,3843.0,1485.75,27,10.44047619047619,214,227,"[11574, 2, 1864, 0]",11574,1864,2,0,0.8611607142857143,0.1386904761904762,0.00014880952380952382,0.12486602357984995,0.40568060021436225,"Operational multi-actor scenario; not causal human behavior, global optimization, filed tariff billing, or site-specific feeder validation.",1866,813,1558,4521,391,4130,134,38,96,1555,1,157,1856,1553,2804,441,233,757,2692,168,PriceSensitive,FleetServiceFirst,NoGridIncentive,"Driver layer biases actual requests toward cheap windows, bounded by critical/low-SoC need.",802536.9354959121,28.0,2825.0,0.9225711521639609,1.0660377358490567,1555,2804,-4.161849710982651,3843.0,False,False,False,harmful by under-delivery,LeastLaxity,False,False,True,False,False,False,False,False,not_mutually_acceptable,driver_fleet_grid_fail,driver,1558.0,10.44047619047619,19.0,0.9439231344353781,-47677.35231891263,1.0660377358490567,175.0,0.6385421978582355,0.56,0.2254351231225501,2.11803464506974,0.6374999999999998,0.37083333333333335,224.0,224.0,1866.0,0.0,157.0,0.0,0.12486602357984995
multi_actor_v2,multi_actor_v2_caltech_sce_cap20,metro_caltech_sce,campus/workplace,multi-actor compact weekly matrix,20,8,1,1,4510,D_ReserveSeeking__F_ServiceFirst__G_NoGrid,multi_actor,87.51445086705203,108,865,87.51445086705203,108,865,35.86448466013363,2869.15877281069,113.0,55.07738095238095,2.0516589214308874,2.0516589214308874,0.4874104509060261,646057.0,72.0,36,965.9999999999997,429.0,14,3.2023809523809526,66,34,"[12734, 12, 694, 0]",12734,694,12,0,0.9474702380952381,0.05163690476190476,0.0008928571428571428,0.2790368271954674,0.28895184135977336,"Operational multi-actor scenario; not causal human behavior, global optimization, filed tariff billing, or site-specific feeder validation.",706,554,400,4525,389,4136,83,44,39,395,4,139,668,391,686,100,197,204,3864,168,ReserveSeeking,FleetServiceFirst,NoGridIncentive,Driver layer maintains a higher reserve threshold than the fleet recommendation assumes.,763535.2164987392,50.0,2825.0,0.9292829223623031,1.0660377358490567,395,686,-2.658959537572244,965.9999999999997,False,False,False,harmful by under-delivery,LeastLaxity,False,False,True,False,False,False,False,False,not_mutually_acceptable,driver_fleet_grid_fail,driver,400.0,3.2023809523809526,6.0,0.8980503238320501,-86679.07131608552,1.0660377358490567,175.0,0.8170690179013843,1.0,0.08916247246936837,1.3975205932232722,0.9000000000000001,0.09813988095238095,279.0,279.0,706.0,0.0,139.0,0.0,0.2790368271954674
multi_actor_v2,multi_actor_v2_caltech_sce_cap20,metro_caltech_sce,campus/workplace,multi-actor compact weekly matrix,20,8,1,1,4510,D_UrgencyDriven__F_ServiceFirst__G_NoGrid,multi_actor,89.47976878612717,91,865,89.47976878612717,91,865,37.82743010156177,3026.194408124941,113.0,49.99404761904762,2.2602690796523395,2.2602690796523395,0.442425200168563,575959.0,72.0,37,60.0,10.5,8,0.08333333333333333,3,0,"[12876, 0, 382, 182]",12876,382,0,182,0.9580357142857143,0.028422619047619047,0.0,0.2925531914893617,0.24113475177304963,"Operational multi-actor scenario; not causal human behavior, global optimization, filed tariff billing, or site-specific feeder validation.",564,561,113,4529,416,4113,97,46,51,113,0,13,58,28,14,3,165,136,4011,168,UrgencyDriven,FleetServiceFirst,NoGridIncentive,Driver layer prioritizes deadline/urgent charging pressure over the fleet recommendation.,820555.1876380274,57.0,2825.0,0.9801447064792175,1.0660377358490567,113,14,-0.6936416184971108,60.0,False,True,False,harmful by priority distortion,LeastLaxity,False,False,True,False,False,False,False,False,not_mutually_acceptable,driver_fleet_grid_fail,driver,113.0,0.08333333333333333,0.0,0.9651157354070988,-29659.100176797365,1.0660377358490567,175.0,0.9001475916944289,1.14,0.0441772217319053,1.2458878448067006,0.8499999999999999,0.15208333333333332,438.0,438.0,564.0,0.0,13.0,0.0,0.2925531914893617
multi_actor_v2,multi_actor_v2_caltech_sce_cap20,metro_caltech_sce,campus/workplace,multi-actor compact weekly matrix,20,8,1,1,4510,D_PriceSensitive__F_QueueAware__G_PeakPenalty,multi_actor,86.58959537572255,116,865,86.58959537572255,116,865,34.912732803610496,2793.01862428884,113.0,87.3452380952381,1.293716777974649,1.293716777974649,0.7729667088074168,1436542.0,72.0,132,3845.9999999999995,1500.0,27,10.571428571428571,220,224,"[11200, 15, 1715, 510]",11200,1715,15,510,0.8333333333333334,0.12760416666666666,0.0011160714285714285,0.16607142857142856,0.49598214285714287,"Operational multi-actor scenario; not causal human behavior, global optimization, filed tariff billing, or site-specific feeder validation.",2240,1181,1933,4529,416,4113,372,18,354,1930,3,154,2176,1884,2819,444,372,1111,2304,168,PriceSensitive,FleetQueueAware,GridPeakPenalty,"Full interaction: price-sensitive driver response, queue-aware fleet policy, and grid peak cap.",759233.7944489727,21.0,2825.0,0.9046221261742374,1.0660377358490567,1930,2819,-3.583815028901725,3845.9999999999995,False,False,False,harmful by under-delivery,LeastLaxity,False,False,True,False,False,False,False,False,not_mutually_acceptable,driver_fleet_grid_fail,driver,1933.0,10.571428571428571,19.0,0.8929911027493019,-90980.49336585205,1.0660377358490567,175.0,0.5152200914979902,0.42,0.3747187303707591,3.107461149759457,0.6374999999999998,0.3595238095238095,801.0,791.0,2240.0,10.0,154.0,0.0,0.16607142857142856
multi_actor_v2,multi_actor_v2_caltech_sce_cap20,metro_caltech_sce,campus/workplace,multi-actor compact weekly matrix,20,8,1,1,4510,D_SoCCompliance__F_QueueAware__G_PeakPenalty,multi_actor,85.78034682080926,123,865,85.78034682080926,123,865,33.3368639507368,2666.949116058944,113.0,88.45833333333333,1.2774375883184175,1.2774375883184175,0.7828171091445427,1477245.0,72.0,132,4503.0,877.5,20,6.303571428571429,99,111,"[11684, 53, 1199, 504]",11684,1199,53,504,0.8693452380952381,0.08921130952380953,0.003943452380952381,0.28075170842824604,0.6748291571753986,"Operational multi-actor scenario; not causal human behavior, global optimization, filed tariff billing, or site-specific feeder validation.",1756,1220,1429,4552,383,4169,199,35,164,1407,22,149,1695,1390,1588,210,493,1185,2849,168,SoCCompliance,FleetQueueAware,GridPeakPenalty,"Full interaction: SoC-dependent compliance, queue-aware fleet policy, and grid peak cap.",751578.2251057423,14.0,2825.0,0.8637898647675643,1.0660377358490567,1407,1588,-4.393063583815021,4503.0,False,False,False,harmful by under-delivery,LeastLaxity,False,False,True,False,False,False,False,False,not_mutually_acceptable,driver_fleet_grid_fail,driver,1429.0,6.303571428571429,12.0,0.8839868205901461,-98636.06270908238,1.0660377358490567,175.0,0.5087369371268091,0.28,0.384569130707885,3.195507995016094,0.8412581845238104,0.1552827380952381,812.0,808.0,1756.0,4.0,149.0,0.0,0.28075170842824604
multi_actor_v2,multi_actor_v2_caltech_sce_cap35,metro_caltech_sce,campus/workplace,multi-actor compact weekly matrix,35,14,2,2,4501,LeastLaxity,anchor,96.63962920046349,29,863,96.63962920046349,29,863,50.223172936397646,4017.8538349118116,198.0,45.88690476190476,4.314956544298871,4.314956544298871,0.23175204425204424,682939.0,129.6,9,0.0,0.0,14,0.0,0,0,"[12824, 0, 616, 0]",12824,616,0,0,0.9541666666666667,0.04583333333333333,0.0,0.26136363636363635,0.0,"Behavior Applied Energy package v1; behavior proxies are imposed perturbations, not measured traits.",616,616,0,4974,560,4414,65,56,9,0,0,0,0,0,0,0,161,0,4414,168,FullyCompliant,FleetServiceFirst,NoGridIncentive,LeastLaxity anchor used for paired thresholds.,1131777.7983926819,64.0,4950.0,1.0,1.0,0,0,0.0,0.0,True,True,True,anchor,LeastLaxity,True,True,True,True,True,True,True,True,mutually_acceptable,all_pass,none,0.0,0.0,0.0,1.0,0.0,1.0,0.0,1.0,1.0,0.0,1.0,,,,,,,,,
multi_actor_v2,multi_actor_v2_caltech_sce_cap35,metro_caltech_sce,campus/workplace,multi-actor compact weekly matrix,35,14,2,2,4501,D_FullyCompliant__F_ServiceFirst__G_NoGrid,multi_actor,96.63962920046349,29,863,96.63962920046349,29,863,50.223172936397646,4017.8538349118116,198.0,45.88690476190476,4.314956544298871,4.314956544298871,0.23175204425204424,682939.0,129.6,9,0.0,0.0,14,0.0,0,0,"[12824, 0, 616, 0]",12824,616,0,0,0.9541666666666667,0.04583333333333333,0.0,0.26136363636363635,0.0,"Operational multi-actor scenario; not causal human behavior, global optimization, filed tariff billing, or site-specific feeder validation.",616,616,0,4974,560,4414,65,56,9,0,0,0,0,0,0,0,161,0,4414,168,FullyCompliant,FleetServiceFirst,NoGridIncentive,"Baseline multi-actor row: least-laxity service-first fleet recommendation, fully compliant driver layer, no grid incentive.",1131777.7983926819,64.0,4950.0,1.0,1.0,0,0,0.0,0.0,True,True,True,service-tolerated,LeastLaxity,True,True,True,True,True,True,True,True,mutually_acceptable,all_pass,none,0.0,0.0,0.0,1.0,0.0,1.0,0.0,1.0,1.0,0.0,1.0,1.0,0.0,616.0,616.0,616.0,0.0,0.0,0.0,0.26136363636363635
multi_actor_v2,multi_actor_v2_caltech_sce_cap35,metro_caltech_sce,campus/workplace,multi-actor compact weekly matrix,35,14,2,2,4501,D_FullyCompliant__F_CostOnly__G_NoGrid,multi_actor,97.33487833140208,23,863,97.33487833140208,23,863,49.77655032830772,3982.124026264618,212.0,150.57738095238096,1.4079139818950863,1.4079139818950863,0.7102706648697216,4514491.0,129.6,120,62.99999999999983,9.0,14,0.07142857142857142,0,0,"[11400, 38, 1, 2001]",11400,1,38,2001,0.8482142857142857,7.440476190476191e-05,0.0028273809523809523,0.35441176470588237,0.7137254901960784,"Operational multi-actor scenario; not causal human behavior, global optimization, filed tariff billing, or site-specific feeder validation.",2040,2029,1340,4974,675,4299,257,26,231,1328,12,5,68,38,23,0,723,1456,2972,168,FullyCompliant,FleetCostOnly,NoGridIncentive,Fleet shifts discretionary charging to cheap windows without an explicit grid guardrail.,1072836.3824543124,43.0,5300.0,0.9911072403040818,1.0707070707070707,1328,23,0.695249130938592,62.99999999999983,True,True,False,harmful by priority distortion,LeastLaxity,False,False,True,False,False,False,False,False,not_mutually_acceptable,driver_fleet_grid_fail,driver,1340.0,0.07142857142857142,0.0,0.9479213887902057,-58941.415938369464,1.0707070707070707,350.0,0.3262869434352219,0.671875,0.47851862061767736,6.610386872033959,1.0,0.0,2040.0,2040.0,2040.0,0.0,5.0,0.0,0.35441176470588237
multi_actor_v2,multi_actor_v2_caltech_sce_cap35,metro_caltech_sce,campus/workplace,multi-actor compact weekly matrix,35,14,2,2,4501,D_FullyCompliant__F_ServiceCostly__G_NoGrid,multi_actor,96.75550405561994,28,863,96.75550405561994,28,863,49.17590519310422,3934.072415448338,212.0,111.7797619047619,1.896586612705682,1.896586612705682,0.5272630278526504,3106993.0,129.6,83,180.0,54.0,15,0.42857142857142855,19,0,"[11910, 0, 537, 993]",11910,537,0,993,0.8861607142857143,0.03995535714285714,0.0,0.09803921568627451,0.6052287581699346,"Operational multi-actor scenario; not causal human behavior, global optimization, filed tariff billing, or site-specific feeder validation.",1530,1491,887,4974,630,4344,80,46,34,876,0,69,873,551,95,19,150,926,3495,168,FullyCompliant,FleetServiceCostly,NoGridIncentive,"Fleet preserves urgent service but shifts discretionary charging away from cheap windows, creating a fleet economic stress case.",1103720.09495229,136.79999999999984,5300.0,0.9791477184322926,1.0707070707070707,876,95,0.11587485515644858,180.0,False,False,False,harmful by priority distortion,LeastLaxity,False,False,True,False,False,False,False,False,not_mutually_acceptable,driver_fleet_grid_fail,driver,887.0,0.42857142857142855,1.0,0.975209176677402,-28057.703440391924,1.0707070707070707,350.0,0.439537824595602,2.1374999999999975,0.29551098360060624,4.549444386687537,1.0,0.0,1530.0,1530.0,1530.0,0.0,69.0,0.0,0.09803921568627451
multi_actor_v2,multi_actor_v2_caltech_sce_cap35,metro_caltech_sce,campus/workplace,multi-actor compact weekly matrix,35,14,2,2,4501,D_FullyCompliant__F_QueueAware__G_NoGrid,multi_actor,96.52375434530707,30,863,96.52375434530707,30,863,47.45637242674591,3796.5097941396725,212.0,148.33928571428572,1.4291561333814855,1.4291561333814855,0.6997136118598383,4434713.0,129.6,116,0.0,0.0,14,0.0,0,0,"[11434, 0, 1, 2005]",11434,1,0,2005,0.8507440476190476,7.440476190476191e-05,0.0,0.34346959122632104,0.7278165503489531,"Operational multi-actor scenario; not causal human behavior, global optimization, filed tariff billing, or site-specific feeder validation.",2006,2006,1327,4973,679,4294,904,0,904,1327,0,0,0,0,0,0,689,1460,2967,168,FullyCompliant,FleetQueueAware,NoGridIncentive,Fleet suppresses non-urgent/high-SoC requests under queue pressure.,1065564.332492718,33.19999999999993,5300.0,0.9449098822737544,1.0707070707070707,1327,0,-0.11587485515642015,0.0,False,False,False,harmful by under-delivery,LeastLaxity,False,False,True,False,False,False,False,False,not_mutually_acceptable,driver_fleet_grid_fail,driver,1327.0,0.0,0.0,0.941496055149696,-66213.46589996386,1.0707070707070707,350.0,0.3312098554665065,0.5187499999999989,0.46796156760779406,6.493571168142396,1.0,0.0,2006.0,2006.0,2006.0,0.0,0.0,0.0,0.34346959122632104
multi_actor_v2,multi_actor_v2_caltech_sce_cap35,metro_caltech_sce,campus/workplace,multi-actor compact weekly matrix,35,14,2,2,4501,D_FullyCompliant__F_AvailabilityFocused__G_NoGrid,multi_actor,96.40787949015063,31,863,96.40787949015063,31,863,50.24905032830772,4019.924026264617,212.0,152.17857142857142,1.393100211218024,1.393100211218024,0.7178234501347708,4567642.0,129.6,123,0.0,0.0,14,0.0,0,0,"[11391, 0, 44, 2005]",11391,44,0,2005,0.8475446428571428,0.003273809523809524,0.0,0.3406539775500244,0.7179111761835042,"Operational multi-actor scenario; not causal human behavior, global optimization, filed tariff billing, or site-specific feeder validation.",2049,2049,1339,4973,667,4306,127,43,84,1339,0,0,0,0,0,0,698,1471,2967,168,FullyCompliant,FleetAvailabilityFocused,NoGridIncentive,Fleet maintains a higher readiness reserve for vehicles with likely upcoming needs.,1126561.8425986907,35.0,5300.0,1.0005152480497965,1.0707070707070707,1339,0,-0.23174971031285452,0.0,True,True,False,harmful by priority distortion,LeastLaxity,False,False,True,False,False,False,False,False,not_mutually_acceptable,driver_fleet_grid_fail,driver,1339.0,0.0,0.0,0.9953913605644158,-5215.955793991219,1.0707070707070707,350.0,0.3228538217977317,0.546875,0.48607140588272657,6.688213735048079,1.0,0.0,2049.0,2049.0,2049.0,0.0,0.0,0.0,0.3406539775500244
multi_actor_v2,multi_actor_v2_caltech_sce_cap35,metro_caltech_sce,campus/workplace,multi-actor compact weekly matrix,35,14,2,2,4501,D_FullyCompliant__F_ServiceFirst__G_PeakPenalty,multi_actor,96.63962920046349,29,863,96.63962920046349,29,863,50.223172936397646,4017.8538349118116,170.0,45.88690476190476,3.704760669347516,3.704760669347516,0.26992296918767505,660777.0,129.6,9,0.0,0.0,10,0.0,0,0,"[12824, 0, 616, 0]",12824,616,0,0,0.9541666666666667,0.04583333333333333,0.0,0.24675324675324675,0.0,"Operational multi-actor scenario; not causal human behavior, global optimization, filed tariff billing, or site-specific feeder validation.",616,616,0,4974,560,4414,65,56,9,0,0,0,0,0,0,0,152,0,4414,168,FullyCompliant,FleetServiceFirst,GridPeakPenalty,Service-first fleet recommendation with an action-changing peak cap.,1138948.5292218928,61.89999999999992,4250.0,1.0,0.8585858585858586,0,0,0.0,0.0,True,True,True,service-tolerated,LeastLaxity,True,True,True,True,True,True,True,True,mutually_acceptable,all_pass,none,0.0,0.0,-4.0,1.0063358115342027,7170.730829210952,0.8585858585858586,-700.0,0.8585858585858586,0.9671874999999988,0.03817092493563082,0.9675490783217827,1.0,0.0,637.0,616.0,616.0,21.0,0.0,0.0,0.24675324675324675
multi_actor_v2,multi_actor_v2_caltech_sce_cap35,metro_caltech_sce,campus/workplace,multi-actor compact weekly matrix,35,14,2,2,4501,D_FullyCompliant__F_CostOnly__G_PeakPenalty,multi_actor,97.33487833140208,23,863,97.33487833140208,23,863,49.77655032830772,3982.124026264618,184.0,141.0952380952381,1.304083698953763,1.304083698953763,0.7668219461697723,3865446.0,129.6,123,0.0,0.0,10,0.0,0,0,"[11657, 26, 1, 1756]",11657,1,26,1756,0.8673363095238096,7.440476190476191e-05,0.0019345238095238096,0.32473359506449806,0.6786315199102636,"Operational multi-actor scenario; not causal human behavior, global optimization, filed tariff billing, or site-specific feeder validation.",1783,1783,1084,4974,673,4301,266,26,240,1084,0,0,0,0,0,0,579,1210,3217,168,FullyCompliant,FleetCostOnly,GridPeakPenalty,Cheap-window fleet policy with a grid peak cap.,1078387.9815332403,43.0,4600.0,0.9911072403040818,0.9292929292929293,1084,0,0.695249130938592,0.0,True,True,False,harmful by priority distortion,LeastLaxity,False,False,True,False,True,False,False,False,not_mutually_acceptable,driver_fleet_grid_fail,driver,1084.0,0.0,-4.0,0.9528265911071376,-53389.81685944158,0.9292929292929293,-350.0,0.302224063108302,0.671875,0.5350699019177281,5.660016487563311,1.0,0.0,2053.0,1783.0,1783.0,270.0,0.0,0.0,0.32473359506449806
multi_actor_v2,multi_actor_v2_caltech_sce_cap35,metro_caltech_sce,campus/workplace,multi-actor compact weekly matrix,35,14,2,2,4501,D_FullyCompliant__F_QueueAware__G_PeakPenalty,multi_actor,96.52375434530707,30,863,96.52375434530707,30,863,47.45637242674591,3796.5097941396725,184.0,137.96428571428572,1.3336784882215893,1.3336784882215893,0.7498059006211181,3752668.0,129.6,116,0.0,0.0,10,0.0,0,0,"[11683, 0, 1, 1756]",11683,1,0,1756,0.8692708333333333,7.440476190476191e-05,0.0,0.3147410358565737,0.6892430278884463,"Operational multi-actor scenario; not causal human behavior, global optimization, filed tariff billing, or site-specific feeder validation.",1757,1757,1080,4973,677,4296,904,0,904,1080,0,0,0,0,0,0,553,1211,3216,168,FullyCompliant,FleetQueueAware,GridPeakPenalty,Queue-aware fleet policy with a grid peak cap.,1071908.0906408327,28.0,4600.0,0.9449098822737544,0.9292929292929293,1080,0,-0.11587485515642015,0.0,False,False,False,harmful by under-delivery,LeastLaxity,False,False,True,False,True,False,False,False,not_mutually_acceptable,driver_fleet_grid_fail,driver,1080.0,0.0,-4.0,0.9471011820192317,-59869.7077518492,0.9292929292929293,-350.0,0.3090827160203293,0.4375,0.5180538563690739,5.49488021624186,1.0,0.0,2006.0,1757.0,1757.0,249.0,0.0,0.0,0.3147410358565737
multi_actor_v2,multi_actor_v2_caltech_sce_cap35,metro_caltech_sce,campus/workplace,multi-actor compact weekly matrix,35,14,2,2,4501,D_LimitedAttentionP0025__F_ServiceFirst__G_NoGrid,multi_actor,96.29200463499421,32,863,96.29200463499421,32,863,49.59317293639765,3967.453834911812,198.0,45.17261904761905,4.383186190538938,4.383186190538938,0.22814454064454065,660795.0,129.6,10,0.0,0.0,14,0.0,0,0,"[12835, 0, 605, 0]",12835,605,0,0,0.9549851190476191,0.04501488095238095,0.0,0.2644628099173554,0.0,"Operational multi-actor scenario; not causal human behavior, global optimization, filed tariff billing, or site-specific feeder validation.",605,605,0,4974,549,4425,66,56,10,0,0,0,0,0,0,0,160,0,4425,168,LimitedAttentionP0025,FleetServiceFirst,NoGridIncentive,Low-probability missed compliance with service-first fleet recommendation.,1113088.7956778945,68.89999999999992,4950.0,0.9874559896723805,1.0,0,0,-0.34762456546927467,0.0,False,True,True,service-tolerated,LeastLaxity,True,True,True,True,True,True,True,True,mutually_acceptable,all_pass,none,0.0,0.0,0.0,0.9834870389388014,-18689.002714787377,1.0,0.0,1.0158123599947293,1.0765624999999988,-0.003607503607503587,0.9675754349949264,0.9749999999999999,0.0013392857142857143,623.0,623.0,605.0,0.0,0.0,0.0,0.2644628099173554
multi_actor_v2,multi_actor_v2_caltech_sce_cap35,metro_caltech_sce,campus/workplace,multi-actor compact weekly matrix,35,14,2,2,4501,D_LimitedAttentionP005__F_ServiceFirst__G_NoGrid,multi_actor,96.29200463499421,32,863,96.29200463499421,32,863,49.356922936397645,3948.5538349118115,191.0,44.75,4.268156424581005,4.268156424581005,0.2342931937172775,642872.0,129.6,8,0.0,0.0,13,0.0,0,0,"[12839, 0, 601, 0]",12839,601,0,0,0.9552827380952381,0.044717261904761905,0.0,0.2545757071547421,0.0,"Operational multi-actor scenario; not causal human behavior, global optimization, filed tariff billing, or site-specific feeder validation.",601,601,0,4974,545,4429,67,56,11,0,0,0,0,0,0,0,153,0,4429,168,LimitedAttentionP005,FleetServiceFirst,NoGridIncentive,Moderate missed compliance with service-first fleet recommendation.,1116692.7096284553,57.0,4775.0,0.9827519857995229,0.9646464646464646,0,0,-0.34762456546927467,0.0,False,True,True,service-tolerated,LeastLaxity,True,True,True,True,True,True,True,True,mutually_acceptable,all_pass,none,0.0,0.0,-1.0,0.9866713335553587,-15085.08876422653,0.9646464646464646,-175.0,0.9891539765841442,0.890625,0.002541149465233261,0.9413315098420211,0.95,0.002455357142857143,634.0,634.0,601.0,0.0,0.0,0.0,0.2545757071547421
multi_actor_v2,multi_actor_v2_caltech_sce_cap35,metro_caltech_sce,campus/workplace,multi-actor compact weekly matrix,35,14,2,2,4501,D_SoCCompliance__F_ServiceFirst__G_NoGrid,multi_actor,88.64426419466976,98,863,88.64426419466976,98,863,38.70987025100834,3096.789620080667,198.0,114.42261904761905,1.7304270925453882,1.7304270925453882,0.5778920153920154,2787163.0,129.6,98,2703.0,770.25,27,5.815476190476191,98,50,"[11700, 21, 1719, 0]",11700,1719,21,0,0.8705357142857143,0.1279017857142857,0.0015625,0.28563218390804596,0.6436781609195402,"Operational multi-actor scenario; not causal human behavior, global optimization, filed tariff billing, or site-specific feeder validation.",1740,1278,1337,4985,503,4482,56,44,12,1332,4,139,1640,1281,1430,148,497,1120,3293,168,SoCCompliance,FleetServiceFirst,NoGridIncentive,Compliance probability is higher at low SoC and lower at high SoC.,823921.2239317633,50.0,4950.0,0.7707571622372468,1.0,1332,1430,-7.9953650057937296,2703.0,False,False,False,harmful by under-delivery,LeastLaxity,False,False,True,False,True,False,False,False,not_mutually_acceptable,driver_fleet_grid_fail,driver,1337.0,5.815476190476191,13.0,0.7279885018966377,-307856.57446091855,1.0,0.0,0.40103001612651507,0.78125,0.3461399711399712,4.081130232714782,0.805731026785714,0.19092261904761904,321.0,321.0,1740.0,0.0,139.0,0.0,0.28563218390804596
multi_actor_v2,multi_actor_v2_caltech_sce_cap35,metro_caltech_sce,campus/workplace,multi-actor compact weekly matrix,35,14,2,2,4501,D_SoCQueueCompliance__F_ServiceFirst__G_NoGrid,multi_actor,89.33951332560835,92,863,89.33951332560835,92,863,41.504857892755034,3320.388631420403,212.0,130.11309523809524,1.6293517544260945,1.6293517544260945,0.6137410152740341,3515461.0,129.6,110,3780.0,1482.75,40,10.81547619047619,236,160,"[10663, 29, 2748, 0]",10663,2748,29,0,0.7933779761904762,0.2044642857142857,0.0021577380952380954,0.23874684911775296,0.594526467410875,"Operational multi-actor scenario; not causal human behavior, global optimization, filed tariff billing, or site-specific feeder validation.",2777,1587,2302,4980,541,4439,92,45,47,2293,9,146,2710,2257,3001,396,663,1651,2253,168,SoCQueueCompliance,FleetServiceFirst,NoGridIncentive,SoC-dependent compliance with queue-sensitive avoidance for non-critical high-SoC charging.,895641.3471251889,50.0,5300.0,0.8264085175446115,1.0707070707070707,2293,3001,-7.300115874855138,3780.0,False,False,False,harmful by under-delivery,LeastLaxity,False,False,True,False,False,False,False,False,not_mutually_acceptable,driver_fleet_grid_fail,driver,2302.0,10.81547619047619,26.0,0.7913579400454337,-236136.45126749296,1.0707070707070707,350.0,0.3776055998939022,0.78125,0.3819889710219899,5.147547584776971,0.6002689732142855,0.4004464285714286,312.0,312.0,2777.0,0.0,146.0,24.0,0.23874684911775296
multi_actor_v2,multi_actor_v2_caltech_sce_cap35,metro_caltech_sce,campus/workplace,multi-actor compact weekly matrix,35,14,2,2,4501,D_PriceSensitive__F_ServiceFirst__G_NoGrid,multi_actor,90.49826187717265,82,863,90.49826187717265,82,863,42.88128674457249,3430.5029395657994,198.0,108.20833333333333,1.829803619561032,1.829803619561032,0.546506734006734,2547831.0,129.6,87,2280.0,1306.5,38,9.333333333333334,191,174,"[11306, 2, 2132, 0]",11306,2132,2,0,0.841220238095238,0.15863095238095237,0.00014880952380952382,0.12417994376757263,0.45032802249297094,"Operational multi-actor scenario; not causal human behavior, global optimization, filed tariff billing, or site-specific feeder validation.",2134,1178,1680,4979,556,4423,91,41,50,1679,0,129,2020,1616,2521,365,265,961,2883,168,PriceSensitive,FleetServiceFirst,NoGridIncentive,"Driver layer biases actual requests toward cheap windows, bounded by critical/low-SoC need.",939547.9574080122,57.0,4950.0,0.853814767913551,1.0,1679,2521,-6.141367323290837,2280.0,False,False,False,harmful by under-delivery,LeastLaxity,False,False,True,False,True,False,False,False,not_mutually_acceptable,driver_fleet_grid_fail,driver,1680.0,9.333333333333334,24.0,0.8301523132388099,-192229.84098466963,1.0,0.0,0.42406072941305906,0.890625,0.3147546897546898,3.7306860495593313,0.6374999999999998,0.3626488095238095,343.0,343.0,2134.0,0.0,129.0,0.0,0.12417994376757263
multi_actor_v2,multi_actor_v2_caltech_sce_cap35,metro_caltech_sce,campus/workplace,multi-actor compact weekly matrix,35,14,2,2,4501,D_ReserveSeeking__F_ServiceFirst__G_NoGrid,multi_actor,93.39513325608343,57,863,93.39513325608343,57,863,45.716588876198635,3657.327110095891,198.0,75.63690476190476,2.6177697332179113,2.6177697332179113,0.3820045695045695,1440747.0,129.6,30,840.0,344.25,15,2.6845238095238093,51,8,"[12517, 7, 916, 0]",12517,916,7,0,0.9313244047619048,0.0681547619047619,0.0005208333333333333,0.2676056338028169,0.3250270855904659,"Operational multi-actor scenario; not causal human behavior, global optimization, filed tariff billing, or site-specific feeder validation.",923,814,445,4972,559,4413,64,55,9,444,0,99,703,383,553,59,247,300,4103,168,ReserveSeeking,FleetServiceFirst,NoGridIncentive,Driver layer maintains a higher reserve threshold than the fleet recommendation assumes.,1017704.6064136722,104.89999999999992,4950.0,0.9102688301691706,1.0,444,553,-3.2444959443800627,840.0,False,False,False,harmful by under-delivery,LeastLaxity,False,False,True,False,True,False,False,False,not_mutually_acceptable,driver_fleet_grid_fail,driver,445.0,2.6845238095238093,1.0,0.8992088445797284,-114073.19197900966,1.0,0.0,0.6066734870543795,1.6390624999999988,0.15025252525252528,2.1096276534214624,0.9000000000000001,0.10290178571428571,426.0,426.0,923.0,0.0,99.0,0.0,0.2676056338028169
multi_actor_v2,multi_actor_v2_caltech_sce_cap35,metro_caltech_sce,campus/workplace,multi-actor compact weekly matrix,35,14,2,2,4501,D_UrgencyDriven__F_ServiceFirst__G_NoGrid,multi_actor,96.17612977983777,33,863,96.17612977983777,33,863,48.556739811188834,3884.5391848951067,198.0,62.148809523809526,3.185901733550426,3.185901733550426,0.3138828763828764,1014147.0,129.6,16,60.0,8.25,14,0.06547619047619048,3,0,"[12614, 0, 503, 323]",12614,503,0,323,0.9385416666666667,0.03742559523809524,0.0,0.29782082324455206,0.29418886198547217,"Operational multi-actor scenario; not causal human behavior, global optimization, filed tariff billing, or site-specific feeder validation.",826,822,199,4974,581,4393,63,53,10,198,0,11,88,23,11,3,246,243,4201,168,UrgencyDriven,FleetServiceFirst,NoGridIncentive,Driver layer prioritizes deadline/urgent charging pressure over the fleet recommendation.,1082800.165147907,100.0,4950.0,0.9668194375668145,1.0,198,11,-0.46349942062572325,60.0,False,False,False,harmful by priority distortion,LeastLaxity,False,False,True,False,True,False,False,False,not_mutually_acceptable,driver_fleet_grid_fail,driver,199.0,0.06547619047619048,0.0,0.9567250450447682,-48977.63324477477,1.0,0.0,0.7383392395364429,1.5625,0.08213083213083214,1.4849744999187335,0.8499999999999999,0.14441964285714284,601.0,601.0,826.0,0.0,11.0,0.0,0.29782082324455206
multi_actor_v2,multi_actor_v2_caltech_sce_cap35,metro_caltech_sce,campus/workplace,multi-actor compact weekly matrix,35,14,2,2,4501,D_PriceSensitive__F_QueueAware__G_PeakPenalty,multi_actor,91.19351100811124,76,863,91.19351100811124,76,863,42.92364392984952,3433.8915143879617,212.0,143.1904761904762,1.4805453940804787,1.4805453940804787,0.6754267744833783,4034288.0,129.6,116,2400.0,1302.75,39,9.398809523809524,207,158,"[10590, 17, 1910, 923]",10590,1910,17,923,0.7879464285714286,0.14211309523809523,0.0012648809523809524,0.20877192982456141,0.5821052631578948,"Operational multi-actor scenario; not causal human behavior, global optimization, filed tariff billing, or site-specific feeder validation.",2850,1864,2367,4977,589,4388,472,20,452,2367,0,136,2593,2196,2559,365,595,1659,2144,168,PriceSensitive,FleetQueueAware,GridPeakPenalty,"Full interaction: price-sensitive driver response, queue-aware fleet policy, and grid peak cap.",907597.6723698988,50.0,5300.0,0.8546581472303192,1.0707070707070707,2367,2559,-5.446118192352245,2400.0,False,False,False,harmful by under-delivery,LeastLaxity,False,False,True,False,False,False,False,False,not_mutually_acceptable,driver_fleet_grid_fail,driver,2367.0,9.398809523809524,25.0,0.8019221384788099,-224180.1260227831,1.0707070707070707,350.0,0.3431194216860994,0.78125,0.4436747302313341,5.907245010169283,0.6374999999999998,0.36086309523809523,1545.0,1389.0,2850.0,156.0,136.0,0.0,0.20877192982456141
multi_actor_v2,multi_actor_v2_caltech_sce_cap35,metro_caltech_sce,campus/workplace,multi-actor compact weekly matrix,35,14,2,2,4501,D_SoCCompliance__F_QueueAware__G_PeakPenalty,multi_actor,89.22363847045192,93,863,89.22363847045192,93,863,40.25502543892209,3220.402035113767,212.0,145.9404761904762,1.452647034831552,1.452647034831552,0.6883984725965858,4211530.0,129.6,118,2648.9999999999995,794.25,24,5.994047619047619,107,52,"[11023, 40, 1536, 841]",11023,1536,40,841,0.8201636904761904,0.11428571428571428,0.002976190476190476,0.2954075299958626,0.7236243276789408,"Operational multi-actor scenario; not causal human behavior, global optimization, filed tariff billing, or site-specific feeder validation.",2417,1930,1960,4976,545,4431,127,36,91,1952,8,136,2217,1802,1484,159,714,1749,2599,168,SoCCompliance,FleetQueueAware,GridPeakPenalty,"Full interaction: SoC-dependent compliance, queue-aware fleet policy, and grid peak cap.",866898.8934018061,43.0,5300.0,0.8015229441975089,1.0707070707070707,1952,1484,-7.415990730011572,2648.9999999999995,False,False,False,harmful by under-delivery,LeastLaxity,False,False,True,False,False,False,False,False,not_mutually_acceptable,driver_fleet_grid_fail,driver,1960.0,5.994047619047619,10.0,0.7659620948855428,-264878.90499087574,1.0707070707070707,350.0,0.33665391989888277,0.671875,0.4566464283445416,6.16677331357559,0.8023370535714269,0.19732142857142856,1495.0,1378.0,2417.0,117.0,136.0,0.0,0.2954075299958626
multi_actor_v2,multi_actor_v2_caltech_sce_cap35,metro_caltech_sce,campus/workplace,multi-actor compact weekly matrix,35,14,2,2,4502,LeastLaxity,anchor,97.71949828962371,20,877,97.71949828962371,20,877,56.932056623102845,4554.564529848228,198.0,43.94047619047619,4.50609590896776,4.50609590896776,0.2219215969215969,641806.0,129.6,13,0.0,0.0,14,0.0,0,0,"[12711, 0, 729, 0]",12711,729,0,0,0.9457589285714286,0.05424107142857143,0.0,0.2716049382716049,0.0,"Behavior Applied Energy package v1; behavior proxies are imposed perturbations, not measured traits.",729,729,0,5519,650,4869,79,79,0,0,0,0,0,0,0,0,198,0,4869,168,FullyCompliant,FleetServiceFirst,NoGridIncentive,LeastLaxity anchor used for paired thresholds.,1306430.2023787,71.0,4950.0,1.0,1.0,0,0,0.0,0.0,True,True,True,anchor,LeastLaxity,True,True,True,True,True,True,True,True,mutually_acceptable,all_pass,none,0.0,0.0,0.0,1.0,0.0,1.0,0.0,1.0,1.0,0.0,1.0,,,,,,,,,
multi_actor_v2,multi_actor_v2_caltech_sce_cap35,metro_caltech_sce,campus/workplace,multi-actor compact weekly matrix,35,14,2,2,4502,D_FullyCompliant__F_ServiceFirst__G_NoGrid,multi_actor,97.71949828962371,20,877,97.71949828962371,20,877,56.932056623102845,4554.564529848228,198.0,43.94047619047619,4.50609590896776,4.50609590896776,0.2219215969215969,641806.0,129.6,13,0.0,0.0,14,0.0,0,0,"[12711, 0, 729, 0]",12711,729,0,0,0.9457589285714286,0.05424107142857143,0.0,0.2716049382716049,0.0,"Operational multi-actor scenario; not causal human behavior, global optimization, filed tariff billing, or site-specific feeder validation.",729,729,0,5519,650,4869,79,79,0,0,0,0,0,0,0,0,198,0,4869,168,FullyCompliant,FleetServiceFirst,NoGridIncentive,"Baseline multi-actor row: least-laxity service-first fleet recommendation, fully compliant driver layer, no grid incentive.",1306430.2023787,71.0,4950.0,1.0,1.0,0,0,0.0,0.0,True,True,True,service-tolerated,LeastLaxity,True,True,True,True,True,True,True,True,mutually_acceptable,all_pass,none,0.0,0.0,0.0,1.0,0.0,1.0,0.0,1.0,1.0,0.0,1.0,1.0,0.0,729.0,729.0,729.0,0.0,0.0,0.0,0.2716049382716049
multi_actor_v2,multi_actor_v2_caltech_sce_cap35,metro_caltech_sce,campus/workplace,multi-actor compact weekly matrix,35,14,2,2,4502,D_FullyCompliant__F_CostOnly__G_NoGrid,multi_actor,97.83352337514253,19,877,97.83352337514253,19,877,58.06652028295245,4645.3216226361965,212.0,174.80357142857142,1.2127898661763203,1.2127898661763203,0.8245451482479784,5638739.0,129.6,143,60.0,10.5,21,0.08333333333333333,0,0,"[11006, 58, 1, 2375]",11006,1,58,2375,0.8188988095238096,7.440476190476191e-05,0.004315476190476191,0.3245686113393591,0.7119967132292523,"Operational multi-actor scenario; not causal human behavior, global optimization, filed tariff billing, or site-specific feeder validation.",2434,2420,1553,5519,837,4682,290,44,246,1539,14,7,110,62,27,0,790,1733,3143,168,FullyCompliant,FleetCostOnly,NoGridIncentive,Fleet shifts discretionary charging to cheap windows without an explicit grid guardrail.,1239832.723365623,50.0,5300.0,1.0199266235428643,1.0707070707070707,1539,27,0.11402508551881851,60.0,False,True,False,harmful by priority distortion,LeastLaxity,False,False,True,False,False,False,False,False,not_mutually_acceptable,driver_fleet_grid_fail,driver,1553.0,0.08333333333333333,7.0,0.9490233164452118,-66597.47901307698,1.0707070707070707,350.0,0.2691442638321788,0.704225352112676,0.6026235513263816,8.785737434676522,1.0,0.0,2434.0,2434.0,2434.0,0.0,7.0,0.0,0.3245686113393591
multi_actor_v2,multi_actor_v2_caltech_sce_cap35,metro_caltech_sce,campus/workplace,multi-actor compact weekly matrix,35,14,2,2,4502,D_FullyCompliant__F_ServiceCostly__G_NoGrid,multi_actor,97.49144811858609,22,877,97.49144811858609,22,877,56.584135024457126,4526.73080195657,212.0,130.89880952380952,1.6195716429448412,1.6195716429448412,0.6174472147349506,4032225.0,129.6,101,180.0,53.25,16,0.4226190476190476,13,0,"[11523, 0, 661, 1256]",11523,661,0,1256,0.8573660714285715,0.04918154761904762,0.0,0.09650495565988523,0.6223265519040166,"Operational multi-actor scenario; not causal human behavior, global optimization, filed tariff billing, or site-specific feeder validation.",1917,1870,1094,5520,779,4741,114,68,46,1082,0,69,1166,737,100,13,185,1193,3683,168,FullyCompliant,FleetServiceCostly,NoGridIncentive,"Fleet preserves urgent service but shifts discretionary charging away from cheap windows, creating a fleet economic stress case.",1304304.8071112745,173.4999999999996,5300.0,0.9938888278540682,1.0707070707070707,1082,100,-0.22805017103762282,180.0,True,True,False,harmful by priority distortion,LeastLaxity,False,False,True,False,False,False,False,False,not_mutually_acceptable,driver_fleet_grid_fail,driver,1094.0,0.4226190476190476,2.0,0.9983731275780706,-2125.3952674255706,1.0707070707070707,350.0,0.3594179253312535,2.44366197183098,0.39552561781335366,6.28262278632484,1.0,0.0,1917.0,1917.0,1917.0,0.0,69.0,0.0,0.09650495565988523
multi_actor_v2,multi_actor_v2_caltech_sce_cap35,metro_caltech_sce,campus/workplace,multi-actor compact weekly matrix,35,14,2,2,4502,D_FullyCompliant__F_QueueAware__G_NoGrid,multi_actor,97.37742303306727,23,877,97.37742303306727,23,877,55.11628518160744,4409.302814528595,212.0,172.58333333333334,1.2283920811202318,1.2283920811202318,0.8140723270440252,5532286.0,129.6,142,0.0,0.0,14,0.0,0,0,"[11061, 0, 1, 2378]",11061,1,0,2378,0.8229910714285714,7.440476190476191e-05,0.0,0.308953341740227,0.7271963009667928,"Operational multi-actor scenario; not causal human behavior, global optimization, filed tariff billing, or site-specific feeder validation.",2379,2379,1542,5519,837,4682,1182,0,1182,1542,0,0,0,0,0,0,735,1730,3140,168,FullyCompliant,FleetQueueAware,NoGridIncentive,Fleet suppresses non-urgent/high-SoC requests under queue pressure.,1258014.4627523324,50.0,5300.0,0.9681063437859616,1.0707070707070707,1542,0,-0.34207525655644133,0.0,False,False,False,harmful by priority distortion,LeastLaxity,False,False,True,False,False,False,False,False,not_mutually_acceptable,driver_fleet_grid_fail,driver,1542.0,0.0,0.0,0.9629404314610808,-48415.73962636758,1.0707070707070707,350.0,0.27260673228804566,0.704225352112676,0.5921507301224282,8.619872671804252,1.0,0.0,2379.0,2379.0,2379.0,0.0,0.0,0.0,0.308953341740227
multi_actor_v2,multi_actor_v2_caltech_sce_cap35,metro_caltech_sce,campus/workplace,multi-actor compact weekly matrix,35,14,2,2,4502,D_FullyCompliant__F_AvailabilityFocused__G_NoGrid,multi_actor,97.49144811858609,22,877,97.49144811858609,22,877,57.83628550096088,4626.90284007687,212.0,176.45238095238096,1.2014572932127918,1.2014572932127918,0.8323225516621744,5711822.0,129.6,145,0.0,0.0,14,0.0,0,0,"[11005, 0, 57, 2378]",11005,57,0,2378,0.8188244047619048,0.004241071428571428,0.0,0.3047227926078029,0.7174537987679671,"Operational multi-actor scenario; not causal human behavior, global optimization, filed tariff billing, or site-specific feeder validation.",2435,2435,1561,5519,818,4701,123,56,67,1561,0,0,0,0,0,0,742,1747,3140,168,FullyCompliant,FleetAvailabilityFocused,NoGridIncentive,Fleet maintains a higher readiness reserve for vehicles with likely upcoming needs.,1341077.4032931034,50.0,5300.0,1.0158825964051175,1.0707070707070707,1561,0,-0.22805017103762282,0.0,False,True,False,harmful by priority distortion,LeastLaxity,False,False,True,False,False,False,False,False,not_mutually_acceptable,driver_fleet_grid_fail,driver,1561.0,0.0,0.0,1.0265205143384768,34647.200914403424,1.0707070707070707,350.0,0.26662932114288207,0.704225352112676,0.6104009547405775,8.899608292848617,1.0,0.0,2435.0,2435.0,2435.0,0.0,0.0,0.0,0.3047227926078029
multi_actor_v2,multi_actor_v2_caltech_sce_cap35,metro_caltech_sce,campus/workplace,multi-actor compact weekly matrix,35,14,2,2,4502,D_FullyCompliant__F_ServiceFirst__G_PeakPenalty,multi_actor,97.71949828962371,20,877,97.71949828962371,20,877,56.96292018933882,4557.033615147106,170.0,43.601190476190474,3.8989761092150172,3.8989761092150172,0.25647759103641454,608821.0,129.6,12,0.0,0.0,10,0.0,0,0,"[12713, 0, 727, 0]",12713,727,0,0,0.9459077380952381,0.05409226190476191,0.0,0.24209078404401652,0.0,"Operational multi-actor scenario; not causal human behavior, global optimization, filed tariff billing, or site-specific feeder validation.",727,727,0,5519,646,4873,81,81,0,0,0,0,0,0,0,0,176,0,4873,168,FullyCompliant,FleetServiceFirst,GridPeakPenalty,Service-first fleet recommendation with an action-changing peak cap.,1326622.2555315094,71.0,4250.0,1.0005421122662104,0.8585858585858586,0,0,0.0,0.0,True,True,True,service-tolerated,LeastLaxity,True,True,True,True,True,True,True,True,mutually_acceptable,all_pass,none,0.0,0.0,-4.0,1.0154558989190885,20192.053152809385,0.8585858585858586,-700.0,0.8652670045161512,1.0,0.034555994114817634,0.948605965042396,1.0,0.0,757.0,727.0,727.0,30.0,0.0,0.0,0.24209078404401652
multi_actor_v2,multi_actor_v2_caltech_sce_cap35,metro_caltech_sce,campus/workplace,multi-actor compact weekly matrix,35,14,2,2,4502,D_FullyCompliant__F_CostOnly__G_PeakPenalty,multi_actor,97.83352337514253,19,877,97.83352337514253,19,877,57.96354482043104,4637.083585634483,184.0,158.10119047619048,1.1638116034787847,1.1638116034787847,0.8592456004140787,4550109.0,129.6,144,0.0,0.0,10,0.0,0,0,"[11427, 40, 1, 1972]",11427,1,40,1972,0.8502232142857142,7.440476190476191e-05,0.002976190476190476,0.3174366616989568,0.6587183308494784,"Operational multi-actor scenario; not causal human behavior, global optimization, filed tariff billing, or site-specific feeder validation.",2013,2013,1143,5520,830,4690,553,40,513,1143,0,0,0,0,0,0,639,1326,3547,168,FullyCompliant,FleetCostOnly,GridPeakPenalty,Cheap-window fleet policy with a grid peak cap.,1260452.326270891,50.0,4600.0,1.0181178804791258,0.9292929292929293,1143,0,0.11402508551881851,0.0,False,True,False,harmful by priority distortion,LeastLaxity,False,False,True,False,True,False,False,False,not_mutually_acceptable,driver_fleet_grid_fail,driver,1143.0,0.0,-4.0,0.9648064810319799,-45977.876107809134,0.9292929292929293,-350.0,0.2582749295598962,0.704225352112676,0.6373240034924819,7.089539518172158,1.0,0.0,2531.0,2013.0,2013.0,518.0,0.0,0.0,0.3174366616989568
multi_actor_v2,multi_actor_v2_caltech_sce_cap35,metro_caltech_sce,campus/workplace,multi-actor compact weekly matrix,35,14,2,2,4502,D_FullyCompliant__F_QueueAware__G_PeakPenalty,multi_actor,97.37742303306727,23,877,97.37742303306727,23,877,55.11628518160744,4409.302814528595,184.0,155.66666666666666,1.1820128479657388,1.1820128479657388,0.8460144927536232,4442610.0,129.6,142,0.0,0.0,10,0.0,0,0,"[11467, 0, 1, 1972]",11467,1,0,1972,0.8531994047619048,7.440476190476191e-05,0.0,0.3035985808413583,0.6720729853015712,"Operational multi-actor scenario; not causal human behavior, global optimization, filed tariff billing, or site-specific feeder validation.",1973,1973,1140,5520,833,4687,1181,0,1181,1140,0,0,0,0,0,0,599,1326,3547,168,FullyCompliant,FleetQueueAware,GridPeakPenalty,Queue-aware fleet policy with a grid peak cap.,1292786.6490581322,50.0,4600.0,0.9681063437859616,0.9292929292929293,1140,0,-0.34207525655644133,0.0,False,False,False,harmful by priority distortion,LeastLaxity,False,False,True,False,True,False,False,False,not_mutually_acceptable,driver_fleet_grid_fail,driver,1140.0,0.0,-4.0,0.9895566151978681,-13643.553320567822,0.9292929292929293,-350.0,0.2623141788024015,0.704225352112676,0.6240928958320262,6.92204497932397,1.0,0.0,2379.0,1973.0,1973.0,406.0,0.0,0.0,0.3035985808413583
multi_actor_v2,multi_actor_v2_caltech_sce_cap35,metro_caltech_sce,campus/workplace,multi-actor compact weekly matrix,35,14,2,2,4502,D_LimitedAttentionP0025__F_ServiceFirst__G_NoGrid,multi_actor,97.6054732041049,21,877,97.6054732041049,21,877,56.74587565714387,4539.67005257151,198.0,43.476190476190474,4.554216867469879,4.554216867469879,0.21957671957671956,631942.0,129.6,13,0.0,0.0,14,0.0,0,0,"[12716, 0, 724, 0]",12716,724,0,0,0.9461309523809524,0.05386904761904762,0.0,0.27348066298342544,0.0,"Operational multi-actor scenario; not causal human behavior, global optimization, filed tariff billing, or site-specific feeder validation.",724,724,0,5519,646,4873,79,78,1,0,0,0,0,0,0,0,198,0,4873,168,LimitedAttentionP0025,FleetServiceFirst,NoGridIncentive,Low-probability missed compliance with service-first fleet recommendation.,1303542.5939065658,71.0,4950.0,0.9967297691844945,1.0,0,0,-0.11402508551881851,0.0,True,True,True,service-tolerated,LeastLaxity,True,True,True,True,True,True,True,True,mutually_acceptable,all_pass,none,0.0,0.0,0.0,0.9977896955636233,-2887.6084721342195,1.0,0.0,1.0106790799561882,1.0,-0.002344877344877344,0.9846308697643836,0.9749999999999999,0.000818452380952381,735.0,735.0,724.0,0.0,0.0,0.0,0.27348066298342544
multi_actor_v2,multi_actor_v2_caltech_sce_cap35,metro_caltech_sce,campus/workplace,multi-actor compact weekly matrix,35,14,2,2,4502,D_LimitedAttentionP005__F_ServiceFirst__G_NoGrid,multi_actor,97.14937286202965,25,877,97.14937286202965,25,877,55.966027003670646,4477.282160293652,198.0,43.142857142857146,4.589403973509933,4.589403973509933,0.21789321789321792,626034.0,129.6,13,0.0,0.0,14,0.0,0,0,"[12724, 0, 716, 0]",12724,716,0,0,0.9467261904761904,0.05327380952380952,0.0,0.2723463687150838,0.0,"Operational multi-actor scenario; not causal human behavior, global optimization, filed tariff billing, or site-specific feeder validation.",716,716,0,5519,636,4883,86,80,6,0,0,0,0,0,0,0,195,0,4883,168,LimitedAttentionP005,FleetServiceFirst,NoGridIncentive,Moderate missed compliance with service-first fleet recommendation.,1282307.9869997702,71.0,4950.0,0.9830318861335463,1.0,0,0,-0.5701254275940641,0.0,False,True,False,fragile,LeastLaxity,False,True,True,True,True,True,True,False,not_mutually_acceptable,driver_only_fail,driver,0.0,0.0,0.0,0.9815357794583981,-24122.21537892986,1.0,0.0,1.0184878587196464,1.0,-0.004028379028378992,0.9754255958965793,0.95,0.002306547619047619,747.0,747.0,716.0,0.0,0.0,0.0,0.2723463687150838
multi_actor_v2,multi_actor_v2_caltech_sce_cap35,metro_caltech_sce,campus/workplace,multi-actor compact weekly matrix,35,14,2,2,4502,D_SoCCompliance__F_ServiceFirst__G_NoGrid,multi_actor,91.56214367160776,74,877,91.56214367160776,74,877,45.95585900219046,3676.4687201752367,212.0,128.08928571428572,1.6550954970026488,1.6550954970026488,0.60419474393531,3364091.0,129.6,91,1751.9999999999993,651.75,20,4.994047619047619,116,30,"[11338, 32, 2070, 0]",11338,2070,32,0,0.8436011904761904,0.15401785714285715,0.002380952380952381,0.2844909609895338,0.6460513796384396,"Operational multi-actor scenario; not causal human behavior, global optimization, filed tariff billing, or site-specific feeder validation.",2102,1692,1512,5519,634,4885,71,70,1,1511,1,140,1979,1415,1241,146,598,1358,3487,168,SoCCompliance,FleetServiceFirst,NoGridIncentive,Compliance probability is higher at low SoC and lower at high SoC.,1012093.4151930975,92.0,5300.0,0.8072053203070433,1.0707070707070707,1511,1241,-6.157354618015958,1751.9999999999993,False,False,False,harmful by under-delivery,LeastLaxity,False,False,True,False,False,False,False,False,not_mutually_acceptable,driver_fleet_grid_fail,driver,1512.0,4.994047619047619,6.0,0.7747014829803499,-294336.7871856025,1.0707070707070707,350.0,0.3673014357525719,1.295774647887324,0.3822731470137131,5.241601044552404,0.770793898809525,0.2222470238095238,423.0,423.0,2102.0,0.0,140.0,0.0,0.2844909609895338
multi_actor_v2,multi_actor_v2_caltech_sce_cap35,metro_caltech_sce,campus/workplace,multi-actor compact weekly matrix,35,14,2,2,4502,D_SoCQueueCompliance__F_ServiceFirst__G_NoGrid,multi_actor,92.36031927023946,67,877,92.36031927023946,67,877,48.58831344512608,3887.0650756100868,212.0,148.17261904761904,1.430763668501185,1.430763668501185,0.6989274483378256,4390775.0,129.6,108,3063.0,1381.5,35,10.238095238095237,238,122,"[10236, 39, 3165, 0]",10236,3165,39,0,0.7616071428571428,0.23549107142857142,0.0029017857142857144,0.26935081148564294,0.6404494382022472,"Operational multi-actor scenario; not causal human behavior, global optimization, filed tariff billing, or site-specific feeder validation.",3204,2045,2592,5519,667,4852,93,68,25,2588,4,147,3122,2529,2862,360,863,2052,2386,168,SoCQueueCompliance,FleetServiceFirst,NoGridIncentive,SoC-dependent compliance with queue-sensitive avoidance for non-critical high-SoC charging.,1107614.6800405043,78.0,5300.0,0.8534438474054545,1.0707070707070707,2588,2862,-5.359179019384257,3063.0,False,False,False,harmful by under-delivery,LeastLaxity,False,False,True,False,False,False,False,False,not_mutually_acceptable,driver_fleet_grid_fail,driver,2592.0,10.238095238095237,21.0,0.8478177234603121,-198815.5223381957,1.0707070707070707,350.0,0.31751735813118526,1.0985915492957747,0.4770058514162287,6.841280698528839,0.5599780505952381,0.4407738095238095,439.0,439.0,3204.0,0.0,147.0,22.0,0.26935081148564294
multi_actor_v2,multi_actor_v2_caltech_sce_cap35,metro_caltech_sce,campus/workplace,multi-actor compact weekly matrix,35,14,2,2,4502,D_PriceSensitive__F_ServiceFirst__G_NoGrid,multi_actor,92.8164196123147,63,877,92.8164196123147,63,877,49.42784352723207,3954.227482178566,212.0,116.35714285714286,1.821976672805402,1.821976672805402,0.5488544474393531,2893058.0,129.6,78,1865.9999999999995,1096.5,27,7.982142857142857,193,121,"[11119, 1, 2320, 0]",11119,2320,1,0,0.8273065476190476,0.17261904761904762,7.440476190476191e-05,0.14045669969840585,0.5101249461439035,"Operational multi-actor scenario; not causal human behavior, global optimization, filed tariff billing, or site-specific feeder validation.",2321,1521,1720,5519,671,4848,108,66,42,1719,0,126,2129,1609,2132,314,326,1184,3265,168,PriceSensitive,FleetServiceFirst,NoGridIncentive,"Driver layer biases actual requests toward cheap windows, bounded by critical/low-SoC need.",1099431.838848468,90.19999999999993,5300.0,0.8681900226167908,1.0707070707070707,1719,2132,-4.903078677309011,1865.9999999999995,False,False,False,harmful by under-delivery,LeastLaxity,False,False,True,False,False,False,False,False,not_mutually_acceptable,driver_fleet_grid_fail,driver,1720.0,7.982142857142857,13.0,0.8415542115044975,-206998.3635302321,1.0707070707070707,350.0,0.4043359727828727,1.2704225352112666,0.32693285051775617,4.507683007014581,0.6374999999999998,0.36034226190476193,478.0,478.0,2321.0,0.0,126.0,0.0,0.14045669969840585
multi_actor_v2,multi_actor_v2_caltech_sce_cap35,metro_caltech_sce,campus/workplace,multi-actor compact weekly matrix,35,14,2,2,4502,D_ReserveSeeking__F_ServiceFirst__G_NoGrid,multi_actor,94.2987457240593,50,877,94.2987457240593,50,877,51.65894976812899,4132.715981450319,198.0,63.70238095238095,3.108204074004859,3.108204074004859,0.3217291967291967,1055900.0,129.6,18,602.9999999999998,305.25,17,2.392857142857143,63,5,"[12363, 11, 1066, 0]",12363,1066,11,0,0.9198660714285715,0.07931547619047619,0.000818452380952381,0.27019498607242337,0.34168987929433614,"Operational multi-actor scenario; not causal human behavior, global optimization, filed tariff billing, or site-specific feeder validation.",1077,976,468,5519,667,4852,78,78,0,468,0,103,823,377,494,68,291,368,4520,168,ReserveSeeking,FleetServiceFirst,NoGridIncentive,Driver layer maintains a higher reserve threshold than the fleet recommendation assumes.,1140785.8127050349,83.89999999999992,4950.0,0.9073789501425802,1.0,468,494,-3.4207525655644133,602.9999999999998,False,False,False,harmful by under-delivery,LeastLaxity,False,False,True,False,True,False,False,False,not_mutually_acceptable,driver_fleet_grid_fail,driver,468.0,2.392857142857143,3.0,0.8732083892640679,-165644.38967366517,1.0,0.0,0.6897776116613716,1.1816901408450693,0.09980759980759979,1.6452011978697614,0.9000000000000001,0.10625,527.0,527.0,1077.0,0.0,103.0,0.0,0.27019498607242337
multi_actor_v2,multi_actor_v2_caltech_sce_cap35,metro_caltech_sce,campus/workplace,multi-actor compact weekly matrix,35,14,2,2,4502,D_UrgencyDriven__F_ServiceFirst__G_NoGrid,multi_actor,97.03534777651083,26,877,97.03534777651083,26,877,55.977997643543496,4478.23981148348,198.0,64.64880952380952,3.0627014087100637,3.0627014087100637,0.32650913900913897,1094721.0,129.6,22,60.0,9.0,15,0.07142857142857142,2,0,"[12468, 0, 616, 356]",12468,616,0,356,0.9276785714285715,0.04583333333333333,0.0,0.2788065843621399,0.2777777777777778,"Operational multi-actor scenario; not causal human behavior, global optimization, filed tariff billing, or site-specific feeder validation.",972,968,214,5519,687,4832,81,79,2,214,0,13,96,24,13,2,271,270,4626,168,UrgencyDriven,FleetServiceFirst,NoGridIncentive,Driver layer prioritizes deadline/urgent charging pressure over the fleet recommendation.,1277828.5947291108,104.89999999999992,4950.0,0.9832421479892193,1.0,214,13,-0.6841505131128827,60.0,False,True,False,harmful by priority distortion,LeastLaxity,False,False,True,False,True,False,False,False,not_mutually_acceptable,driver_fleet_grid_fail,driver,214.0,0.07142857142857142,1.0,0.9781070526404607,-28601.60764958919,1.0,0.0,0.6796795875149617,1.4774647887323933,0.10458754208754206,1.7056883232627928,0.8499999999999999,0.15111607142857142,716.0,716.0,972.0,0.0,13.0,0.0,0.2788065843621399
multi_actor_v2,multi_actor_v2_caltech_sce_cap35,metro_caltech_sce,campus/workplace,multi-actor compact weekly matrix,35,14,2,2,4502,D_PriceSensitive__F_QueueAware__G_PeakPenalty,multi_actor,92.8164196123147,63,877,92.8164196123147,63,877,48.79275214791554,3903.4201718332433,212.0,167.10714285714286,1.2686471468262448,1.2686471468262448,0.7882412398921833,5170076.0,129.6,141,2100.0,1209.75,29,8.857142857142858,220,125,"[10271, 24, 2081, 1064]",10271,2081,24,1064,0.7642113095238096,0.15483630952380953,0.0017857142857142857,0.21741874408330703,0.6361628273903439,"Operational multi-actor scenario; not causal human behavior, global optimization, filed tariff billing, or site-specific feeder validation.",3169,2266,2539,5519,730,4789,567,26,541,2537,2,140,2863,2327,2372,345,689,2016,2374,168,PriceSensitive,FleetQueueAware,GridPeakPenalty,"Full interaction: price-sensitive driver response, queue-aware fleet policy, and grid peak cap.",1065975.7426763196,50.0,5300.0,0.8570347716564941,1.0707070707070707,2537,2372,-4.903078677309011,2100.0,False,False,False,harmful by under-delivery,LeastLaxity,False,False,True,False,False,False,False,False,not_mutually_acceptable,driver_fleet_grid_fail,driver,2539.0,8.857142857142858,15.0,0.8159454219103556,-240454.45970238047,1.0707070707070707,350.0,0.28154020075370784,0.704225352112676,0.5663196429705863,8.055512101787768,0.6374999999999998,0.3621279761904762,1799.0,1590.0,3169.0,209.0,140.0,0.0,0.21741874408330703
multi_actor_v2,multi_actor_v2_caltech_sce_cap35,metro_caltech_sce,campus/workplace,multi-actor compact weekly matrix,35,14,2,2,4502,D_SoCCompliance__F_QueueAware__G_PeakPenalty,multi_actor,91.9042189281642,71,877,91.9042189281642,71,877,46.31668178534651,3705.3345428277207,212.0,171.71428571428572,1.2346089850249584,1.2346089850249584,0.8099730458221025,5433174.0,129.6,144,2163.0,747.75,22,5.720238095238095,133,36,"[10588, 60, 1848, 944]",10588,1848,60,944,0.787797619047619,0.1375,0.004464285714285714,0.29417952314165496,0.7482468443197756,"Operational multi-actor scenario; not causal human behavior, global optimization, filed tariff billing, or site-specific feeder validation.",2852,2352,2229,5519,685,4834,183,53,130,2219,10,144,2679,2079,1444,169,839,2134,2727,168,SoCCompliance,FleetQueueAware,GridPeakPenalty,"Full interaction: SoC-dependent compliance, queue-aware fleet policy, and grid peak cap.",1022456.6877660992,57.0,5300.0,0.8135430991360209,1.0707070707070707,2219,1444,-5.815279361459517,2163.0,False,False,False,harmful by under-delivery,LeastLaxity,False,False,True,False,False,False,False,False,not_mutually_acceptable,driver_fleet_grid_fail,driver,2229.0,5.720238095238095,8.0,0.7826339944563803,-283973.5146126008,1.0707070707070707,350.0,0.2739863975304907,0.8028169014084507,0.5880514489005055,8.46544594472473,0.772356398809523,0.23511904761904762,1715.0,1528.0,2852.0,187.0,144.0,0.0,0.29417952314165496
multi_actor_v2,multi_actor_v2_caltech_sce_cap35,metro_caltech_sce,campus/workplace,multi-actor compact weekly matrix,35,14,2,2,4503,LeastLaxity,anchor,94.79166666666666,45,864,94.79166666666666,45,864,47.67693989451972,3814.1551915615773,198.0,40.535714285714285,4.884581497797357,4.884581497797357,0.20472582972582973,529846.0,129.6,6,0.0,0.0,14,0.0,0,0,"[12848, 0, 592, 0]",12848,592,0,0,0.955952380952381,0.04404761904761905,0.0,0.28378378378378377,0.0,"Behavior Applied Energy package v1; behavior proxies are imposed perturbations, not measured traits.",592,592,0,4795,542,4253,50,50,0,0,0,0,0,0,0,0,168,0,4253,168,FullyCompliant,FleetServiceFirst,NoGridIncentive,LeastLaxity anchor used for paired thresholds.,1071033.667886319,64.0,4950.0,1.0,1.0,0,0,0.0,0.0,True,True,True,anchor,LeastLaxity,True,True,True,True,True,True,True,True,mutually_acceptable,all_pass,none,0.0,0.0,0.0,1.0,0.0,1.0,0.0,1.0,1.0,0.0,1.0,,,,,,,,,
multi_actor_v2,multi_actor_v2_caltech_sce_cap35,metro_caltech_sce,campus/workplace,multi-actor compact weekly matrix,35,14,2,2,4503,D_FullyCompliant__F_ServiceFirst__G_NoGrid,multi_actor,94.79166666666666,45,864,94.79166666666666,45,864,47.67693989451972,3814.1551915615773,198.0,40.535714285714285,4.884581497797357,4.884581497797357,0.20472582972582973,529846.0,129.6,6,0.0,0.0,14,0.0,0,0,"[12848, 0, 592, 0]",12848,592,0,0,0.955952380952381,0.04404761904761905,0.0,0.28378378378378377,0.0,"Operational multi-actor scenario; not causal human behavior, global optimization, filed tariff billing, or site-specific feeder validation.",592,592,0,4795,542,4253,50,50,0,0,0,0,0,0,0,0,168,0,4253,168,FullyCompliant,FleetServiceFirst,NoGridIncentive,"Baseline multi-actor row: least-laxity service-first fleet recommendation, fully compliant driver layer, no grid incentive.",1071033.667886319,64.0,4950.0,1.0,1.0,0,0,0.0,0.0,True,True,True,service-tolerated,LeastLaxity,True,True,True,True,True,True,True,True,mutually_acceptable,all_pass,none,0.0,0.0,0.0,1.0,0.0,1.0,0.0,1.0,1.0,0.0,1.0,1.0,0.0,592.0,592.0,592.0,0.0,0.0,0.0,0.28378378378378377
multi_actor_v2,multi_actor_v2_caltech_sce_cap35,metro_caltech_sce,campus/workplace,multi-actor compact weekly matrix,35,14,2,2,4503,D_FullyCompliant__F_CostOnly__G_NoGrid,multi_actor,95.94907407407408,35,864,95.94907407407408,35,864,47.792684290647145,3823.4147432517716,212.0,164.14880952380952,1.2915110418102043,1.2915110418102043,0.77428683737646,4991951.0,129.6,132,2.9999999999998295,3.0,14,0.023809523809523808,0,0,"[11413, 32, 0, 1995]",11413,0,32,1995,0.8491815476190476,0.0,0.002380952380952381,0.35372471632955105,0.726689689195856,"Operational multi-actor scenario; not causal human behavior, global optimization, filed tariff billing, or site-specific feeder validation.",2027,2023,1339,4795,660,4135,161,28,133,1335,4,5,57,27,8,0,717,1473,2800,168,FullyCompliant,FleetCostOnly,NoGridIncentive,Fleet shifts discretionary charging to cheap windows without an explicit grid guardrail.,1047644.0817028485,28.0,5300.0,1.002427680895282,1.0707070707070707,1335,8,1.157407407407419,2.9999999999998295,True,True,False,harmful by priority distortion,LeastLaxity,False,False,True,False,False,False,False,False,not_mutually_acceptable,driver_fleet_grid_fail,driver,1339.0,0.023809523809523808,0.0,0.9781616704639828,-23389.586183470557,1.0707070707070707,350.0,0.26440566963466483,0.4375,0.5695610076506302,9.421513043412615,1.0,0.0,2027.0,2027.0,2027.0,0.0,5.0,0.0,0.35372471632955105
multi_actor_v2,multi_actor_v2_caltech_sce_cap35,metro_caltech_sce,campus/workplace,multi-actor compact weekly matrix,35,14,2,2,4503,D_FullyCompliant__F_ServiceCostly__G_NoGrid,multi_actor,95.13888888888889,42,864,95.13888888888889,42,864,46.98139036900141,3758.511229520113,212.0,120.61309523809524,1.757686423530573,1.757686423530573,0.5689296945193172,3426851.0,129.6,96,182.99999999999983,50.25,14,0.39880952380952384,17,0,"[11914, 0, 511, 1015]",11914,511,0,1015,0.8864583333333333,0.03802083333333333,0.0,0.10222804718217562,0.6199213630406291,"Operational multi-actor scenario; not causal human behavior, global optimization, filed tariff billing, or site-specific feeder validation.",1526,1488,885,4795,630,4165,72,40,32,877,0,70,918,581,94,17,156,946,3315,168,FullyCompliant,FleetServiceCostly,NoGridIncentive,"Fleet preserves urgent service but shifts discretionary charging away from cheap windows, creating a fleet economic stress case.",1061018.4854993026,151.49999999999983,5300.0,0.985411196124224,1.0707070707070707,877,94,0.34722222222222854,182.99999999999983,False,True,False,harmful by priority distortion,LeastLaxity,False,False,True,False,False,False,False,False,not_mutually_acceptable,driver_fleet_grid_fail,driver,885.0,0.39880952380952384,0.0,0.9906490498970202,-10015.18238701648,1.0707070707070707,350.0,0.3598438114551227,2.3671874999999973,0.36420386479348743,6.467635879104495,1.0,0.0,1526.0,1526.0,1526.0,0.0,70.0,0.0,0.10222804718217562
multi_actor_v2,multi_actor_v2_caltech_sce_cap35,metro_caltech_sce,campus/workplace,multi-actor compact weekly matrix,35,14,2,2,4503,D_FullyCompliant__F_QueueAware__G_NoGrid,multi_actor,95.37037037037037,40,864,95.37037037037037,40,864,45.60125378240046,3648.1003025920368,212.0,162.89285714285714,1.3014689761017322,1.3014689761017322,0.7683625336927223,4940038.0,129.6,131,0.0,0.0,14,0.0,0,0,"[11441, 0, 0, 1999]",11441,0,0,1999,0.851264880952381,0.0,0.0,0.344672336168084,0.7388694347173587,"Operational multi-actor scenario; not causal human behavior, global optimization, filed tariff billing, or site-specific feeder validation.",1999,1999,1338,4795,661,4134,689,0,689,1338,0,0,0,0,0,0,689,1477,2796,168,FullyCompliant,FleetQueueAware,NoGridIncentive,Fleet suppresses non-urgent/high-SoC requests under queue pressure.,1020289.5830032638,28.0,5300.0,0.9564635205885382,1.0707070707070707,1338,0,0.5787037037037095,0.0,False,False,False,harmful by priority distortion,LeastLaxity,False,False,True,False,False,False,False,False,not_mutually_acceptable,driver_fleet_grid_fail,driver,1338.0,0.0,0.0,0.9526213914608319,-50744.0848830553,1.0707070707070707,350.0,0.2664443159948532,0.4375,0.5636367039668926,9.323535517867455,1.0,0.0,1999.0,1999.0,1999.0,0.0,0.0,0.0,0.344672336168084
multi_actor_v2,multi_actor_v2_caltech_sce_cap35,metro_caltech_sce,campus/workplace,multi-actor compact weekly matrix,35,14,2,2,4503,D_FullyCompliant__F_AvailabilityFocused__G_NoGrid,multi_actor,95.48611111111111,39,864,95.48611111111111,39,864,47.63518429064714,3810.8147432517712,212.0,165.41666666666666,1.2816120906801007,1.2816120906801007,0.7802672955974842,5031702.0,129.6,133,0.0,0.0,14,0.0,0,0,"[11405, 0, 36, 1999]",11405,36,0,1999,0.8485863095238095,0.0026785714285714286,0.0,0.342014742014742,0.7307125307125307,"Operational multi-actor scenario; not causal human behavior, global optimization, filed tariff billing, or site-specific feeder validation.",2035,2035,1348,4795,651,4144,172,36,136,1348,0,0,0,0,0,0,696,1487,2796,168,FullyCompliant,FleetAvailabilityFocused,NoGridIncentive,Fleet maintains a higher readiness reserve for vehicles with likely upcoming needs.,1069664.9609307307,28.0,5300.0,0.9991241970653956,1.0707070707070707,1348,0,0.6944444444444571,0.0,True,True,False,harmful by priority distortion,LeastLaxity,False,False,True,False,False,False,False,False,not_mutually_acceptable,driver_fleet_grid_fail,driver,1348.0,0.0,0.0,0.9987220691593295,-1368.7069555884227,1.0707070707070707,350.0,0.26237909865113895,0.4375,0.5755414658716544,9.496536729540281,1.0,0.0,2035.0,2035.0,2035.0,0.0,0.0,0.0,0.342014742014742
multi_actor_v2,multi_actor_v2_caltech_sce_cap35,metro_caltech_sce,campus/workplace,multi-actor compact weekly matrix,35,14,2,2,4503,D_FullyCompliant__F_ServiceFirst__G_PeakPenalty,multi_actor,94.79166666666666,45,864,94.79166666666666,45,864,47.67693989451972,3814.1551915615773,170.0,40.535714285714285,4.1938325991189425,4.1938325991189425,0.2384453781512605,506004.0,129.6,6,0.0,0.0,10,0.0,0,0,"[12848, 0, 592, 0]",12848,592,0,0,0.955952380952381,0.04404761904761905,0.0,0.27533783783783783,0.0,"Operational multi-actor scenario; not causal human behavior, global optimization, filed tariff billing, or site-specific feeder validation.",592,592,0,4795,542,4253,50,50,0,0,0,0,0,0,0,0,163,0,4253,168,FullyCompliant,FleetServiceFirst,GridPeakPenalty,Service-first fleet recommendation with an action-changing peak cap.,1074728.974395753,64.0,4250.0,1.0,0.8585858585858586,0,0,0.0,0.0,True,True,True,service-tolerated,LeastLaxity,True,True,True,True,True,True,True,True,mutually_acceptable,all_pass,none,0.0,0.0,-4.0,1.003450224414258,3695.30650943378,0.8585858585858586,-700.0,0.8585858585858586,1.0,0.03371954842543076,0.9550020194547095,1.0,0.0,610.0,592.0,592.0,18.0,0.0,0.0,0.27533783783783783
multi_actor_v2,multi_actor_v2_caltech_sce_cap35,metro_caltech_sce,campus/workplace,multi-actor compact weekly matrix,35,14,2,2,4503,D_FullyCompliant__F_CostOnly__G_PeakPenalty,multi_actor,95.94907407407408,35,864,95.94907407407408,35,864,47.65977541209435,3812.782032967548,184.0,154.07142857142858,1.1942512749188687,1.1942512749188687,0.8373447204968945,4317126.0,129.6,132,0.0,0.0,10,0.0,0,0,"[11665, 25, 0, 1750]",11665,0,25,1750,0.8679315476190477,0.0,0.0018601190476190475,0.3256338028169014,0.691830985915493,"Operational multi-actor scenario; not causal human behavior, global optimization, filed tariff billing, or site-specific feeder validation.",1775,1775,1090,4795,660,4135,289,25,264,1090,0,0,0,0,0,0,578,1228,3045,168,FullyCompliant,FleetCostOnly,GridPeakPenalty,Cheap-window fleet policy with a grid peak cap.,1047050.1814845676,18.89999999999992,4600.0,0.999639983554663,0.9292929292929293,1090,0,1.157407407407419,0.0,True,True,False,harmful by priority distortion,LeastLaxity,False,False,True,False,True,False,False,False,not_mutually_acceptable,driver_fleet_grid_fail,driver,1090.0,0.0,-4.0,0.9776071592136941,-23983.48640175152,0.9292929292929293,-350.0,0.24449408315889537,0.29531249999999876,0.6326188907710647,8.147888254322954,1.0,0.0,2069.0,1775.0,1775.0,294.0,0.0,0.0,0.3256338028169014
multi_actor_v2,multi_actor_v2_caltech_sce_cap35,metro_caltech_sce,campus/workplace,multi-actor compact weekly matrix,35,14,2,2,4503,D_FullyCompliant__F_QueueAware__G_PeakPenalty,multi_actor,95.37037037037037,40,864,95.37037037037037,40,864,45.60125378240046,3648.1003025920368,184.0,152.51785714285714,1.2064161105256996,1.2064161105256996,0.8289013975155279,4257405.0,129.6,131,0.0,0.0,10,0.0,0,0,"[11690, 0, 0, 1750]",11690,0,0,1750,0.8697916666666666,0.0,0.0,0.316,0.7022857142857143,"Operational multi-actor scenario; not causal human behavior, global optimization, filed tariff billing, or site-specific feeder validation.",1750,1750,1090,4795,660,4135,689,0,689,1090,0,0,0,0,0,0,553,1229,3045,168,FullyCompliant,FleetQueueAware,GridPeakPenalty,Queue-aware fleet policy with a grid peak cap.,1019915.7184968792,14.0,4600.0,0.9564635205885382,0.9292929292929293,1090,0,0.5787037037037095,0.0,False,False,False,harmful by priority distortion,LeastLaxity,False,False,True,False,True,False,False,False,not_mutually_acceptable,driver_fleet_grid_fail,driver,1090.0,0.0,-4.0,0.952272322596244,-51117.94938943989,0.9292929292929293,-350.0,0.24698453922198216,0.21875,0.6241755677896982,8.03517437142113,1.0,0.0,1999.0,1750.0,1750.0,249.0,0.0,0.0,0.316
multi_actor_v2,multi_actor_v2_caltech_sce_cap35,metro_caltech_sce,campus/workplace,multi-actor compact weekly matrix,35,14,2,2,4503,D_LimitedAttentionP0025__F_ServiceFirst__G_NoGrid,multi_actor,94.67592592592592,46,864,94.67592592592592,46,864,47.204439894519716,3776.355191561577,198.0,40.24404761904762,4.91998225114628,4.91998225114628,0.20325276575276577,520081.0,129.6,5,0.0,0.0,14,0.0,0,0,"[12855, 0, 585, 0]",12855,585,0,0,0.9564732142857143,0.04352678571428571,0.0,0.28717948717948716,0.0,"Operational multi-actor scenario; not causal human behavior, global optimization, filed tariff billing, or site-specific feeder validation.",585,585,0,4795,535,4260,51,50,1,0,0,0,0,0,0,0,168,0,4260,168,LimitedAttentionP0025,FleetServiceFirst,NoGridIncentive,Low-probability missed compliance with service-first fleet recommendation.,1054459.5646155574,68.89999999999992,4950.0,0.9900895485103415,1.0,0,0,-0.11574074074073337,0.0,True,True,True,service-tolerated,LeastLaxity,True,True,True,True,True,True,True,True,mutually_acceptable,all_pass,none,0.0,0.0,0.0,0.9845251332729151,-16574.10327076167,1.0,0.0,1.0072474486022778,1.0765624999999988,-0.0014730639730639594,0.9815701165999177,0.9749999999999999,0.0010416666666666667,599.0,599.0,585.0,0.0,0.0,0.0,0.28717948717948716
multi_actor_v2,multi_actor_v2_caltech_sce_cap35,metro_caltech_sce,campus/workplace,multi-actor compact weekly matrix,35,14,2,2,4503,D_LimitedAttentionP005__F_ServiceFirst__G_NoGrid,multi_actor,93.98148148148148,52,864,93.98148148148148,52,864,46.57443989451971,3725.955191561577,198.0,39.61309523809524,4.998347107438017,4.998347107438017,0.2000661375661376,518253.0,129.6,6,0.0,0.0,14,0.0,0,0,"[12864, 0, 576, 0]",12864,576,0,0,0.9571428571428572,0.04285714285714286,0.0,0.2934027777777778,0.0,"Operational multi-actor scenario; not causal human behavior, global optimization, filed tariff billing, or site-specific feeder validation.",576,576,0,4795,526,4269,52,50,2,0,0,0,0,0,0,0,169,0,4269,168,LimitedAttentionP005,FleetServiceFirst,NoGridIncentive,Moderate missed compliance with service-first fleet recommendation.,1036422.7894264605,81.49999999999983,4950.0,0.9768756131907967,1.0,0,0,-0.8101851851851762,0.0,False,False,False,fragile,LeastLaxity,False,True,True,True,True,False,False,False,not_mutually_acceptable,driver_grid_fail,driver,0.0,0.0,0.0,0.9676846027369401,-34610.87845985859,1.0,0.0,1.023290758827949,1.2734374999999973,-0.0046596921596921415,0.9781200575261491,0.95,0.0020089285714285712,603.0,603.0,576.0,0.0,0.0,0.0,0.2934027777777778
multi_actor_v2,multi_actor_v2_caltech_sce_cap35,metro_caltech_sce,campus/workplace,multi-actor compact weekly matrix,35,14,2,2,4503,D_SoCCompliance__F_ServiceFirst__G_NoGrid,multi_actor,86.80555555555556,114,864,86.80555555555556,114,864,38.81420945404677,3105.1367563237413,198.0,116.24404761904762,1.7033130216600951,1.7033130216600951,0.5870911495911496,2798493.0,129.6,101,1829.9999999999982,623.25,24,4.767857142857143,107,30,"[11812, 21, 1607, 0]",11812,1607,21,0,0.8788690476190476,0.11956845238095239,0.0015625,0.2880835380835381,0.6240786240786241,"Operational multi-actor scenario; not causal human behavior, global optimization, filed tariff billing, or site-specific feeder validation.",1628,1248,1182,4795,519,4276,57,42,15,1172,8,134,1532,1140,1173,137,469,1016,3218,168,SoCCompliance,FleetServiceFirst,NoGridIncentive,Compliance probability is higher at low SoC and lower at high SoC.,834693.0519349293,83.59999999999991,4950.0,0.814108655881002,1.0,1172,1173,-7.9861111111111,1829.9999999999982,False,False,False,harmful by under-delivery,LeastLaxity,False,False,True,False,True,False,False,False,not_mutually_acceptable,driver_fleet_grid_fail,driver,1182.0,4.767857142857143,10.0,0.7793340928135274,-236340.61595138977,1.0,0.0,0.34871217164217316,1.3062499999999986,0.38236531986531985,5.281710157290987,0.8033954613095238,0.19248511904761906,325.0,325.0,1628.0,0.0,134.0,0.0,0.2880835380835381
multi_actor_v2,multi_actor_v2_caltech_sce_cap35,metro_caltech_sce,campus/workplace,multi-actor compact weekly matrix,35,14,2,2,4503,D_SoCQueueCompliance__F_ServiceFirst__G_NoGrid,multi_actor,88.54166666666666,99,864,88.54166666666666,99,864,42.18160907855653,3374.5287262845222,212.0,138.20238095238096,1.5339822551468687,1.5339822551468687,0.6518980233602876,3695114.0,129.6,115,3428.9999999999995,1344.0,32,9.892857142857142,221,130,"[10809, 28, 2603, 0]",10809,2603,28,0,0.8042410714285714,0.19367559523809524,0.0020833333333333333,0.24743443557582667,0.5769669327251995,"Operational multi-actor scenario; not causal human behavior, global optimization, filed tariff billing, or site-specific feeder validation.",2631,1560,2167,4795,558,4237,62,39,23,2159,8,150,2567,2127,2730,351,651,1518,2208,168,SoCQueueCompliance,FleetServiceFirst,NoGridIncentive,SoC-dependent compliance with queue-sensitive avoidance for non-critical high-SoC charging.,905495.8065715195,57.0,5300.0,0.8847381810132731,1.0707070707070707,2159,2730,-6.25,3428.9999999999995,False,False,False,harmful by under-delivery,LeastLaxity,False,False,True,False,False,False,False,False,not_mutually_acceptable,driver_fleet_grid_fail,driver,2167.0,9.892857142857142,18.0,0.8454410292801645,-165537.86131479964,1.0707070707070707,350.0,0.3140457899696421,0.890625,0.4471721936344578,6.9739395975434375,0.5957139136904761,0.39561011904761906,282.0,282.0,2631.0,0.0,150.0,13.0,0.24743443557582667
multi_actor_v2,multi_actor_v2_caltech_sce_cap35,metro_caltech_sce,campus/workplace,multi-actor compact weekly matrix,35,14,2,2,4503,D_PriceSensitive__F_ServiceFirst__G_NoGrid,multi_actor,89.69907407407408,89,864,89.69907407407408,89,864,42.89614779475808,3431.691823580646,198.0,114.30357142857143,1.7322293391657553,1.7322293391657553,0.5772907647907648,2685017.0,129.6,90,1931.9999999999993,1179.0,33,8.523809523809524,203,140,"[11364, 1, 2075, 0]",11364,2075,1,0,0.8455357142857143,0.15438988095238096,7.440476190476191e-05,0.13535645472061658,0.4388246628131021,"Operational multi-actor scenario; not causal human behavior, global optimization, filed tariff billing, or site-specific feeder validation.",2076,1183,1598,4795,568,4227,76,40,36,1596,0,127,1916,1526,2322,343,281,911,2759,168,PriceSensitive,FleetServiceFirst,NoGridIncentive,"Driver layer biases actual requests toward cheap windows, bounded by critical/low-SoC need.",911909.2865582439,64.0,4950.0,0.8997252736786663,1.0,1596,2322,-5.092592592592581,1931.9999999999993,False,False,False,harmful by under-delivery,LeastLaxity,False,False,True,False,True,False,False,False,not_mutually_acceptable,driver_fleet_grid_fail,driver,1598.0,8.523809523809524,19.0,0.8514291510162266,-159124.3813280752,1.0,0.0,0.35463208873613494,1.0,0.37256493506493504,5.067542266998335,0.6374999999999998,0.36101190476190476,343.0,343.0,2076.0,0.0,127.0,0.0,0.13535645472061658
multi_actor_v2,multi_actor_v2_caltech_sce_cap35,metro_caltech_sce,campus/workplace,multi-actor compact weekly matrix,35,14,2,2,4503,D_ReserveSeeking__F_ServiceFirst__G_NoGrid,multi_actor,90.50925925925925,82,864,90.50925925925925,82,864,43.02251876445233,3441.8015011561865,198.0,63.42261904761905,3.121914594087283,3.121914594087283,0.32031625781625783,1053715.0,129.6,15,542.9999999999998,276.75,15,2.1785714285714284,64,3,"[12599, 2, 839, 0]",12599,839,2,0,0.9374255952380952,0.06242559523809524,0.00014880952380952382,0.28656361474435194,0.28894173602853745,"Operational multi-actor scenario; not causal human behavior, global optimization, filed tariff billing, or site-specific feeder validation.",841,742,376,4795,540,4255,46,44,2,375,0,95,617,321,456,67,241,243,3999,168,ReserveSeeking,FleetServiceFirst,NoGridIncentive,Driver layer maintains a higher reserve threshold than the fleet recommendation assumes.,928345.1665399936,100.0,4950.0,0.9023758416466154,1.0,375,456,-4.282407407407405,542.9999999999998,False,False,False,harmful by under-delivery,LeastLaxity,False,False,True,False,True,False,False,False,not_mutually_acceptable,driver_fleet_grid_fail,driver,376.0,2.1785714285714284,1.0,0.8667749617732179,-142688.5013463255,1.0,0.0,0.6391365556076959,1.5625,0.1155904280904281,1.9887193637396527,0.9000000000000001,0.09806547619047619,401.0,401.0,841.0,0.0,95.0,0.0,0.28656361474435194
multi_actor_v2,multi_actor_v2_caltech_sce_cap35,metro_caltech_sce,campus/workplace,multi-actor compact weekly matrix,35,14,2,2,4503,D_UrgencyDriven__F_ServiceFirst__G_NoGrid,multi_actor,94.9074074074074,44,864,94.9074074074074,44,864,46.39108272901171,3711.2866183209367,198.0,57.42857142857143,3.4477611940298507,3.4477611940298507,0.29004329004329005,847548.0,129.6,12,62.99999999999983,13.5,15,0.10714285714285714,3,0,"[12671, 0, 486, 283]",12671,486,0,283,0.942782738095238,0.03616071428571429,0.0,0.31209362808842656,0.270481144343303,"Operational multi-actor scenario; not causal human behavior, global optimization, filed tariff billing, or site-specific feeder validation.",769,764,172,4795,561,4234,53,49,4,171,0,19,128,36,19,3,240,208,4075,168,UrgencyDriven,FleetServiceFirst,NoGridIncentive,Driver layer prioritizes deadline/urgent charging pressure over the fleet recommendation.,1035630.1878750606,97.89999999999992,4950.0,0.9730297882298479,1.0,171,19,0.11574074074074758,62.99999999999983,False,False,False,harmful by priority distortion,LeastLaxity,False,False,True,False,True,False,False,False,not_mutually_acceptable,driver_fleet_grid_fail,driver,172.0,0.10714285714285714,1.0,0.9669445685296456,-35403.48001125851,1.0,0.0,0.7058457711442786,1.5296874999999988,0.08531746031746032,1.5996119627212435,0.8499999999999999,0.14836309523809524,570.0,570.0,769.0,0.0,19.0,0.0,0.31209362808842656
multi_actor_v2,multi_actor_v2_caltech_sce_cap35,metro_caltech_sce,campus/workplace,multi-actor compact weekly matrix,35,14,2,2,4503,D_PriceSensitive__F_QueueAware__G_PeakPenalty,multi_actor,90.50925925925925,82,864,90.50925925925925,82,864,41.90664806179668,3352.5318449437345,212.0,156.42857142857142,1.3552511415525115,1.3552511415525115,0.7378706199460916,4487784.0,129.6,132,2223.0,1230.75,32,8.946428571428571,210,138,"[10695, 16, 1830, 899]",10695,1830,16,899,0.7957589285714286,0.13616071428571427,0.0011904761904761906,0.21092896174863388,0.595264116575592,"Operational multi-actor scenario; not causal human behavior, global optimization, filed tariff billing, or site-specific feeder validation.",2745,1850,2273,4795,589,4206,449,18,431,2270,3,149,2604,2196,2392,348,579,1634,2066,168,PriceSensitive,FleetQueueAware,GridPeakPenalty,"Full interaction: price-sensitive driver response, queue-aware fleet policy, and grid peak cap.",888067.9840724906,32.89999999999992,5300.0,0.8789710110277796,1.0707070707070707,2270,2392,-4.282407407407405,2223.0,False,False,False,harmful by under-delivery,LeastLaxity,False,False,True,False,False,False,False,False,not_mutually_acceptable,driver_fleet_grid_fail,driver,2273.0,8.946428571428571,18.0,0.8291690641481788,-182965.6838138285,1.0707070707070707,350.0,0.27745491444121584,0.5140624999999988,0.5331447902202618,8.469978069099323,0.6374999999999998,0.3566964285714286,1537.0,1376.0,2745.0,161.0,149.0,0.0,0.21092896174863388
multi_actor_v2,multi_actor_v2_caltech_sce_cap35,metro_caltech_sce,campus/workplace,multi-actor compact weekly matrix,35,14,2,2,4503,D_SoCCompliance__F_QueueAware__G_PeakPenalty,multi_actor,86.45833333333334,117,864,86.45833333333334,117,864,39.74259418526144,3179.407534820915,212.0,158.88690476190476,1.334282396133818,1.334282396133818,0.7494665318957772,4647601.0,129.6,131,2234.999999999999,706.5,23,5.357142857142857,106,42,"[11114, 33, 1413, 880]",11114,1413,33,880,0.8269345238095238,0.10513392857142857,0.002455357142857143,0.2936371453138435,0.7317282889079966,"Operational multi-actor scenario; not causal human behavior, global optimization, filed tariff billing, or site-specific feeder validation.",2326,1909,1871,4795,558,4237,112,30,82,1864,7,138,2169,1772,1311,148,683,1702,2502,168,SoCCompliance,FleetQueueAware,GridPeakPenalty,"Full interaction: SoC-dependent compliance, queue-aware fleet policy, and grid peak cap.",835428.1304933309,38.49999999999983,5300.0,0.8335810618967535,1.0707070707070707,1864,1311,-8.333333333333314,2234.999999999999,False,False,False,harmful by under-delivery,LeastLaxity,False,False,True,False,False,False,False,False,not_mutually_acceptable,driver_fleet_grid_fail,driver,1871.0,5.357142857142857,9.0,0.7800204190985379,-235605.53739298822,1.0707070707070707,350.0,0.2731620706370641,0.6015624999999973,0.5447407021699474,8.771607221721029,0.8006078869047614,0.19806547619047618,1514.0,1372.0,2326.0,142.0,138.0,0.0,0.2936371453138435
multi_actor_v2,multi_actor_v2_caltech_sce_cap35,metro_caltech_sce,campus/workplace,multi-actor compact weekly matrix,35,14,2,2,4504,LeastLaxity,anchor,97.55813953488372,21,860,97.55813953488372,21,860,66.70748490945437,5336.598792756349,212.0,61.18452380952381,3.464928494989785,3.464928494989785,0.2886062443845463,1144897.0,129.6,28,0.0,0.0,14,0.0,0,0,"[12635, 0, 805, 0]",12635,805,0,0,0.9401041666666666,0.059895833333333336,0.0,0.2360248447204969,0.0,"Behavior Applied Energy package v1; behavior proxies are imposed perturbations, not measured traits.",805,805,0,6129,719,5410,93,86,7,0,0,0,0,0,0,0,190,0,5410,168,FullyCompliant,FleetServiceFirst,NoGridIncentive,LeastLaxity anchor used for paired thresholds.,1545940.080504578,78.0,5300.0,1.0,1.0,0,0,0.0,0.0,True,True,True,anchor,LeastLaxity,True,True,True,True,True,True,True,True,mutually_acceptable,all_pass,none,0.0,0.0,0.0,1.0,0.0,1.0,0.0,1.0,1.0,0.0,1.0,,,,,,,,,
multi_actor_v2,multi_actor_v2_caltech_sce_cap35,metro_caltech_sce,campus/workplace,multi-actor compact weekly matrix,35,14,2,2,4504,D_FullyCompliant__F_ServiceFirst__G_NoGrid,multi_actor,97.55813953488372,21,860,97.55813953488372,21,860,66.70748490945437,5336.598792756349,212.0,61.18452380952381,3.464928494989785,3.464928494989785,0.2886062443845463,1144897.0,129.6,28,0.0,0.0,14,0.0,0,0,"[12635, 0, 805, 0]",12635,805,0,0,0.9401041666666666,0.059895833333333336,0.0,0.2360248447204969,0.0,"Operational multi-actor scenario; not causal human behavior, global optimization, filed tariff billing, or site-specific feeder validation.",805,805,0,6129,719,5410,93,86,7,0,0,0,0,0,0,0,190,0,5410,168,FullyCompliant,FleetServiceFirst,NoGridIncentive,"Baseline multi-actor row: least-laxity service-first fleet recommendation, fully compliant driver layer, no grid incentive.",1545940.080504578,78.0,5300.0,1.0,1.0,0,0,0.0,0.0,True,True,True,service-tolerated,LeastLaxity,True,True,True,True,True,True,True,True,mutually_acceptable,all_pass,none,0.0,0.0,0.0,1.0,0.0,1.0,0.0,1.0,1.0,0.0,1.0,1.0,0.0,805.0,805.0,805.0,0.0,0.0,0.0,0.2360248447204969
multi_actor_v2,multi_actor_v2_caltech_sce_cap35,metro_caltech_sce,campus/workplace,multi-actor compact weekly matrix,35,14,2,2,4504,D_FullyCompliant__F_CostOnly__G_NoGrid,multi_actor,98.0232558139535,17,860,98.0232558139535,17,860,66.95555969574289,5356.444775659432,212.0,170.76785714285714,1.2414514273763464,1.2414514273763464,0.8055087601078167,5476181.0,129.6,129,122.99999999999983,21.0,18,0.15476190476190477,0,2,"[11052, 78, 0, 2310]",11052,0,78,2310,0.8223214285714285,0.0,0.005803571428571429,0.33040201005025127,0.6775544388609716,"Operational multi-actor scenario; not causal human behavior, global optimization, filed tariff billing, or site-specific feeder validation.",2388,2360,1445,6129,893,5236,371,50,321,1417,28,8,136,72,53,2,789,1618,3819,168,FullyCompliant,FleetCostOnly,NoGridIncentive,Fleet shifts discretionary charging to cheap windows without an explicit grid guardrail.,1459500.6789392242,50.0,5300.0,1.003718844843652,1.0,1417,53,0.4651162790697754,122.99999999999983,True,True,False,harmful by priority distortion,LeastLaxity,False,False,True,False,True,False,False,False,not_mutually_acceptable,driver_fleet_grid_fail,driver,1445.0,0.15476190476190477,4.0,0.9440861889439202,-86439.40156535385,1.0,0.0,0.3582906340409216,0.6410256410256411,0.5169025157232704,4.7831211017235615,1.0,0.0,2388.0,2388.0,2388.0,0.0,8.0,0.0,0.33040201005025127
multi_actor_v2,multi_actor_v2_caltech_sce_cap35,metro_caltech_sce,campus/workplace,multi-actor compact weekly matrix,35,14,2,2,4504,D_FullyCompliant__F_ServiceCostly__G_NoGrid,multi_actor,97.90697674418605,18,860,97.90697674418605,18,860,65.90551230254543,5272.440984203635,212.0,128.27380952380952,1.6527146171693736,1.6527146171693736,0.6050651392632524,3977186.0,129.6,96,180.0,69.75,16,0.5535714285714286,23,0,"[11586, 0, 700, 1154]",11586,700,0,1154,0.8620535714285714,0.052083333333333336,0.0,0.09492988133764833,0.5830636461704423,"Operational multi-actor scenario; not causal human behavior, global optimization, filed tariff billing, or site-specific feeder validation.",1854,1807,983,6129,849,5280,119,68,51,971,0,74,1241,718,117,23,176,1081,4349,168,FullyCompliant,FleetServiceCostly,NoGridIncentive,"Fleet preserves urgent service but shifts discretionary charging away from cheap windows, creating a fleet economic stress case.",1516592.85829894,120.69999999999999,5300.0,0.9879777717898149,1.0,971,117,0.34883720930233153,180.0,False,True,False,harmful by priority distortion,LeastLaxity,False,False,True,False,True,False,False,False,not_mutually_acceptable,driver_fleet_grid_fail,driver,983.0,0.5535714285714286,2.0,0.9810165849403041,-29347.222205638187,1.0,0.0,0.47698375870069604,1.5474358974358973,0.31645889487870615,3.4738373844983435,1.0,0.0,1854.0,1854.0,1854.0,0.0,74.0,0.0,0.09492988133764833
multi_actor_v2,multi_actor_v2_caltech_sce_cap35,metro_caltech_sce,campus/workplace,multi-actor compact weekly matrix,35,14,2,2,4504,D_FullyCompliant__F_QueueAware__G_NoGrid,multi_actor,97.67441860465115,20,860,97.67441860465115,20,860,62.76952177627159,5021.561742101727,212.0,168.54761904761904,1.2578047746856902,1.2578047746856902,0.7950359389038634,5364448.0,129.6,127,0.0,0.0,14,0.0,0,0,"[11121, 0, 0, 2319]",11121,0,0,2319,0.8274553571428571,0.0,0.0,0.31047865459249674,0.6994394135403191,"Operational multi-actor scenario; not causal human behavior, global optimization, filed tariff billing, or site-specific feeder validation.",2319,2319,1420,6129,899,5230,1383,0,1383,1420,0,0,0,0,0,0,720,1622,3810,168,FullyCompliant,FleetQueueAware,NoGridIncentive,Fleet suppresses non-urgent/high-SoC requests under queue pressure.,1452861.2779718968,43.0,5300.0,0.9409666975373455,1.0,1420,0,0.11627906976742963,0.0,False,False,False,harmful by under-delivery,LeastLaxity,False,False,True,False,True,False,False,False,not_mutually_acceptable,driver_fleet_grid_fail,driver,1420.0,0.0,0.0,0.9397914552404247,-93078.80253268126,1.0,0.0,0.36301031219098745,0.5512820512820513,0.5064296945193171,4.685528916575028,1.0,0.0,2319.0,2319.0,2319.0,0.0,0.0,0.0,0.31047865459249674
multi_actor_v2,multi_actor_v2_caltech_sce_cap35,metro_caltech_sce,campus/workplace,multi-actor compact weekly matrix,35,14,2,2,4504,D_FullyCompliant__F_AvailabilityFocused__G_NoGrid,multi_actor,97.55813953488372,21,860,97.55813953488372,21,860,67.2586122274259,5380.688978194072,212.0,174.0297619047619,1.2181824400588297,1.2181824400588297,0.8208951033243486,5593727.0,129.6,136,0.0,0.0,14,0.0,0,0,"[11057, 0, 64, 2319]",11057,64,0,2319,0.8226934523809524,0.004761904761904762,0.0,0.3059169114561477,0.6856903063365506,"Operational multi-actor scenario; not causal human behavior, global optimization, filed tariff billing, or site-specific feeder validation.",2383,2383,1433,6129,886,5243,225,64,161,1433,0,0,0,0,0,0,729,1634,3810,168,FullyCompliant,FleetAvailabilityFocused,NoGridIncentive,Fleet maintains a higher readiness reserve for vehicles with likely upcoming needs.,1578026.7963768418,21.0,5300.0,1.0082618512558166,1.0,1433,0,0.0,0.0,True,True,False,harmful by priority distortion,LeastLaxity,False,False,True,False,True,False,False,False,not_mutually_acceptable,driver_fleet_grid_fail,driver,1433.0,0.0,0.0,1.0207554718820608,32086.71587226377,1.0,0.0,0.3515750590005815,0.2692307692307692,0.5322888589398023,4.885790599503711,1.0,0.0,2383.0,2383.0,2383.0,0.0,0.0,0.0,0.3059169114561477
multi_actor_v2,multi_actor_v2_caltech_sce_cap35,metro_caltech_sce,campus/workplace,multi-actor compact weekly matrix,35,14,2,2,4504,D_FullyCompliant__F_ServiceFirst__G_PeakPenalty,multi_actor,97.55813953488372,21,860,97.55813953488372,21,860,66.70748490945437,5336.598792756349,184.0,61.142857142857146,3.009345794392523,3.009345794392523,0.33229813664596275,1109960.0,129.6,28,0.0,0.0,10,0.0,0,0,"[12636, 0, 804, 0]",12636,804,0,0,0.9401785714285714,0.059821428571428574,0.0,0.2064676616915423,0.0,"Operational multi-actor scenario; not causal human behavior, global optimization, filed tariff billing, or site-specific feeder validation.",804,804,0,6129,718,5411,93,86,7,0,0,0,0,0,0,0,166,0,5411,168,FullyCompliant,FleetServiceFirst,GridPeakPenalty,Service-first fleet recommendation with an action-changing peak cap.,1566939.363920743,73.79999999999984,4600.0,1.0,0.8679245283018868,0,0,0.0,0.0,True,True,True,service-tolerated,LeastLaxity,True,True,True,True,True,True,True,True,mutually_acceptable,all_pass,none,0.0,0.0,-4.0,1.013583504096298,20999.28341616504,0.8679245283018868,-700.0,0.868515987774055,0.9461538461538441,0.043691892261416454,0.9694845911902992,1.0,0.0,839.0,804.0,804.0,35.0,0.0,0.0,0.2064676616915423
multi_actor_v2,multi_actor_v2_caltech_sce_cap35,metro_caltech_sce,campus/workplace,multi-actor compact weekly matrix,35,14,2,2,4504,D_FullyCompliant__F_CostOnly__G_PeakPenalty,multi_actor,98.0232558139535,17,860,98.0232558139535,17,860,66.90516452461486,5352.413161969189,184.0,156.85119047619048,1.1730864103829077,1.1730864103829077,0.8524521221532091,4514701.0,129.6,135,0.0,0.0,10,0.0,0,0,"[11457, 48, 0, 1935]",11457,0,48,1935,0.8524553571428571,0.0,0.0035714285714285713,0.31870902672718104,0.6248108925869894,"Operational multi-actor scenario; not causal human behavior, global optimization, filed tariff billing, or site-specific feeder validation.",1983,1983,1051,6129,884,5245,672,48,624,1051,0,0,0,0,0,0,632,1239,4194,168,FullyCompliant,FleetCostOnly,GridPeakPenalty,Cheap-window fleet policy with a grid peak cap.,1482810.7364114602,50.0,4600.0,1.002963379828048,0.8679245283018868,1051,0,0.4651162790697754,0.0,True,True,False,harmful by priority distortion,LeastLaxity,False,False,True,False,True,False,False,False,not_mutually_acceptable,driver_fleet_grid_fail,driver,1051.0,0.0,-4.0,0.9591644301812052,-63129.34409311786,0.8679245283018868,-700.0,0.3385600632391596,0.6410256410256411,0.5638458777686628,3.943325032732202,1.0,0.0,2506.0,1983.0,1983.0,523.0,0.0,0.0,0.31870902672718104
multi_actor_v2,multi_actor_v2_caltech_sce_cap35,metro_caltech_sce,campus/workplace,multi-actor compact weekly matrix,35,14,2,2,4504,D_FullyCompliant__F_QueueAware__G_PeakPenalty,multi_actor,97.67441860465115,20,860,97.67441860465115,20,860,62.76952177627159,5021.561742101727,184.0,152.54761904761904,1.2061807398158266,1.2061807398158266,0.8290631469979296,4313524.0,129.6,127,0.0,0.0,10,0.0,0,0,"[11505, 0, 0, 1935]",11505,0,0,1935,0.8560267857142857,0.0,0.0,0.30180878552971574,0.6392764857881137,"Operational multi-actor scenario; not causal human behavior, global optimization, filed tariff billing, or site-specific feeder validation.",1935,1935,1043,6129,892,5237,1383,0,1383,1043,0,0,0,0,0,0,584,1237,4194,168,FullyCompliant,FleetQueueAware,GridPeakPenalty,Queue-aware fleet policy with a grid peak cap.,1493567.4602610338,43.0,4600.0,0.9409666975373455,0.8679245283018868,1043,0,0.11627906976742963,0.0,False,False,False,harmful by under-delivery,LeastLaxity,False,False,True,False,True,False,False,False,not_mutually_acceptable,driver_fleet_grid_fail,driver,1043.0,0.0,-4.0,0.966122477252514,-52372.620243544225,0.8679245283018868,-700.0,0.34811129336721924,0.5512820512820513,0.5404569026133833,3.7676087892622654,1.0,0.0,2319.0,1935.0,1935.0,384.0,0.0,0.0,0.30180878552971574
multi_actor_v2,multi_actor_v2_caltech_sce_cap35,metro_caltech_sce,campus/workplace,multi-actor compact weekly matrix,35,14,2,2,4504,D_LimitedAttentionP0025__F_ServiceFirst__G_NoGrid,multi_actor,97.44186046511628,22,860,97.44186046511628,22,860,66.37869202002194,5310.295361601756,205.0,60.339285714285715,3.397454868304232,3.397454868304232,0.29433797909407666,1110871.0,129.6,26,0.0,0.0,14,0.0,0,0,"[12643, 0, 797, 0]",12643,797,0,0,0.9406994047619047,0.059300595238095236,0.0,0.23337515683814303,0.0,"Operational multi-actor scenario; not causal human behavior, global optimization, filed tariff billing, or site-specific feeder validation.",797,797,0,6129,707,5422,100,90,10,0,0,0,0,0,0,0,186,0,5422,168,LimitedAttentionP0025,FleetServiceFirst,NoGridIncentive,Low-probability missed compliance with service-first fleet recommendation.,1545279.3825931537,83.19999999999993,5125.0,0.995071124479079,0.9669811320754716,0,0,-0.11627906976744384,0.0,True,True,True,service-tolerated,LeastLaxity,True,True,True,True,True,True,True,True,mutually_acceptable,all_pass,none,0.0,0.0,0.0,0.9995726238553769,-660.6979114243295,0.9669811320754716,-175.0,0.9805266900072775,1.0666666666666658,0.005731734709530367,0.9702802959567541,0.9749999999999999,0.0021577380952380954,826.0,826.0,797.0,0.0,0.0,0.0,0.23337515683814303
multi_actor_v2,multi_actor_v2_caltech_sce_cap35,metro_caltech_sce,campus/workplace,multi-actor compact weekly matrix,35,14,2,2,4504,D_LimitedAttentionP005__F_ServiceFirst__G_NoGrid,multi_actor,97.32558139534883,23,860,97.32558139534883,23,860,66.08503251982188,5286.80260158575,212.0,59.023809523809526,3.5917708753529647,3.5917708753529647,0.27841419586702604,1099760.0,129.6,26,0.0,0.0,14,0.0,0,0,"[12650, 0, 790, 0]",12650,790,0,0,0.9412202380952381,0.058779761904761904,0.0,0.2430379746835443,0.0,"Operational multi-actor scenario; not causal human behavior, global optimization, filed tariff billing, or site-specific feeder validation.",790,790,0,6129,700,5429,101,90,11,0,0,0,0,0,0,0,192,0,5429,168,LimitedAttentionP005,FleetServiceFirst,NoGridIncentive,Moderate missed compliance with service-first fleet recommendation.,1539520.3746636163,93.0,5300.0,0.9906689273253613,1.0,0,0,-0.2325581395348877,0.0,True,True,True,service-tolerated,LeastLaxity,True,True,True,True,True,False,False,False,not_mutually_acceptable,grid_only_fail,grid,0.0,0.0,0.0,0.995847377319523,-6419.705840961775,1.0,0.0,1.0366075030254134,1.1923076923076923,-0.010192048517520258,0.9605754928172578,0.95,0.003050595238095238,831.0,831.0,790.0,0.0,0.0,0.0,0.2430379746835443
multi_actor_v2,multi_actor_v2_caltech_sce_cap35,metro_caltech_sce,campus/workplace,multi-actor compact weekly matrix,35,14,2,2,4504,D_SoCCompliance__F_ServiceFirst__G_NoGrid,multi_actor,90.46511627906978,82,860,90.46511627906978,82,860,55.34984130140708,4427.987304112567,212.0,139.5297619047619,1.5193891045603858,1.5193891045603858,0.6581592542677448,3898005.0,129.6,117,3483.0,1031.25,27,7.7976190476190474,153,65,"[11067, 36, 2337, 0]",11067,2337,36,0,0.8234375,0.17388392857142856,0.0026785714285714286,0.2991993257479983,0.6359039190897599,"Operational multi-actor scenario; not causal human behavior, global optimization, filed tariff billing, or site-specific feeder validation.",2373,1727,1770,6131,692,5439,116,74,42,1759,9,139,2242,1695,1948,218,710,1509,3837,168,SoCCompliance,FleetServiceFirst,NoGridIncentive,Compliance probability is higher at low SoC and lower at high SoC.,1246134.9006799273,57.0,5300.0,0.8297395918394522,1.0,1759,1948,-7.0930232558139465,3483.0,False,False,False,harmful by under-delivery,LeastLaxity,False,False,True,False,True,False,False,False,not_mutually_acceptable,driver_fleet_grid_fail,driver,1770.0,7.7976190476190474,13.0,0.8060693401992672,-299805.17982465075,1.0,0.0,0.4385051832259716,0.7307692307692307,0.3695530098831985,3.40467745133405,0.7688247767857146,0.23169642857142858,450.0,450.0,2373.0,0.0,139.0,0.0,0.2991993257479983
multi_actor_v2,multi_actor_v2_caltech_sce_cap35,metro_caltech_sce,campus/workplace,multi-actor compact weekly matrix,35,14,2,2,4504,D_SoCQueueCompliance__F_ServiceFirst__G_NoGrid,multi_actor,91.62790697674419,72,860,91.62790697674419,72,860,56.723770102776584,4537.901608222127,212.0,153.72619047619048,1.3790753504220552,1.3790753504220552,0.7251235399820306,4690094.0,129.6,121,4568.999999999999,1798.5,34,13.232142857142858,247,175,"[9933, 47, 3460, 0]",9933,3460,47,0,0.7390625,0.25744047619047616,0.0034970238095238097,0.28371827773025377,0.6532648987738808,"Operational multi-actor scenario; not causal human behavior, global optimization, filed tariff billing, or site-specific feeder validation.",3507,2037,2865,6129,712,5417,132,68,64,2851,13,147,3420,2807,3683,422,995,2291,2698,168,SoCQueueCompliance,FleetServiceFirst,NoGridIncentive,SoC-dependent compliance with queue-sensitive avoidance for non-critical high-SoC charging.,1333774.1904705404,50.0,5300.0,0.8503359132752613,1.0,2851,3683,-5.9302325581395365,4568.999999999999,False,False,False,harmful by under-delivery,LeastLaxity,False,False,True,False,True,False,False,False,not_mutually_acceptable,driver_fleet_grid_fail,driver,2865.0,13.232142857142858,20.0,0.8627593056745194,-212165.89003403764,1.0,0.0,0.39800975760861146,0.6410256410256411,0.4365172955974843,4.096520473020717,0.5669326636904762,0.43273809523809526,438.0,438.0,3507.0,0.0,147.0,33.0,0.28371827773025377
multi_actor_v2,multi_actor_v2_caltech_sce_cap35,metro_caltech_sce,campus/workplace,multi-actor compact weekly matrix,35,14,2,2,4504,D_PriceSensitive__F_ServiceFirst__G_NoGrid,multi_actor,92.67441860465117,63,860,92.67441860465117,63,860,58.410504729591096,4672.8403783672875,212.0,133.73214285714286,1.5852583789558017,1.5852583789558017,0.6308119946091645,3690245.0,129.6,109,3000.0,1396.5,33,10.19047619047619,216,150,"[10779, 3, 2658, 0]",10779,2658,3,0,0.8020089285714286,0.19776785714285713,0.0002232142857142857,0.1375422773393461,0.5223600150319428,"Operational multi-actor scenario; not causal human behavior, global optimization, filed tariff billing, or site-specific feeder validation.",2661,1637,2027,6129,718,5411,130,71,59,2027,0,144,2577,1982,2729,366,366,1390,3534,168,PriceSensitive,FleetServiceFirst,NoGridIncentive,"Driver layer biases actual requests toward cheap windows, bounded by critical/low-SoC need.",1290401.5321440357,57.0,5300.0,0.8756214510092053,1.0,2027,2729,-4.883720930232556,3000.0,False,False,False,harmful by under-delivery,LeastLaxity,False,False,True,False,True,False,False,False,not_mutually_acceptable,driver_fleet_grid_fail,driver,2027.0,10.19047619047619,19.0,0.8347034587025278,-255538.5483605424,1.0,0.0,0.45751546712956775,0.7307692307692307,0.3422057502246182,3.223211345649434,0.6374999999999998,0.36889880952380955,479.0,479.0,2661.0,0.0,144.0,0.0,0.1375422773393461
multi_actor_v2,multi_actor_v2_caltech_sce_cap35,metro_caltech_sce,campus/workplace,multi-actor compact weekly matrix,35,14,2,2,4504,D_ReserveSeeking__F_ServiceFirst__G_NoGrid,multi_actor,94.53488372093022,47,860,94.53488372093022,47,860,60.551896071357,4844.15168570856,205.0,87.79761904761905,2.334915254237288,2.334915254237288,0.428281068524971,1834536.0,129.6,47,540.0,257.25,17,2.0416666666666665,60,0,"[12322, 9, 1109, 0]",12322,1109,9,0,0.9168154761904762,0.08251488095238095,0.0006696428571428571,0.2692307692307692,0.32021466905187834,"Operational multi-actor scenario; not causal human behavior, global optimization, filed tariff billing, or site-specific feeder validation.",1118,1026,448,6129,719,5410,88,82,6,446,0,98,839,352,424,60,301,358,5092,168,ReserveSeeking,FleetServiceFirst,NoGridIncentive,Driver layer maintains a higher reserve threshold than the fleet recommendation assumes.,1357239.5002073648,71.69999999999999,5125.0,0.9077226664076351,0.9669811320754716,446,424,-3.0232558139534973,540.0,False,False,False,harmful by under-delivery,LeastLaxity,False,False,True,False,True,False,False,False,not_mutually_acceptable,driver_fleet_grid_fail,driver,448.0,2.0416666666666665,3.0,0.877937972708733,-188700.58029721328,0.9669811320754716,-175.0,0.6738711224816117,0.9192307692307691,0.1396748241404247,1.6023589894986185,0.9000000000000001,0.09248511904761905,594.0,594.0,1118.0,0.0,98.0,0.0,0.2692307692307692
multi_actor_v2,multi_actor_v2_caltech_sce_cap35,metro_caltech_sce,campus/workplace,multi-actor compact weekly matrix,35,14,2,2,4504,D_UrgencyDriven__F_ServiceFirst__G_NoGrid,multi_actor,97.79069767441861,19,860,97.79069767441861,19,860,66.0670648785336,5285.365190282688,212.0,78.22619047619048,2.710089788464465,2.710089788464465,0.36899146451033243,1519632.0,129.6,38,60.0,14.25,14,0.1130952380952381,10,0,"[12387, 0, 700, 353]",12387,700,0,353,0.9216517857142857,0.052083333333333336,0.0,0.26590693257359926,0.2535612535612536,"Operational multi-actor scenario; not causal human behavior, global optimization, filed tariff billing, or site-specific feeder validation.",1053,1042,213,6129,764,5365,99,84,15,212,0,19,147,39,21,10,280,267,5160,168,UrgencyDriven,FleetServiceFirst,NoGridIncentive,Driver layer prioritizes deadline/urgent charging pressure over the fleet recommendation.,1520322.5576441046,86.0,5300.0,0.990399577621761,1.0,212,21,0.2325581395348877,60.0,True,True,False,harmful by priority distortion,LeastLaxity,False,False,True,False,True,False,False,False,not_mutually_acceptable,driver_fleet_grid_fail,driver,213.0,0.1130952380952381,0.0,0.9834291618520479,-25617.522860473488,1.0,0.0,0.7821488357936386,1.1025641025641026,0.08038522012578614,1.327308919492321,0.8499999999999999,0.14657738095238096,800.0,800.0,1053.0,0.0,19.0,0.0,0.26590693257359926
multi_actor_v2,multi_actor_v2_caltech_sce_cap35,metro_caltech_sce,campus/workplace,multi-actor compact weekly matrix,35,14,2,2,4504,D_PriceSensitive__F_QueueAware__G_PeakPenalty,multi_actor,91.86046511627907,70,860,91.86046511627907,70,860,56.883512799627155,4550.681023970173,212.0,165.01785714285714,1.2847094470295424,1.2847094470295424,0.7783861185983827,5104187.0,129.6,131,3003.0,1490.25,37,10.922619047619047,232,152,"[10133, 24, 2369, 914]",10133,2369,24,914,0.7539434523809524,0.17626488095238096,0.0017857142857142857,0.20804354399758088,0.6274569095857272,"Operational multi-actor scenario; not causal human behavior, global optimization, filed tariff billing, or site-specific feeder validation.",3307,2222,2670,6129,760,5369,728,30,698,2666,4,144,3098,2516,2907,384,688,2075,2846,168,PriceSensitive,FleetQueueAware,GridPeakPenalty,"Full interaction: price-sensitive driver response, queue-aware fleet policy, and grid peak cap.",1250556.4245340866,50.0,5300.0,0.8527305875320916,1.0,2666,2907,-5.697674418604649,3003.0,False,False,False,harmful by under-delivery,LeastLaxity,False,False,True,False,True,False,False,False,not_mutually_acceptable,driver_fleet_grid_fail,driver,2670.0,10.922619047619047,23.0,0.8089294276696148,-295383.65597049147,1.0,0.0,0.3707751686325434,0.6410256410256411,0.4897798742138364,4.458206284058741,0.6374999999999998,0.3703125,1578.0,1440.0,3307.0,138.0,144.0,0.0,0.20804354399758088
multi_actor_v2,multi_actor_v2_caltech_sce_cap35,metro_caltech_sce,campus/workplace,multi-actor compact weekly matrix,35,14,2,2,4504,D_SoCCompliance__F_QueueAware__G_PeakPenalty,multi_actor,90.11627906976744,85,860,90.11627906976744,85,860,54.27497990713473,4341.998392570778,212.0,169.25,1.2525849335302806,1.2525849335302806,0.7983490566037735,5321050.0,129.6,133,3008.9999999999995,1047.75,23,7.988095238095238,143,55,"[10494, 65, 2003, 878]",10494,2003,65,878,0.7808035714285714,0.1490327380952381,0.004836309523809524,0.28411405295315684,0.7304820095044128,"Operational multi-actor scenario; not causal human behavior, global optimization, filed tariff billing, or site-specific feeder validation.",2946,2299,2313,6130,731,5399,286,53,233,2295,18,143,2736,2147,1980,198,837,2152,3249,168,SoCCompliance,FleetQueueAware,GridPeakPenalty,"Full interaction: SoC-dependent compliance, queue-aware fleet policy, and grid peak cap.",1160447.6417210004,50.0,5300.0,0.8136265365244254,1.0,2295,1980,-7.441860465116278,3008.9999999999995,False,False,False,harmful by under-delivery,LeastLaxity,False,False,True,False,True,False,False,False,not_mutually_acceptable,driver_fleet_grid_fail,driver,2313.0,7.988095238095238,9.0,0.7506420568009614,-385492.43878357764,1.0,0.0,0.3615038334388408,0.6410256410256411,0.5097428122192272,4.647623323320788,0.7721979166666664,0.22633928571428572,1518.0,1410.0,2946.0,108.0,143.0,0.0,0.28411405295315684
multi_actor_v2,multi_actor_v2_caltech_sce_cap35,metro_caltech_sce,campus/workplace,multi-actor compact weekly matrix,35,14,2,2,4505,LeastLaxity,anchor,94.91916859122402,44,866,94.91916859122402,44,866,56.213746743304924,4497.099739464394,198.0,41.779761904761905,4.739136629149452,4.739136629149452,0.2110088985088985,531123.0,129.6,5,0.0,0.0,14,0.0,0,0,"[12726, 0, 714, 0]",12726,714,0,0,0.946875,0.053125,0.0,0.2815126050420168,0.0,"Behavior Applied Energy package v1; behavior proxies are imposed perturbations, not measured traits.",714,714,0,5393,640,4753,74,74,0,0,0,0,0,0,0,0,201,0,4753,168,FullyCompliant,FleetServiceFirst,NoGridIncentive,LeastLaxity anchor used for paired thresholds.,1272459.296510478,57.0,4950.0,1.0,1.0,0,0,0.0,0.0,True,True,True,anchor,LeastLaxity,True,True,True,True,True,True,True,True,mutually_acceptable,all_pass,none,0.0,0.0,0.0,1.0,0.0,1.0,0.0,1.0,1.0,0.0,1.0,,,,,,,,,
multi_actor_v2,multi_actor_v2_caltech_sce_cap35,metro_caltech_sce,campus/workplace,multi-actor compact weekly matrix,35,14,2,2,4505,D_FullyCompliant__F_ServiceFirst__G_NoGrid,multi_actor,94.91916859122402,44,866,94.91916859122402,44,866,56.213746743304924,4497.099739464394,198.0,41.779761904761905,4.739136629149452,4.739136629149452,0.2110088985088985,531123.0,129.6,5,0.0,0.0,14,0.0,0,0,"[12726, 0, 714, 0]",12726,714,0,0,0.946875,0.053125,0.0,0.2815126050420168,0.0,"Operational multi-actor scenario; not causal human behavior, global optimization, filed tariff billing, or site-specific feeder validation.",714,714,0,5393,640,4753,74,74,0,0,0,0,0,0,0,0,201,0,4753,168,FullyCompliant,FleetServiceFirst,NoGridIncentive,"Baseline multi-actor row: least-laxity service-first fleet recommendation, fully compliant driver layer, no grid incentive.",1272459.296510478,57.0,4950.0,1.0,1.0,0,0,0.0,0.0,True,True,True,service-tolerated,LeastLaxity,True,True,True,True,True,True,True,True,mutually_acceptable,all_pass,none,0.0,0.0,0.0,1.0,0.0,1.0,0.0,1.0,1.0,0.0,1.0,1.0,0.0,714.0,714.0,714.0,0.0,0.0,0.0,0.2815126050420168
multi_actor_v2,multi_actor_v2_caltech_sce_cap35,metro_caltech_sce,campus/workplace,multi-actor compact weekly matrix,35,14,2,2,4505,D_FullyCompliant__F_CostOnly__G_NoGrid,multi_actor,95.3810623556582,40,866,95.3810623556582,40,866,57.41995780178081,4593.596624142465,212.0,176.66071428571428,1.2000404326291318,1.2000404326291318,0.83330525606469,5665981.0,129.6,138,2.9999999999998295,3.0,15,0.023809523809523808,0,0,"[11041, 45, 0, 2354]",11041,0,45,2354,0.8215029761904762,0.0,0.0033482142857142855,0.3259691538140892,0.7182159233013756,"Operational multi-actor scenario; not causal human behavior, global optimization, filed tariff billing, or site-specific feeder validation.",2399,2397,1547,5393,813,4580,275,41,234,1543,4,6,99,56,6,0,782,1723,3039,168,FullyCompliant,FleetCostOnly,NoGridIncentive,Fleet shifts discretionary charging to cheap windows without an explicit grid guardrail.,1258600.5191825829,54.89999999999992,5300.0,1.021457581612269,1.0707070707070707,1543,6,0.46189376443417984,2.9999999999998295,False,False,False,harmful by priority distortion,LeastLaxity,False,False,True,False,False,False,False,False,not_mutually_acceptable,driver_fleet_grid_fail,driver,1547.0,0.023809523809523808,1.0,0.989108667471014,-13858.777327895164,1.0707070707070707,350.0,0.2532192098552151,0.9631578947368407,0.6222963575557915,10.667926261901668,1.0,0.0,2399.0,2399.0,2399.0,0.0,6.0,0.0,0.3259691538140892
multi_actor_v2,multi_actor_v2_caltech_sce_cap35,metro_caltech_sce,campus/workplace,multi-actor compact weekly matrix,35,14,2,2,4505,D_FullyCompliant__F_ServiceCostly__G_NoGrid,multi_actor,95.1501154734411,42,866,95.1501154734411,42,866,55.52109203131219,4441.687362504976,212.0,133.99404761904762,1.5821598329705477,1.5821598329705477,0.6320473944294699,4070349.0,129.6,101,122.99999999999983,42.0,15,0.3333333333333333,19,0,"[11559, 0, 631, 1250]",11559,631,0,1250,0.8600446428571429,0.04694940476190476,0.0,0.09782030834662414,0.6321105794790005,"Operational multi-actor scenario; not causal human behavior, global optimization, filed tariff billing, or site-specific feeder validation.",1881,1846,1086,5393,751,4642,104,65,39,1082,0,58,937,596,74,19,184,1189,3581,168,FullyCompliant,FleetServiceCostly,NoGridIncentive,"Fleet preserves urgent service but shifts discretionary charging away from cheap windows, creating a fleet economic stress case.",1272306.224951242,145.89999999999992,5300.0,0.9876781970225953,1.0707070707070707,1082,74,0.23094688221708282,122.99999999999983,False,True,False,harmful by priority distortion,LeastLaxity,False,False,True,False,False,False,False,False,not_mutually_acceptable,driver_fleet_grid_fail,driver,1086.0,0.3333333333333333,1.0,0.9998797041605529,-153.07155923591927,1.0707070707070707,350.0,0.3338498036201381,2.559649122807016,0.4210384959205714,7.663665478617947,1.0,0.0,1881.0,1881.0,1881.0,0.0,58.0,0.0,0.09782030834662414
multi_actor_v2,multi_actor_v2_caltech_sce_cap35,metro_caltech_sce,campus/workplace,multi-actor compact weekly matrix,35,14,2,2,4505,D_FullyCompliant__F_QueueAware__G_NoGrid,multi_actor,95.03464203233256,43,866,95.03464203233256,43,866,54.349366079788275,4347.949286383062,212.0,173.71428571428572,1.2203947368421053,1.2203947368421053,0.8194070080862534,5544714.0,129.6,134,0.0,0.0,14,0.0,0,0,"[11083, 0, 0, 2357]",11083,0,0,2357,0.8246279761904762,0.0,0.0,0.31395842172252864,0.7293169282986848,"Operational multi-actor scenario; not causal human behavior, global optimization, filed tariff billing, or site-specific feeder validation.",2357,2357,1544,5393,813,4580,868,0,868,1544,0,0,0,0,0,0,740,1719,3036,168,FullyCompliant,FleetQueueAware,NoGridIncentive,Fleet suppresses non-urgent/high-SoC requests under queue pressure.,1245567.6090610784,47.89999999999992,5300.0,0.9668340793573114,1.0707070707070707,1544,0,0.1154734411085343,0.0,False,False,False,harmful by priority distortion,LeastLaxity,False,False,True,False,False,False,False,False,not_mutually_acceptable,driver_fleet_grid_fail,driver,1544.0,0.0,0.0,0.9788663672597262,-26891.687449399615,1.0707070707070707,350.0,0.2575141491671097,0.8403508771929811,0.608398109577355,10.439604385424845,1.0,0.0,2357.0,2357.0,2357.0,0.0,0.0,0.0,0.31395842172252864
multi_actor_v2,multi_actor_v2_caltech_sce_cap35,metro_caltech_sce,campus/workplace,multi-actor compact weekly matrix,35,14,2,2,4505,D_FullyCompliant__F_AvailabilityFocused__G_NoGrid,multi_actor,95.03464203233256,43,866,95.03464203233256,43,866,57.00320145314324,4560.256116251459,212.0,177.875,1.1918482080112438,1.1918482080112438,0.8390330188679245,5729257.0,129.6,142,0.0,0.0,14,0.0,0,0,"[11020, 0, 63, 2357]",11020,63,0,2357,0.8199404761904762,0.0046875,0.0,0.30950413223140494,0.7227272727272728,"Operational multi-actor scenario; not causal human behavior, global optimization, filed tariff billing, or site-specific feeder validation.",2420,2420,1573,5393,784,4609,95,63,32,1573,0,0,0,0,0,0,749,1749,3036,168,FullyCompliant,FleetAvailabilityFocused,NoGridIncentive,Fleet maintains a higher readiness reserve for vehicles with likely upcoming needs.,1296412.2521870947,43.0,5300.0,1.0140438016601756,1.0707070707070707,1573,0,0.1154734411085343,0.0,False,True,False,harmful by priority distortion,LeastLaxity,False,False,True,False,False,False,False,False,not_mutually_acceptable,driver_fleet_grid_fail,driver,1573.0,0.0,0.0,1.0188241429351053,23952.955676616635,1.0707070707070707,350.0,0.25149057756225707,0.7543859649122807,0.628024120359026,10.787062507178186,1.0,0.0,2420.0,2420.0,2420.0,0.0,0.0,0.0,0.30950413223140494
multi_actor_v2,multi_actor_v2_caltech_sce_cap35,metro_caltech_sce,campus/workplace,multi-actor compact weekly matrix,35,14,2,2,4505,D_FullyCompliant__F_ServiceFirst__G_PeakPenalty,multi_actor,94.91916859122402,44,866,94.91916859122402,44,866,56.213746743304924,4497.099739464394,170.0,41.779761904761905,4.068955691693973,4.068955691693973,0.24576330532212887,506679.0,129.6,5,0.0,0.0,10,0.0,0,0,"[12726, 0, 714, 0]",12726,714,0,0,0.946875,0.053125,0.0,0.25210084033613445,0.0,"Operational multi-actor scenario; not causal human behavior, global optimization, filed tariff billing, or site-specific feeder validation.",714,714,0,5393,640,4753,74,74,0,0,0,0,0,0,0,0,180,0,4753,168,FullyCompliant,FleetServiceFirst,GridPeakPenalty,Service-first fleet recommendation with an action-changing peak cap.,1288853.0154641443,57.0,4250.0,1.0,0.8585858585858586,0,0,0.0,0.0,True,True,True,service-tolerated,LeastLaxity,True,True,True,True,True,True,True,True,mutually_acceptable,all_pass,none,0.0,0.0,-4.0,1.0128834918324094,16393.718953666277,0.8585858585858586,-700.0,0.8585858585858585,1.0,0.03475440681323036,0.9539767624448574,1.0,0.0,748.0,714.0,714.0,34.0,0.0,0.0,0.25210084033613445
multi_actor_v2,multi_actor_v2_caltech_sce_cap35,metro_caltech_sce,campus/workplace,multi-actor compact weekly matrix,35,14,2,2,4505,D_FullyCompliant__F_CostOnly__G_PeakPenalty,multi_actor,95.3810623556582,40,866,95.3810623556582,40,866,57.21101674413528,4576.8813395308225,184.0,162.74404761904762,1.1306097070333931,1.1306097070333931,0.884478519668737,4748659.0,129.6,138,0.0,0.0,10,0.0,0,0,"[11377, 37, 0, 2026]",11377,0,37,2026,0.8465029761904762,0.0,0.0027529761904761907,0.31022782355792533,0.6737760542898691,"Operational multi-actor scenario; not causal human behavior, global optimization, filed tariff billing, or site-specific feeder validation.",2063,2063,1220,5393,806,4587,366,37,329,1220,0,0,0,0,0,0,640,1390,3367,168,FullyCompliant,FleetCostOnly,GridPeakPenalty,Cheap-window fleet policy with a grid peak cap.,1273052.3749488064,54.89999999999992,4600.0,1.0177406783679497,0.9292929292929293,1220,0,0.46189376443417984,0.0,False,True,False,harmful by priority distortion,LeastLaxity,False,False,True,False,True,False,False,False,not_mutually_acceptable,driver_fleet_grid_fail,driver,1220.0,0.0,-4.0,1.0004660883377212,593.0784383283462,0.9292929292929293,-350.0,0.2385687089245847,0.9631578947368407,0.6734696211598385,8.940789609939694,1.0,0.0,2425.0,2063.0,2063.0,362.0,0.0,0.0,0.31022782355792533
multi_actor_v2,multi_actor_v2_caltech_sce_cap35,metro_caltech_sce,campus/workplace,multi-actor compact weekly matrix,35,14,2,2,4505,D_FullyCompliant__F_QueueAware__G_PeakPenalty,multi_actor,95.03464203233256,43,866,95.03464203233256,43,866,54.349366079788275,4347.949286383062,184.0,159.92261904761904,1.1505564447091228,1.1505564447091228,0.86914466873706,4636737.0,129.6,134,0.0,0.0,10,0.0,0,0,"[11414, 0, 0, 2026]",11414,0,0,2026,0.8492559523809524,0.0,0.0,0.2976307996051333,0.6855873642645607,"Operational multi-actor scenario; not causal human behavior, global optimization, filed tariff billing, or site-specific feeder validation.",2026,2026,1219,5393,807,4586,868,0,868,1219,0,0,0,0,0,0,603,1389,3367,168,FullyCompliant,FleetQueueAware,GridPeakPenalty,Queue-aware fleet policy with a grid peak cap.,1273548.1162850347,47.89999999999992,4600.0,0.9668340793573114,0.9292929292929293,1219,0,0.1154734411085343,0.0,False,False,False,harmful by priority distortion,LeastLaxity,False,False,True,False,True,False,False,False,not_mutually_acceptable,driver_fleet_grid_fail,driver,1219.0,0.0,-4.0,1.000855681417506,1088.8197745566722,0.9292929292929293,-350.0,0.24277764807038638,0.8403508771929811,0.6581357702281615,8.73006252788902,1.0,0.0,2357.0,2026.0,2026.0,331.0,0.0,0.0,0.2976307996051333
multi_actor_v2,multi_actor_v2_caltech_sce_cap35,metro_caltech_sce,campus/workplace,multi-actor compact weekly matrix,35,14,2,2,4505,D_LimitedAttentionP0025__F_ServiceFirst__G_NoGrid,multi_actor,94.57274826789839,47,866,94.57274826789839,47,866,55.74124674330492,4459.2997394643935,198.0,41.529761904761905,4.767665185609861,4.767665185609861,0.20974627224627224,518101.0,129.6,5,0.0,0.0,14,0.0,0,0,"[12732, 0, 708, 0]",12732,708,0,0,0.9473214285714285,0.05267857142857143,0.0,0.2768361581920904,0.0,"Operational multi-actor scenario; not causal human behavior, global optimization, filed tariff billing, or site-specific feeder validation.",708,708,0,5393,634,4759,74,74,0,0,0,0,0,0,0,0,196,0,4759,168,LimitedAttentionP0025,FleetServiceFirst,NoGridIncentive,Low-probability missed compliance with service-first fleet recommendation.,1267463.2698787483,57.0,4950.0,0.9915945826888638,1.0,0,0,-0.34642032332563133,0.0,True,True,True,service-tolerated,LeastLaxity,True,True,True,True,True,True,True,True,mutually_acceptable,all_pass,none,0.0,0.0,0.0,0.9960737238154254,-4996.026631729677,1.0,0.0,1.0060197792747598,1.0,-0.0012626262626262708,0.9754821387889434,0.9749999999999999,0.0012648809523809524,725.0,725.0,708.0,0.0,0.0,0.0,0.2768361581920904
multi_actor_v2,multi_actor_v2_caltech_sce_cap35,metro_caltech_sce,campus/workplace,multi-actor compact weekly matrix,35,14,2,2,4505,D_LimitedAttentionP005__F_ServiceFirst__G_NoGrid,multi_actor,94.57274826789839,47,866,94.57274826789839,47,866,55.111246743304925,4408.899739464394,198.0,41.410714285714285,4.78137128072445,4.78137128072445,0.20914502164502163,524243.0,129.6,6,0.0,0.0,14,0.0,0,0,"[12741, 0, 699, 0]",12741,699,0,0,0.9479910714285714,0.052008928571428574,0.0,0.28469241773962806,0.0,"Operational multi-actor scenario; not causal human behavior, global optimization, filed tariff billing, or site-specific feeder validation.",699,699,0,5393,625,4768,76,74,2,0,0,0,0,0,0,0,199,0,4768,168,LimitedAttentionP005,FleetServiceFirst,NoGridIncentive,Moderate missed compliance with service-first fleet recommendation.,1247348.8780330806,61.89999999999992,4950.0,0.9803873596073489,1.0,0,0,-0.34642032332563133,0.0,False,True,True,service-tolerated,LeastLaxity,True,True,True,True,True,True,True,True,mutually_acceptable,all_pass,none,0.0,0.0,0.0,0.9802662304827676,-25110.418477397412,1.0,0.0,1.0089118873077474,1.0859649122807005,-0.0018638768638768732,0.9870463150720267,0.95,0.0026785714285714286,735.0,735.0,699.0,0.0,0.0,0.0,0.28469241773962806
multi_actor_v2,multi_actor_v2_caltech_sce_cap35,metro_caltech_sce,campus/workplace,multi-actor compact weekly matrix,35,14,2,2,4505,D_SoCCompliance__F_ServiceFirst__G_NoGrid,multi_actor,86.48960739030022,117,866,86.48960739030022,117,866,45.08902331538469,3607.1218652307753,212.0,121.76785714285714,1.7410177445373223,1.7410177445373223,0.5743766846361186,3014135.0,129.6,88,1860.0,710.25,22,5.386904761904762,121,42,"[11437, 21, 1982, 0]",11437,1982,21,0,0.8509672619047619,0.1474702380952381,0.0015625,0.3075386919620569,0.655516724912631,"Operational multi-actor scenario; not causal human behavior, global optimization, filed tariff billing, or site-specific feeder validation.",2003,1571,1467,5393,619,4774,67,66,1,1466,0,147,1894,1389,1327,163,616,1313,3457,168,SoCCompliance,FleetServiceFirst,NoGridIncentive,Compliance probability is higher at low SoC and lower at high SoC.,1009069.5988934152,86.0,5300.0,0.8020995917827664,1.0707070707070707,1466,1327,-8.4295612009238,1860.0,False,False,False,harmful by under-delivery,LeastLaxity,False,False,True,False,False,False,False,False,not_mutually_acceptable,driver_fleet_grid_fail,driver,1467.0,5.386904761904762,8.0,0.7930073690063264,-263389.69761706283,1.0707070707070707,350.0,0.3673702365592672,1.5087719298245614,0.3633677861272201,5.675022546566426,0.790068824404762,0.20952380952380953,400.0,400.0,2003.0,0.0,147.0,0.0,0.3075386919620569
multi_actor_v2,multi_actor_v2_caltech_sce_cap35,metro_caltech_sce,campus/workplace,multi-actor compact weekly matrix,35,14,2,2,4505,D_SoCQueueCompliance__F_ServiceFirst__G_NoGrid,multi_actor,88.10623556581986,103,866,88.10623556581986,103,866,47.89140891559005,3831.3127132472036,212.0,149.20833333333334,1.4208321697849762,1.4208321697849762,0.7038128930817611,4299337.0,129.6,114,2645.9999999999995,1368.75,32,9.880952380952381,214,165,"[10360, 36, 3044, 0]",10360,3044,36,0,0.7708333333333334,0.22648809523809524,0.0026785714285714286,0.25746753246753246,0.6178571428571429,"Operational multi-actor scenario; not causal human behavior, global optimization, filed tariff billing, or site-specific feeder validation.",3080,1990,2493,5393,653,4740,104,63,41,2493,0,154,2990,2426,2731,379,793,1903,2375,168,SoCQueueCompliance,FleetServiceFirst,NoGridIncentive,SoC-dependent compliance with queue-sensitive avoidance for non-critical high-SoC charging.,1070814.2958006347,76.19999999999993,5300.0,0.8519519101667766,1.0707070707070707,2493,2731,-6.812933025404163,2645.9999999999995,False,False,False,harmful by under-delivery,LeastLaxity,False,False,True,False,False,False,False,False,not_mutually_acceptable,driver_fleet_grid_fail,driver,2493.0,9.880952380952381,18.0,0.8415312762751441,-201645.00070984336,1.0707070707070707,350.0,0.29980823111233607,1.3368421052631567,0.4928039945728626,8.094804781566605,0.5638389136904758,0.4348214285714286,438.0,438.0,3080.0,0.0,154.0,41.0,0.25746753246753246
multi_actor_v2,multi_actor_v2_caltech_sce_cap35,metro_caltech_sce,campus/workplace,multi-actor compact weekly matrix,35,14,2,2,4505,D_PriceSensitive__F_ServiceFirst__G_NoGrid,multi_actor,89.26096997690532,93,866,89.26096997690532,93,866,49.1539869413982,3932.3189553118564,212.0,114.06547619047619,1.8585816417053698,1.8585816417053698,0.5380446990116802,2734931.0,129.6,78,1922.9999999999998,1185.75,33,8.5,211,153,"[11048, 2, 2390, 0]",11048,2390,2,0,0.8220238095238095,0.17782738095238096,0.00014880952380952382,0.14130434782608695,0.4845317725752508,"Operational multi-actor scenario; not causal human behavior, global optimization, filed tariff billing, or site-specific feeder validation.",2392,1466,1797,5393,652,4741,115,63,52,1796,0,135,2223,1718,2345,364,338,1159,3064,168,PriceSensitive,FleetServiceFirst,NoGridIncentive,"Driver layer biases actual requests toward cheap windows, bounded by critical/low-SoC need.",1086784.055888262,107.0,5300.0,0.8744122174573332,1.0707070707070707,1796,2345,-5.658198614318707,1922.9999999999998,False,False,False,harmful by under-delivery,LeastLaxity,False,False,True,False,False,False,False,False,not_mutually_acceptable,driver_fleet_grid_fail,driver,1797.0,8.5,19.0,0.854081587417844,-185675.2406222159,1.0707070707070707,350.0,0.3921772650051103,1.8771929824561404,0.3270358005027817,5.149336406067897,0.6374999999999998,0.36376488095238096,481.0,481.0,2392.0,0.0,135.0,0.0,0.14130434782608695
multi_actor_v2,multi_actor_v2_caltech_sce_cap35,metro_caltech_sce,campus/workplace,multi-actor compact weekly matrix,35,14,2,2,4505,D_ReserveSeeking__F_ServiceFirst__G_NoGrid,multi_actor,90.87759815242494,79,866,90.87759815242494,79,866,50.537519865227694,4043.0015892182155,198.0,62.06547619047619,3.190179342092644,3.190179342092644,0.31346200096200094,963649.0,129.6,15,600.0,279.0,16,2.2083333333333335,66,1,"[12442, 4, 994, 0]",12442,994,4,0,0.9257440476190476,0.07395833333333333,0.00029761904761904765,0.28557114228456915,0.32364729458917835,"Operational multi-actor scenario; not causal human behavior, global optimization, filed tariff billing, or site-specific feeder validation.",998,906,417,5393,642,4751,69,69,0,417,0,111,776,359,456,67,285,323,4464,168,ReserveSeeking,FleetServiceFirst,NoGridIncentive,Driver layer maintains a higher reserve threshold than the fleet recommendation assumes.,1103973.4884601007,104.89999999999992,4950.0,0.8990242208192025,1.0,417,456,-4.041570438799084,600.0,False,False,False,harmful by under-delivery,LeastLaxity,False,False,True,False,True,False,False,False,not_mutually_acceptable,driver_fleet_grid_fail,driver,417.0,2.2083333333333335,2.0,0.8675904144734347,-168485.8080503773,1.0,0.0,0.6731562290208113,1.840350877192981,0.10245310245310243,1.8143612684820654,0.9000000000000001,0.10267857142857142,492.0,492.0,998.0,0.0,111.0,0.0,0.28557114228456915
multi_actor_v2,multi_actor_v2_caltech_sce_cap35,metro_caltech_sce,campus/workplace,multi-actor compact weekly matrix,35,14,2,2,4505,D_UrgencyDriven__F_ServiceFirst__G_NoGrid,multi_actor,94.45727482678984,48,866,94.45727482678984,48,866,55.887404272795095,4470.992341823608,198.0,60.32142857142857,3.282415630550622,3.282415630550622,0.3046536796536796,891070.0,129.6,13,60.0,10.5,14,0.08333333333333333,4,0,"[12492, 0, 605, 343]",12492,605,0,343,0.9294642857142857,0.04501488095238095,0.0,0.3027426160337553,0.2742616033755274,"Operational multi-actor scenario; not causal human behavior, global optimization, filed tariff billing, or site-specific feeder validation.",948,944,200,5393,687,4706,72,71,1,200,0,16,122,39,16,4,287,260,4516,168,UrgencyDriven,FleetServiceFirst,NoGridIncentive,Driver layer prioritizes deadline/urgent charging pressure over the fleet recommendation.,1258667.4851063509,90.89999999999992,4950.0,0.9941946144952757,1.0,200,16,-0.46189376443417984,60.0,True,True,False,harmful by priority distortion,LeastLaxity,False,False,True,False,True,False,False,False,not_mutually_acceptable,driver_fleet_grid_fail,driver,200.0,0.08333333333333333,0.0,0.9891612946347682,-13791.811404127162,1.0,0.0,0.6926189066508782,1.5947368421052617,0.09364478114478111,1.6777093065071556,0.8499999999999999,0.1507440476190476,688.0,688.0,948.0,0.0,16.0,0.0,0.3027426160337553
multi_actor_v2,multi_actor_v2_caltech_sce_cap35,metro_caltech_sce,campus/workplace,multi-actor compact weekly matrix,35,14,2,2,4505,D_PriceSensitive__F_QueueAware__G_PeakPenalty,multi_actor,89.4919168591224,91,866,89.4919168591224,91,866,47.334283296575315,3786.742663726025,212.0,168.32738095238096,1.2594504756179496,1.2594504756179496,0.7939970799640611,5169991.0,129.6,134,2343.0,1256.25,33,8.988095238095237,215,165,"[10247, 18, 2070, 1105]",10247,2070,18,1105,0.7624255952380953,0.15401785714285715,0.0013392857142857143,0.21265267773253993,0.6269965549639838,"Operational multi-actor scenario; not causal human behavior, global optimization, filed tariff billing, or site-specific feeder validation.",3193,2240,2576,5393,716,4677,554,18,536,2576,0,137,2839,2330,2447,380,679,2002,2218,168,PriceSensitive,FleetQueueAware,GridPeakPenalty,"Full interaction: price-sensitive driver response, queue-aware fleet policy, and grid peak cap.",1027454.493444133,57.0,5300.0,0.8420410671561017,1.0707070707070707,2576,2447,-5.427251732101624,2343.0,False,False,False,harmful by under-delivery,LeastLaxity,False,False,True,False,False,False,False,False,not_mutually_acceptable,driver_fleet_grid_fail,driver,2576.0,8.988095238095237,19.0,0.8074556854288129,-245004.80306634505,1.0707070707070707,350.0,0.26575525758665186,1.0,0.5829881814551626,9.734074781171216,0.6374999999999998,0.36160714285714285,1909.0,1704.0,3193.0,205.0,137.0,0.0,0.21265267773253993
multi_actor_v2,multi_actor_v2_caltech_sce_cap35,metro_caltech_sce,campus/workplace,multi-actor compact weekly matrix,35,14,2,2,4505,D_SoCCompliance__F_QueueAware__G_PeakPenalty,multi_actor,87.1824480369515,111,866,87.1824480369515,111,866,46.27940638221887,3702.3525105775097,212.0,171.125,1.2388604821037255,1.2388604821037255,0.8071933962264151,5310391.0,129.6,138,1980.0,765.75,20,5.791666666666667,123,48,"[10614, 57, 1741, 1028]",10614,1741,57,1028,0.7897321428571429,0.1295386904761905,0.004241071428571428,0.28910120311394194,0.7480537862703468,"Operational multi-actor scenario; not causal human behavior, global optimization, filed tariff billing, or site-specific feeder validation.",2826,2301,2219,5393,663,4730,157,56,101,2214,5,153,2694,2117,1474,171,817,2114,2624,168,SoCCompliance,FleetQueueAware,GridPeakPenalty,"Full interaction: SoC-dependent compliance, queue-aware fleet policy, and grid peak cap.",1043312.1412655591,64.0,5300.0,0.8232756054057323,1.0707070707070707,2214,1474,-7.736720554272523,1980.0,False,False,False,harmful by under-delivery,LeastLaxity,False,False,True,False,False,False,False,False,not_mutually_acceptable,driver_fleet_grid_fail,driver,2219.0,5.791666666666667,6.0,0.8199178898112345,-229147.1552449189,1.0707070707070707,350.0,0.26141058573491005,1.1228070175438596,0.5961844977175166,9.998420328247882,0.7891737351190464,0.2090029761904762,1832.0,1640.0,2826.0,192.0,153.0,0.0,0.28910120311394194
multi_actor_v2,multi_actor_v2_caltech_sce_cap35,metro_caltech_sce,campus/workplace,multi-actor compact weekly matrix,35,14,2,2,4506,LeastLaxity,anchor,95.32710280373831,40,856,95.32710280373831,40,856,54.657183824696595,4372.574705975728,198.0,48.45238095238095,4.0864864864864865,4.0864864864864865,0.24470899470899468,740404.0,129.6,9,0.0,0.0,14,0.0,0,0,"[12787, 0, 653, 0]",12787,653,0,0,0.9514136904761905,0.048586309523809525,0.0,0.2664624808575804,0.0,"Behavior Applied Energy package v1; behavior proxies are imposed perturbations, not measured traits.",653,653,0,4967,584,4383,73,69,4,0,0,0,0,0,0,0,174,0,4383,168,FullyCompliant,FleetServiceFirst,NoGridIncentive,LeastLaxity anchor used for paired thresholds.,1263580.5074810483,75.89999999999992,4950.0,1.0,1.0,0,0,0.0,0.0,True,True,True,anchor,LeastLaxity,True,True,True,True,True,True,True,True,mutually_acceptable,all_pass,none,0.0,0.0,0.0,1.0,0.0,1.0,0.0,1.0,1.0,0.0,1.0,,,,,,,,,
multi_actor_v2,multi_actor_v2_caltech_sce_cap35,metro_caltech_sce,campus/workplace,multi-actor compact weekly matrix,35,14,2,2,4506,D_FullyCompliant__F_ServiceFirst__G_NoGrid,multi_actor,95.32710280373831,40,856,95.32710280373831,40,856,54.657183824696595,4372.574705975728,198.0,48.45238095238095,4.0864864864864865,4.0864864864864865,0.24470899470899468,740404.0,129.6,9,0.0,0.0,14,0.0,0,0,"[12787, 0, 653, 0]",12787,653,0,0,0.9514136904761905,0.048586309523809525,0.0,0.2664624808575804,0.0,"Operational multi-actor scenario; not causal human behavior, global optimization, filed tariff billing, or site-specific feeder validation.",653,653,0,4967,584,4383,73,69,4,0,0,0,0,0,0,0,174,0,4383,168,FullyCompliant,FleetServiceFirst,NoGridIncentive,"Baseline multi-actor row: least-laxity service-first fleet recommendation, fully compliant driver layer, no grid incentive.",1263580.5074810483,75.89999999999992,4950.0,1.0,1.0,0,0,0.0,0.0,True,True,True,service-tolerated,LeastLaxity,True,True,True,True,True,True,True,True,mutually_acceptable,all_pass,none,0.0,0.0,0.0,1.0,0.0,1.0,0.0,1.0,1.0,0.0,1.0,1.0,0.0,653.0,653.0,653.0,0.0,0.0,0.0,0.2664624808575804
multi_actor_v2,multi_actor_v2_caltech_sce_cap35,metro_caltech_sce,campus/workplace,multi-actor compact weekly matrix,35,14,2,2,4506,D_FullyCompliant__F_CostOnly__G_NoGrid,multi_actor,95.44392523364486,39,856,95.44392523364486,39,856,54.7510340135731,4380.082721085848,212.0,162.73214285714286,1.3027543070339076,1.3027543070339076,0.7676044474393531,4996801.0,129.6,129,60.0,6.75,14,0.05357142857142857,0,0,"[11313, 45, 1, 2081]",11313,1,45,2081,0.8417410714285715,7.440476190476191e-05,0.0033482142857142855,0.3422661024917725,0.7094499294781382,"Operational multi-actor scenario; not causal human behavior, global optimization, filed tariff billing, or site-specific feeder validation.",2127,2118,1369,4967,722,4245,271,36,235,1360,9,4,52,16,18,0,728,1509,2885,168,FullyCompliant,FleetCostOnly,NoGridIncentive,Fleet shifts discretionary charging to cheap windows without an explicit grid guardrail.,1207985.3297840226,43.0,5300.0,1.0017170696020035,1.0707070707070707,1360,18,0.11682242990654856,60.0,True,True,False,harmful by priority distortion,LeastLaxity,False,False,True,False,False,False,False,False,not_mutually_acceptable,driver_fleet_grid_fail,driver,1369.0,0.05357142857142857,0.0,0.9560018713743418,-55595.177697025705,1.0707070707070707,350.0,0.3187956968270806,0.5665349143610019,0.5228954527303584,6.748749331446075,1.0,0.0,2127.0,2127.0,2127.0,0.0,4.0,0.0,0.3422661024917725
multi_actor_v2,multi_actor_v2_caltech_sce_cap35,metro_caltech_sce,campus/workplace,multi-actor compact weekly matrix,35,14,2,2,4506,D_FullyCompliant__F_ServiceCostly__G_NoGrid,multi_actor,95.21028037383178,41,856,95.21028037383178,41,856,53.79216710781266,4303.3733686250125,212.0,122.0,1.7377049180327868,1.7377049180327868,0.5754716981132075,3555920.0,129.6,97,180.0,52.5,14,0.4166666666666667,14,0,"[11809, 0, 579, 1052]",11809,579,0,1052,0.8786458333333333,0.04308035714285714,0.0,0.10177805027590435,0.6082158185162477,"Operational multi-actor scenario; not causal human behavior, global optimization, filed tariff billing, or site-specific feeder validation.",1631,1595,937,4967,676,4291,83,52,31,927,0,61,830,528,92,14,166,992,3394,168,FullyCompliant,FleetServiceCostly,NoGridIncentive,"Fleet preserves urgent service but shifts discretionary charging away from cheap windows, creating a fleet economic stress case.",1244318.1478138694,132.89999999999992,5300.0,0.9841737781504015,1.0707070707070707,927,92,-0.11682242990653435,180.0,False,True,False,harmful by priority distortion,LeastLaxity,False,False,True,False,False,False,False,False,not_mutually_acceptable,driver_fleet_grid_fail,driver,937.0,0.4166666666666667,0.0,0.9847557321807864,-19262.359667178942,1.0707070707070707,350.0,0.4252320235926793,1.750988142292491,0.3307627034042129,4.802675296189648,1.0,0.0,1631.0,1631.0,1631.0,0.0,61.0,0.0,0.10177805027590435
multi_actor_v2,multi_actor_v2_caltech_sce_cap35,metro_caltech_sce,campus/workplace,multi-actor compact weekly matrix,35,14,2,2,4506,D_FullyCompliant__F_QueueAware__G_NoGrid,multi_actor,95.21028037383178,41,856,95.21028037383178,41,856,52.559230557976015,4204.738444638081,212.0,161.1845238095238,1.3152627497322649,1.3152627497322649,0.7603043575920934,4937307.0,129.6,126,0.0,0.0,14,0.0,0,0,"[11353, 0, 1, 2086]",11353,1,0,2086,0.8447172619047619,7.440476190476191e-05,0.0,0.3296597987541926,0.7201724964063249,"Operational multi-actor scenario; not causal human behavior, global optimization, filed tariff billing, or site-specific feeder validation.",2087,2087,1350,4967,737,4230,912,0,912,1350,0,0,0,0,0,0,688,1503,2880,168,FullyCompliant,FleetQueueAware,NoGridIncentive,Fleet suppresses non-urgent/high-SoC requests under queue pressure.,1205914.450211403,32.89999999999992,5300.0,0.9616161477794136,1.0707070707070707,1350,0,-0.11682242990653435,0.0,False,False,False,harmful by priority distortion,LeastLaxity,False,False,True,False,False,False,False,False,not_mutually_acceptable,driver_fleet_grid_fail,driver,1350.0,0.0,0.0,0.9543629733695379,-57666.05726964539,1.0707070707070707,350.0,0.3218566252651706,0.4334650856389981,0.5155953628830987,6.6683959027774025,1.0,0.0,2087.0,2087.0,2087.0,0.0,0.0,0.0,0.3296597987541926
multi_actor_v2,multi_actor_v2_caltech_sce_cap35,metro_caltech_sce,campus/workplace,multi-actor compact weekly matrix,35,14,2,2,4506,D_FullyCompliant__F_AvailabilityFocused__G_NoGrid,multi_actor,95.21028037383178,41,856,95.21028037383178,41,856,54.940473142876684,4395.2378514301345,212.0,164.8452380952381,1.286054741099155,1.286054741099155,0.7775718778077269,5097952.0,129.6,134,0.0,0.0,14,0.0,0,0,"[11302, 0, 52, 2086]",11302,52,0,2086,0.840922619047619,0.003869047619047619,0.0,0.32413470533208605,0.7146866230121609,"Operational multi-actor scenario; not causal human behavior, global optimization, filed tariff billing, or site-specific feeder validation.",2138,2138,1375,4967,712,4255,204,51,153,1375,0,0,0,0,0,0,693,1528,2880,168,FullyCompliant,FleetAvailabilityFocused,NoGridIncentive,Fleet maintains a higher readiness reserve for vehicles with likely upcoming needs.,1271863.5035752924,21.0,5300.0,1.0051830207551251,1.0707070707070707,1375,0,-0.11682242990653435,0.0,True,True,False,harmful by priority distortion,LeastLaxity,False,False,True,False,False,False,False,False,not_mutually_acceptable,driver_fleet_grid_fail,driver,1375.0,0.0,0.0,1.006555178752129,8282.996094244067,1.0707070707070707,350.0,0.3147091628351107,0.2766798418972335,0.5328628830987322,6.885365287059497,1.0,0.0,2138.0,2138.0,2138.0,0.0,0.0,0.0,0.32413470533208605
multi_actor_v2,multi_actor_v2_caltech_sce_cap35,metro_caltech_sce,campus/workplace,multi-actor compact weekly matrix,35,14,2,2,4506,D_FullyCompliant__F_ServiceFirst__G_PeakPenalty,multi_actor,95.32710280373831,40,856,95.32710280373831,40,856,54.657183824696595,4372.574705975728,170.0,48.45238095238095,3.508599508599509,3.508599508599509,0.2850140056022409,714196.0,129.6,10,0.0,0.0,10,0.0,0,0,"[12787, 0, 653, 0]",12787,653,0,0,0.9514136904761905,0.048586309523809525,0.0,0.24808575803981622,0.0,"Operational multi-actor scenario; not causal human behavior, global optimization, filed tariff billing, or site-specific feeder validation.",653,653,0,4967,584,4383,73,69,4,0,0,0,0,0,0,0,162,0,4383,168,FullyCompliant,FleetServiceFirst,GridPeakPenalty,Service-first fleet recommendation with an action-changing peak cap.,1273174.2760405124,68.89999999999992,4250.0,1.0,0.8585858585858586,0,0,0.0,0.0,True,True,True,service-tolerated,LeastLaxity,True,True,True,True,True,True,True,True,mutually_acceptable,all_pass,none,0.0,0.0,-4.0,1.0075925265566095,9593.76855946402,0.8585858585858586,-700.0,0.8585858585858587,0.9077733860342555,0.0403050108932462,0.9646031085731573,1.0,0.0,674.0,653.0,653.0,21.0,0.0,0.0,0.24808575803981622
multi_actor_v2,multi_actor_v2_caltech_sce_cap35,metro_caltech_sce,campus/workplace,multi-actor compact weekly matrix,35,14,2,2,4506,D_FullyCompliant__F_CostOnly__G_PeakPenalty,multi_actor,95.44392523364486,39,856,95.44392523364486,39,856,54.7510340135731,4380.082721085848,184.0,153.76190476190476,1.1966553112418705,1.1966553112418705,0.8356625258799172,4371226.0,129.6,134,0.0,0.0,10,0.0,0,0,"[11568, 36, 1, 1835]",11568,1,36,1835,0.8607142857142858,7.440476190476191e-05,0.0026785714285714286,0.3141025641025641,0.6736111111111112,"Operational multi-actor scenario; not causal human behavior, global optimization, filed tariff billing, or site-specific feeder validation.",1872,1872,1118,4967,718,4249,397,36,361,1118,0,0,0,0,0,0,588,1261,3131,168,FullyCompliant,FleetCostOnly,GridPeakPenalty,Cheap-window fleet policy with a grid peak cap.,1211816.8946533678,47.89999999999992,4600.0,1.0017170696020035,0.9292929292929293,1118,0,0.11682242990654856,0.0,True,True,False,harmful by priority distortion,LeastLaxity,False,False,True,False,True,False,False,False,not_mutually_acceptable,driver_fleet_grid_fail,driver,1118.0,0.0,-4.0,0.9590341790481783,-51763.61282768054,0.9292929292929293,-350.0,0.2928323182271773,0.631093544137022,0.5909535311709225,5.903838985202673,1.0,0.0,2173.0,1872.0,1872.0,301.0,0.0,0.0,0.3141025641025641
multi_actor_v2,multi_actor_v2_caltech_sce_cap35,metro_caltech_sce,campus/workplace,multi-actor compact weekly matrix,35,14,2,2,4506,D_FullyCompliant__F_QueueAware__G_PeakPenalty,multi_actor,95.21028037383178,41,856,95.21028037383178,41,856,52.559230557976015,4204.738444638081,184.0,150.72619047619048,1.2207566542927097,1.2207566542927097,0.8191640786749482,4249914.0,129.6,126,0.0,0.0,10,0.0,0,0,"[11604, 0, 1, 1835]",11604,1,0,1835,0.8633928571428572,7.440476190476191e-05,0.0,0.3006535947712418,0.6813725490196079,"Operational multi-actor scenario; not causal human behavior, global optimization, filed tariff billing, or site-specific feeder validation.",1836,1836,1105,4967,731,4236,912,0,912,1105,0,0,0,0,0,0,552,1251,3131,168,FullyCompliant,FleetQueueAware,GridPeakPenalty,Queue-aware fleet policy with a grid peak cap.,1219134.2226606323,25.89999999999992,4600.0,0.9616161477794136,0.9292929292929293,1105,0,-0.11682242990653435,0.0,False,False,False,harmful by priority distortion,LeastLaxity,False,False,True,False,True,False,False,False,not_mutually_acceptable,driver_fleet_grid_fail,driver,1105.0,0.0,-4.0,0.9648251262525253,-44446.28482041601,0.9292929292929293,-350.0,0.2987301336562848,0.3412384716732536,0.5744550839659536,5.739993300954614,1.0,0.0,2087.0,1836.0,1836.0,251.0,0.0,0.0,0.3006535947712418
multi_actor_v2,multi_actor_v2_caltech_sce_cap35,metro_caltech_sce,campus/workplace,multi-actor compact weekly matrix,35,14,2,2,4506,D_LimitedAttentionP0025__F_ServiceFirst__G_NoGrid,multi_actor,95.21028037383178,41,856,95.21028037383178,41,856,54.19405300718652,4335.524240574921,198.0,47.904761904761905,4.133200795228628,4.133200795228628,0.24194324194324193,722362.0,129.6,9,0.0,0.0,14,0.0,0,0,"[12794, 0, 646, 0]",12794,646,0,0,0.9519345238095238,0.04806547619047619,0.0,0.2693498452012384,0.0,"Operational multi-actor scenario; not causal human behavior, global optimization, filed tariff billing, or site-specific feeder validation.",646,646,0,4967,578,4389,73,68,5,0,0,0,0,0,0,0,174,0,4389,168,LimitedAttentionP0025,FleetServiceFirst,NoGridIncentive,Low-probability missed compliance with service-first fleet recommendation.,1247287.6470576702,68.89999999999992,4950.0,0.9915266249539038,1.0,0,0,-0.11682242990653435,0.0,True,True,True,service-tolerated,LeastLaxity,True,True,True,True,True,True,True,True,mutually_acceptable,all_pass,none,0.0,0.0,0.0,0.9871057994904827,-16292.86042337818,1.0,0.0,1.0114314115308152,0.9077733860342555,-0.002765752765752749,0.9756322224083068,0.9749999999999999,0.000744047619047619,656.0,656.0,646.0,0.0,0.0,0.0,0.2693498452012384
multi_actor_v2,multi_actor_v2_caltech_sce_cap35,metro_caltech_sce,campus/workplace,multi-actor compact weekly matrix,35,14,2,2,4506,D_LimitedAttentionP005__F_ServiceFirst__G_NoGrid,multi_actor,95.09345794392523,42,856,95.09345794392523,42,856,53.5088097152025,4280.7047772162005,198.0,47.529761904761905,4.165810895428929,4.165810895428929,0.24004930254930254,718201.0,129.6,9,0.0,0.0,14,0.0,0,0,"[12803, 0, 637, 0]",12803,637,0,0,0.9526041666666667,0.04739583333333333,0.0,0.2653061224489796,0.0,"Operational multi-actor scenario; not causal human behavior, global optimization, filed tariff billing, or site-specific feeder validation.",637,637,0,4968,568,4400,78,69,9,0,0,0,0,0,0,0,169,0,4400,168,LimitedAttentionP005,FleetServiceFirst,NoGridIncentive,Moderate missed compliance with service-first fleet recommendation.,1238358.6520226947,71.0,4950.0,0.9789895119152625,1.0,0,0,-0.23364485981308292,0.0,False,False,True,service-tolerated,LeastLaxity,True,True,True,True,True,True,True,True,mutually_acceptable,all_pass,none,0.0,0.0,0.0,0.9800393759566349,-25221.855458353646,1.0,0.0,1.0194113963681903,0.9354413702239799,-0.0046596921596921415,0.9700123175995807,0.95,0.003125,679.0,679.0,637.0,0.0,0.0,0.0,0.2653061224489796
multi_actor_v2,multi_actor_v2_caltech_sce_cap35,metro_caltech_sce,campus/workplace,multi-actor compact weekly matrix,35,14,2,2,4506,D_SoCCompliance__F_ServiceFirst__G_NoGrid,multi_actor,87.03271028037382,111,856,87.03271028037382,111,856,43.16867916519932,3453.494333215946,198.0,122.10714285714286,1.6215267622111729,1.6215267622111729,0.6167027417027418,3027358.0,129.6,108,2705.9999999999995,750.0,20,5.755952380952381,111,33,"[11616, 23, 1801, 0]",11616,1801,23,0,0.8642857142857143,0.1340029761904762,0.0017113095238095238,0.2955043859649123,0.6622807017543859,"Operational multi-actor scenario; not causal human behavior, global optimization, filed tariff billing, or site-specific feeder validation.",1824,1358,1355,4968,540,4428,65,55,10,1351,4,143,1750,1300,1425,144,539,1208,3202,168,SoCCompliance,FleetServiceFirst,NoGridIncentive,Compliance probability is higher at low SoC and lower at high SoC.,970680.4331513521,68.89999999999992,4950.0,0.7898079656583725,1.0,1351,1425,-8.294392523364493,2705.9999999999995,False,False,False,harmful by under-delivery,LeastLaxity,False,False,True,False,True,False,False,False,not_mutually_acceptable,driver_fleet_grid_fail,driver,1355.0,5.755952380952381,6.0,0.7681983280087207,-292900.07432969625,1.0,0.0,0.39680218387442723,0.9077733860342555,0.3719937469937471,4.088792064872691,0.8016670386904757,0.1972470238095238,341.0,341.0,1824.0,0.0,143.0,0.0,0.2955043859649123
multi_actor_v2,multi_actor_v2_caltech_sce_cap35,metro_caltech_sce,campus/workplace,multi-actor compact weekly matrix,35,14,2,2,4506,D_SoCQueueCompliance__F_ServiceFirst__G_NoGrid,multi_actor,89.36915887850468,91,856,89.36915887850468,91,856,46.19365460827316,3695.4923686618527,212.0,138.78571428571428,1.5275347400926402,1.5275347400926402,0.6546495956873315,3830546.0,129.6,120,4083.0,1409.25,28,10.43452380952381,224,126,"[10637, 47, 2756, 0]",10637,2756,47,0,0.7914434523809524,0.2050595238095238,0.0034970238095238097,0.2643596146985373,0.6132714948269711,"Operational multi-actor scenario; not causal human behavior, global optimization, filed tariff billing, or site-specific feeder validation.",2803,1660,2311,4969,564,4405,108,53,55,2295,16,149,2760,2278,2892,350,741,1719,2232,168,SoCQueueCompliance,FleetServiceFirst,NoGridIncentive,SoC-dependent compliance with queue-sensitive avoidance for non-critical high-SoC charging.,1043416.7766976805,47.19999999999993,5300.0,0.845152482726356,1.0707070707070707,2295,2892,-5.957943925233636,4083.0,False,False,False,harmful by under-delivery,LeastLaxity,False,False,True,False,False,False,False,False,not_mutually_acceptable,driver_fleet_grid_fail,driver,2311.0,10.43452380952381,14.0,0.8257620076600699,-220163.73078336788,1.0707070707070707,350.0,0.3738014906311355,0.6218708827404477,0.40994060097833684,5.173589013565567,0.5880003720238094,0.4126488095238095,336.0,336.0,2803.0,0.0,149.0,25.0,0.2643596146985373
multi_actor_v2,multi_actor_v2_caltech_sce_cap35,metro_caltech_sce,campus/workplace,multi-actor compact weekly matrix,35,14,2,2,4506,D_PriceSensitive__F_ServiceFirst__G_NoGrid,multi_actor,89.95327102803739,86,856,89.95327102803739,86,856,48.18991498859431,3855.193199087545,198.0,115.92857142857143,1.7079482439926064,1.7079482439926064,0.5854978354978355,2837036.0,129.6,97,2243.9999999999986,1172.25,31,8.55952380952381,202,125,"[11297, 0, 2143, 0]",11297,2143,0,0,0.8405505952380953,0.15944940476190475,0.0,0.1399906672888474,0.4713019132057863,"Operational multi-actor scenario; not causal human behavior, global optimization, filed tariff billing, or site-specific feeder validation.",2143,1265,1635,4967,589,4378,122,51,71,1634,0,136,2057,1583,2312,327,300,1010,2873,168,PriceSensitive,FleetServiceFirst,NoGridIncentive,"Driver layer biases actual requests toward cheap windows, bounded by critical/low-SoC need.",1095662.887420258,75.89999999999992,4950.0,0.8816757764753317,1.0,1634,2312,-5.373831775700921,2243.9999999999986,False,False,False,harmful by under-delivery,LeastLaxity,False,False,True,False,True,False,False,False,not_mutually_acceptable,driver_fleet_grid_fail,driver,1635.0,8.55952380952381,17.0,0.8671096783571515,-167917.62006079033,1.0,0.0,0.4179502978024235,1.0,0.34078884078884086,3.8317405092354986,0.6374999999999998,0.365922619047619,399.0,399.0,2143.0,0.0,136.0,0.0,0.1399906672888474
multi_actor_v2,multi_actor_v2_caltech_sce_cap35,metro_caltech_sce,campus/workplace,multi-actor compact weekly matrix,35,14,2,2,4506,D_ReserveSeeking__F_ServiceFirst__G_NoGrid,multi_actor,91.47196261682244,73,856,91.47196261682244,73,856,50.056160424164105,4004.492833933128,198.0,73.5952380952381,2.690391459074733,2.690391459074733,0.37169312169312174,1355138.0,129.6,29,605.9999999999997,278.25,15,2.1845238095238093,56,4,"[12532, 3, 905, 0]",12532,905,3,0,0.9324404761904762,0.06733630952380952,0.0002232142857142857,0.2775330396475771,0.29625550660792954,"Operational multi-actor scenario; not causal human behavior, global optimization, filed tariff billing, or site-specific feeder validation.",908,808,396,4967,586,4381,62,60,2,395,1,108,736,348,460,60,252,269,4119,168,ReserveSeeking,FleetServiceFirst,NoGridIncentive,Driver layer maintains a higher reserve threshold than the fleet recommendation assumes.,1137545.0253153807,85.69999999999999,4950.0,0.915820335433134,1.0,395,460,-3.8551401869158752,605.9999999999997,False,False,False,harmful by under-delivery,LeastLaxity,False,False,True,False,True,False,False,False,not_mutually_acceptable,driver_fleet_grid_fail,driver,396.0,2.1845238095238093,1.0,0.9002552813853391,-126035.4821656677,1.0,0.0,0.6583629893238434,1.1291172595520431,0.12698412698412706,1.8302683399873583,0.9000000000000001,0.0994047619047619,453.0,453.0,908.0,0.0,108.0,0.0,0.2775330396475771
multi_actor_v2,multi_actor_v2_caltech_sce_cap35,metro_caltech_sce,campus/workplace,multi-actor compact weekly matrix,35,14,2,2,4506,D_UrgencyDriven__F_ServiceFirst__G_NoGrid,multi_actor,94.9766355140187,43,856,94.9766355140187,43,856,53.59334944789248,4287.467955831398,198.0,66.08333333333333,2.9962168978562422,2.9962168978562422,0.33375420875420875,1128762.0,129.6,21,60.0,13.5,15,0.10714285714285714,4,0,"[12579, 0, 548, 313]",12579,548,0,313,0.9359375,0.040773809523809525,0.0,0.29152148664343785,0.2706155632984901,"Operational multi-actor scenario; not causal human behavior, global optimization, filed tariff billing, or site-specific feeder validation.",861,855,187,4967,622,4345,70,64,6,186,0,17,131,37,18,4,251,233,4170,168,UrgencyDriven,FleetServiceFirst,NoGridIncentive,Driver layer prioritizes deadline/urgent charging pressure over the fleet recommendation.,1234927.2635611566,94.79999999999984,4950.0,0.9805362387455566,1.0,186,18,-0.35046728971961727,60.0,False,True,False,harmful by priority distortion,LeastLaxity,False,False,True,False,True,False,False,False,not_mutually_acceptable,driver_fleet_grid_fail,driver,187.0,0.10714285714285714,1.0,0.9773237686477041,-28653.24391989177,1.0,0.0,0.7332012250045037,1.249011857707509,0.08904521404521407,1.5245217475864528,0.8499999999999999,0.15022321428571428,630.0,630.0,861.0,0.0,17.0,0.0,0.29152148664343785
multi_actor_v2,multi_actor_v2_caltech_sce_cap35,metro_caltech_sce,campus/workplace,multi-actor compact weekly matrix,35,14,2,2,4506,D_PriceSensitive__F_QueueAware__G_PeakPenalty,multi_actor,90.30373831775701,83,856,90.30373831775701,83,856,46.677290493422504,3734.1832394738003,212.0,155.8095238095238,1.360635696821516,1.360635696821516,0.7349505840071877,4556150.0,129.6,130,2648.9999999999995,1205.25,32,8.851190476190476,200,120,"[10597, 21, 1896, 926]",10597,1896,21,926,0.7884672619047619,0.14107142857142857,0.0015625,0.2117481533591277,0.6162504396763981,"Operational multi-actor scenario; not causal human behavior, global optimization, filed tariff billing, or site-specific feeder validation.",2843,1958,2320,4967,632,4335,538,21,517,2317,3,146,2698,2201,2362,320,602,1752,2145,168,PriceSensitive,FleetQueueAware,GridPeakPenalty,"Full interaction: price-sensitive driver response, queue-aware fleet policy, and grid peak cap.",1030856.447465966,40.89999999999992,5300.0,0.8540010155505229,1.0707070707070707,2317,2362,-5.023364485981304,2648.9999999999995,False,False,False,harmful by under-delivery,LeastLaxity,False,False,True,False,False,False,False,False,not_mutually_acceptable,driver_fleet_grid_fail,driver,2320.0,8.851190476190476,18.0,0.8158217393848386,-232724.06001508236,1.0707070707070707,350.0,0.3329597935343657,0.5388669301712775,0.49024158929819306,6.153599926526599,0.6374999999999998,0.36436011904761906,1569.0,1427.0,2843.0,142.0,146.0,0.0,0.2117481533591277
multi_actor_v2,multi_actor_v2_caltech_sce_cap35,metro_caltech_sce,campus/workplace,multi-actor compact weekly matrix,35,14,2,2,4506,D_SoCCompliance__F_QueueAware__G_PeakPenalty,multi_actor,87.85046728971963,104,856,87.85046728971963,104,856,43.72945237520778,3498.3561900166223,212.0,156.875,1.351394422310757,1.351394422310757,0.7399764150943396,4640129.0,129.6,129,3071.999999999999,771.75,20,5.904761904761905,119,37,"[10929, 46, 1591, 874]",10929,1591,46,874,0.8131696428571429,0.11837797619047619,0.0034226190476190476,0.294305057745918,0.7431302270011948,"Operational multi-actor scenario; not causal human behavior, global optimization, filed tariff billing, or site-specific feeder validation.",2511,2002,2025,4968,574,4394,168,39,129,2013,12,145,2397,1928,1492,156,739,1866,2503,168,SoCCompliance,FleetQueueAware,GridPeakPenalty,"Full interaction: SoC-dependent compliance, queue-aware fleet policy, and grid peak cap.",946786.5870520363,47.89999999999992,5300.0,0.8000677919203153,1.0707070707070707,2013,1492,-7.476635514018682,3071.999999999999,False,False,False,harmful by under-delivery,LeastLaxity,False,False,True,False,False,False,False,False,not_mutually_acceptable,driver_fleet_grid_fail,driver,2025.0,5.904761904761905,6.0,0.749288693080157,-316793.92042901204,1.0707070707070707,350.0,0.330698370539008,0.631093544137022,0.495267420385345,6.267023138718861,0.7980811011904775,0.20572916666666666,1533.0,1429.0,2511.0,104.0,145.0,0.0,0.294305057745918
multi_actor_v2,multi_actor_v2_caltech_sce_cap35,metro_caltech_sce,campus/workplace,multi-actor compact weekly matrix,35,14,2,2,4507,LeastLaxity,anchor,94.08352668213456,51,862,94.08352668213456,51,862,42.151518061051135,3372.121444884091,191.0,33.95238095238095,5.625525946704068,5.625525946704068,0.17776115681874843,408296.0,129.6,5,0.0,0.0,13,0.0,0,0,"[12920, 0, 520, 0]",12920,520,0,0,0.9613095238095238,0.03869047619047619,0.0,0.27115384615384613,0.0,"Behavior Applied Energy package v1; behavior proxies are imposed perturbations, not measured traits.",520,520,0,4039,481,3558,39,39,0,0,0,0,0,0,0,0,141,0,3558,168,FullyCompliant,FleetServiceFirst,NoGridIncentive,LeastLaxity anchor used for paired thresholds.,974963.3483452766,57.0,4775.0,1.0,1.0,0,0,0.0,0.0,True,True,True,anchor,LeastLaxity,True,True,True,True,True,True,True,True,mutually_acceptable,all_pass,none,0.0,0.0,0.0,1.0,0.0,1.0,0.0,1.0,1.0,0.0,1.0,,,,,,,,,
multi_actor_v2,multi_actor_v2_caltech_sce_cap35,metro_caltech_sce,campus/workplace,multi-actor compact weekly matrix,35,14,2,2,4507,D_FullyCompliant__F_ServiceFirst__G_NoGrid,multi_actor,94.08352668213456,51,862,94.08352668213456,51,862,42.151518061051135,3372.121444884091,191.0,33.95238095238095,5.625525946704068,5.625525946704068,0.17776115681874843,408296.0,129.6,5,0.0,0.0,13,0.0,0,0,"[12920, 0, 520, 0]",12920,520,0,0,0.9613095238095238,0.03869047619047619,0.0,0.27115384615384613,0.0,"Operational multi-actor scenario; not causal human behavior, global optimization, filed tariff billing, or site-specific feeder validation.",520,520,0,4039,481,3558,39,39,0,0,0,0,0,0,0,0,141,0,3558,168,FullyCompliant,FleetServiceFirst,NoGridIncentive,"Baseline multi-actor row: least-laxity service-first fleet recommendation, fully compliant driver layer, no grid incentive.",974963.3483452766,57.0,4775.0,1.0,1.0,0,0,0.0,0.0,True,True,True,service-tolerated,LeastLaxity,True,True,True,True,True,True,True,True,mutually_acceptable,all_pass,none,0.0,0.0,0.0,1.0,0.0,1.0,0.0,1.0,1.0,0.0,1.0,1.0,0.0,520.0,520.0,520.0,0.0,0.0,0.0,0.27115384615384613
multi_actor_v2,multi_actor_v2_caltech_sce_cap35,metro_caltech_sce,campus/workplace,multi-actor compact weekly matrix,35,14,2,2,4507,D_FullyCompliant__F_CostOnly__G_NoGrid,multi_actor,94.77958236658934,45,862,94.77958236658934,45,862,42.024437987331254,3361.9550389865003,205.0,129.35714285714286,1.5847598012147983,1.5847598012147983,0.6310104529616725,3675238.0,129.6,109,0.0,0.75,13,0.005952380952380952,0,0,"[11778, 23, 1, 1638]",11778,1,23,1638,0.8763392857142858,7.440476190476191e-05,0.0017113095238095238,0.37184115523465705,0.7057761732851986,"Operational multi-actor scenario; not causal human behavior, global optimization, filed tariff billing, or site-specific feeder validation.",1662,1661,1066,4039,574,3465,185,22,163,1065,1,1,13,3,1,0,618,1173,2400,168,FullyCompliant,FleetCostOnly,NoGridIncentive,Fleet shifts discretionary charging to cheap windows without an explicit grid guardrail.,928516.1573059489,50.0,5125.0,0.996985160213309,1.0732984293193717,1065,1,0.6960556844547767,0.0,True,True,False,harmful by priority distortion,LeastLaxity,False,False,True,False,False,False,False,False,not_mutually_acceptable,driver_fleet_grid_fail,driver,1066.0,0.005952380952380952,0.0,0.9523600644904667,-46447.19103932765,1.0732984293193717,350.0,0.28170873554379233,0.8771929824561403,0.45324929614292403,9.001405842819915,1.0,0.0,1662.0,1662.0,1662.0,0.0,1.0,0.0,0.37184115523465705
multi_actor_v2,multi_actor_v2_caltech_sce_cap35,metro_caltech_sce,campus/workplace,multi-actor compact weekly matrix,35,14,2,2,4507,D_FullyCompliant__F_ServiceCostly__G_NoGrid,multi_actor,93.96751740139212,52,862,93.96751740139212,52,862,41.00680035669982,3280.5440285359855,198.0,93.26190476190476,2.123053357161093,2.123053357161093,0.471019721019721,2393456.0,129.6,77,122.99999999999983,44.25,13,0.35119047619047616,16,0,"[12215, 0, 444, 781]",12215,444,0,781,0.9088541666666666,0.033035714285714286,0.0,0.10693877551020409,0.5844897959183674,"Operational multi-actor scenario; not causal human behavior, global optimization, filed tariff billing, or site-specific feeder validation.",1225,1194,679,4040,539,3501,51,35,16,676,0,57,612,381,75,16,131,716,2851,168,FullyCompliant,FleetServiceCostly,NoGridIncentive,"Fleet preserves urgent service but shifts discretionary charging away from cheap windows, creating a fleet economic stress case.",944895.0975521195,146.89999999999992,4950.0,0.9728427881839667,1.036649214659686,676,75,-0.11600928074244621,122.99999999999983,False,False,False,harmful by priority distortion,LeastLaxity,False,False,True,False,True,False,False,False,not_mutually_acceptable,driver_fleet_grid_fail,driver,679.0,0.35119047619047616,0.0,0.9691596090825472,-30068.25079315703,1.036649214659686,175.0,0.37739642075688334,2.577192982456139,0.29325856420097257,5.86206085780904,1.0,0.0,1225.0,1225.0,1225.0,0.0,57.0,0.0,0.10693877551020409
multi_actor_v2,multi_actor_v2_caltech_sce_cap35,metro_caltech_sce,campus/workplace,multi-actor compact weekly matrix,35,14,2,2,4507,D_FullyCompliant__F_QueueAware__G_NoGrid,multi_actor,94.3155452436195,49,862,94.3155452436195,49,862,40.00016480733156,3200.0131845865244,205.0,127.41666666666667,1.6088947024198823,1.6088947024198823,0.6215447154471545,3627926.0,129.6,108,0.0,0.0,13,0.0,0,0,"[11801, 0, 1, 1638]",11801,1,0,1638,0.8780505952380953,7.440476190476191e-05,0.0,0.363026235509457,0.7162904209884076,"Operational multi-actor scenario; not causal human behavior, global optimization, filed tariff billing, or site-specific feeder validation.",1639,1639,1066,4039,573,3466,727,0,727,1066,0,0,0,0,0,0,595,1174,2400,168,FullyCompliant,FleetQueueAware,NoGridIncentive,Fleet suppresses non-urgent/high-SoC requests under queue pressure.,922943.182028357,47.89999999999992,5125.0,0.9489614288480995,1.0732984293193717,1066,0,0.23201856148493505,0.0,False,False,False,harmful by under-delivery,LeastLaxity,False,False,True,False,False,False,False,False,not_mutually_acceptable,driver_fleet_grid_fail,driver,1066.0,0.0,0.0,0.9466439775349412,-52020.166316919494,1.0732984293193717,350.0,0.28599898350171427,0.8403508771929811,0.44378355862840607,8.885529125928247,1.0,0.0,1639.0,1639.0,1639.0,0.0,0.0,0.0,0.363026235509457
multi_actor_v2,multi_actor_v2_caltech_sce_cap35,metro_caltech_sce,campus/workplace,multi-actor compact weekly matrix,35,14,2,2,4507,D_FullyCompliant__F_AvailabilityFocused__G_NoGrid,multi_actor,94.08352668213456,51,862,94.08352668213456,51,862,42.177276424340235,3374.182113947219,205.0,129.89880952380952,1.5781514915456172,1.5781514915456172,0.6336527293844367,3695825.0,129.6,109,0.0,0.0,13,0.0,0,0,"[11766, 0, 36, 1638]",11766,36,0,1638,0.8754464285714286,0.0026785714285714286,0.0,0.3590203106332139,0.7072879330943848,"Operational multi-actor scenario; not causal human behavior, global optimization, filed tariff billing, or site-specific feeder validation.",1674,1674,1076,4039,563,3476,45,35,10,1076,0,0,0,0,0,0,601,1184,2400,168,FullyCompliant,FleetAvailabilityFocused,NoGridIncentive,Fleet maintains a higher readiness reserve for vehicles with likely upcoming needs.,971031.7375091711,50.0,5125.0,1.0006110898129883,1.0732984293193717,1076,0,0.0,0.0,True,True,False,harmful by priority distortion,LeastLaxity,False,False,True,False,False,False,False,False,not_mutually_acceptable,driver_fleet_grid_fail,driver,1076.0,0.0,0.0,0.995967427039408,-3931.610836105421,1.0732984293193717,350.0,0.2805340347723822,0.8771929824561403,0.4558915725656883,9.05182759566589,1.0,0.0,1674.0,1674.0,1674.0,0.0,0.0,0.0,0.3590203106332139
multi_actor_v2,multi_actor_v2_caltech_sce_cap35,metro_caltech_sce,campus/workplace,multi-actor compact weekly matrix,35,14,2,2,4507,D_FullyCompliant__F_ServiceFirst__G_PeakPenalty,multi_actor,94.08352668213456,51,862,94.08352668213456,51,862,42.151518061051135,3372.121444884091,170.0,33.95238095238095,5.007012622720898,5.007012622720898,0.19971988795518206,404138.0,129.6,5,0.0,0.0,10,0.0,0,0,"[12920, 0, 520, 0]",12920,520,0,0,0.9613095238095238,0.03869047619047619,0.0,0.27115384615384613,0.0,"Operational multi-actor scenario; not causal human behavior, global optimization, filed tariff billing, or site-specific feeder validation.",520,520,0,4039,481,3558,39,39,0,0,0,0,0,0,0,0,141,0,3558,168,FullyCompliant,FleetServiceFirst,GridPeakPenalty,Service-first fleet recommendation with an action-changing peak cap.,974963.3483452766,57.0,4250.0,1.0,0.8900523560209425,0,0,0.0,0.0,True,True,True,service-tolerated,LeastLaxity,True,True,True,True,True,True,True,True,mutually_acceptable,all_pass,none,0.0,0.0,-3.0,1.0,0.0,0.8900523560209425,-525.0,0.8900523560209425,1.0,0.021958731136433624,0.9898162117679331,1.0,0.0,528.0,520.0,520.0,8.0,0.0,0.0,0.27115384615384613
multi_actor_v2,multi_actor_v2_caltech_sce_cap35,metro_caltech_sce,campus/workplace,multi-actor compact weekly matrix,35,14,2,2,4507,D_FullyCompliant__F_CostOnly__G_PeakPenalty,multi_actor,94.77958236658934,45,862,94.77958236658934,45,862,42.024437987331254,3361.9550389865003,184.0,124.98214285714286,1.4722103157593942,1.4722103157593942,0.6792507763975155,3395105.0,129.6,109,0.0,0.0,10,0.0,0,0,"[11884, 22, 1, 1533]",11884,1,22,1533,0.8842261904761904,7.440476190476191e-05,0.001636904761904762,0.3425449871465296,0.6863753213367609,"Operational multi-actor scenario; not causal human behavior, global optimization, filed tariff billing, or site-specific feeder validation.",1556,1556,960,4039,574,3465,185,22,163,960,0,0,0,0,0,0,533,1068,2505,168,FullyCompliant,FleetCostOnly,GridPeakPenalty,Cheap-window fleet policy with a grid peak cap.,928865.4891967904,50.0,4600.0,0.996985160213309,0.9633507853403142,960,0,0.6960556844547767,0.0,True,True,False,harmful by priority distortion,LeastLaxity,False,False,True,False,True,False,False,False,not_mutually_acceptable,driver_fleet_grid_fail,driver,960.0,0.0,-3.0,0.952718367078389,-46097.85914848617,0.9633507853403142,-175.0,0.2617018088098848,0.8771929824561403,0.501489619578767,8.315303113427513,1.0,0.0,1662.0,1556.0,1556.0,106.0,0.0,0.0,0.3425449871465296
multi_actor_v2,multi_actor_v2_caltech_sce_cap35,metro_caltech_sce,campus/workplace,multi-actor compact weekly matrix,35,14,2,2,4507,D_FullyCompliant__F_QueueAware__G_PeakPenalty,multi_actor,94.3155452436195,49,862,94.3155452436195,49,862,40.00016480733156,3200.0131845865244,184.0,123.04166666666667,1.4954283779207584,1.4954283779207584,0.6687047101449276,3347793.0,129.6,108,0.0,0.0,10,0.0,0,0,"[11906, 0, 1, 1533]",11906,1,0,1533,0.8858630952380953,7.440476190476191e-05,0.0,0.333116036505867,0.696870925684485,"Operational multi-actor scenario; not causal human behavior, global optimization, filed tariff billing, or site-specific feeder validation.",1534,1534,961,4039,573,3466,727,0,727,961,0,0,0,0,0,0,511,1069,2505,168,FullyCompliant,FleetQueueAware,GridPeakPenalty,Queue-aware fleet policy with a grid peak cap.,923292.5139191987,47.89999999999992,4600.0,0.9489614288480995,0.9633507853403142,961,0,0.23201856148493505,0.0,False,False,False,harmful by under-delivery,LeastLaxity,False,False,True,False,True,False,False,False,not_mutually_acceptable,driver_fleet_grid_fail,driver,961.0,0.0,-3.0,0.9470022801228636,-51670.8344260779,0.9633507853403142,-175.0,0.2658290783987785,0.8403508771929811,0.49094355332617917,8.199426396535847,1.0,0.0,1639.0,1534.0,1534.0,105.0,0.0,0.0,0.333116036505867
multi_actor_v2,multi_actor_v2_caltech_sce_cap35,metro_caltech_sce,campus/workplace,multi-actor compact weekly matrix,35,14,2,2,4507,D_LimitedAttentionP0025__F_ServiceFirst__G_NoGrid,multi_actor,94.08352668213456,51,862,94.08352668213456,51,862,41.75776806105114,3340.621444884091,191.0,33.74404761904762,5.660257541012524,5.660257541012524,0.17667040638244827,406679.0,129.6,5,0.0,0.0,13,0.0,0,0,"[12925, 0, 515, 0]",12925,515,0,0,0.9616815476190477,0.038318452380952384,0.0,0.2737864077669903,0.0,"Operational multi-actor scenario; not causal human behavior, global optimization, filed tariff billing, or site-specific feeder validation.",515,515,0,4039,474,3565,43,41,2,0,0,0,0,0,0,0,141,0,3565,168,LimitedAttentionP0025,FleetServiceFirst,NoGridIncentive,Low-probability missed compliance with service-first fleet recommendation.,963911.629133916,57.0,4775.0,0.9906586994226472,1.0,0,0,0.0,0.0,True,True,True,service-tolerated,LeastLaxity,True,True,True,True,True,True,True,True,mutually_acceptable,all_pass,none,0.0,0.0,0.0,0.9886644772543319,-11051.719211360556,1.0,0.0,1.0061739283824307,1.0,-0.001090750436300164,0.9960396379097517,0.9749999999999999,0.000744047619047619,525.0,525.0,515.0,0.0,0.0,0.0,0.2737864077669903
multi_actor_v2,multi_actor_v2_caltech_sce_cap35,metro_caltech_sce,campus/workplace,multi-actor compact weekly matrix,35,14,2,2,4507,D_LimitedAttentionP005__F_ServiceFirst__G_NoGrid,multi_actor,93.7354988399072,54,862,93.7354988399072,54,862,40.97026806105114,3277.621444884091,184.0,32.98809523809524,5.577769758210032,5.577769758210032,0.17928312629399587,396094.0,129.6,6,0.0,0.0,12,0.0,0,0,"[12937, 0, 503, 0]",12937,503,0,0,0.9625744047619048,0.03742559523809524,0.0,0.2803180914512923,0.0,"Operational multi-actor scenario; not causal human behavior, global optimization, filed tariff billing, or site-specific feeder validation.",503,503,0,4039,462,3577,46,41,5,0,0,0,0,0,0,0,141,0,3577,168,LimitedAttentionP005,FleetServiceFirst,NoGridIncentive,Moderate missed compliance with service-first fleet recommendation.,944475.8867119686,61.89999999999992,4600.0,0.9719760982679412,0.9633507853403142,0,0,-0.34802784222736705,0.0,False,False,True,service-tolerated,LeastLaxity,True,True,True,True,True,True,True,True,mutually_acceptable,all_pass,none,0.0,0.0,-1.0,0.9687296330830777,-30487.461633307976,0.9633507853403142,-175.0,0.991510804688046,1.0859649122807005,0.0015219694752474366,0.9701148186609715,0.95,0.002380952380952381,535.0,535.0,503.0,0.0,0.0,0.0,0.2803180914512923
multi_actor_v2,multi_actor_v2_caltech_sce_cap35,metro_caltech_sce,campus/workplace,multi-actor compact weekly matrix,35,14,2,2,4507,D_SoCCompliance__F_ServiceFirst__G_NoGrid,multi_actor,85.49883990719258,125,862,85.49883990719258,125,862,33.315333692436,2665.22669539488,191.0,93.625,2.040053404539386,2.040053404539386,0.49018324607329844,2062441.0,129.6,69,1800.0,510.0,20,3.9404761904761907,96,18,"[12072, 13, 1355, 0]",12072,1355,13,0,0.8982142857142857,0.10081845238095238,0.0009672619047619048,0.27485380116959063,0.6125730994152047,"Operational multi-actor scenario; not causal human behavior, global optimization, filed tariff billing, or site-specific feeder validation.",1368,1043,992,4040,448,3592,38,36,2,991,0,126,1234,942,981,114,376,838,2708,168,SoCCompliance,FleetServiceFirst,NoGridIncentive,Compliance probability is higher at low SoC and lower at high SoC.,745972.1773977261,83.89999999999992,4775.0,0.7903709101101165,1.0,991,981,-8.584686774941986,1800.0,False,False,False,harmful by under-delivery,LeastLaxity,False,False,True,False,True,False,False,False,not_mutually_acceptable,driver_fleet_grid_fail,driver,992.0,3.9404761904761907,7.0,0.7651284314059621,-228991.17094755045,1.0,0.0,0.3626422531629474,1.471929824561402,0.31242208925455,5.051337754962086,0.8279337797619042,0.17663690476190477,289.0,289.0,1368.0,0.0,126.0,0.0,0.27485380116959063
multi_actor_v2,multi_actor_v2_caltech_sce_cap35,metro_caltech_sce,campus/workplace,multi-actor compact weekly matrix,35,14,2,2,4507,D_SoCQueueCompliance__F_ServiceFirst__G_NoGrid,multi_actor,87.58700696055685,107,862,87.58700696055685,107,862,35.70801785340028,2856.6414282720225,191.0,110.67261904761905,1.7258107890066154,1.7258107890066154,0.5794377960608327,2723629.0,129.6,99,3245.9999999999995,1138.5,29,8.392857142857142,199,108,"[11276, 18, 2146, 0]",11276,2146,18,0,0.8389880952380953,0.15967261904761904,0.0013392857142857143,0.25046210720887246,0.5651571164510166,"Operational multi-actor scenario; not causal human behavior, global optimization, filed tariff billing, or site-specific feeder validation.",2164,1274,1779,4042,475,3567,51,32,19,1777,2,144,2122,1762,2296,307,542,1223,1911,168,SoCQueueCompliance,FleetServiceFirst,NoGridIncentive,SoC-dependent compliance with queue-sensitive avoidance for non-critical high-SoC charging.,816940.5079715049,57.0,4775.0,0.8471348007367548,1.0,1777,2296,-6.496519721577712,3245.9999999999995,False,False,False,harmful by under-delivery,LeastLaxity,False,False,True,False,True,False,False,False,not_mutually_acceptable,driver_fleet_grid_fail,driver,1779.0,8.392857142857142,16.0,0.8379191990735133,-158022.8403737716,1.0,0.0,0.3067821223040929,1.0,0.40167663924208424,6.670721731292984,0.6231220238095242,0.3764136904761905,247.0,247.0,2164.0,0.0,144.0,16.0,0.25046210720887246
multi_actor_v2,multi_actor_v2_caltech_sce_cap35,metro_caltech_sce,campus/workplace,multi-actor compact weekly matrix,35,14,2,2,4507,D_PriceSensitive__F_ServiceFirst__G_NoGrid,multi_actor,88.97911832946636,95,862,88.97911832946636,95,862,37.047487771064034,2963.7990216851226,191.0,86.9702380952381,2.1961535829169803,2.1961535829169803,0.4553415607080529,1823971.0,129.6,57,2042.9999999999998,1113.0,32,8.077380952380953,207,127,"[11621, 0, 1819, 0]",11621,1819,0,0,0.864657738095238,0.1353422619047619,0.0,0.1297416162726773,0.4029686641011545,"Operational multi-actor scenario; not causal human behavior, global optimization, filed tariff billing, or site-specific feeder validation.",1819,957,1417,4040,488,3552,57,33,24,1416,0,126,1671,1361,2217,334,236,733,2254,168,PriceSensitive,FleetServiceFirst,NoGridIncentive,"Driver layer biases actual requests toward cheap windows, bounded by critical/low-SoC need.",837664.3324955076,90.59999999999968,4775.0,0.8789123019817564,1.0,1416,2217,-5.104408352668202,2042.9999999999998,False,False,False,harmful by under-delivery,LeastLaxity,False,False,True,False,True,False,False,False,not_mutually_acceptable,driver_fleet_grid_fail,driver,1417.0,8.077380952380953,19.0,0.859175202757319,-137299.015849769,1.0,0.0,0.39039080145096156,1.5894736842105208,0.27758040388930444,4.467276191782433,0.6374999999999998,0.3654017857142857,274.0,274.0,1819.0,0.0,126.0,0.0,0.1297416162726773
multi_actor_v2,multi_actor_v2_caltech_sce_cap35,metro_caltech_sce,campus/workplace,multi-actor compact weekly matrix,35,14,2,2,4507,D_ReserveSeeking__F_ServiceFirst__G_NoGrid,multi_actor,89.67517401392111,89,862,89.67517401392111,89,862,38.50233246597706,3080.186597278165,191.0,49.68452380952381,3.8442554211093807,3.8442554211093807,0.26012839690850165,692505.0,129.6,7,600.0,261.75,13,2.0595238095238093,46,3,"[12701, 5, 734, 0]",12701,734,5,0,0.945014880952381,0.05461309523809524,0.0003720238095238095,0.2787550744248985,0.2963464140730717,"Operational multi-actor scenario; not causal human behavior, global optimization, filed tariff billing, or site-specific feeder validation.",739,658,342,4039,476,3563,38,38,0,342,0,90,486,283,424,49,206,219,3338,168,ReserveSeeking,FleetServiceFirst,NoGridIncentive,Driver layer maintains a higher reserve threshold than the fleet recommendation assumes.,868458.0403650741,71.69999999999999,4775.0,0.9134269472860103,1.0,342,424,-4.408352668213453,600.0,False,False,False,harmful by under-delivery,LeastLaxity,False,False,True,False,True,False,False,False,not_mutually_acceptable,driver_fleet_grid_fail,driver,342.0,2.0595238095238093,0.0,0.8907596801859629,-106505.30798020249,1.0,0.0,0.6833592907631484,1.257894736842105,0.08236724008975321,1.6960856829359092,0.9000000000000001,0.10305059523809523,341.0,341.0,739.0,0.0,90.0,0.0,0.2787550744248985
multi_actor_v2,multi_actor_v2_caltech_sce_cap35,metro_caltech_sce,campus/workplace,multi-actor compact weekly matrix,35,14,2,2,4507,D_UrgencyDriven__F_ServiceFirst__G_NoGrid,multi_actor,93.61948955916473,55,862,93.61948955916473,55,862,40.45861854026594,3236.689483221275,191.0,43.38095238095238,4.402854006586169,4.402854006586169,0.22712540513587634,558590.0,129.6,7,60.0,10.5,13,0.08333333333333333,5,0,"[12785, 0, 418, 237]",12785,418,0,237,0.9512648809523809,0.031101190476190477,0.0,0.300763358778626,0.24580152671755726,"Operational multi-actor scenario; not causal human behavior, global optimization, filed tariff billing, or site-specific feeder validation.",655,648,136,4039,485,3554,41,41,0,136,0,13,87,31,14,5,197,161,3425,168,UrgencyDriven,FleetServiceFirst,NoGridIncentive,Driver layer prioritizes deadline/urgent charging pressure over the fleet recommendation.,921993.4040097003,68.89999999999992,4775.0,0.9598377567722888,1.0,136,14,-0.46403712296982746,60.0,False,False,False,harmful by priority distortion,LeastLaxity,False,False,True,False,True,False,False,False,not_mutually_acceptable,driver_fleet_grid_fail,driver,136.0,0.08333333333333333,0.0,0.9456698096133791,-52969.94433557626,1.0,0.0,0.7826564215148188,1.20877192982456,0.04936424831712791,1.368100593686933,0.8499999999999999,0.14702380952380953,500.0,500.0,655.0,0.0,13.0,0.0,0.300763358778626
multi_actor_v2,multi_actor_v2_caltech_sce_cap35,metro_caltech_sce,campus/workplace,multi-actor compact weekly matrix,35,14,2,2,4507,D_PriceSensitive__F_QueueAware__G_PeakPenalty,multi_actor,89.0951276102088,94,862,89.0951276102088,94,862,36.34571006645099,2907.656805316079,198.0,124.21428571428571,1.59401955146636,1.59401955146636,0.6273448773448773,3365738.0,129.6,107,2223.0,1121.25,30,8.196428571428571,209,118,"[11082, 15, 1566, 777]",11082,1566,15,777,0.8245535714285714,0.11651785714285715,0.0011160714285714285,0.2205258693808312,0.5746395250212044,"Operational multi-actor scenario; not causal human behavior, global optimization, filed tariff billing, or site-specific feeder validation.",2358,1556,1970,4041,507,3534,380,17,363,1970,0,136,2183,1874,2171,327,520,1355,1698,168,PriceSensitive,FleetQueueAware,GridPeakPenalty,"Full interaction: price-sensitive driver response, queue-aware fleet policy, and grid peak cap.",812753.8438110829,50.0,4950.0,0.8622633712458193,1.036649214659686,1970,2171,-4.988399071925755,2223.0,False,False,False,harmful by under-delivery,LeastLaxity,False,False,True,False,True,False,False,False,not_mutually_acceptable,driver_fleet_grid_fail,driver,1970.0,8.196428571428571,17.0,0.8336250231257429,-162209.50453419366,1.036649214659686,175.0,0.28335475946036265,0.8771929824561403,0.4495837205261289,8.243377353684581,0.6374999999999998,0.36361607142857144,1312.0,1214.0,2358.0,98.0,136.0,0.0,0.2205258693808312
multi_actor_v2,multi_actor_v2_caltech_sce_cap35,metro_caltech_sce,campus/workplace,multi-actor compact weekly matrix,35,14,2,2,4507,D_SoCCompliance__F_QueueAware__G_PeakPenalty,multi_actor,87.35498839907191,109,862,87.35498839907191,109,862,33.271539600266124,2661.72316802129,205.0,125.41071428571429,1.6346290758934927,1.6346290758934927,0.6117595818815331,3451883.0,129.6,106,1925.9999999999995,521.25,20,3.988095238095238,89,25,"[11529, 27, 1126, 758]",11529,1126,27,758,0.8578125,0.0837797619047619,0.0020089285714285712,0.30559916274201987,0.7305075876504448,"Operational multi-actor scenario; not causal human behavior, global optimization, filed tariff billing, or site-specific feeder validation.",1911,1597,1524,4040,467,3573,73,26,47,1522,2,133,1794,1461,979,114,584,1396,2156,168,SoCCompliance,FleetQueueAware,GridPeakPenalty,"Full interaction: SoC-dependent compliance, queue-aware fleet policy, and grid peak cap.",738379.3083950605,54.89999999999992,5125.0,0.7893319417838407,1.0732984293193717,1522,979,-6.7285382830626475,1925.9999999999995,False,False,False,harmful by under-delivery,LeastLaxity,False,False,True,False,False,False,False,False,not_mutually_acceptable,driver_fleet_grid_fail,driver,1524.0,3.988095238095238,7.0,0.7573405806979818,-236584.03995021607,1.0732984293193717,350.0,0.290573555500389,0.9631578947368407,0.4339984250627847,8.454363990830181,0.8341261160714277,0.16488095238095238,1315.0,1228.0,1911.0,87.0,133.0,0.0,0.30559916274201987
multi_actor_v2,multi_actor_v2_caltech_sce_cap35,metro_caltech_sce,campus/workplace,multi-actor compact weekly matrix,35,14,2,2,4508,LeastLaxity,anchor,92.01824401368302,70,877,92.01824401368302,70,877,50.86391235981275,4069.11298878502,198.0,45.523809523809526,4.349372384937238,4.349372384937238,0.22991822991822994,637884.0,129.6,7,0.0,0.0,14,0.0,0,0,"[12845, 0, 595, 0]",12845,595,0,0,0.9557291666666666,0.044270833333333336,0.0,0.27899159663865547,0.0,"Behavior Applied Energy package v1; behavior proxies are imposed perturbations, not measured traits.",595,595,0,4805,544,4261,68,51,17,0,0,0,0,0,0,0,166,0,4261,168,FullyCompliant,FleetServiceFirst,NoGridIncentive,LeastLaxity anchor used for paired thresholds.,1114691.6063527057,97.89999999999992,4950.0,1.0,1.0,0,0,0.0,0.0,True,True,True,anchor,LeastLaxity,True,True,True,True,True,True,True,True,mutually_acceptable,all_pass,none,0.0,0.0,0.0,1.0,0.0,1.0,0.0,1.0,1.0,0.0,1.0,,,,,,,,,
multi_actor_v2,multi_actor_v2_caltech_sce_cap35,metro_caltech_sce,campus/workplace,multi-actor compact weekly matrix,35,14,2,2,4508,D_FullyCompliant__F_ServiceFirst__G_NoGrid,multi_actor,92.01824401368302,70,877,92.01824401368302,70,877,50.86391235981275,4069.11298878502,198.0,45.523809523809526,4.349372384937238,4.349372384937238,0.22991822991822994,637884.0,129.6,7,0.0,0.0,14,0.0,0,0,"[12845, 0, 595, 0]",12845,595,0,0,0.9557291666666666,0.044270833333333336,0.0,0.27899159663865547,0.0,"Operational multi-actor scenario; not causal human behavior, global optimization, filed tariff billing, or site-specific feeder validation.",595,595,0,4805,544,4261,68,51,17,0,0,0,0,0,0,0,166,0,4261,168,FullyCompliant,FleetServiceFirst,NoGridIncentive,"Baseline multi-actor row: least-laxity service-first fleet recommendation, fully compliant driver layer, no grid incentive.",1114691.6063527057,97.89999999999992,4950.0,1.0,1.0,0,0,0.0,0.0,True,True,True,service-tolerated,LeastLaxity,True,True,True,True,True,True,True,True,mutually_acceptable,all_pass,none,0.0,0.0,0.0,1.0,0.0,1.0,0.0,1.0,1.0,0.0,1.0,1.0,0.0,595.0,595.0,595.0,0.0,0.0,0.0,0.27899159663865547
multi_actor_v2,multi_actor_v2_caltech_sce_cap35,metro_caltech_sce,campus/workplace,multi-actor compact weekly matrix,35,14,2,2,4508,D_FullyCompliant__F_CostOnly__G_NoGrid,multi_actor,93.72862029646522,55,877,93.72862029646522,55,877,51.16857889023292,4093.486311218634,212.0,147.1845238095238,1.4403688275973634,1.4403688275973634,0.6942666217430368,4313945.0,129.6,123,62.99999999999983,9.0,14,0.07142857142857142,0,0,"[11462, 44, 0, 1934]",11462,0,44,1934,0.852827380952381,0.0,0.003273809523809524,0.36299292214357937,0.7133468149646107,"Operational multi-actor scenario; not causal human behavior, global optimization, filed tariff billing, or site-specific feeder validation.",1978,1966,1285,4805,661,4144,238,32,206,1273,12,4,60,33,24,0,718,1411,2871,168,FullyCompliant,FleetCostOnly,NoGridIncentive,Fleet shifts discretionary charging to cheap windows without an explicit grid guardrail.,1095381.4364303774,50.0,5300.0,1.005989836728739,1.0707070707070707,1273,24,1.7103762827822067,62.99999999999983,True,True,False,harmful by priority distortion,LeastLaxity,False,False,True,False,False,False,False,False,not_mutually_acceptable,driver_fleet_grid_fail,driver,1285.0,0.07142857142857142,0.0,0.9826766705586745,-19310.16992232832,1.0707070707070707,350.0,0.3311670512705819,0.5107252298263538,0.4643483918248068,6.762898896978134,1.0,0.0,1978.0,1978.0,1978.0,0.0,4.0,0.0,0.36299292214357937
multi_actor_v2,multi_actor_v2_caltech_sce_cap35,metro_caltech_sce,campus/workplace,multi-actor compact weekly matrix,35,14,2,2,4508,D_FullyCompliant__F_ServiceCostly__G_NoGrid,multi_actor,92.58836944127708,65,877,92.58836944127708,65,877,49.70604097312366,3976.483277849893,212.0,109.5297619047619,1.9355469811423294,1.9355469811423294,0.5166498203054807,2927485.0,129.6,89,182.99999999999983,63.0,14,0.5,25,0,"[11961, 0, 492, 987]",11961,492,0,987,0.8899553571428571,0.03660714285714286,0.0,0.10547667342799188,0.6078431372549019,"Operational multi-actor scenario; not causal human behavior, global optimization, filed tariff billing, or site-specific feeder validation.",1479,1437,854,4805,625,4180,77,42,35,846,0,81,982,631,111,25,156,899,3370,168,FullyCompliant,FleetServiceCostly,NoGridIncentive,"Fleet preserves urgent service but shifts discretionary charging away from cheap windows, creating a fleet economic stress case.",1093770.2932127574,118.19999999999993,5300.0,0.9772358960809331,1.0707070707070707,846,111,0.5701254275940641,182.99999999999983,False,False,False,harmful by priority distortion,LeastLaxity,False,False,True,False,False,False,False,False,not_mutually_acceptable,driver_fleet_grid_fail,driver,854.0,0.5,0.0,0.9812312992932608,-20921.313139948295,1.0707070707070707,350.0,0.44501753582781794,1.2073544433094998,0.2867315903872507,4.58936891347016,1.0,0.0,1479.0,1479.0,1479.0,0.0,81.0,0.0,0.10547667342799188
multi_actor_v2,multi_actor_v2_caltech_sce_cap35,metro_caltech_sce,campus/workplace,multi-actor compact weekly matrix,35,14,2,2,4508,D_FullyCompliant__F_QueueAware__G_NoGrid,multi_actor,93.27251995438996,59,877,93.27251995438996,59,877,48.49205537181233,3879.3644297449864,212.0,145.58928571428572,1.456151110020851,1.456151110020851,0.6867419137466307,4255505.0,129.6,122,0.0,0.0,14,0.0,0,0,"[11500, 0, 0, 1940]",11500,0,0,1940,0.8556547619047619,0.0,0.0,0.35051546391752575,0.7304123711340206,"Operational multi-actor scenario; not causal human behavior, global optimization, filed tariff billing, or site-specific feeder validation.",1940,1940,1274,4805,666,4139,807,0,807,1274,0,0,0,0,0,0,680,1417,2865,168,FullyCompliant,FleetQueueAware,NoGridIncentive,Fleet suppresses non-urgent/high-SoC requests under queue pressure.,1073935.0719425129,50.0,5300.0,0.9533685696211915,1.0707070707070707,1274,0,1.2542759407069468,0.0,False,False,False,harmful by priority distortion,LeastLaxity,False,False,True,False,False,False,False,False,not_mutually_acceptable,driver_fleet_grid_fail,driver,1274.0,0.0,0.0,0.9634369415020994,-40756.534410192864,1.0707070707070707,350.0,0.3347956857094598,0.5107252298263538,0.4568236838284008,6.671283493550551,1.0,0.0,1940.0,1940.0,1940.0,0.0,0.0,0.0,0.35051546391752575
multi_actor_v2,multi_actor_v2_caltech_sce_cap35,metro_caltech_sce,campus/workplace,multi-actor compact weekly matrix,35,14,2,2,4508,D_FullyCompliant__F_AvailabilityFocused__G_NoGrid,multi_actor,93.27251995438996,59,877,93.27251995438996,59,877,50.913419674938304,4073.073573995064,212.0,149.26190476190476,1.4203222204498325,1.4203222204498325,0.7040655884995507,4388614.0,129.6,128,0.0,0.0,14,0.0,0,0,"[11461, 0, 39, 1940]",11461,39,0,1940,0.8527529761904762,0.0029017857142857144,0.0,0.3461344113188479,0.7210712481051036,"Operational multi-actor scenario; not causal human behavior, global optimization, filed tariff billing, or site-specific feeder validation.",1979,1979,1284,4805,656,4149,127,39,88,1284,0,0,0,0,0,0,685,1427,2865,168,FullyCompliant,FleetAvailabilityFocused,NoGridIncentive,Fleet maintains a higher readiness reserve for vehicles with likely upcoming needs.,1142187.4527369752,25.89999999999992,5300.0,1.0009733288854255,1.0707070707070707,1284,0,1.2542759407069468,0.0,True,True,False,harmful by priority distortion,LeastLaxity,False,False,True,False,False,False,False,False,not_mutually_acceptable,driver_fleet_grid_fail,driver,1284.0,0.0,0.0,1.0246667744043003,27495.84638426942,1.0707070707070707,350.0,0.32655797083935545,0.26455566905005046,0.47414735858132073,6.879956230286385,1.0,0.0,1979.0,1979.0,1979.0,0.0,0.0,0.0,0.3461344113188479
multi_actor_v2,multi_actor_v2_caltech_sce_cap35,metro_caltech_sce,campus/workplace,multi-actor compact weekly matrix,35,14,2,2,4508,D_FullyCompliant__F_ServiceFirst__G_PeakPenalty,multi_actor,92.01824401368302,70,877,92.01824401368302,70,877,50.86391235981275,4069.11298878502,170.0,45.523809523809526,3.734309623430962,3.734309623430962,0.26778711484593837,633152.0,129.6,7,0.0,0.0,10,0.0,0,0,"[12845, 0, 595, 0]",12845,595,0,0,0.9557291666666666,0.044270833333333336,0.0,0.27899159663865547,0.0,"Operational multi-actor scenario; not causal human behavior, global optimization, filed tariff billing, or site-specific feeder validation.",595,595,0,4805,544,4261,68,51,17,0,0,0,0,0,0,0,166,0,4261,168,FullyCompliant,FleetServiceFirst,GridPeakPenalty,Service-first fleet recommendation with an action-changing peak cap.,1114691.6063527057,97.89999999999992,4250.0,1.0,0.8585858585858586,0,0,0.0,0.0,True,True,True,service-tolerated,LeastLaxity,True,True,True,True,True,True,True,True,mutually_acceptable,all_pass,none,0.0,0.0,-4.0,1.0,0.0,0.8585858585858586,-700.0,0.8585858585858586,1.0,0.03786888492770843,0.9925817233227358,1.0,0.0,611.0,595.0,595.0,16.0,0.0,0.0,0.27899159663865547
multi_actor_v2,multi_actor_v2_caltech_sce_cap35,metro_caltech_sce,campus/workplace,multi-actor compact weekly matrix,35,14,2,2,4508,D_FullyCompliant__F_CostOnly__G_PeakPenalty,multi_actor,93.72862029646522,55,877,93.72862029646522,55,877,51.16857889023292,4093.486311218634,184.0,142.30357142857142,1.2930104153595183,1.2930104153595183,0.7733889751552795,3947115.0,129.6,126,0.0,0.0,10,0.0,0,0,"[11628, 32, 0, 1780]",11628,0,32,1780,0.8651785714285715,0.0,0.002380952380952381,0.33498896247240617,0.6931567328918322,"Operational multi-actor scenario; not causal human behavior, global optimization, filed tariff billing, or site-specific feeder validation.",1812,1812,1118,4805,662,4143,382,32,350,1118,0,0,0,0,0,0,607,1256,3025,168,FullyCompliant,FleetCostOnly,GridPeakPenalty,Cheap-window fleet policy with a grid peak cap.,1095913.7399981364,50.0,4600.0,1.005989836728739,0.9292929292929293,1118,0,1.7103762827822067,0.0,True,True,False,harmful by priority distortion,LeastLaxity,False,False,True,False,True,False,False,False,not_mutually_acceptable,driver_fleet_grid_fail,driver,1118.0,0.0,-4.0,0.9831542049410321,-18777.866354569327,0.9292929292929293,-350.0,0.29728666596529574,0.5107252298263538,0.5434707452370495,6.187825686174916,1.0,0.0,2026.0,1812.0,1812.0,214.0,0.0,0.0,0.33498896247240617
multi_actor_v2,multi_actor_v2_caltech_sce_cap35,metro_caltech_sce,campus/workplace,multi-actor compact weekly matrix,35,14,2,2,4508,D_FullyCompliant__F_QueueAware__G_PeakPenalty,multi_actor,93.27251995438996,59,877,93.27251995438996,59,877,48.49205537181233,3879.3644297449864,184.0,138.92261904761904,1.3244783409743348,1.3244783409743348,0.7550142339544513,3822275.0,129.6,122,0.0,0.0,10,0.0,0,0,"[11660, 0, 0, 1780]",11660,0,0,1780,0.8675595238095238,0.0,0.0,0.32303370786516855,0.7061797752808989,"Operational multi-actor scenario; not causal human behavior, global optimization, filed tariff billing, or site-specific feeder validation.",1780,1780,1114,4805,666,4139,807,0,807,1114,0,0,0,0,0,0,575,1257,3025,168,FullyCompliant,FleetQueueAware,GridPeakPenalty,Queue-aware fleet policy with a grid peak cap.,1074990.5393409478,50.0,4600.0,0.9533685696211915,0.9292929292929293,1114,0,1.2542759407069468,0.0,False,False,False,harmful by priority distortion,LeastLaxity,False,False,True,False,True,False,False,False,not_mutually_acceptable,driver_fleet_grid_fail,driver,1114.0,0.0,-4.0,0.9643838109253727,-39701.06701175799,0.9292929292929293,-350.0,0.3045217157218528,0.5107252298263538,0.5250960040362214,5.992116121426466,1.0,0.0,1940.0,1780.0,1780.0,160.0,0.0,0.0,0.32303370786516855
multi_actor_v2,multi_actor_v2_caltech_sce_cap35,metro_caltech_sce,campus/workplace,multi-actor compact weekly matrix,35,14,2,2,4508,D_LimitedAttentionP0025__F_ServiceFirst__G_NoGrid,multi_actor,91.67616875712656,73,877,91.67616875712656,73,877,50.31266235981275,4025.01298878502,198.0,45.232142857142854,4.377418081326491,4.377418081326491,0.22844516594516592,630891.0,129.6,8,0.0,0.0,14,0.0,0,0,"[12852, 0, 588, 0]",12852,588,0,0,0.95625,0.04375,0.0,0.27380952380952384,0.0,"Operational multi-actor scenario; not causal human behavior, global optimization, filed tariff billing, or site-specific feeder validation.",588,588,0,4805,536,4269,71,52,19,0,0,0,0,0,0,0,161,0,4269,168,LimitedAttentionP0025,FleetServiceFirst,NoGridIncentive,Low-probability missed compliance with service-first fleet recommendation.,1110005.984791846,93.0,4950.0,0.9891622571991623,1.0,0,0,-0.34207525655645554,0.0,False,True,True,service-tolerated,LeastLaxity,True,True,True,True,True,True,True,True,mutually_acceptable,all_pass,none,0.0,0.0,0.0,0.9957964861903005,-4685.621560859727,1.0,0.0,1.006448216870641,0.9499489274770181,-0.001473063973064015,0.9890371917151081,0.9749999999999999,0.0013392857142857143,606.0,606.0,588.0,0.0,0.0,0.0,0.27380952380952384
multi_actor_v2,multi_actor_v2_caltech_sce_cap35,metro_caltech_sce,campus/workplace,multi-actor compact weekly matrix,35,14,2,2,4508,D_LimitedAttentionP005__F_ServiceFirst__G_NoGrid,multi_actor,91.9042189281642,71,877,91.9042189281642,71,877,50.23391235981275,4018.71298878502,198.0,44.595238095238095,4.439935931660438,4.439935931660438,0.22522847522847522,617946.0,129.6,7,0.0,0.0,14,0.0,0,0,"[12855, 0, 585, 0]",12855,585,0,0,0.9564732142857143,0.04352678571428571,0.0,0.28205128205128205,0.0,"Operational multi-actor scenario; not causal human behavior, global optimization, filed tariff billing, or site-specific feeder validation.",585,585,0,4806,535,4271,72,50,22,0,0,0,0,0,0,0,165,0,4271,168,LimitedAttentionP005,FleetServiceFirst,NoGridIncentive,Moderate missed compliance with service-first fleet recommendation.,1093445.741518462,100.0,4950.0,0.987614008227614,1.0,0,0,-0.11402508551881851,0.0,False,True,True,service-tolerated,LeastLaxity,True,True,True,True,True,True,True,True,mutually_acceptable,all_pass,none,0.0,0.0,0.0,0.9809401410101575,-21245.864834243665,1.0,0.0,1.020822210357715,1.0214504596527076,-0.004689754689754716,0.9687435333069963,0.95,0.0014136904761904762,604.0,604.0,585.0,0.0,0.0,0.0,0.28205128205128205
multi_actor_v2,multi_actor_v2_caltech_sce_cap35,metro_caltech_sce,campus/workplace,multi-actor compact weekly matrix,35,14,2,2,4508,D_SoCCompliance__F_ServiceFirst__G_NoGrid,multi_actor,82.66818700114025,152,877,82.66818700114025,152,877,38.699617544888135,3095.9694035910506,198.0,110.70833333333333,1.7884832517877307,1.7884832517877307,0.5591329966329966,2540907.0,129.6,92,2880.0,689.25,16,5.386904761904762,112,14,"[11838, 28, 1574, 0]",11838,1574,28,0,0.8808035714285715,0.11711309523809524,0.0020833333333333333,0.28651685393258425,0.66729088639201,"Operational multi-actor scenario; not causal human behavior, global optimization, filed tariff billing, or site-specific feeder validation.",1602,1195,1216,4805,492,4313,66,42,24,1205,11,146,1514,1156,1307,126,459,1069,3251,168,SoCCompliance,FleetServiceFirst,NoGridIncentive,Compliance probability is higher at low SoC and lower at high SoC.,817619.3062993195,50.0,4950.0,0.7608462611197886,1.0,1205,1307,-9.350057012542763,2880.0,False,False,False,harmful by under-delivery,LeastLaxity,False,False,True,False,True,False,False,False,not_mutually_acceptable,driver_fleet_grid_fail,driver,1216.0,5.386904761904762,2.0,0.7334937319341508,-297072.30005338625,1.0,0.0,0.41120490348943495,0.5107252298263538,0.3292147667147667,3.983337095772899,0.8229616815476195,0.1777529761904762,276.0,276.0,1602.0,0.0,146.0,0.0,0.28651685393258425
multi_actor_v2,multi_actor_v2_caltech_sce_cap35,metro_caltech_sce,campus/workplace,multi-actor compact weekly matrix,35,14,2,2,4508,D_SoCQueueCompliance__F_ServiceFirst__G_NoGrid,multi_actor,85.06271379703534,131,877,85.06271379703534,131,877,42.055396006453435,3364.431680516275,198.0,124.38095238095238,1.5918836140888208,1.5918836140888208,0.6281866281866282,3189262.0,129.6,112,4260.0,1364.25,30,10.148809523809524,207,114,"[10885, 29, 2526, 0]",10885,2526,29,0,0.8098958333333334,0.18794642857142857,0.0021577380952380954,0.2594911937377691,0.6156555772994129,"Operational multi-actor scenario; not causal human behavior, global optimization, filed tariff billing, or site-specific feeder validation.",2555,1474,2134,4805,526,4279,68,40,28,2129,5,153,2508,2105,2782,321,663,1573,2292,168,SoCQueueCompliance,FleetServiceFirst,NoGridIncentive,SoC-dependent compliance with queue-sensitive avoidance for non-critical high-SoC charging.,911165.4012746036,57.0,4950.0,0.8268218871751818,1.0,2129,2782,-6.955530216647674,4260.0,False,False,False,harmful by under-delivery,LeastLaxity,False,False,True,False,True,False,False,False,not_mutually_acceptable,driver_fleet_grid_fail,driver,2134.0,10.148809523809524,16.0,0.8174147863694389,-203526.20507810218,1.0,0.0,0.3660030627871363,0.5822267620020434,0.3982683982683982,4.999752306061917,0.6059572172619051,0.3972470238095238,244.0,244.0,2555.0,0.0,153.0,20.0,0.2594911937377691
multi_actor_v2,multi_actor_v2_caltech_sce_cap35,metro_caltech_sce,campus/workplace,multi-actor compact weekly matrix,35,14,2,2,4508,D_PriceSensitive__F_ServiceFirst__G_NoGrid,multi_actor,88.14139110604333,104,877,88.14139110604333,104,877,44.962974308511505,3597.0379446809206,198.0,108.55357142857143,1.8239842079289357,1.8239842079289357,0.5482503607503607,2472565.0,129.6,85,2643.0,1261.5,31,9.255952380952381,213,127,"[11405, 1, 2034, 0]",11405,2034,1,0,0.8485863095238095,0.1513392857142857,7.440476190476191e-05,0.13611793611793613,0.4565110565110565,"Operational multi-actor scenario; not causal human behavior, global optimization, filed tariff billing, or site-specific feeder validation.",2035,1131,1621,4805,544,4261,71,40,31,1618,0,142,1949,1576,2457,340,277,929,2805,168,PriceSensitive,FleetServiceFirst,NoGridIncentive,"Driver layer biases actual requests toward cheap windows, bounded by critical/low-SoC need.",975536.2007133494,57.0,4950.0,0.8839857616622598,1.0,1618,2457,-3.8768529076396874,2643.0,False,False,False,harmful by under-delivery,LeastLaxity,False,False,True,False,True,False,False,False,not_mutually_acceptable,driver_fleet_grid_fail,driver,1621.0,9.255952380952381,17.0,0.8751624172584597,-139155.40563935635,1.0,0.0,0.41936722048582553,0.5822267620020434,0.31833213083213074,3.876198493770027,0.6374999999999998,0.3609375,284.0,284.0,2035.0,0.0,142.0,0.0,0.13611793611793613
multi_actor_v2,multi_actor_v2_caltech_sce_cap35,metro_caltech_sce,campus/workplace,multi-actor compact weekly matrix,35,14,2,2,4508,D_ReserveSeeking__F_ServiceFirst__G_NoGrid,multi_actor,88.59749144811857,100,877,88.59749144811857,100,877,46.15505468467247,3692.404374773798,198.0,68.83928571428571,2.876264591439689,2.876264591439689,0.34767316017316013,1216245.0,129.6,18,540.0,259.5,14,2.0416666666666665,60,3,"[12606, 3, 831, 0]",12606,831,3,0,0.9379464285714286,0.061830357142857145,0.0002232142857142857,0.26019184652278177,0.2973621103117506,"Operational multi-actor scenario; not causal human behavior, global optimization, filed tariff billing, or site-specific feeder validation.",834,743,383,4805,540,4265,63,50,13,381,1,108,641,343,427,63,217,248,4022,168,ReserveSeeking,FleetServiceFirst,NoGridIncentive,Driver layer maintains a higher reserve threshold than the fleet recommendation assumes.,1001141.8582515758,100.0,4950.0,0.9074224247275812,1.0,381,427,-3.4207525655644417,540.0,False,False,False,harmful by under-delivery,LeastLaxity,False,False,True,False,True,False,False,False,not_mutually_acceptable,driver_fleet_grid_fail,driver,383.0,2.0416666666666665,0.0,0.8981334860207058,-113549.7481011299,1.0,0.0,0.6613056636402941,1.0214504596527076,0.1177549302549302,1.9066867957183438,0.9000000000000001,0.10081845238095238,389.0,389.0,834.0,0.0,108.0,0.0,0.26019184652278177
multi_actor_v2,multi_actor_v2_caltech_sce_cap35,metro_caltech_sce,campus/workplace,multi-actor compact weekly matrix,35,14,2,2,4508,D_UrgencyDriven__F_ServiceFirst__G_NoGrid,multi_actor,91.79019384264538,72,877,91.79019384264538,72,877,49.57493639304811,3965.994911443849,198.0,60.107142857142854,3.294117647058824,3.294117647058824,0.30357142857142855,933718.0,129.6,12,60.0,11.25,14,0.08928571428571429,4,0,"[12660, 0, 503, 277]",12660,503,0,277,0.9419642857142857,0.03742559523809524,0.0,0.3371794871794872,0.27692307692307694,"Operational multi-actor scenario; not causal human behavior, global optimization, filed tariff billing, or site-specific feeder validation.",780,773,175,4805,564,4241,70,49,21,173,0,13,85,28,15,4,263,216,4076,168,UrgencyDriven,FleetServiceFirst,NoGridIncentive,Driver layer prioritizes deadline/urgent charging pressure over the fleet recommendation.,1077640.942889991,95.79999999999984,4950.0,0.9746583401283333,1.0,173,15,-0.22805017103763703,60.0,False,False,False,harmful by priority distortion,LeastLaxity,False,False,True,False,True,False,False,False,not_mutually_acceptable,driver_fleet_grid_fail,driver,175.0,0.08928571428571429,0.0,0.9667615121065231,-37050.66346271476,1.0,0.0,0.7573776985541693,0.9785495403472924,0.07365319865319861,1.4637739777138163,0.8499999999999999,0.15141369047619047,574.0,574.0,780.0,0.0,13.0,0.0,0.3371794871794872
multi_actor_v2,multi_actor_v2_caltech_sce_cap35,metro_caltech_sce,campus/workplace,multi-actor compact weekly matrix,35,14,2,2,4508,D_PriceSensitive__F_QueueAware__G_PeakPenalty,multi_actor,88.25541619156215,103,877,88.25541619156215,103,877,44.989213494226846,3599.1370795381476,205.0,141.2202380952381,1.4516332982086406,1.4516332982086406,0.6888792102206737,3933259.0,129.6,121,2703.0,1300.5,30,9.577380952380953,216,125,"[10661, 21, 1851, 907]",10661,1851,21,907,0.7932291666666667,0.1377232142857143,0.0015625,0.21950341849586183,0.5980568549838071,"Operational multi-actor scenario; not causal human behavior, global optimization, filed tariff billing, or site-specific feeder validation.",2779,1829,2309,4807,583,4224,368,22,346,2306,3,150,2641,2212,2552,341,610,1662,2049,168,PriceSensitive,FleetQueueAware,GridPeakPenalty,"Full interaction: price-sensitive driver response, queue-aware fleet policy, and grid peak cap.",966551.9717941044,50.0,5125.0,0.8845016320406476,1.0353535353535352,2306,2552,-3.762827822120869,2703.0,False,False,False,harmful by under-delivery,LeastLaxity,False,False,True,False,True,False,False,False,not_mutually_acceptable,driver_fleet_grid_fail,driver,2309.0,9.577380952380953,16.0,0.8671025836075708,-148139.6345586013,1.0353535353535352,175.0,0.33375695841449265,0.5107252298263538,0.4589609803024437,6.166103868414947,0.6374999999999998,0.3654017857142857,1468.0,1364.0,2779.0,104.0,150.0,0.0,0.21950341849586183
multi_actor_v2,multi_actor_v2_caltech_sce_cap35,metro_caltech_sce,campus/workplace,multi-actor compact weekly matrix,35,14,2,2,4508,D_SoCCompliance__F_QueueAware__G_PeakPenalty,multi_actor,84.15051311288484,139,877,84.15051311288484,139,877,39.37245296892697,3149.796237514158,205.0,143.98809523809524,1.423728813559322,1.423728813559322,0.7023809523809524,4088682.0,129.6,124,3060.0,697.5,16,5.476190476190476,102,10,"[11156, 38, 1384, 862]",11156,1384,38,862,0.8300595238095239,0.10297619047619047,0.0028273809523809523,0.3073555166374781,0.7749562171628721,"Operational multi-actor scenario; not causal human behavior, global optimization, filed tariff billing, or site-specific feeder validation.",2284,1877,1886,4809,509,4300,115,38,77,1880,6,148,2149,1780,1321,112,702,1770,2563,168,SoCCompliance,FleetQueueAware,GridPeakPenalty,"Full interaction: SoC-dependent compliance, queue-aware fleet policy, and grid peak cap.",803165.0916185349,40.89999999999992,5125.0,0.7740744103679074,1.0353535353535352,1880,1321,-7.867730900798179,3060.0,False,False,False,harmful by under-delivery,LeastLaxity,False,False,True,False,True,False,False,False,not_mutually_acceptable,driver_fleet_grid_fail,driver,1886.0,5.476190476190476,2.0,0.7205267241999855,-311526.51473417087,1.0353535353535352,175.0,0.3273412086971409,0.4177732379979566,0.4724627224627225,6.40975788701394,0.826366815476191,0.1728422619047619,1439.0,1364.0,2284.0,75.0,148.0,0.0,0.3073555166374781
multi_actor_v2,multi_actor_v2_caltech_sce_cap35,metro_caltech_sce,campus/workplace,multi-actor compact weekly matrix,35,14,2,2,4509,LeastLaxity,anchor,94.29569266589057,49,859,94.29569266589057,49,859,49.9638464644941,3997.107717159528,198.0,48.226190476190474,4.105652925203653,4.105652925203653,0.24356661856661857,737166.0,129.6,8,0.0,0.0,14,0.0,0,0,"[12860, 0, 580, 0]",12860,580,0,0,0.9568452380952381,0.043154761904761904,0.0,0.27241379310344827,0.0,"Behavior Applied Energy package v1; behavior proxies are imposed perturbations, not measured traits.",580,580,0,4634,534,4100,53,46,7,0,0,0,0,0,0,0,158,0,4100,168,FullyCompliant,FleetServiceFirst,NoGridIncentive,LeastLaxity anchor used for paired thresholds.,1152186.7544627085,93.0,4950.0,1.0,1.0,0,0,0.0,0.0,True,True,True,anchor,LeastLaxity,True,True,True,True,True,True,True,True,mutually_acceptable,all_pass,none,0.0,0.0,0.0,1.0,0.0,1.0,0.0,1.0,1.0,0.0,1.0,,,,,,,,,
multi_actor_v2,multi_actor_v2_caltech_sce_cap35,metro_caltech_sce,campus/workplace,multi-actor compact weekly matrix,35,14,2,2,4509,D_FullyCompliant__F_ServiceFirst__G_NoGrid,multi_actor,94.29569266589057,49,859,94.29569266589057,49,859,49.9638464644941,3997.107717159528,198.0,48.226190476190474,4.105652925203653,4.105652925203653,0.24356661856661857,737166.0,129.6,8,0.0,0.0,14,0.0,0,0,"[12860, 0, 580, 0]",12860,580,0,0,0.9568452380952381,0.043154761904761904,0.0,0.27241379310344827,0.0,"Operational multi-actor scenario; not causal human behavior, global optimization, filed tariff billing, or site-specific feeder validation.",580,580,0,4634,534,4100,53,46,7,0,0,0,0,0,0,0,158,0,4100,168,FullyCompliant,FleetServiceFirst,NoGridIncentive,"Baseline multi-actor row: least-laxity service-first fleet recommendation, fully compliant driver layer, no grid incentive.",1152186.7544627085,93.0,4950.0,1.0,1.0,0,0,0.0,0.0,True,True,True,service-tolerated,LeastLaxity,True,True,True,True,True,True,True,True,mutually_acceptable,all_pass,none,0.0,0.0,0.0,1.0,0.0,1.0,0.0,1.0,1.0,0.0,1.0,1.0,0.0,580.0,580.0,580.0,0.0,0.0,0.0,0.27241379310344827
multi_actor_v2,multi_actor_v2_caltech_sce_cap35,metro_caltech_sce,campus/workplace,multi-actor compact weekly matrix,35,14,2,2,4509,D_FullyCompliant__F_CostOnly__G_NoGrid,multi_actor,96.04190919674039,34,859,96.04190919674039,34,859,49.83936160379337,3987.14892830347,212.0,152.16666666666666,1.3932092004381162,1.3932092004381162,0.7177672955974842,4319850.0,129.6,121,60.0,5.25,14,0.041666666666666664,0,0,"[11587, 38, 0, 1815]",11587,0,38,1815,0.8621279761904762,0.0,0.0028273809523809523,0.3804641122504048,0.7069616837560713,"Operational multi-actor scenario; not causal human behavior, global optimization, filed tariff billing, or site-specific feeder validation.",1853,1846,1183,4633,639,3994,228,31,197,1176,7,5,56,22,14,0,705,1310,2818,168,FullyCompliant,FleetCostOnly,NoGridIncentive,Fleet shifts discretionary charging to cheap windows without an explicit grid guardrail.,1098175.8220583333,33.19999999999993,5300.0,0.9975085012562196,1.0707070707070707,1176,14,1.7462165308498214,60.0,True,True,False,harmful by priority distortion,LeastLaxity,False,False,True,False,False,False,False,False,not_mutually_acceptable,driver_fleet_grid_fail,driver,1183.0,0.041666666666666664,0.0,0.9531231094306741,-54010.93240437517,1.0707070707070707,350.0,0.3393392539066143,0.35698924731182724,0.47420067703086566,5.860077648724982,1.0,0.0,1853.0,1853.0,1853.0,0.0,5.0,0.0,0.3804641122504048
multi_actor_v2,multi_actor_v2_caltech_sce_cap35,metro_caltech_sce,campus/workplace,multi-actor compact weekly matrix,35,14,2,2,4509,D_FullyCompliant__F_ServiceCostly__G_NoGrid,multi_actor,94.52852153667055,47,859,94.52852153667055,47,859,48.845674142940524,3907.653931435242,205.0,111.05952380952381,1.8458570050380534,1.8458570050380534,0.5417537746806039,2850976.0,129.6,90,182.99999999999983,63.0,14,0.5,17,0,"[12091, 0, 491, 858]",12091,491,0,858,0.8996279761904762,0.0365327380952381,0.0,0.10971089696071164,0.58117123795404,"Operational multi-actor scenario; not causal human behavior, global optimization, filed tariff billing, or site-specific feeder validation.",1349,1314,753,4633,605,4028,74,40,34,745,0,70,826,512,102,17,148,784,3329,168,FullyCompliant,FleetServiceCostly,NoGridIncentive,"Fleet preserves urgent service but shifts discretionary charging away from cheap windows, creating a fleet economic stress case.",1121228.467512587,137.09999999999985,5125.0,0.9776203715150678,1.0353535353535352,745,102,0.23282887077998282,182.99999999999983,False,False,False,harmful by priority distortion,LeastLaxity,False,False,True,False,True,False,False,False,not_mutually_acceptable,driver_fleet_grid_fail,driver,753.0,0.5,0.0,0.9731308428688212,-30958.2869501214,1.0353535353535352,175.0,0.4495891490746245,1.4741935483870952,0.2981871561139854,3.867481679838734,1.0,0.0,1349.0,1349.0,1349.0,0.0,70.0,0.0,0.10971089696071164
multi_actor_v2,multi_actor_v2_caltech_sce_cap35,metro_caltech_sce,campus/workplace,multi-actor compact weekly matrix,35,14,2,2,4509,D_FullyCompliant__F_QueueAware__G_NoGrid,multi_actor,95.45983701979046,39,859,95.45983701979046,39,859,47.61764383533955,3809.411506827164,212.0,150.57142857142858,1.4079696394686907,1.4079696394686907,0.7102425876010783,4259744.0,129.6,115,0.0,0.0,14,0.0,0,0,"[11620, 0, 0, 1820]",11620,0,0,1820,0.8645833333333334,0.0,0.0,0.36923076923076925,0.7181318681318681,"Operational multi-actor scenario; not causal human behavior, global optimization, filed tariff billing, or site-specific feeder validation.",1820,1820,1173,4633,647,3986,819,0,819,1173,0,0,0,0,0,0,672,1307,2813,168,FullyCompliant,FleetQueueAware,NoGridIncentive,Fleet suppresses non-urgent/high-SoC requests under queue pressure.,1108903.6638426702,25.89999999999992,5300.0,0.9530419934577729,1.0707070707070707,1173,0,1.1641443538998857,0.0,False,False,False,harmful by priority distortion,LeastLaxity,False,False,True,False,False,False,False,False,not_mutually_acceptable,driver_fleet_grid_fail,driver,1173.0,0.0,0.0,0.962433962678019,-43283.09062003833,1.0707070707070707,350.0,0.34293440412985005,0.2784946236559131,0.46667596903445974,5.778541061307765,1.0,0.0,1820.0,1820.0,1820.0,0.0,0.0,0.0,0.36923076923076925
multi_actor_v2,multi_actor_v2_caltech_sce_cap35,metro_caltech_sce,campus/workplace,multi-actor compact weekly matrix,35,14,2,2,4509,D_FullyCompliant__F_AvailabilityFocused__G_NoGrid,multi_actor,95.45983701979046,39,859,95.45983701979046,39,859,49.926842231538,3994.1473785230396,212.0,153.86309523809524,1.377848272660451,1.377848272660451,0.7257693171608266,4393969.0,129.6,128,0.0,0.0,14,0.0,0,0,"[11584, 0, 36, 1820]",11584,36,0,1820,0.861904761904762,0.0026785714285714286,0.0,0.36314655172413796,0.7095905172413793,"Operational multi-actor scenario; not causal human behavior, global optimization, filed tariff billing, or site-specific feeder validation.",1856,1856,1182,4633,638,3995,192,36,156,1182,0,0,0,0,0,0,674,1317,2813,168,FullyCompliant,FleetAvailabilityFocused,NoGridIncentive,Fleet maintains a higher readiness reserve for vehicles with likely upcoming needs.,1184071.080382558,25.89999999999992,5300.0,0.9992593798201186,1.0707070707070707,1182,0,1.1641443538998857,0.0,True,True,False,harmful by priority distortion,LeastLaxity,False,False,True,False,False,False,False,False,not_mutually_acceptable,driver_fleet_grid_fail,driver,1182.0,0.0,0.0,1.027672880109369,31884.325919849565,1.0707070707070707,350.0,0.33559784466976234,0.2784946236559131,0.48220269859420806,5.960623523059935,1.0,0.0,1856.0,1856.0,1856.0,0.0,0.0,0.0,0.36314655172413796
multi_actor_v2,multi_actor_v2_caltech_sce_cap35,metro_caltech_sce,campus/workplace,multi-actor compact weekly matrix,35,14,2,2,4509,D_FullyCompliant__F_ServiceFirst__G_PeakPenalty,multi_actor,94.29569266589057,49,859,94.29569266589057,49,859,49.9638464644941,3997.107717159528,170.0,48.226190476190474,3.5250555418415206,3.5250555418415206,0.28368347338935573,734128.0,129.6,8,0.0,0.0,10,0.0,0,0,"[12860, 0, 580, 0]",12860,580,0,0,0.9568452380952381,0.043154761904761904,0.0,0.27241379310344827,0.0,"Operational multi-actor scenario; not causal human behavior, global optimization, filed tariff billing, or site-specific feeder validation.",580,580,0,4634,534,4100,53,46,7,0,0,0,0,0,0,0,158,0,4100,168,FullyCompliant,FleetServiceFirst,GridPeakPenalty,Service-first fleet recommendation with an action-changing peak cap.,1152186.7544627087,93.0,4250.0,1.0,0.8585858585858586,0,0,0.0,0.0,True,True,True,service-tolerated,LeastLaxity,True,True,True,True,True,True,True,True,mutually_acceptable,all_pass,none,0.0,0.0,-4.0,1.0000000000000002,2.3283064365386963e-10,0.8585858585858586,-700.0,0.8585858585858586,1.0,0.040116854822737164,0.9958788115566914,1.0,0.0,596.0,580.0,580.0,16.0,0.0,0.0,0.27241379310344827
multi_actor_v2,multi_actor_v2_caltech_sce_cap35,metro_caltech_sce,campus/workplace,multi-actor compact weekly matrix,35,14,2,2,4509,D_FullyCompliant__F_CostOnly__G_PeakPenalty,multi_actor,96.04190919674039,34,859,96.04190919674039,34,859,49.83936160379337,3987.14892830347,184.0,147.19642857142858,1.2500303287637995,1.2500303287637995,0.7999805900621119,3962921.0,129.6,126,0.0,0.0,10,0.0,0,0,"[11744, 31, 0, 1665]",11744,0,31,1665,0.8738095238095238,0.0,0.002306547619047619,0.3455188679245283,0.683372641509434,"Operational multi-actor scenario; not causal human behavior, global optimization, filed tariff billing, or site-specific feeder validation.",1696,1696,1025,4633,640,3993,354,31,323,1025,0,0,0,0,0,0,586,1159,2968,168,FullyCompliant,FleetCostOnly,GridPeakPenalty,Cheap-window fleet policy with a grid peak cap.,1098446.2570491629,25.89999999999992,4600.0,0.9975085012562196,0.9292929292929293,1025,0,1.7462165308498214,0.0,True,True,False,harmful by priority distortion,LeastLaxity,False,False,True,False,True,False,False,False,not_mutually_acceptable,driver_fleet_grid_fail,driver,1025.0,0.0,-4.0,0.9533578239765427,-53740.497413545614,0.9292929292929293,-350.0,0.30446566028271715,0.2784946236559131,0.5564139714954933,5.375886842312315,1.0,0.0,1899.0,1696.0,1696.0,203.0,0.0,0.0,0.3455188679245283
multi_actor_v2,multi_actor_v2_caltech_sce_cap35,metro_caltech_sce,campus/workplace,multi-actor compact weekly matrix,35,14,2,2,4509,D_FullyCompliant__F_QueueAware__G_PeakPenalty,multi_actor,95.45983701979046,39,859,95.45983701979046,39,859,47.61764383533955,3809.411506827164,184.0,144.11309523809524,1.2767750196191814,1.2767750196191814,0.7832233436853002,3841207.0,129.6,115,0.0,0.0,10,0.0,0,0,"[11775, 0, 0, 1665]",11775,0,0,1665,0.8761160714285714,0.0,0.0,0.3333333333333333,0.6918918918918919,"Operational multi-actor scenario; not causal human behavior, global optimization, filed tariff billing, or site-specific feeder validation.",1665,1665,1018,4633,647,3986,819,0,819,1018,0,0,0,0,0,0,555,1152,2968,168,FullyCompliant,FleetQueueAware,GridPeakPenalty,Queue-aware fleet policy with a grid peak cap.,1109174.0988335,21.0,4600.0,0.9530419934577729,0.9292929292929293,1018,0,1.1641443538998857,0.0,False,False,False,harmful by priority distortion,LeastLaxity,False,False,True,False,True,False,False,False,not_mutually_acceptable,driver_fleet_grid_fail,driver,1018.0,0.0,-4.0,0.9626686772238877,-43012.655629208544,0.9292929292929293,-350.0,0.3109797741989721,0.22580645161290322,0.5396567251186817,5.2107761345477135,1.0,0.0,1820.0,1665.0,1665.0,155.0,0.0,0.0,0.3333333333333333
multi_actor_v2,multi_actor_v2_caltech_sce_cap35,metro_caltech_sce,campus/workplace,multi-actor compact weekly matrix,35,14,2,2,4509,D_LimitedAttentionP0025__F_ServiceFirst__G_NoGrid,multi_actor,93.71362048894063,54,859,93.71362048894063,54,859,49.333846464494094,3946.7077171595274,198.0,47.595238095238095,4.16008004002001,4.16008004002001,0.2403799903799904,719810.0,129.6,8,0.0,0.0,14,0.0,0,0,"[12869, 0, 571, 0]",12869,571,0,0,0.9575148809523809,0.04248511904761905,0.0,0.276707530647986,0.0,"Operational multi-actor scenario; not causal human behavior, global optimization, filed tariff billing, or site-specific feeder validation.",571,571,0,4634,525,4109,54,46,8,0,0,0,0,0,0,0,158,0,4109,168,LimitedAttentionP0025,FleetServiceFirst,NoGridIncentive,Low-probability missed compliance with service-first fleet recommendation.,1136109.802799025,93.0,4950.0,0.9873908827166119,1.0,0,0,-0.5820721769499357,0.0,False,True,False,fragile,LeastLaxity,False,True,True,True,True,True,True,False,not_mutually_acceptable,driver_only_fail,driver,0.0,0.0,0.0,0.9860465748270293,-16076.951663683401,1.0,0.0,1.013256628314157,1.0,-0.003186628186628182,0.9764557779387546,0.9749999999999999,0.0013392857142857143,589.0,589.0,571.0,0.0,0.0,0.0,0.276707530647986
multi_actor_v2,multi_actor_v2_caltech_sce_cap35,metro_caltech_sce,campus/workplace,multi-actor compact weekly matrix,35,14,2,2,4509,D_LimitedAttentionP005__F_ServiceFirst__G_NoGrid,multi_actor,93.83003492433062,53,859,93.83003492433062,53,859,49.06767856317862,3925.4142850542894,191.0,47.726190476190474,4.00199551010227,4.00199551010227,0.24987534280727997,715490.0,129.6,8,0.0,0.0,13,0.0,0,0,"[12872, 0, 568, 0]",12872,568,0,0,0.9577380952380953,0.042261904761904764,0.0,0.2711267605633803,0.0,"Operational multi-actor scenario; not causal human behavior, global optimization, filed tariff billing, or site-specific feeder validation.",568,568,0,4635,521,4114,58,47,11,0,0,0,0,0,0,0,154,0,4114,168,LimitedAttentionP005,FleetServiceFirst,NoGridIncentive,Moderate missed compliance with service-first fleet recommendation.,1131935.8471257682,64.0,4775.0,0.9820636727408022,0.9646464646464646,0,0,-0.46565774155995143,0.0,False,True,True,service-tolerated,LeastLaxity,True,True,True,True,True,True,True,True,mutually_acceptable,all_pass,none,0.0,0.0,-1.0,0.9824239366938533,-20250.90733694029,0.9646464646464646,-175.0,0.9747525139143997,0.6881720430107527,0.006308724240661395,0.9705954968080459,0.95,0.0027529761904761907,605.0,605.0,568.0,0.0,0.0,0.0,0.2711267605633803
multi_actor_v2,multi_actor_v2_caltech_sce_cap35,metro_caltech_sce,campus/workplace,multi-actor compact weekly matrix,35,14,2,2,4509,D_SoCCompliance__F_ServiceFirst__G_NoGrid,multi_actor,86.0302677532014,120,859,86.0302677532014,120,859,40.62532687167786,3250.026149734229,198.0,115.57738095238095,1.713137971880311,1.713137971880311,0.5837241462241463,2634623.0,129.6,86,3248.9999999999995,779.25,17,5.976190476190476,107,35,"[11818, 19, 1603, 0]",11818,1603,19,0,0.8793154761904762,0.11927083333333334,0.0014136904761904762,0.29408138101109743,0.6473489519112207,"Operational multi-actor scenario; not causal human behavior, global optimization, filed tariff billing, or site-specific feeder validation.",1622,1146,1218,4636,492,4144,56,38,18,1211,6,129,1495,1148,1474,142,477,1050,3058,168,SoCCompliance,FleetServiceFirst,NoGridIncentive,Compliance probability is higher at low SoC and lower at high SoC.,924064.7770270212,57.0,4950.0,0.8130944622237505,1.0,1211,1474,-8.26542491268917,3248.9999999999995,False,False,False,harmful by under-delivery,LeastLaxity,False,False,True,False,True,False,False,False,not_mutually_acceptable,driver_fleet_grid_fail,driver,1218.0,5.976190476190476,3.0,0.8020095470182124,-228121.97743568732,1.0,0.0,0.41726322294896223,0.6129032258064516,0.3401575276575277,3.5739887623683133,0.8088165922619045,0.19501488095238095,293.0,293.0,1622.0,0.0,129.0,0.0,0.29408138101109743
multi_actor_v2,multi_actor_v2_caltech_sce_cap35,metro_caltech_sce,campus/workplace,multi-actor compact weekly matrix,35,14,2,2,4509,D_SoCQueueCompliance__F_ServiceFirst__G_NoGrid,multi_actor,87.54365541327125,107,859,87.54365541327125,107,859,42.69157503148064,3415.326002518451,198.0,129.6845238095238,1.5267820259787948,1.5267820259787948,0.6549723424723424,3230789.0,129.6,109,4440.0,1450.5,27,10.672619047619047,216,141,"[10902, 35, 2503, 0]",10902,2503,35,0,0.8111607142857142,0.18623511904761905,0.0026041666666666665,0.2631993695823483,0.599290780141844,"Operational multi-actor scenario; not causal human behavior, global optimization, filed tariff billing, or site-specific feeder validation.",2538,1374,2126,4633,507,4126,109,41,68,2109,17,150,2486,2089,2954,357,668,1521,2146,168,SoCQueueCompliance,FleetServiceFirst,NoGridIncentive,SoC-dependent compliance with queue-sensitive avoidance for non-critical high-SoC charging.,965394.0850033447,42.69999999999999,4950.0,0.854449327911906,1.0,2109,2954,-6.752037252619317,4440.0,False,False,False,harmful by under-delivery,LeastLaxity,False,False,True,False,True,False,False,False,not_mutually_acceptable,driver_fleet_grid_fail,driver,2126.0,10.672619047619047,13.0,0.8378798673601576,-186792.6694593638,1.0,0.0,0.37187313535594624,0.4591397849462364,0.41140572390572383,4.382715697685461,0.5982868303571428,0.3991815476190476,276.0,276.0,2538.0,0.0,150.0,32.0,0.2631993695823483
multi_actor_v2,multi_actor_v2_caltech_sce_cap35,metro_caltech_sce,campus/workplace,multi-actor compact weekly matrix,35,14,2,2,4509,D_PriceSensitive__F_ServiceFirst__G_NoGrid,multi_actor,88.59138533178114,98,859,88.59138533178114,98,859,44.18957140644331,3535.1657125154643,198.0,111.33333333333333,1.7784431137724552,1.7784431137724552,0.5622895622895623,2508582.0,129.6,79,2880.0,1266.0,32,9.273809523809524,207,130,"[11459, 1, 1980, 0]",11459,1980,1,0,0.8526041666666667,0.14732142857142858,7.440476190476191e-05,0.13881877839475013,0.46441191317516406,"Operational multi-actor scenario; not causal human behavior, global optimization, filed tariff billing, or site-specific feeder validation.",1981,1081,1573,4635,525,4110,96,35,61,1570,0,132,1885,1526,2451,337,275,920,2688,168,PriceSensitive,FleetServiceFirst,NoGridIncentive,"Driver layer biases actual requests toward cheap windows, bounded by critical/low-SoC need.",1002537.9635164848,57.0,4950.0,0.884430934232532,1.0,1570,2451,-5.70430733410943,2880.0,False,False,False,harmful by under-delivery,LeastLaxity,False,False,True,False,True,False,False,False,not_mutually_acceptable,driver_fleet_grid_fail,driver,1573.0,9.273809523809524,18.0,0.8701175912962058,-149648.79094622366,1.0,0.0,0.433169375534645,0.6129032258064516,0.31872294372294374,3.403008277647097,0.6374999999999998,0.3674107142857143,313.0,313.0,1981.0,0.0,132.0,0.0,0.13881877839475013
multi_actor_v2,multi_actor_v2_caltech_sce_cap35,metro_caltech_sce,campus/workplace,multi-actor compact weekly matrix,35,14,2,2,4509,D_ReserveSeeking__F_ServiceFirst__G_NoGrid,multi_actor,90.57043073341094,81,859,90.57043073341094,81,859,45.428458475411276,3634.276678032902,198.0,76.44047619047619,2.590250739760162,2.590250739760162,0.38606301106301105,1400378.0,129.6,18,542.9999999999998,252.75000000000003,14,1.994047619047619,47,2,"[12621, 2, 817, 0]",12621,817,2,0,0.9390625,0.060788690476190475,0.00014880952380952382,0.27350427350427353,0.326007326007326,"Operational multi-actor scenario; not causal human behavior, global optimization, filed tariff billing, or site-specific feeder validation.",819,735,375,4633,521,4112,58,45,13,371,1,100,614,327,407,49,224,267,3861,168,ReserveSeeking,FleetServiceFirst,NoGridIncentive,Driver layer maintains a higher reserve threshold than the fleet recommendation assumes.,1047514.4866509585,100.0,4950.0,0.9092266046348971,1.0,371,407,-3.7252619324796257,542.9999999999998,False,False,False,harmful by under-delivery,LeastLaxity,False,False,True,False,True,False,False,False,not_mutually_acceptable,driver_fleet_grid_fail,driver,375.0,1.994047619047619,0.0,0.9091533838535046,-104672.26781174995,1.0,0.0,0.630898613923065,1.075268817204301,0.14249639249639248,1.8996779558471226,0.9000000000000001,0.1021577380952381,402.0,402.0,819.0,0.0,100.0,0.0,0.27350427350427353
multi_actor_v2,multi_actor_v2_caltech_sce_cap35,metro_caltech_sce,campus/workplace,multi-actor compact weekly matrix,35,14,2,2,4509,D_UrgencyDriven__F_ServiceFirst__G_NoGrid,multi_actor,93.83003492433062,53,859,93.83003492433062,53,859,48.138301239796704,3851.0640991837363,198.0,63.517857142857146,3.1172336238403147,3.1172336238403147,0.3207972582972583,1025773.0,129.6,12,60.0,10.5,14,0.08333333333333333,4,0,"[12703, 0, 471, 266]",12703,471,0,266,0.9451636904761904,0.03504464285714286,0.0,0.3175033921302578,0.26322930800542743,"Operational multi-actor scenario; not causal human behavior, global optimization, filed tariff billing, or site-specific feeder validation.",737,732,153,4634,550,4084,54,43,11,153,0,14,101,27,14,4,234,194,3940,168,UrgencyDriven,FleetServiceFirst,NoGridIncentive,Driver layer prioritizes deadline/urgent charging pressure over the fleet recommendation.,1096139.1957658725,97.19999999999993,4950.0,0.963462676437558,1.0,153,14,-0.46565774155995143,60.0,False,False,False,harmful by priority distortion,LeastLaxity,False,False,True,False,True,False,False,False,not_mutually_acceptable,driver_fleet_grid_fail,driver,153.0,0.08333333333333333,0.0,0.9513554912172443,-56047.558696836,1.0,0.0,0.7592540530409521,1.04516129032258,0.07723063973063973,1.3915088324746394,0.8499999999999999,0.14821428571428572,565.0,565.0,737.0,0.0,14.0,0.0,0.3175033921302578
multi_actor_v2,multi_actor_v2_caltech_sce_cap35,metro_caltech_sce,campus/workplace,multi-actor compact weekly matrix,35,14,2,2,4509,D_PriceSensitive__F_QueueAware__G_PeakPenalty,multi_actor,89.17345750873108,93,859,89.17345750873108,93,859,43.49705419026458,3479.764335221166,198.0,145.01785714285714,1.365349094939047,1.365349094939047,0.7324134199134199,3904789.0,129.6,116,2531.999999999999,1247.25,29,9.095238095238095,202,135,"[10837, 10, 1731, 862]",10837,1731,10,862,0.8063244047619048,0.12879464285714284,0.000744047619047619,0.22205147906262004,0.5962351133307722,"Operational multi-actor scenario; not causal human behavior, global optimization, filed tariff billing, or site-specific feeder validation.",2603,1699,2157,4635,557,4078,396,13,383,2154,3,145,2465,2054,2423,337,578,1552,2042,168,PriceSensitive,FleetQueueAware,GridPeakPenalty,"Full interaction: price-sensitive driver response, queue-aware fleet policy, and grid peak cap.",967703.9156301515,28.0,4950.0,0.8705705678840193,1.0,2154,2423,-5.122235157159494,2531.999999999999,False,False,False,harmful by under-delivery,LeastLaxity,False,False,True,False,True,False,False,False,not_mutually_acceptable,driver_fleet_grid_fail,driver,2157.0,9.095238095238095,15.0,0.8398846036738327,-184482.83883255697,1.0,0.0,0.33255346221729676,0.3010752688172043,0.48884680134680136,5.297028077800658,0.6374999999999998,0.36086309523809523,1361.0,1267.0,2603.0,94.0,145.0,0.0,0.22205147906262004
multi_actor_v2,multi_actor_v2_caltech_sce_cap35,metro_caltech_sce,campus/workplace,multi-actor compact weekly matrix,35,14,2,2,4509,D_SoCCompliance__F_QueueAware__G_PeakPenalty,multi_actor,87.31082654249127,109,859,87.31082654249127,109,859,40.119499148819706,3209.5599319055764,205.0,147.61309523809524,1.388765676035324,1.388765676035324,0.7200638792102206,4036549.0,129.6,121,3245.9999999999995,756.75,16,5.839285714285714,101,28,"[11223, 44, 1352, 821]",11223,1352,44,821,0.8350446428571429,0.1005952380952381,0.003273809523809524,0.3193504736129905,0.7627424447451511,"Operational multi-actor scenario; not causal human behavior, global optimization, filed tariff billing, or site-specific feeder validation.",2217,1749,1803,4633,507,4126,122,34,88,1785,18,143,2072,1683,1444,129,708,1691,2460,168,SoCCompliance,FleetQueueAware,GridPeakPenalty,"Full interaction: SoC-dependent compliance, queue-aware fleet policy, and grid peak cap.",889377.1568910147,21.0,5125.0,0.802970587489294,1.0353535353535352,1785,1444,-6.9848661233993,3245.9999999999995,False,False,False,harmful by under-delivery,LeastLaxity,False,False,True,False,True,False,False,False,not_mutually_acceptable,driver_fleet_grid_fail,driver,1803.0,5.839285714285714,2.0,0.7719036462155408,-262809.5975716938,1.0353535353535352,175.0,0.33825695969330793,0.22580645161290322,0.4764972606436021,5.475766652287273,0.8167001488095232,0.18377976190476192,1328.0,1273.0,2217.0,55.0,143.0,0.0,0.3193504736129905
multi_actor_v2,multi_actor_v2_caltech_sce_cap35,metro_caltech_sce,campus/workplace,multi-actor compact weekly matrix,35,14,2,2,4510,LeastLaxity,anchor,94.6820809248555,46,865,94.6820809248555,46,865,49.47818256786443,3958.2546054291543,191.0,47.833333333333336,3.993031358885017,3.993031358885017,0.25043630017452007,713796.0,129.6,10,0.0,0.0,13,0.0,0,0,"[12851, 0, 589, 0]",12851,589,0,0,0.9561755952380953,0.04382440476190476,0.0,0.28183361629881154,0.0,"Behavior Applied Energy package v1; behavior proxies are imposed perturbations, not measured traits.",589,589,0,4522,532,3990,62,57,5,0,0,0,0,0,0,0,166,0,3990,168,FullyCompliant,FleetServiceFirst,NoGridIncentive,LeastLaxity anchor used for paired thresholds.,1086124.4979170174,68.89999999999992,4775.0,1.0,1.0,0,0,0.0,0.0,True,True,True,anchor,LeastLaxity,True,True,True,True,True,True,True,True,mutually_acceptable,all_pass,none,0.0,0.0,0.0,1.0,0.0,1.0,0.0,1.0,1.0,0.0,1.0,,,,,,,,,
multi_actor_v2,multi_actor_v2_caltech_sce_cap35,metro_caltech_sce,campus/workplace,multi-actor compact weekly matrix,35,14,2,2,4510,D_FullyCompliant__F_ServiceFirst__G_NoGrid,multi_actor,94.6820809248555,46,865,94.6820809248555,46,865,49.47818256786443,3958.2546054291543,191.0,47.833333333333336,3.993031358885017,3.993031358885017,0.25043630017452007,713796.0,129.6,10,0.0,0.0,13,0.0,0,0,"[12851, 0, 589, 0]",12851,589,0,0,0.9561755952380953,0.04382440476190476,0.0,0.28183361629881154,0.0,"Operational multi-actor scenario; not causal human behavior, global optimization, filed tariff billing, or site-specific feeder validation.",589,589,0,4522,532,3990,62,57,5,0,0,0,0,0,0,0,166,0,3990,168,FullyCompliant,FleetServiceFirst,NoGridIncentive,"Baseline multi-actor row: least-laxity service-first fleet recommendation, fully compliant driver layer, no grid incentive.",1086124.4979170174,68.89999999999992,4775.0,1.0,1.0,0,0,0.0,0.0,True,True,True,service-tolerated,LeastLaxity,True,True,True,True,True,True,True,True,mutually_acceptable,all_pass,none,0.0,0.0,0.0,1.0,0.0,1.0,0.0,1.0,1.0,0.0,1.0,1.0,0.0,589.0,589.0,589.0,0.0,0.0,0.0,0.28183361629881154
multi_actor_v2,multi_actor_v2_caltech_sce_cap35,metro_caltech_sce,campus/workplace,multi-actor compact weekly matrix,35,14,2,2,4510,D_FullyCompliant__F_CostOnly__G_NoGrid,multi_actor,95.14450867052024,42,865,95.14450867052024,42,865,49.38600762819236,3950.8806102553885,205.0,147.5,1.3898305084745763,1.3898305084745763,0.7195121951219512,4172014.0,129.6,128,0.0,1.5,13,0.011904761904761904,0,0,"[11661, 36, 1, 1742]",11661,1,36,1742,0.8676339285714286,7.440476190476191e-05,0.0026785714285714286,0.3591905564924115,0.6885890949971895,"Operational multi-actor scenario; not causal human behavior, global optimization, filed tariff billing, or site-specific feeder validation.",1779,1777,1122,4521,623,3898,186,34,152,1120,2,2,23,4,4,0,639,1225,2778,168,FullyCompliant,FleetCostOnly,NoGridIncentive,Fleet shifts discretionary charging to cheap windows without an explicit grid guardrail.,1022064.9971619346,25.89999999999992,5125.0,0.9981370589037776,1.0732984293193717,1120,4,0.46242774566474054,0.0,True,True,False,harmful by priority distortion,LeastLaxity,False,False,True,False,False,False,False,False,not_mutually_acceptable,driver_fleet_grid_fail,driver,1122.0,0.011904761904761904,0.0,0.9410201124475722,-64059.500755082816,1.0732984293193717,350.0,0.3480640104120449,0.37590711175616764,0.4690758949474311,5.8448268132631735,1.0,0.0,1779.0,1779.0,1779.0,0.0,2.0,0.0,0.3591905564924115
multi_actor_v2,multi_actor_v2_caltech_sce_cap35,metro_caltech_sce,campus/workplace,multi-actor compact weekly matrix,35,14,2,2,4510,D_FullyCompliant__F_ServiceCostly__G_NoGrid,multi_actor,95.02890173410404,43,865,95.02890173410404,43,865,48.779189277856084,3902.335142228487,205.0,112.0297619047619,1.829870888900696,1.829870888900696,0.5464866434378629,2931059.0,129.6,102,180.0,56.25,13,0.44642857142857145,11,0,"[12081, 0, 516, 843]",12081,516,0,843,0.8988839285714286,0.038392857142857145,0.0,0.11479028697571744,0.5702722590139808,"Operational multi-actor scenario; not causal human behavior, global optimization, filed tariff billing, or site-specific feeder validation.",1359,1325,761,4521,592,3929,78,47,31,752,0,75,807,500,99,11,156,775,3213,168,FullyCompliant,FleetServiceCostly,NoGridIncentive,"Fleet preserves urgent service but shifts discretionary charging away from cheap windows, creating a fleet economic stress case.",1074568.4869208517,116.49999999999983,5125.0,0.9858726967376055,1.0732984293193717,752,99,0.3468208092485412,180.0,False,True,False,harmful by priority distortion,LeastLaxity,False,False,True,False,False,False,False,False,not_mutually_acceptable,driver_fleet_grid_fail,driver,761.0,0.44642857142857145,0.0,0.9893603256179858,-11556.010996165685,1.0732984293193717,350.0,0.4582660952133506,1.6908563134978225,0.29605034326334284,4.106297877825037,1.0,0.0,1359.0,1359.0,1359.0,0.0,75.0,0.0,0.11479028697571744
multi_actor_v2,multi_actor_v2_caltech_sce_cap35,metro_caltech_sce,campus/workplace,multi-actor compact weekly matrix,35,14,2,2,4510,D_FullyCompliant__F_QueueAware__G_NoGrid,multi_actor,94.5664739884393,47,865,94.5664739884393,47,865,47.37836200693704,3790.268960554963,205.0,145.6547619047619,1.4074376787903555,1.4074376787903555,0.7105110336817654,4102892.0,129.6,122,0.0,0.0,13,0.0,0,0,"[11695, 0, 0, 1745]",11695,0,0,1745,0.8701636904761905,0.0,0.0,0.3467048710601719,0.6979942693409742,"Operational multi-actor scenario; not causal human behavior, global optimization, filed tariff billing, or site-specific feeder validation.",1745,1745,1112,4520,633,3887,610,0,610,1112,0,0,0,0,0,0,605,1218,2775,168,FullyCompliant,FleetQueueAware,NoGridIncentive,Fleet suppresses non-urgent/high-SoC requests under queue pressure.,1011545.461414153,21.0,5125.0,0.9575606772126831,1.0732984293193717,1112,0,-0.11560693641619935,0.0,False,False,False,harmful by priority distortion,LeastLaxity,False,False,True,False,False,False,False,False,not_mutually_acceptable,driver_fleet_grid_fail,driver,1112.0,0.0,0.0,0.9313347257649625,-74579.03650286444,1.0732984293193717,350.0,0.3524734850024713,0.3047895500725693,0.4600747335072453,5.747989621684627,1.0,0.0,1745.0,1745.0,1745.0,0.0,0.0,0.0,0.3467048710601719
multi_actor_v2,multi_actor_v2_caltech_sce_cap35,metro_caltech_sce,campus/workplace,multi-actor compact weekly matrix,35,14,2,2,4510,D_FullyCompliant__F_AvailabilityFocused__G_NoGrid,multi_actor,94.6820809248555,46,865,94.6820809248555,46,865,49.56671803243911,3965.3374425951292,205.0,148.38690476190476,1.3815235268161579,1.3815235268161579,0.7238385598141696,4205277.0,129.6,132,0.0,0.0,13,0.0,0,0,"[11654, 0, 41, 1745]",11654,41,0,1745,0.8671130952380952,0.003050595238095238,0.0,0.341545352743561,0.6892497200447928,"Operational multi-actor scenario; not causal human behavior, global optimization, filed tariff billing, or site-specific feeder validation.",1786,1786,1123,4520,622,3898,134,41,93,1123,0,0,0,0,0,0,610,1231,2775,168,FullyCompliant,FleetAvailabilityFocused,NoGridIncentive,Fleet maintains a higher readiness reserve for vehicles with likely upcoming needs.,1090553.6100152738,21.0,5125.0,1.001789383926001,1.0732984293193717,1123,0,0.0,0.0,True,True,False,harmful by priority distortion,LeastLaxity,False,False,True,False,False,False,False,False,not_mutually_acceptable,driver_fleet_grid_fail,driver,1123.0,0.0,0.0,1.0040779046110742,4429.112098256359,1.0732984293193717,350.0,0.34598364065989295,0.3047895500725693,0.4734022596396495,5.8914269623253706,1.0,0.0,1786.0,1786.0,1786.0,0.0,0.0,0.0,0.341545352743561
multi_actor_v2,multi_actor_v2_caltech_sce_cap35,metro_caltech_sce,campus/workplace,multi-actor compact weekly matrix,35,14,2,2,4510,D_FullyCompliant__F_ServiceFirst__G_PeakPenalty,multi_actor,94.6820809248555,46,865,94.6820809248555,46,865,49.47818256786443,3958.2546054291543,170.0,47.833333333333336,3.5540069686411146,3.5540069686411146,0.28137254901960784,707958.0,129.6,10,0.0,0.0,10,0.0,0,0,"[12851, 0, 589, 0]",12851,589,0,0,0.9561755952380953,0.04382440476190476,0.0,0.28183361629881154,0.0,"Operational multi-actor scenario; not causal human behavior, global optimization, filed tariff billing, or site-specific feeder validation.",589,589,0,4522,532,3990,62,57,5,0,0,0,0,0,0,0,166,0,3990,168,FullyCompliant,FleetServiceFirst,GridPeakPenalty,Service-first fleet recommendation with an action-changing peak cap.,1086124.4979170174,84.29999999999967,4250.0,1.0,0.8900523560209425,0,0,0.0,0.0,True,True,True,service-tolerated,LeastLaxity,True,True,True,True,True,False,False,False,not_mutually_acceptable,grid_only_fail,grid,0.0,0.0,-3.0,1.0,0.0,0.8900523560209425,-525.0,0.8900523560209425,1.2235123367198806,0.030936248845087777,0.9918211926096532,1.0,0.0,604.0,589.0,589.0,15.0,0.0,0.0,0.28183361629881154
multi_actor_v2,multi_actor_v2_caltech_sce_cap35,metro_caltech_sce,campus/workplace,multi-actor compact weekly matrix,35,14,2,2,4510,D_FullyCompliant__F_CostOnly__G_PeakPenalty,multi_actor,95.14450867052024,42,865,95.14450867052024,42,865,49.38600762819236,3950.8806102553885,184.0,144.4702380952381,1.2736187219315231,1.2736187219315231,0.7851643374741201,3965289.0,129.6,130,0.0,0.0,10,0.0,0,0,"[11748, 34, 1, 1657]",11748,1,34,1657,0.8741071428571429,7.440476190476191e-05,0.002529761904761905,0.33156028368794327,0.6737588652482269,"Operational multi-actor scenario; not causal human behavior, global optimization, filed tariff billing, or site-specific feeder validation.",1692,1692,1035,4521,623,3898,235,34,201,1035,0,0,0,0,0,0,561,1140,2863,168,FullyCompliant,FleetCostOnly,GridPeakPenalty,Cheap-window fleet policy with a grid peak cap.,1022456.5811428598,21.0,4600.0,0.9981370589037776,0.9633507853403142,1035,0,0.46242774566474054,0.0,True,True,False,harmful by priority distortion,LeastLaxity,False,False,True,False,True,False,False,False,not_mutually_acceptable,driver_fleet_grid_fail,driver,1035.0,0.0,-3.0,0.9413806456844858,-63667.91677415767,0.9633507853403142,-175.0,0.31896036055353155,0.3047895500725693,0.5347280372996,5.555213254207084,1.0,0.0,1796.0,1692.0,1692.0,104.0,0.0,0.0,0.33156028368794327
multi_actor_v2,multi_actor_v2_caltech_sce_cap35,metro_caltech_sce,campus/workplace,multi-actor compact weekly matrix,35,14,2,2,4510,D_FullyCompliant__F_QueueAware__G_PeakPenalty,multi_actor,94.5664739884393,47,865,94.5664739884393,47,865,47.37836200693704,3790.268960554963,184.0,142.0297619047619,1.2955031222496962,1.2955031222496962,0.7719008799171843,3872067.0,129.6,122,0.0,0.0,10,0.0,0,0,"[11782, 0, 0, 1658]",11782,0,0,1658,0.8766369047619048,0.0,0.0,0.3178528347406514,0.6821471652593486,"Operational multi-actor scenario; not causal human behavior, global optimization, filed tariff billing, or site-specific feeder validation.",1658,1658,1025,4520,633,3887,610,0,610,1025,0,0,0,0,0,0,527,1131,2862,168,FullyCompliant,FleetQueueAware,GridPeakPenalty,Queue-aware fleet policy with a grid peak cap.,1011937.0453950781,21.0,4600.0,0.9575606772126831,0.9633507853403142,1025,0,-0.11560693641619935,0.0,False,False,False,harmful by priority distortion,LeastLaxity,False,False,True,False,True,False,False,False,not_mutually_acceptable,driver_fleet_grid_fail,driver,1025.0,0.0,-3.0,0.931695259001876,-74187.4525219393,0.9633507853403142,-175.0,0.32444100880075294,0.3047895500725693,0.5214645797426642,5.42461291461426,1.0,0.0,1745.0,1658.0,1658.0,87.0,0.0,0.0,0.3178528347406514
multi_actor_v2,multi_actor_v2_caltech_sce_cap35,metro_caltech_sce,campus/workplace,multi-actor compact weekly matrix,35,14,2,2,4510,D_LimitedAttentionP0025__F_ServiceFirst__G_NoGrid,multi_actor,94.5664739884393,47,865,94.5664739884393,47,865,49.12093666381603,3929.6749331052824,191.0,47.541666666666664,4.017528483786153,4.017528483786153,0.2489092495636998,698513.0,129.6,8,0.0,0.0,13,0.0,0,0,"[12858, 0, 582, 0]",12858,582,0,0,0.9566964285714286,0.04330357142857143,0.0,0.2852233676975945,0.0,"Operational multi-actor scenario; not causal human behavior, global optimization, filed tariff billing, or site-specific feeder validation.",582,582,0,4522,525,3997,68,57,11,0,0,0,0,0,0,0,166,0,3997,168,LimitedAttentionP0025,FleetServiceFirst,NoGridIncentive,Low-probability missed compliance with service-first fleet recommendation.,1077248.4806238213,68.89999999999992,4775.0,0.9927797286499277,1.0,0,0,-0.11560693641619935,0.0,True,True,True,service-tolerated,LeastLaxity,True,True,True,True,True,True,True,True,mutually_acceptable,all_pass,none,0.0,0.0,0.0,0.9918278085889612,-8876.017293196172,1.0,0.0,1.0061349693251536,1.0,-0.0015270506108202575,0.9785891207011527,0.9749999999999999,0.001488095238095238,602.0,602.0,582.0,0.0,0.0,0.0,0.2852233676975945
multi_actor_v2,multi_actor_v2_caltech_sce_cap35,metro_caltech_sce,campus/workplace,multi-actor compact weekly matrix,35,14,2,2,4510,D_LimitedAttentionP005__F_ServiceFirst__G_NoGrid,multi_actor,94.33526011560693,49,865,94.33526011560693,49,865,48.460891617835934,3876.8713294268746,184.0,46.82738095238095,3.9293250286004833,3.9293250286004833,0.254496635610766,690541.0,129.6,12,0.0,0.0,12,0.0,0,0,"[12869, 0, 571, 0]",12869,571,0,0,0.9575148809523809,0.04248511904761905,0.0,0.28546409807355516,0.0,"Operational multi-actor scenario; not causal human behavior, global optimization, filed tariff billing, or site-specific feeder validation.",571,571,0,4522,513,4009,67,58,9,0,0,0,0,0,0,0,163,0,4009,168,LimitedAttentionP005,FleetServiceFirst,NoGridIncentive,Moderate missed compliance with service-first fleet recommendation.,1061628.1549369348,90.89999999999992,4600.0,0.979439605554768,0.9633507853403142,0,0,-0.3468208092485696,0.0,False,False,True,service-tolerated,LeastLaxity,True,True,True,True,True,False,False,False,not_mutually_acceptable,grid_only_fail,grid,0.0,0.0,-1.0,0.977446100307044,-24496.342980082612,0.9633507853403142,-175.0,0.9840456223458454,1.319303338171263,0.004060335436245954,0.967420663606969,0.95,0.002529761904761905,605.0,605.0,571.0,0.0,0.0,0.0,0.28546409807355516
multi_actor_v2,multi_actor_v2_caltech_sce_cap35,metro_caltech_sce,campus/workplace,multi-actor compact weekly matrix,35,14,2,2,4510,D_SoCCompliance__F_ServiceFirst__G_NoGrid,multi_actor,87.97687861271677,104,865,87.97687861271677,104,865,40.11495785976921,3209.196628781537,191.0,116.77380952380952,1.6356407380976654,1.6356407380976654,0.6113812016953378,2693566.0,129.6,94,2765.9999999999995,680.25,17,5.333333333333333,110,11,"[11893, 18, 1529, 0]",11893,1529,18,0,0.8848958333333333,0.11376488095238095,0.0013392857142857143,0.27149321266968324,0.6186166774402069,"Operational multi-actor scenario; not causal human behavior, global optimization, filed tariff billing, or site-specific feeder validation.",1547,1144,1148,4525,490,4035,55,44,11,1145,2,144,1475,1114,1289,121,420,957,3025,168,SoCCompliance,FleetServiceFirst,NoGridIncentive,Compliance probability is higher at low SoC and lower at high SoC.,868325.5623996414,50.0,4775.0,0.8107605368234254,1.0,1145,1289,-6.705202312138724,2765.9999999999995,False,False,False,harmful by under-delivery,LeastLaxity,False,False,True,False,True,False,False,False,not_mutually_acceptable,driver_fleet_grid_fail,driver,1148.0,5.333333333333333,4.0,0.7994714823806355,-217798.93551737606,1.0,0.0,0.40962381486390054,0.7256894049346888,0.36094490152081776,3.773579566150553,0.8223400297619042,0.17901785714285715,297.0,297.0,1547.0,0.0,144.0,0.0,0.27149321266968324
multi_actor_v2,multi_actor_v2_caltech_sce_cap35,metro_caltech_sce,campus/workplace,multi-actor compact weekly matrix,35,14,2,2,4510,D_SoCQueueCompliance__F_ServiceFirst__G_NoGrid,multi_actor,89.2485549132948,93,865,89.2485549132948,93,865,41.971259948667026,3357.700795893362,191.0,126.3452380952381,1.5117308960708564,1.5117308960708564,0.6614933931687859,3134504.0,129.6,110,4580.999999999999,1410.0,28,10.5,200,116,"[10956, 34, 2450, 0]",10956,2450,34,0,0.8151785714285714,0.18229166666666666,0.002529761904761905,0.26288244766505636,0.5917874396135265,"Operational multi-actor scenario; not causal human behavior, global optimization, filed tariff billing, or site-specific feeder validation.",2484,1343,2072,4523,510,4013,89,41,48,2057,15,155,2451,2049,2899,316,653,1470,2091,168,SoCQueueCompliance,FleetServiceFirst,NoGridIncentive,SoC-dependent compliance with queue-sensitive avoidance for non-critical high-SoC charging.,911896.5538045336,47.59999999999991,4775.0,0.8482781252342709,1.0,2057,2899,-5.433526011560701,4580.999999999999,False,False,False,harmful by under-delivery,LeastLaxity,False,False,True,False,True,False,False,False,not_mutually_acceptable,driver_fleet_grid_fail,driver,2072.0,10.5,15.0,0.8395875017582052,-174227.94411248388,1.0,0.0,0.3785922924714972,0.6908563134978224,0.4110570929942658,4.391316286445988,0.5979806547619044,0.40453869047619045,246.0,246.0,2484.0,0.0,155.0,22.0,0.26288244766505636
multi_actor_v2,multi_actor_v2_caltech_sce_cap35,metro_caltech_sce,campus/workplace,multi-actor compact weekly matrix,35,14,2,2,4510,D_PriceSensitive__F_ServiceFirst__G_NoGrid,multi_actor,90.63583815028902,81,865,90.63583815028902,81,865,44.45364446550922,3556.291557240738,191.0,112.2797619047619,1.7011079891851775,1.7011079891851775,0.587852156569434,2534549.0,129.6,83,2408.9999999999995,1194.0,30,8.863095238095237,201,103,"[11533, 1, 1906, 0]",11533,1906,1,0,0.858110119047619,0.1418154761904762,7.440476190476191e-05,0.13162034609334033,0.44834819087572103,"Operational multi-actor scenario; not causal human behavior, global optimization, filed tariff billing, or site-specific feeder validation.",1907,1073,1515,4520,533,3987,93,41,52,1511,0,136,1805,1475,2320,304,251,855,2654,168,PriceSensitive,FleetServiceFirst,NoGridIncentive,"Driver layer biases actual requests toward cheap windows, bounded by critical/low-SoC need.",944009.3074209315,57.0,4775.0,0.8984494207024776,1.0,1511,2320,-4.04624277456648,2408.9999999999995,False,False,False,harmful by under-delivery,LeastLaxity,False,False,True,False,True,False,False,False,not_mutually_acceptable,driver_fleet_grid_fail,driver,1515.0,8.863095238095237,17.0,0.8691538670118977,-142115.1904960859,1.0,0.0,0.4260191910088534,0.8272859216255453,0.33741585639491395,3.5508030305577503,0.6374999999999998,0.35706845238095236,297.0,297.0,1907.0,0.0,136.0,0.0,0.13162034609334033
multi_actor_v2,multi_actor_v2_caltech_sce_cap35,metro_caltech_sce,campus/workplace,multi-actor compact weekly matrix,35,14,2,2,4510,D_ReserveSeeking__F_ServiceFirst__G_NoGrid,multi_actor,92.71676300578035,63,865,92.71676300578035,63,865,46.22239082042341,3697.791265633873,191.0,72.4702380952381,2.635564681724846,2.635564681724846,0.37942533034156073,1304575.0,129.6,19,540.0,250.5,13,1.9880952380952381,52,0,"[12611, 6, 823, 0]",12611,823,6,0,0.9383184523809524,0.061235119047619045,0.0004464285714285714,0.2810615199034982,0.293124246079614,"Operational multi-actor scenario; not causal human behavior, global optimization, filed tariff billing, or site-specific feeder validation.",829,738,381,4521,525,3996,61,56,5,379,2,105,631,331,415,52,233,243,3748,168,ReserveSeeking,FleetServiceFirst,NoGridIncentive,Driver layer maintains a higher reserve threshold than the fleet recommendation assumes.,1007518.7913781626,81.49999999999983,4775.0,0.9341974264520456,1.0,379,415,-1.9653179190751473,540.0,False,False,False,harmful by under-delivery,LeastLaxity,False,False,True,False,True,False,False,False,not_mutually_acceptable,driver_fleet_grid_fail,driver,381.0,1.9880952380952381,0.0,0.927627351478025,-78605.70653885487,1.0,0.0,0.660041067761807,1.1828737300435404,0.12898903016704066,1.8276580423538378,0.9000000000000001,0.10148809523809524,396.0,396.0,829.0,0.0,105.0,0.0,0.2810615199034982
multi_actor_v2,multi_actor_v2_caltech_sce_cap35,metro_caltech_sce,campus/workplace,multi-actor compact weekly matrix,35,14,2,2,4510,D_UrgencyDriven__F_ServiceFirst__G_NoGrid,multi_actor,94.33526011560693,49,865,94.33526011560693,49,865,48.09535994185459,3847.628795348367,191.0,63.035714285714285,3.030028328611898,3.030028328611898,0.3300299177262528,1012370.0,129.6,17,60.0,13.5,13,0.10714285714285714,5,0,"[12690, 0, 496, 254]",12690,496,0,254,0.9441964285714286,0.036904761904761905,0.0,0.31733333333333336,0.25466666666666665,"Operational multi-actor scenario; not causal human behavior, global optimization, filed tariff billing, or site-specific feeder validation.",750,745,165,4521,541,3980,64,57,7,164,0,17,105,29,18,5,238,191,3828,168,UrgencyDriven,FleetServiceFirst,NoGridIncentive,Driver layer prioritizes deadline/urgent charging pressure over the fleet recommendation.,1049306.9628166785,100.0,4775.0,0.9720518710622978,1.0,164,18,-0.3468208092485696,60.0,False,False,False,harmful by priority distortion,LeastLaxity,False,False,True,False,True,False,False,False,not_mutually_acceptable,driver_fleet_grid_fail,driver,165.0,0.10714285714285714,0.0,0.9661019200184251,-36817.53510033898,1.0,0.0,0.7588290840415487,1.4513788098693776,0.07959361755173272,1.4182903798844488,0.8499999999999999,0.15029761904761904,568.0,568.0,750.0,0.0,17.0,0.0,0.31733333333333336
multi_actor_v2,multi_actor_v2_caltech_sce_cap35,metro_caltech_sce,campus/workplace,multi-actor compact weekly matrix,35,14,2,2,4510,D_PriceSensitive__F_QueueAware__G_PeakPenalty,multi_actor,91.44508670520231,74,865,91.44508670520231,74,865,43.696200046676424,3495.696003734114,198.0,143.28571428571428,1.3818544366899304,1.3818544366899304,0.7236652236652237,3919570.0,129.6,123,2528.9999999999995,1214.25,28,8.958333333333334,192,114,"[10892, 18, 1717, 813]",10892,1717,18,813,0.8104166666666667,0.12775297619047618,0.0013392857142857143,0.21114599686028257,0.5828100470957613,"Operational multi-actor scenario; not causal human behavior, global optimization, filed tariff billing, or site-specific feeder validation.",2548,1682,2122,4520,551,3969,384,21,363,2121,1,139,2350,2011,2367,306,538,1485,1990,168,PriceSensitive,FleetQueueAware,GridPeakPenalty,"Full interaction: price-sensitive driver response, queue-aware fleet policy, and grid peak cap.",908576.3648431026,50.0,4950.0,0.8831407658667045,1.036649214659686,2121,2367,-3.236994219653184,2528.9999999999995,False,False,False,harmful by under-delivery,LeastLaxity,False,False,True,False,True,False,False,False,not_mutually_acceptable,driver_fleet_grid_fail,driver,2122.0,8.958333333333334,15.0,0.8365305879625966,-177548.1330739148,1.036649214659686,175.0,0.34606651250437176,0.7256894049346888,0.4732289234907036,5.49116274117535,0.6374999999999998,0.3552827380952381,1314.0,1239.0,2548.0,75.0,139.0,0.0,0.21114599686028257
multi_actor_v2,multi_actor_v2_caltech_sce_cap35,metro_caltech_sce,campus/workplace,multi-actor compact weekly matrix,35,14,2,2,4510,D_SoCCompliance__F_QueueAware__G_PeakPenalty,multi_actor,89.01734104046243,95,865,89.01734104046243,95,865,41.248753465495554,3299.9002772396443,198.0,143.60119047619048,1.3788186528497408,1.3788186528497408,0.7252585377585378,3935073.0,129.6,122,3011.999999999999,733.5,20,5.595238095238095,95,38,"[11299, 52, 1304, 785]",11299,1304,52,785,0.8406994047619047,0.09702380952380953,0.003869047619047619,0.3003269500233536,0.711816907986922,"Operational multi-actor scenario; not causal human behavior, global optimization, filed tariff billing, or site-specific feeder validation.",2141,1708,1724,4524,522,4002,216,36,180,1702,22,147,2039,1658,1362,133,643,1524,2435,168,SoCCompliance,FleetQueueAware,GridPeakPenalty,"Full interaction: SoC-dependent compliance, queue-aware fleet policy, and grid peak cap.",899863.3747085053,43.0,4950.0,0.8336755985108918,1.036649214659686,1702,1362,-5.664739884393072,3011.999999999999,False,False,False,harmful by under-delivery,LeastLaxity,False,False,True,False,True,False,False,False,not_mutually_acceptable,driver_fleet_grid_fail,driver,1724.0,5.595238095238095,7.0,0.8285084964332119,-186261.1232085121,1.036649214659686,175.0,0.3453062420313051,0.6240928882438324,0.4748222375840177,5.512881831783871,0.8216759672619048,0.17842261904761905,1303.0,1245.0,2141.0,58.0,147.0,0.0,0.3003269500233536
multi_actor_v2,multi_actor_v2_caltech_sce_cap50,metro_caltech_sce,campus/workplace,multi-actor compact weekly matrix,50,20,2,2,4501,LeastLaxity,anchor,96.63962920046349,29,863,96.63962920046349,29,863,50.223172936397646,4017.8538349118116,226.0,45.88690476190476,4.925152419250227,4.925152419250227,0.20303940160134848,697583.0,172.8,3,0.0,0.0,18,0.0,0,0,"[12824, 0, 616, 0]",12824,616,0,0,0.9541666666666667,0.04583333333333333,0.0,0.26461038961038963,0.0,"Behavior Applied Energy package v1; behavior proxies are imposed perturbations, not measured traits.",616,616,0,4974,560,4414,65,56,9,0,0,0,0,0,0,0,163,0,4414,168,FullyCompliant,FleetServiceFirst,NoGridIncentive,LeastLaxity anchor used for paired thresholds.,1130350.9132490605,64.0,5650.0,1.0,1.0,0,0,0.0,0.0,True,True,True,anchor,LeastLaxity,True,True,True,True,True,True,True,True,mutually_acceptable,all_pass,none,0.0,0.0,0.0,1.0,0.0,1.0,0.0,1.0,1.0,0.0,1.0,,,,,,,,,
multi_actor_v2,multi_actor_v2_caltech_sce_cap50,metro_caltech_sce,campus/workplace,multi-actor compact weekly matrix,50,20,2,2,4501,D_FullyCompliant__F_ServiceFirst__G_NoGrid,multi_actor,96.63962920046349,29,863,96.63962920046349,29,863,50.223172936397646,4017.8538349118116,226.0,45.88690476190476,4.925152419250227,4.925152419250227,0.20303940160134848,697583.0,172.8,3,0.0,0.0,18,0.0,0,0,"[12824, 0, 616, 0]",12824,616,0,0,0.9541666666666667,0.04583333333333333,0.0,0.26461038961038963,0.0,"Operational multi-actor scenario; not causal human behavior, global optimization, filed tariff billing, or site-specific feeder validation.",616,616,0,4974,560,4414,65,56,9,0,0,0,0,0,0,0,163,0,4414,168,FullyCompliant,FleetServiceFirst,NoGridIncentive,"Baseline multi-actor row: least-laxity service-first fleet recommendation, fully compliant driver layer, no grid incentive.",1130350.9132490605,64.0,5650.0,1.0,1.0,0,0,0.0,0.0,True,True,True,service-tolerated,LeastLaxity,True,True,True,True,True,True,True,True,mutually_acceptable,all_pass,none,0.0,0.0,0.0,1.0,0.0,1.0,0.0,1.0,1.0,0.0,1.0,1.0,0.0,616.0,616.0,616.0,0.0,0.0,0.0,0.26461038961038963
multi_actor_v2,multi_actor_v2_caltech_sce_cap50,metro_caltech_sce,campus/workplace,multi-actor compact weekly matrix,50,20,2,2,4501,D_FullyCompliant__F_CostOnly__G_NoGrid,multi_actor,97.33487833140208,23,863,97.33487833140208,23,863,49.77655032830772,3982.124026264618,240.0,155.74404761904762,1.5409898719663673,1.5409898719663673,0.6489335317460317,4895459.0,172.8,80,62.99999999999983,9.0,18,0.07142857142857142,0,0,"[11276, 38, 1, 2125]",11276,1,38,2125,0.8389880952380953,7.440476190476191e-05,0.0028273809523809523,0.3821626617375231,0.7301293900184843,"Operational multi-actor scenario; not causal human behavior, global optimization, filed tariff billing, or site-specific feeder validation.",2164,2153,1464,4974,675,4299,257,26,231,1452,12,5,71,41,23,0,827,1580,2848,168,FullyCompliant,FleetCostOnly,NoGridIncentive,Fleet shifts discretionary charging to cheap windows without an explicit grid guardrail.,1072208.7531569162,43.0,6000.0,0.9911072403040818,1.0619469026548674,1452,23,0.695249130938592,62.99999999999983,True,True,False,harmful by priority distortion,LeastLaxity,False,False,True,False,False,False,False,False,not_mutually_acceptable,driver_fleet_grid_fail,driver,1464.0,0.07142857142857142,0.0,0.9485627344476403,-58142.16009214427,1.0619469026548674,350.0,0.31288166147778984,0.671875,0.44589413014468327,7.0177441250718555,1.0,0.0,2164.0,2164.0,2164.0,0.0,5.0,0.0,0.3821626617375231
multi_actor_v2,multi_actor_v2_caltech_sce_cap50,metro_caltech_sce,campus/workplace,multi-actor compact weekly matrix,50,20,2,2,4501,D_FullyCompliant__F_ServiceCostly__G_NoGrid,multi_actor,96.75550405561994,28,863,96.75550405561994,28,863,49.17590519310422,3934.072415448338,233.0,112.7797619047619,2.065973505040376,2.065973505040376,0.4840333128959738,3189985.0,172.8,48,180.0,52.5,18,0.4166666666666667,19,0,"[11888, 0, 535, 1017]",11888,535,0,1017,0.8845238095238095,0.039806547619047616,0.0,0.0979381443298969,0.6121134020618557,"Operational multi-actor scenario; not causal human behavior, global optimization, filed tariff billing, or site-specific feeder validation.",1552,1515,909,4974,629,4345,79,47,32,900,0,67,842,534,91,19,152,950,3472,168,FullyCompliant,FleetServiceCostly,NoGridIncentive,"Fleet preserves urgent service but shifts discretionary charging away from cheap windows, creating a fleet economic stress case.",1102293.2098086686,146.5999999999999,5825.0,0.9791477184322926,1.0309734513274336,900,91,0.11587485515644858,180.0,False,False,False,harmful by priority distortion,LeastLaxity,False,False,True,False,True,False,False,False,not_mutually_acceptable,driver_fleet_grid_fail,driver,909.0,0.4166666666666667,0.0,0.9751778822739716,-28057.703440391924,1.0309734513274336,175.0,0.41947402418763846,2.2906249999999986,0.2809939112946253,4.572911037109563,1.0,0.0,1552.0,1552.0,1552.0,0.0,67.0,0.0,0.0979381443298969
multi_actor_v2,multi_actor_v2_caltech_sce_cap50,metro_caltech_sce,campus/workplace,multi-actor compact weekly matrix,50,20,2,2,4501,D_FullyCompliant__F_QueueAware__G_NoGrid,multi_actor,96.52375434530707,30,863,96.52375434530707,30,863,47.45637242674591,3796.5097941396725,240.0,153.50595238095238,1.563457287991004,1.563457287991004,0.639608134920635,4815681.0,172.8,79,0.0,0.0,18,0.0,0,0,"[11310, 0, 1, 2129]",11310,1,0,2129,0.8415178571428571,7.440476190476191e-05,0.0,0.3723004694835681,0.7436619718309859,"Operational multi-actor scenario; not causal human behavior, global optimization, filed tariff billing, or site-specific feeder validation.",2130,2130,1451,4973,679,4294,904,0,904,1451,0,0,0,0,0,0,793,1584,2843,168,FullyCompliant,FleetQueueAware,NoGridIncentive,Fleet suppresses non-urgent/high-SoC requests under queue pressure.,1064903.8164926379,33.19999999999993,6000.0,0.9449098822737544,1.0619469026548674,1451,0,-0.11587485515642015,0.0,False,False,False,harmful by under-delivery,LeastLaxity,False,False,True,False,False,False,False,False,not_mutually_acceptable,driver_fleet_grid_fail,driver,1451.0,0.0,0.0,0.9421001956212848,-65447.09675642266,1.0619469026548674,350.0,0.3174434321829606,0.5187499999999989,0.4365687333192865,6.90338067298085,1.0,0.0,2130.0,2130.0,2130.0,0.0,0.0,0.0,0.3723004694835681
multi_actor_v2,multi_actor_v2_caltech_sce_cap50,metro_caltech_sce,campus/workplace,multi-actor compact weekly matrix,50,20,2,2,4501,D_FullyCompliant__F_AvailabilityFocused__G_NoGrid,multi_actor,96.40787949015063,31,863,96.40787949015063,31,863,50.24905032830772,4019.924026264617,240.0,157.42857142857142,1.5245009074410165,1.5245009074410165,0.655952380952381,4954840.0,172.8,79,0.0,0.0,18,0.0,0,0,"[11265, 0, 46, 2129]",11265,46,0,2129,0.8381696428571429,0.0034226190476190476,0.0,0.36873563218390804,0.7342528735632184,"Operational multi-actor scenario; not causal human behavior, global optimization, filed tariff billing, or site-specific feeder validation.",2175,2175,1465,4973,665,4308,125,45,80,1465,0,0,0,0,0,0,802,1597,2843,168,FullyCompliant,FleetAvailabilityFocused,NoGridIncentive,Fleet maintains a higher readiness reserve for vehicles with likely upcoming needs.,1125080.9743929678,40.59999999999991,6000.0,1.0005152480497965,1.0619469026548674,1465,0,-0.23174971031285452,0.0,True,True,False,harmful by priority distortion,LeastLaxity,False,False,True,False,False,False,False,False,not_mutually_acceptable,driver_fleet_grid_fail,driver,1465.0,0.0,0.0,0.9953377851122843,-5269.938856092747,1.0619469026548674,350.0,0.30953375198753674,0.6343749999999986,0.4529129793510325,7.102868045809602,1.0,0.0,2175.0,2175.0,2175.0,0.0,0.0,0.0,0.36873563218390804
multi_actor_v2,multi_actor_v2_caltech_sce_cap50,metro_caltech_sce,campus/workplace,multi-actor compact weekly matrix,50,20,2,2,4501,D_FullyCompliant__F_ServiceFirst__G_PeakPenalty,multi_actor,96.63962920046349,29,863,96.63962920046349,29,863,50.223172936397646,4017.8538349118116,198.0,45.88690476190476,4.314956544298871,4.314956544298871,0.23175204425204424,688987.0,172.8,4,0.0,0.0,14,0.0,0,0,"[12824, 0, 616, 0]",12824,616,0,0,0.9541666666666667,0.04583333333333333,0.0,0.26461038961038963,0.0,"Operational multi-actor scenario; not causal human behavior, global optimization, filed tariff billing, or site-specific feeder validation.",616,616,0,4974,560,4414,65,56,9,0,0,0,0,0,0,0,163,0,4414,168,FullyCompliant,FleetServiceFirst,GridPeakPenalty,Service-first fleet recommendation with an action-changing peak cap.,1130350.9132490605,68.89999999999992,4950.0,1.0,0.8761061946902655,0,0,0.0,0.0,True,True,True,service-tolerated,LeastLaxity,True,True,True,True,True,True,True,True,mutually_acceptable,all_pass,none,0.0,0.0,-4.0,1.0,0.0,0.8761061946902655,-700.0,0.8761061946902654,1.0765624999999988,0.028712642650695758,0.9876774520021273,1.0,0.0,631.0,616.0,616.0,15.0,0.0,0.0,0.26461038961038963
multi_actor_v2,multi_actor_v2_caltech_sce_cap50,metro_caltech_sce,campus/workplace,multi-actor compact weekly matrix,50,20,2,2,4501,D_FullyCompliant__F_CostOnly__G_PeakPenalty,multi_actor,97.33487833140208,23,863,97.33487833140208,23,863,49.77655032830772,3982.124026264618,212.0,151.4702380952381,1.39961488584116,1.39961488584116,0.7144822551662174,4547491.0,172.8,80,0.0,0.0,14,0.0,0,0,"[11408, 26, 1, 2005]",11408,1,26,2005,0.8488095238095238,7.440476190476191e-05,0.0019345238095238096,0.35187007874015747,0.718011811023622,"Operational multi-actor scenario; not causal human behavior, global optimization, filed tariff billing, or site-specific feeder validation.",2032,2032,1331,4974,675,4299,266,26,240,1331,0,0,0,0,0,0,715,1459,2968,168,FullyCompliant,FleetCostOnly,GridPeakPenalty,Cheap-window fleet policy with a grid peak cap.,1074581.3671548432,43.0,5300.0,0.9911072403040818,0.9380530973451328,1331,0,0.695249130938592,0.0,True,True,False,harmful by priority distortion,LeastLaxity,False,False,True,False,True,False,False,False,not_mutually_acceptable,driver_fleet_grid_fail,driver,1331.0,0.0,-4.0,0.9506617410217201,-55769.54609421734,0.9380530973451328,-350.0,0.2841769688935288,0.671875,0.511442853564869,6.518924629757319,1.0,0.0,2177.0,2032.0,2032.0,145.0,0.0,0.0,0.35187007874015747
multi_actor_v2,multi_actor_v2_caltech_sce_cap50,metro_caltech_sce,campus/workplace,multi-actor compact weekly matrix,50,20,2,2,4501,D_FullyCompliant__F_QueueAware__G_PeakPenalty,multi_actor,96.52375434530707,30,863,96.52375434530707,30,863,47.45637242674591,3796.5097941396725,212.0,148.33928571428572,1.4291561333814855,1.4291561333814855,0.6997136118598383,4434713.0,172.8,79,0.0,0.0,14,0.0,0,0,"[11434, 0, 1, 2005]",11434,1,0,2005,0.8507440476190476,7.440476190476191e-05,0.0,0.34346959122632104,0.7278165503489531,"Operational multi-actor scenario; not causal human behavior, global optimization, filed tariff billing, or site-specific feeder validation.",2006,2006,1327,4973,679,4294,904,0,904,1327,0,0,0,0,0,0,689,1460,2967,168,FullyCompliant,FleetQueueAware,GridPeakPenalty,Queue-aware fleet policy with a grid peak cap.,1064903.816492638,33.19999999999993,5300.0,0.9449098822737544,0.9380530973451328,1327,0,-0.11587485515642015,0.0,False,False,False,harmful by under-delivery,LeastLaxity,False,False,True,False,True,False,False,False,not_mutually_acceptable,driver_fleet_grid_fail,driver,1327.0,0.0,-4.0,0.942100195621285,-65447.09675642243,0.9380530973451328,-350.0,0.2901750061166738,0.5187499999999989,0.4966742102584898,6.357254978977412,1.0,0.0,2130.0,2006.0,2006.0,124.0,0.0,0.0,0.34346959122632104
multi_actor_v2,multi_actor_v2_caltech_sce_cap50,metro_caltech_sce,campus/workplace,multi-actor compact weekly matrix,50,20,2,2,4501,D_LimitedAttentionP0025__F_ServiceFirst__G_NoGrid,multi_actor,96.29200463499421,32,863,96.29200463499421,32,863,49.70681926903167,3976.5455415225338,226.0,45.38095238095238,4.980062959076601,4.980062959076601,0.20080067425200168,689056.0,172.8,3,0.0,0.0,18,0.0,0,0,"[12830, 0, 610, 0]",12830,610,0,0,0.9546130952380952,0.04538690476190476,0.0,0.2639344262295082,0.0,"Operational multi-actor scenario; not causal human behavior, global optimization, filed tariff billing, or site-specific feeder validation.",610,610,0,4974,552,4422,70,58,12,0,0,0,0,0,0,0,161,0,4422,168,LimitedAttentionP0025,FleetServiceFirst,NoGridIncentive,Low-probability missed compliance with service-first fleet recommendation.,1125152.6204537845,85.69999999999976,5650.0,0.9897188162918363,1.0,0,0,-0.34762456546927467,0.0,False,True,True,service-tolerated,LeastLaxity,True,True,True,True,True,False,False,False,not_mutually_acceptable,grid_only_fail,grid,0.0,0.0,0.0,0.995401169022517,-5198.2927952760365,1.0,0.0,1.011149003147954,1.3390624999999963,-0.0022387273493467974,0.9877763649630223,0.9749999999999999,0.0013392857142857143,628.0,628.0,610.0,0.0,0.0,0.0,0.2639344262295082
multi_actor_v2,multi_actor_v2_caltech_sce_cap50,metro_caltech_sce,campus/workplace,multi-actor compact weekly matrix,50,20,2,2,4501,D_LimitedAttentionP005__F_ServiceFirst__G_NoGrid,multi_actor,96.52375434530707,30,863,96.52375434530707,30,863,49.549001492906974,3963.920119432558,226.0,45.214285714285715,4.998420221169036,4.998420221169036,0.20006321112515804,683330.0,172.8,3,0.0,0.0,18,0.0,0,0,"[12834, 0, 606, 0]",12834,606,0,0,0.9549107142857143,0.045089285714285714,0.0,0.26732673267326734,0.0,"Operational multi-actor scenario; not causal human behavior, global optimization, filed tariff billing, or site-specific feeder validation.",606,606,0,4975,551,4424,66,55,11,0,0,0,0,0,0,0,162,0,4424,168,LimitedAttentionP005,FleetServiceFirst,NoGridIncentive,Moderate missed compliance with service-first fleet recommendation.,1098359.7300314978,86.39999999999975,5650.0,0.9865764864289949,1.0,0,0,-0.11587485515642015,0.0,False,True,True,service-tolerated,LeastLaxity,True,True,True,True,True,False,False,False,not_mutually_acceptable,grid_only_fail,grid,0.0,0.0,0.0,0.9716980073686959,-31991.183217562735,1.0,0.0,1.0148762506582412,1.349999999999996,-0.002976190476190438,0.9795680227299117,0.95,0.001636904761904762,628.0,628.0,606.0,0.0,0.0,0.0,0.26732673267326734
multi_actor_v2,multi_actor_v2_caltech_sce_cap50,metro_caltech_sce,campus/workplace,multi-actor compact weekly matrix,50,20,2,2,4501,D_SoCCompliance__F_ServiceFirst__G_NoGrid,multi_actor,88.87601390498261,96,863,88.87601390498261,96,863,38.82718900809947,3106.1751206479576,226.0,115.91071428571429,1.9497766137729162,1.9497766137729162,0.5128792667509482,2823865.0,172.8,15,2228.9999999999995,731.25,20,5.5476190476190474,117,43,"[11714, 22, 1704, 0]",11714,1704,22,0,0.8715773809523809,0.12678571428571428,0.001636904761904762,0.2827346465816918,0.6309385863267671,"Operational multi-actor scenario; not causal human behavior, global optimization, filed tariff billing, or site-specific feeder validation.",1726,1283,1304,4980,506,4474,63,45,18,1297,6,141,1648,1249,1364,160,488,1089,3302,168,SoCCompliance,FleetServiceFirst,NoGridIncentive,Compliance probability is higher at low SoC and lower at high SoC.,836332.2580069058,50.0,5650.0,0.7730931109683176,1.0,1297,1364,-7.763615295480875,2228.9999999999995,False,False,False,harmful by under-delivery,LeastLaxity,False,False,True,False,True,False,False,False,not_mutually_acceptable,driver_fleet_grid_fail,driver,1304.0,5.5476190476190474,2.0,0.7398872758929059,-294018.6552421547,1.0,0.0,0.3958814769167565,0.78125,0.3098398651495997,4.048070265473786,0.8070375744047632,0.18683035714285715,325.0,325.0,1726.0,0.0,141.0,0.0,0.2827346465816918
multi_actor_v2,multi_actor_v2_caltech_sce_cap50,metro_caltech_sce,campus/workplace,multi-actor compact weekly matrix,50,20,2,2,4501,D_SoCQueueCompliance__F_ServiceFirst__G_NoGrid,multi_actor,90.03476245654693,86,863,90.03476245654693,86,863,41.639024665929384,3331.1219732743507,226.0,131.88095238095238,1.713666726846001,1.713666726846001,0.58354403708386,3576996.0,172.8,50,3843.0,1513.5,39,11.05952380952381,226,160,"[10655, 37, 2748, 0]",10655,2748,37,0,0.7927827380952381,0.2044642857142857,0.0027529761904761907,0.24883303411131058,0.5989228007181329,"Operational multi-actor scenario; not causal human behavior, global optimization, filed tariff billing, or site-specific feeder validation.",2785,1611,2330,4978,537,4441,81,48,33,2322,8,144,2707,2272,3027,386,693,1668,2246,168,SoCQueueCompliance,FleetServiceFirst,NoGridIncentive,SoC-dependent compliance with queue-sensitive avoidance for non-critical high-SoC charging.,903122.8265253198,50.0,5650.0,0.8290799292721075,1.0,2322,3027,-6.60486674391656,3843.0,False,False,False,harmful by under-delivery,LeastLaxity,False,False,True,False,True,False,False,False,not_mutually_acceptable,driver_fleet_grid_fail,driver,2330.0,11.05952380952381,21.0,0.7989756242416788,-227228.08672374068,1.0,0.0,0.3479418667629536,0.78125,0.38050463548251157,5.1276994995577585,0.6024244791666664,0.39620535714285715,294.0,294.0,2785.0,0.0,144.0,19.0,0.24883303411131058
multi_actor_v2,multi_actor_v2_caltech_sce_cap50,metro_caltech_sce,campus/workplace,multi-actor compact weekly matrix,50,20,2,2,4501,D_PriceSensitive__F_ServiceFirst__G_NoGrid,multi_actor,90.96176129779838,78,863,90.96176129779838,78,863,43.00130663619202,3440.1045308953617,226.0,110.6547619047619,2.0423883808499195,2.0423883808499195,0.48962284028655706,2635874.0,172.8,12,2288.9999999999995,1326.0,43,9.517857142857142,219,169,"[11215, 2, 2223, 0]",11215,2223,2,0,0.8344494047619048,0.1654017857142857,0.00014880952380952382,0.12764044943820224,0.45348314606741574,"Operational multi-actor scenario; not causal human behavior, global optimization, filed tariff billing, or site-specific feeder validation.",2225,1206,1757,4979,542,4437,87,48,39,1755,0,131,2087,1684,2615,388,284,1009,2801,168,PriceSensitive,FleetServiceFirst,NoGridIncentive,"Driver layer biases actual requests toward cheap windows, bounded by critical/low-SoC need.",938944.662387512,64.0,5650.0,0.8562044992786226,1.0,1755,2615,-5.677867902665113,2288.9999999999995,False,False,False,harmful by under-delivery,LeastLaxity,False,False,True,False,True,False,False,False,not_mutually_acceptable,driver_fleet_grid_fail,driver,1757.0,9.517857142857142,25.0,0.8306665225656573,-191406.25086154847,1.0,0.0,0.4146853146853147,1.0,0.2865834386852086,3.778581186754838,0.6374999999999998,0.3674107142857143,346.0,346.0,2225.0,0.0,131.0,0.0,0.12764044943820224
multi_actor_v2,multi_actor_v2_caltech_sce_cap50,metro_caltech_sce,campus/workplace,multi-actor compact weekly matrix,50,20,2,2,4501,D_ReserveSeeking__F_ServiceFirst__G_NoGrid,multi_actor,92.81575898030128,62,863,92.81575898030128,62,863,44.77310466114715,3581.848372891772,226.0,67.53571428571429,3.346377578001057,3.346377578001057,0.2988305941845765,1211336.0,172.8,3,482.99999999999983,237.0,18,1.880952380952381,56,0,"[12584, 6, 850, 0]",12584,850,6,0,0.9363095238095238,0.06324404761904762,0.0004464285714285714,0.2733644859813084,0.3072429906542056,"Operational multi-actor scenario; not causal human behavior, global optimization, filed tariff billing, or site-specific feeder validation.",856,767,388,4974,538,4436,59,52,7,386,1,98,642,320,395,56,234,263,4170,168,ReserveSeeking,FleetServiceFirst,NoGridIncentive,Driver layer maintains a higher reserve threshold than the fleet recommendation assumes.,991949.612420996,100.0,5650.0,0.8914829956651199,1.0,386,395,-3.823870220162206,482.99999999999983,False,False,False,harmful by under-delivery,LeastLaxity,False,False,True,False,True,False,False,False,not_mutually_acceptable,driver_fleet_grid_fail,driver,388.0,1.880952380952381,0.0,0.8775589958783274,-138401.30082806456,1.0,0.0,0.6794465009695045,1.5625,0.09579119258322805,1.7364758028793705,0.9000000000000001,0.10119047619047619,418.0,418.0,856.0,0.0,98.0,0.0,0.2733644859813084
multi_actor_v2,multi_actor_v2_caltech_sce_cap50,metro_caltech_sce,campus/workplace,multi-actor compact weekly matrix,50,20,2,2,4501,D_UrgencyDriven__F_ServiceFirst__G_NoGrid,multi_actor,96.17612977983777,33,863,96.17612977983777,33,863,48.87669461318031,3910.135569054425,226.0,59.976190476190474,3.7681619690353316,3.7681619690353316,0.26538137378845345,976338.0,172.8,4,60.0,10.5,18,0.08333333333333333,9,0,"[12612, 0, 519, 309]",12612,519,0,309,0.9383928571428571,0.03861607142857143,0.0,0.30917874396135264,0.286231884057971,"Operational multi-actor scenario; not causal human behavior, global optimization, filed tariff billing, or site-specific feeder validation.",828,819,196,4974,582,4392,65,55,10,196,0,15,100,28,15,9,256,237,4201,168,UrgencyDriven,FleetServiceFirst,NoGridIncentive,Driver layer prioritizes deadline/urgent charging pressure over the fleet recommendation.,1099582.1205565082,97.89999999999992,5650.0,0.9731900984248346,1.0,196,15,-0.46349942062572325,60.0,False,False,False,harmful by priority distortion,LeastLaxity,False,False,True,False,True,False,False,False,not_mutually_acceptable,driver_fleet_grid_fail,driver,196.0,0.08333333333333333,0.0,0.9727794330663997,-30768.79269255232,1.0,0.0,0.7650853513298929,1.5296874999999988,0.062341972187104966,1.3996011944098408,0.8499999999999999,0.14776785714285715,591.0,591.0,828.0,0.0,15.0,0.0,0.30917874396135264
multi_actor_v2,multi_actor_v2_caltech_sce_cap50,metro_caltech_sce,campus/workplace,multi-actor compact weekly matrix,50,20,2,2,4501,D_PriceSensitive__F_QueueAware__G_PeakPenalty,multi_actor,91.19351100811124,76,863,91.19351100811124,76,863,42.56628511999775,3405.30280959982,226.0,150.86309523809524,1.4980469520615505,1.4980469520615505,0.6675358196375896,4539413.0,172.8,78,2580.0,1313.25,39,9.583333333333334,224,141,"[10442, 19, 1909, 1070]",10442,1909,19,1070,0.7769345238095238,0.14203869047619047,0.0014136904761904762,0.23749166110740494,0.6154102735156771,"Operational multi-actor scenario; not causal human behavior, global optimization, filed tariff billing, or site-specific feeder validation.",2998,2042,2519,4977,583,4394,299,22,277,2515,4,142,2798,2364,2563,365,712,1845,1998,168,PriceSensitive,FleetQueueAware,GridPeakPenalty,"Full interaction: price-sensitive driver response, queue-aware fleet policy, and grid peak cap.",874343.9082459304,50.0,5650.0,0.8475427304026264,1.0,2515,2563,-5.446118192352245,2580.0,False,False,False,harmful by under-delivery,LeastLaxity,False,False,True,False,True,False,False,False,not_mutually_acceptable,driver_fleet_grid_fail,driver,2519.0,9.583333333333334,21.0,0.7735154614355394,-256007.00500313006,1.0,0.0,0.3041625567173012,0.78125,0.4644964180362411,6.507344645726745,0.6374999999999998,0.3613839285714286,1712.0,1625.0,2998.0,87.0,142.0,0.0,0.23749166110740494
multi_actor_v2,multi_actor_v2_caltech_sce_cap50,metro_caltech_sce,campus/workplace,multi-actor compact weekly matrix,50,20,2,2,4501,D_SoCCompliance__F_QueueAware__G_PeakPenalty,multi_actor,89.33951332560835,92,863,89.33951332560835,92,863,40.17576901247278,3214.0615209978223,233.0,151.72619047619048,1.5356610435464888,1.5356610435464888,0.6511853668506029,4604668.0,172.8,79,2760.0,825.0,25,6.220238095238095,112,55,"[10856, 47, 1536, 1001]",10856,1536,47,1001,0.8077380952380953,0.11428571428571428,0.0034970238095238097,0.3065015479876161,0.7469040247678018,"Operational multi-actor scenario; not causal human behavior, global optimization, filed tariff billing, or site-specific feeder validation.",2584,2075,2130,4977,540,4437,131,39,92,2118,12,142,2429,2003,1547,167,792,1930,2440,168,SoCCompliance,FleetQueueAware,GridPeakPenalty,"Full interaction: SoC-dependent compliance, queue-aware fleet policy, and grid peak cap.",848814.3262169635,50.0,5825.0,0.7999448593849527,1.0309734513274336,2118,1547,-7.300115874855138,2760.0,False,False,False,harmful by under-delivery,LeastLaxity,False,False,True,False,True,False,False,False,not_mutually_acceptable,driver_fleet_grid_fail,driver,2130.0,6.220238095238095,7.0,0.7509299247409343,-281536.58703209704,1.0309734513274336,175.0,0.31179969934418145,0.78125,0.44814596524925443,6.6008890698311165,0.8014873511904752,0.19873511904761904,1679.0,1608.0,2584.0,71.0,142.0,0.0,0.3065015479876161
multi_actor_v2,multi_actor_v2_caltech_sce_cap50,metro_caltech_sce,campus/workplace,multi-actor compact weekly matrix,50,20,2,2,4502,LeastLaxity,anchor,97.71949828962371,20,877,97.71949828962371,20,877,57.01080662310285,4560.864529848228,240.0,43.982142857142854,5.456760048721073,5.456760048721073,0.18325892857142856,691709.0,172.8,4,0.0,0.0,20,0.0,0,0,"[12710, 0, 730, 0]",12710,730,0,0,0.9456845238095238,0.05431547619047619,0.0,0.29315068493150687,0.0,"Behavior Applied Energy package v1; behavior proxies are imposed perturbations, not measured traits.",730,730,0,5519,651,4868,79,79,0,0,0,0,0,0,0,0,214,0,4868,168,FullyCompliant,FleetServiceFirst,NoGridIncentive,LeastLaxity anchor used for paired thresholds.,1294162.2687283983,71.0,6000.0,1.0,1.0,0,0,0.0,0.0,True,True,True,anchor,LeastLaxity,True,True,True,True,True,True,True,True,mutually_acceptable,all_pass,none,0.0,0.0,0.0,1.0,0.0,1.0,0.0,1.0,1.0,0.0,1.0,,,,,,,,,
multi_actor_v2,multi_actor_v2_caltech_sce_cap50,metro_caltech_sce,campus/workplace,multi-actor compact weekly matrix,50,20,2,2,4502,D_FullyCompliant__F_ServiceFirst__G_NoGrid,multi_actor,97.71949828962371,20,877,97.71949828962371,20,877,57.01080662310285,4560.864529848228,240.0,43.982142857142854,5.456760048721073,5.456760048721073,0.18325892857142856,691709.0,172.8,4,0.0,0.0,20,0.0,0,0,"[12710, 0, 730, 0]",12710,730,0,0,0.9456845238095238,0.05431547619047619,0.0,0.29315068493150687,0.0,"Operational multi-actor scenario; not causal human behavior, global optimization, filed tariff billing, or site-specific feeder validation.",730,730,0,5519,651,4868,79,79,0,0,0,0,0,0,0,0,214,0,4868,168,FullyCompliant,FleetServiceFirst,NoGridIncentive,"Baseline multi-actor row: least-laxity service-first fleet recommendation, fully compliant driver layer, no grid incentive.",1294162.2687283983,71.0,6000.0,1.0,1.0,0,0,0.0,0.0,True,True,True,service-tolerated,LeastLaxity,True,True,True,True,True,True,True,True,mutually_acceptable,all_pass,none,0.0,0.0,0.0,1.0,0.0,1.0,0.0,1.0,1.0,0.0,1.0,1.0,0.0,730.0,730.0,730.0,0.0,0.0,0.0,0.29315068493150687
multi_actor_v2,multi_actor_v2_caltech_sce_cap50,metro_caltech_sce,campus/workplace,multi-actor compact weekly matrix,50,20,2,2,4502,D_FullyCompliant__F_CostOnly__G_NoGrid,multi_actor,97.83352337514253,19,877,97.83352337514253,19,877,58.06652028295245,4645.3216226361965,254.0,192.67857142857142,1.3182576459684894,1.3182576459684894,0.7585770528683914,7015086.0,172.8,106,2.9999999999998295,3.0,21,0.023809523809523808,0,0,"[10587, 48, 1, 2804]",10587,1,48,2804,0.7877232142857142,7.440476190476191e-05,0.0035714285714285713,0.3449001051524711,0.7577988082719944,"Operational multi-actor scenario; not causal human behavior, global optimization, filed tariff billing, or site-specific feeder validation.",2853,2849,1972,5519,837,4682,280,44,236,1968,4,6,89,47,7,0,984,2162,2714,168,FullyCompliant,FleetCostOnly,NoGridIncentive,Fleet shifts discretionary charging to cheap windows without an explicit grid guardrail.,1254234.6812460343,50.0,6350.0,1.0185177814941104,1.0583333333333333,1968,7,0.11402508551881851,2.9999999999998295,False,True,False,harmful by priority distortion,LeastLaxity,False,False,True,False,False,False,False,False,not_mutually_acceptable,driver_fleet_grid_fail,driver,1972.0,0.023809523809523808,1.0,0.9691479280093713,-39927.58748236392,1.0583333333333333,350.0,0.24158248378127894,0.704225352112676,0.5753181242969628,10.141672292828343,1.0,0.0,2853.0,2853.0,2853.0,0.0,6.0,0.0,0.3449001051524711
multi_actor_v2,multi_actor_v2_caltech_sce_cap50,metro_caltech_sce,campus/workplace,multi-actor compact weekly matrix,50,20,2,2,4502,D_FullyCompliant__F_ServiceCostly__G_NoGrid,multi_actor,97.49144811858609,22,877,97.49144811858609,22,877,56.662885024457125,4533.03080195657,254.0,141.52380952380952,1.7947510094212653,1.7947510094212653,0.557180352455943,4851050.0,172.8,77,122.99999999999983,42.0,21,0.3333333333333333,13,0,"[11283, 0, 647, 1510]",11283,647,0,1510,0.8395089285714286,0.048139880952380955,0.0,0.0927213722763097,0.6708391284191006,"Operational multi-actor scenario; not causal human behavior, global optimization, filed tariff billing, or site-specific feeder validation.",2157,2125,1333,5519,777,4742,108,71,37,1330,0,60,1126,751,74,13,200,1447,3436,168,FullyCompliant,FleetServiceCostly,NoGridIncentive,"Fleet preserves urgent service but shifts discretionary charging away from cheap windows, creating a fleet economic stress case.",1290348.981569084,198.69999999999976,6350.0,0.993897269320432,1.0583333333333333,1330,74,-0.22805017103762282,122.99999999999983,True,True,False,harmful by priority distortion,LeastLaxity,False,False,True,False,False,False,False,False,not_mutually_acceptable,driver_fleet_grid_fail,driver,1333.0,0.3333333333333333,1.0,0.9970534706107134,-3813.2871593141463,1.0583333333333333,350.0,0.3289041470390309,2.798591549295771,0.37392142388451444,7.013137027275921,1.0,0.0,2157.0,2157.0,2157.0,0.0,60.0,0.0,0.0927213722763097
multi_actor_v2,multi_actor_v2_caltech_sce_cap50,metro_caltech_sce,campus/workplace,multi-actor compact weekly matrix,50,20,2,2,4502,D_FullyCompliant__F_QueueAware__G_NoGrid,multi_actor,97.37742303306727,23,877,97.37742303306727,23,877,55.11628518160744,4409.302814528595,254.0,190.45833333333334,1.3336250273463137,1.3336250273463137,0.7498359580052494,6904811.0,172.8,102,0.0,0.0,20,0.0,0,0,"[10632, 0, 1, 2807]",10632,1,0,2807,0.7910714285714285,7.440476190476191e-05,0.0,0.3344017094017094,0.7695868945868946,"Operational multi-actor scenario; not causal human behavior, global optimization, filed tariff billing, or site-specific feeder validation.",2808,2808,1966,5519,842,4677,1182,0,1182,1966,0,0,0,0,0,0,939,2161,2711,168,FullyCompliant,FleetQueueAware,NoGridIncentive,Fleet suppresses non-urgent/high-SoC requests under queue pressure.,1252144.0010104594,50.0,6350.0,0.9667690819738782,1.0583333333333333,1966,0,-0.34207525655644133,0.0,False,False,False,harmful by priority distortion,LeastLaxity,False,False,True,False,False,False,False,False,not_mutually_acceptable,driver_fleet_grid_fail,driver,1966.0,0.0,0.0,0.9675324580748096,-42018.26771793887,1.0583333333333333,350.0,0.24439869362752756,0.704225352112676,0.5665770294338208,9.982248315404311,1.0,0.0,2808.0,2808.0,2808.0,0.0,0.0,0.0,0.3344017094017094
multi_actor_v2,multi_actor_v2_caltech_sce_cap50,metro_caltech_sce,campus/workplace,multi-actor compact weekly matrix,50,20,2,2,4502,D_FullyCompliant__F_AvailabilityFocused__G_NoGrid,multi_actor,97.49144811858609,22,877,97.49144811858609,22,877,57.83628550096088,4626.90284007687,254.0,194.86904761904762,1.3034394281874275,1.3034394281874275,0.7672009748781402,7126410.0,172.8,109,0.0,0.0,20,0.0,0,0,"[10563, 0, 70, 2807]",10563,70,0,2807,0.7859375,0.005208333333333333,0.0,0.32881473757386165,0.7619047619047619,"Operational multi-actor scenario; not causal human behavior, global optimization, filed tariff billing, or site-specific feeder validation.",2877,2877,1997,5519,811,4708,116,69,47,1997,0,0,0,0,0,0,946,2192,2711,168,FullyCompliant,FleetAvailabilityFocused,NoGridIncentive,Fleet maintains a higher readiness reserve for vehicles with likely upcoming needs.,1319537.7887671883,50.0,6350.0,1.0144793404400545,1.0583333333333333,1997,0,-0.22805017103762282,0.0,False,True,False,harmful by priority distortion,LeastLaxity,False,False,True,False,False,False,False,False,not_mutually_acceptable,driver_fleet_grid_fail,driver,1997.0,0.0,0.0,1.019607680313322,25375.52003879007,1.0583333333333333,350.0,0.23886691306738345,0.704225352112676,0.5839420463067116,10.302612803939228,1.0,0.0,2877.0,2877.0,2877.0,0.0,0.0,0.0,0.32881473757386165
multi_actor_v2,multi_actor_v2_caltech_sce_cap50,metro_caltech_sce,campus/workplace,multi-actor compact weekly matrix,50,20,2,2,4502,D_FullyCompliant__F_ServiceFirst__G_PeakPenalty,multi_actor,97.71949828962371,20,877,97.71949828962371,20,877,57.01080662310285,4560.864529848228,198.0,43.94047619047619,4.50609590896776,4.50609590896776,0.2219215969215969,640910.0,172.8,3,0.0,0.0,14,0.0,0,0,"[12711, 0, 729, 0]",12711,729,0,0,0.9457589285714286,0.05424107142857143,0.0,0.2716049382716049,0.0,"Operational multi-actor scenario; not causal human behavior, global optimization, filed tariff billing, or site-specific feeder validation.",729,729,0,5519,650,4869,79,79,0,0,0,0,0,0,0,0,198,0,4869,168,FullyCompliant,FleetServiceFirst,GridPeakPenalty,Service-first fleet recommendation with an action-changing peak cap.,1308241.2968070784,71.0,4950.0,1.0,0.825,0,0,0.0,0.0,True,True,True,service-tolerated,LeastLaxity,True,True,True,True,True,True,True,True,mutually_acceptable,all_pass,none,0.0,0.0,-6.0,1.0108788738621732,14079.02807868016,0.825,-1050.0,0.8257823083175291,1.0,0.03866266835016835,0.926560157522889,1.0,0.0,759.0,729.0,729.0,30.0,0.0,0.0,0.2716049382716049
multi_actor_v2,multi_actor_v2_caltech_sce_cap50,metro_caltech_sce,campus/workplace,multi-actor compact weekly matrix,50,20,2,2,4502,D_FullyCompliant__F_CostOnly__G_PeakPenalty,multi_actor,97.83352337514253,19,877,97.83352337514253,19,877,57.96354482043104,4637.083585634483,212.0,175.10119047619048,1.2107284903287214,1.2107284903287214,0.8259490116801438,5649739.0,172.8,103,0.0,0.0,14,0.0,0,0,"[11019, 42, 1, 2378]",11019,1,42,2378,0.8198660714285714,7.440476190476191e-05,0.003125,0.32094175960346966,0.7170590665014457,"Operational multi-actor scenario; not causal human behavior, global optimization, filed tariff billing, or site-specific feeder validation.",2421,2421,1543,5519,836,4683,407,42,365,1543,0,0,0,0,0,0,777,1736,3140,168,FullyCompliant,FleetCostOnly,GridPeakPenalty,Cheap-window fleet policy with a grid peak cap.,1257729.2195954607,50.0,5300.0,1.0167115368780295,0.8833333333333333,1543,0,0.11402508551881851,0.0,False,True,False,harmful by priority distortion,LeastLaxity,False,False,True,False,True,False,False,False,not_mutually_acceptable,driver_fleet_grid_fail,driver,1543.0,0.0,-6.0,0.9718481599925367,-36433.049132937565,0.8833333333333333,-700.0,0.22187680592854467,0.704225352112676,0.6426900831087152,8.167797440831333,1.0,0.0,2898.0,2421.0,2421.0,477.0,0.0,0.0,0.32094175960346966
multi_actor_v2,multi_actor_v2_caltech_sce_cap50,metro_caltech_sce,campus/workplace,multi-actor compact weekly matrix,50,20,2,2,4502,D_FullyCompliant__F_QueueAware__G_PeakPenalty,multi_actor,97.37742303306727,23,877,97.37742303306727,23,877,55.11628518160744,4409.302814528595,212.0,172.58333333333334,1.2283920811202318,1.2283920811202318,0.8140723270440252,5532286.0,172.8,99,0.0,0.0,14,0.0,0,0,"[11061, 0, 1, 2378]",11061,1,0,2378,0.8229910714285714,7.440476190476191e-05,0.0,0.308953341740227,0.7271963009667928,"Operational multi-actor scenario; not causal human behavior, global optimization, filed tariff billing, or site-specific feeder validation.",2379,2379,1543,5519,836,4683,1182,0,1182,1543,0,0,0,0,0,0,735,1730,3140,168,FullyCompliant,FleetQueueAware,GridPeakPenalty,Queue-aware fleet policy with a grid peak cap.,1265809.013438263,50.0,5300.0,0.9667690819738782,0.8833333333333333,1543,0,-0.34207525655644133,0.0,False,False,False,harmful by priority distortion,LeastLaxity,False,False,True,False,True,False,False,False,not_mutually_acceptable,driver_fleet_grid_fail,driver,1543.0,0.0,-6.0,0.9780914217828385,-28353.255290135276,0.8833333333333333,-700.0,0.22511381665172103,0.704225352112676,0.6308133984725967,7.997996267216416,1.0,0.0,2808.0,2379.0,2379.0,429.0,0.0,0.0,0.308953341740227
multi_actor_v2,multi_actor_v2_caltech_sce_cap50,metro_caltech_sce,campus/workplace,multi-actor compact weekly matrix,50,20,2,2,4502,D_LimitedAttentionP0025__F_ServiceFirst__G_NoGrid,multi_actor,97.6054732041049,21,877,97.6054732041049,21,877,56.515419601196,4521.23356809568,240.0,43.392857142857146,5.530864197530864,5.530864197530864,0.18080357142857145,665918.0,172.8,4,0.0,0.0,20,0.0,0,0,"[12718, 0, 722, 0]",12718,722,0,0,0.9462797619047619,0.0537202380952381,0.0,0.2922437673130194,0.0,"Operational multi-actor scenario; not causal human behavior, global optimization, filed tariff billing, or site-specific feeder validation.",722,722,0,5519,643,4876,81,79,2,0,0,0,0,0,0,0,211,0,4876,168,LimitedAttentionP0025,FleetServiceFirst,NoGridIncentive,Low-probability missed compliance with service-first fleet recommendation.,1289876.4752757624,71.0,6000.0,0.9913106470290476,1.0,0,0,-0.11402508551881851,0.0,True,True,True,service-tolerated,LeastLaxity,True,True,True,True,True,True,True,True,mutually_acceptable,all_pass,none,0.0,0.0,0.0,0.9966883647003193,-4285.793452635873,1.0,0.0,1.01358024691358,1.0,-0.0024553571428571064,0.9627140893063413,0.9749999999999999,0.0017857142857142857,746.0,746.0,722.0,0.0,0.0,0.0,0.2922437673130194
multi_actor_v2,multi_actor_v2_caltech_sce_cap50,metro_caltech_sce,campus/workplace,multi-actor compact weekly matrix,50,20,2,2,4502,D_LimitedAttentionP005__F_ServiceFirst__G_NoGrid,multi_actor,97.37742303306727,23,877,97.37742303306727,23,877,56.21959978013761,4497.567982411008,240.0,43.18452380952381,5.557546519641626,5.557546519641626,0.17993551587301587,649515.0,172.8,4,0.0,0.0,20,0.0,0,0,"[12723, 0, 717, 0]",12723,717,0,0,0.9466517857142858,0.053348214285714284,0.0,0.301255230125523,0.0,"Operational multi-actor scenario; not causal human behavior, global optimization, filed tariff billing, or site-specific feeder validation.",717,717,0,5519,635,4884,85,82,3,0,0,0,0,0,0,0,216,0,4884,168,LimitedAttentionP005,FleetServiceFirst,NoGridIncentive,Moderate missed compliance with service-first fleet recommendation.,1264539.5565090433,64.0,6000.0,0.9861218093580767,1.0,0,0,-0.34207525655644133,0.0,False,True,True,service-tolerated,LeastLaxity,True,True,True,True,True,True,True,True,mutually_acceptable,all_pass,none,0.0,0.0,0.0,0.9771105116142342,-29622.71221935493,1.0,0.0,1.018470020675396,0.9014084507042254,-0.0033234126984126866,0.9390003599779676,0.95,0.002976190476190476,757.0,757.0,717.0,0.0,0.0,0.0,0.301255230125523
multi_actor_v2,multi_actor_v2_caltech_sce_cap50,metro_caltech_sce,campus/workplace,multi-actor compact weekly matrix,50,20,2,2,4502,D_SoCCompliance__F_ServiceFirst__G_NoGrid,multi_actor,91.1060433295325,78,877,91.1060433295325,78,877,46.94811438847754,3755.8491510782032,240.0,129.25,1.8568665377176015,1.8568665377176015,0.5385416666666667,3519100.0,172.8,56,1802.9999999999998,678.75,25,5.1726190476190474,136,36,"[11267, 31, 2142, 0]",11267,2142,31,0,0.8383184523809524,0.159375,0.002306547619047619,0.3028071790151864,0.6516336861481823,"Operational multi-actor scenario; not causal human behavior, global optimization, filed tariff billing, or site-specific feeder validation.",2173,1726,1586,5519,640,4879,76,72,4,1583,2,139,2040,1482,1309,172,658,1416,3419,168,SoCCompliance,FleetServiceFirst,NoGridIncentive,Compliance probability is higher at low SoC and lower at high SoC.,1026171.9683471374,99.0,6000.0,0.8234950033043816,1.0,1583,1309,-6.613454960091218,1802.9999999999998,False,False,False,harmful by under-delivery,LeastLaxity,False,False,True,False,True,False,False,False,not_mutually_acceptable,driver_fleet_grid_fail,driver,1586.0,5.1726190476190474,5.0,0.7929237261378518,-267990.3003812608,1.0,0.0,0.34028737220226574,1.3943661971830985,0.35528273809523814,5.087544039473246,0.7645238095238096,0.2378720238095238,433.0,433.0,2173.0,0.0,139.0,0.0,0.3028071790151864
multi_actor_v2,multi_actor_v2_caltech_sce_cap50,metro_caltech_sce,campus/workplace,multi-actor compact weekly matrix,50,20,2,2,4502,D_SoCQueueCompliance__F_ServiceFirst__G_NoGrid,multi_actor,92.13226909920182,69,877,92.13226909920182,69,877,48.52250607852302,3881.8004862818416,254.0,156.5654761904762,1.6223244496825455,1.6223244496825455,0.61639951256093,4967669.0,172.8,84,3243.0,1260.75,31,9.238095238095237,225,129,"[10231, 43, 3166, 0]",10231,3166,43,0,0.7612351190476191,0.2355654761904762,0.003199404761904762,0.2789030850732315,0.6503583670925522,"Operational multi-actor scenario; not causal human behavior, global optimization, filed tariff billing, or site-specific feeder validation.",3209,2185,2567,5519,680,4839,96,70,26,2565,2,149,3136,2513,2566,354,895,2087,2380,168,SoCQueueCompliance,FleetServiceFirst,NoGridIncentive,SoC-dependent compliance with queue-sensitive avoidance for non-critical high-SoC charging.,1085039.0380549822,70.69999999999999,6350.0,0.8511106744955251,1.0583333333333333,2565,2566,-5.587229190421894,3243.0,False,False,False,harmful by under-delivery,LeastLaxity,False,False,True,False,False,False,False,False,not_mutually_acceptable,driver_fleet_grid_fail,driver,2567.0,9.238095238095237,11.0,0.8384103479705881,-209123.23067341605,1.0583333333333333,350.0,0.2973054404440557,0.9957746478873238,0.4331405839895014,7.181732491553529,0.5582864583333332,0.4406994047619048,442.0,442.0,3209.0,0.0,149.0,25.0,0.2789030850732315
multi_actor_v2,multi_actor_v2_caltech_sce_cap50,metro_caltech_sce,campus/workplace,multi-actor compact weekly matrix,50,20,2,2,4502,D_PriceSensitive__F_ServiceFirst__G_NoGrid,multi_actor,92.93044469783352,62,877,92.93044469783352,62,877,50.84289282533738,4067.4314260269903,240.0,111.29761904761905,2.156380361535993,2.156380361535993,0.4637400793650794,2774012.0,172.8,36,1800.0,1098.0,30,7.940476190476191,205,130,"[11042, 4, 2394, 0]",11042,2394,4,0,0.821577380952381,0.178125,0.00029761904761904765,0.15346121768140117,0.5133444537114262,"Operational multi-actor scenario; not causal human behavior, global optimization, filed tariff billing, or site-specific feeder validation.",2398,1590,1764,5519,689,4830,99,70,29,1763,0,123,2145,1626,2139,335,368,1231,3190,168,PriceSensitive,FleetServiceFirst,NoGridIncentive,"Driver layer biases actual requests toward cheap windows, bounded by critical/low-SoC need.",1138423.5809578118,93.0,6000.0,0.8918114974492221,1.0,1763,2139,-4.789053591790193,1800.0,False,False,False,harmful by under-delivery,LeastLaxity,False,False,True,False,True,False,False,False,not_mutually_acceptable,driver_fleet_grid_fail,driver,1764.0,7.940476190476191,10.0,0.8796606178886591,-155738.68777058646,1.0,0.0,0.39517595464755584,1.3098591549295775,0.2804811507936508,4.010374304801585,0.6374999999999998,0.3601190476190476,476.0,476.0,2398.0,0.0,123.0,0.0,0.15346121768140117
multi_actor_v2,multi_actor_v2_caltech_sce_cap50,metro_caltech_sce,campus/workplace,multi-actor compact weekly matrix,50,20,2,2,4502,D_ReserveSeeking__F_ServiceFirst__G_NoGrid,multi_actor,94.4127708095781,49,877,94.4127708095781,49,877,52.06140693765199,4164.912555012159,240.0,62.24404761904762,3.8557903796499953,3.8557903796499953,0.2593501984126984,1069701.0,172.8,5,480.0,216.75,22,1.7142857142857142,39,1,"[12428, 7, 1005, 0]",12428,1005,7,0,0.924702380952381,0.07477678571428571,0.0005208333333333333,0.30237154150197626,0.3073122529644269,"Operational multi-actor scenario; not causal human behavior, global optimization, filed tariff billing, or site-specific feeder validation.",1012,941,403,5519,661,4858,76,76,0,403,0,107,774,328,348,40,306,311,4583,168,ReserveSeeking,FleetServiceFirst,NoGridIncentive,Driver layer maintains a higher reserve threshold than the fleet recommendation assumes.,1152453.3903270585,92.69999999999999,6000.0,0.9131848858380266,1.0,403,348,-3.306727480045609,480.0,False,False,False,harmful by under-delivery,LeastLaxity,False,False,True,False,True,False,False,False,not_mutually_acceptable,driver_fleet_grid_fail,driver,403.0,1.7142857142857142,2.0,0.8905014604230594,-141708.87840133975,1.0,0.0,0.7066080137706798,1.3056338028169012,0.07609126984126985,1.546461011783857,0.9000000000000001,0.09546130952380952,534.0,534.0,1012.0,0.0,107.0,0.0,0.30237154150197626
multi_actor_v2,multi_actor_v2_caltech_sce_cap50,metro_caltech_sce,campus/workplace,multi-actor compact weekly matrix,50,20,2,2,4502,D_UrgencyDriven__F_ServiceFirst__G_NoGrid,multi_actor,97.14937286202965,25,877,97.14937286202965,25,877,56.40607062051737,4512.4856496413895,240.0,65.74404761904762,3.6505205975554547,3.6505205975554547,0.27393353174603174,1131423.0,172.8,5,60.0,11.25,21,0.08928571428571429,3,0,"[12412, 0, 629, 399]",12412,629,0,399,0.9235119047619048,0.04680059523809524,0.0,0.3142023346303502,0.3132295719844358,"Operational multi-actor scenario; not causal human behavior, global optimization, filed tariff billing, or site-specific feeder validation.",1028,1025,264,5519,695,4824,83,81,2,264,0,15,174,38,16,3,323,322,4572,168,UrgencyDriven,FleetServiceFirst,NoGridIncentive,Driver layer prioritizes deadline/urgent charging pressure over the fleet recommendation.,1278824.2094791974,90.89999999999992,6000.0,0.9893926075001293,1.0,264,16,-0.5701254275940641,60.0,False,True,False,harmful by priority distortion,LeastLaxity,False,False,True,False,True,False,False,False,not_mutually_acceptable,driver_fleet_grid_fail,driver,264.0,0.08928571428571429,1.0,0.9881482719595345,-15338.059249200858,1.0,0.0,0.6689904934359437,1.280281690140844,0.09067460317460319,1.6356921769125456,0.8499999999999999,0.14910714285714285,712.0,712.0,1028.0,0.0,15.0,0.0,0.3142023346303502
multi_actor_v2,multi_actor_v2_caltech_sce_cap50,metro_caltech_sce,campus/workplace,multi-actor compact weekly matrix,50,20,2,2,4502,D_PriceSensitive__F_QueueAware__G_PeakPenalty,multi_actor,92.8164196123147,63,877,92.8164196123147,63,877,49.353530813949945,3948.2824651159954,254.0,180.77380952380952,1.4050707935462627,1.4050707935462627,0.711707911511061,6137714.0,172.8,100,2223.0,1151.25,31,8.375,200,128,"[9958, 21, 2165, 1296]",9958,2165,21,1296,0.740922619047619,0.16108630952380953,0.0015625,0.236358414704193,0.6570936243538197,"Operational multi-actor scenario; not causal human behavior, global optimization, filed tariff billing, or site-specific feeder validation.",3482,2594,2825,5519,745,4774,645,22,623,2824,1,138,3119,2528,2285,328,823,2288,2058,168,PriceSensitive,FleetQueueAware,GridPeakPenalty,"Full interaction: price-sensitive driver response, queue-aware fleet policy, and grid peak cap.",1073264.7684793584,57.0,6350.0,0.8656872922396103,1.0583333333333333,2824,2285,-4.903078677309011,2223.0,False,False,False,harmful by under-delivery,LeastLaxity,False,False,True,False,False,False,False,False,not_mutually_acceptable,driver_fleet_grid_fail,driver,2825.0,8.375,11.0,0.8293123624550679,-220897.50024903985,1.0583333333333333,350.0,0.25749176819229497,0.8028169014084507,0.5284489829396325,8.873260287201699,0.6374999999999998,0.37328869047619045,2307.0,2064.0,3482.0,243.0,138.0,0.0,0.236358414704193
multi_actor_v2,multi_actor_v2_caltech_sce_cap50,metro_caltech_sce,campus/workplace,multi-actor compact weekly matrix,50,20,2,2,4502,D_SoCCompliance__F_QueueAware__G_PeakPenalty,multi_actor,91.44811858608894,75,877,91.44811858608894,75,877,46.75688287800561,3740.550630240449,254.0,186.16666666666666,1.3643688451208595,1.3643688451208595,0.7329396325459318,6507356.0,172.8,103,2285.9999999999995,705.75,23,5.339285714285714,103,44,"[10284, 53, 1853, 1250]",10284,1853,53,1250,0.7651785714285714,0.13787202380952382,0.003943452380952381,0.30164765525982257,0.7658428390367554,"Operational multi-actor scenario; not causal human behavior, global optimization, filed tariff billing, or site-specific feeder validation.",3156,2705,2516,5519,693,4826,130,54,76,2514,2,147,2985,2370,1339,147,952,2417,2416,168,SoCCompliance,FleetQueueAware,GridPeakPenalty,"Full interaction: SoC-dependent compliance, queue-aware fleet policy, and grid peak cap.",1030236.2215447333,50.0,6350.0,0.8201407004660415,1.0583333333333333,2514,1339,-6.271379703534777,2285.9999999999995,False,False,False,harmful by under-delivery,LeastLaxity,False,False,True,False,False,False,False,False,not_mutually_acceptable,driver_fleet_grid_fail,driver,2516.0,5.339285714285714,3.0,0.7960641771429559,-263926.047183665,1.0583333333333333,350.0,0.25003277273308605,0.704225352112676,0.5496807039745032,9.407649748665985,0.7677473958333314,0.2355654761904762,2270.0,2037.0,3156.0,233.0,147.0,0.0,0.30164765525982257
multi_actor_v2,multi_actor_v2_caltech_sce_cap50,metro_caltech_sce,campus/workplace,multi-actor compact weekly matrix,50,20,2,2,4503,LeastLaxity,anchor,94.79166666666666,45,864,94.79166666666666,45,864,47.67693989451972,3814.1551915615773,219.0,40.535714285714285,5.402643171806168,5.402643171806168,0.1850945857795173,543216.0,172.8,3,0.0,0.0,17,0.0,0,0,"[12848, 0, 592, 0]",12848,592,0,0,0.955952380952381,0.04404761904761905,0.0,0.28547297297297297,0.0,"Behavior Applied Energy package v1; behavior proxies are imposed perturbations, not measured traits.",592,592,0,4795,542,4253,50,50,0,0,0,0,0,0,0,0,169,0,4253,168,FullyCompliant,FleetServiceFirst,NoGridIncentive,LeastLaxity anchor used for paired thresholds.,1070191.3752898378,64.0,5475.0,1.0,1.0,0,0,0.0,0.0,True,True,True,anchor,LeastLaxity,True,True,True,True,True,True,True,True,mutually_acceptable,all_pass,none,0.0,0.0,0.0,1.0,0.0,1.0,0.0,1.0,1.0,0.0,1.0,,,,,,,,,
multi_actor_v2,multi_actor_v2_caltech_sce_cap50,metro_caltech_sce,campus/workplace,multi-actor compact weekly matrix,50,20,2,2,4503,D_FullyCompliant__F_ServiceFirst__G_NoGrid,multi_actor,94.79166666666666,45,864,94.79166666666666,45,864,47.67693989451972,3814.1551915615773,219.0,40.535714285714285,5.402643171806168,5.402643171806168,0.1850945857795173,543216.0,172.8,3,0.0,0.0,17,0.0,0,0,"[12848, 0, 592, 0]",12848,592,0,0,0.955952380952381,0.04404761904761905,0.0,0.28547297297297297,0.0,"Operational multi-actor scenario; not causal human behavior, global optimization, filed tariff billing, or site-specific feeder validation.",592,592,0,4795,542,4253,50,50,0,0,0,0,0,0,0,0,169,0,4253,168,FullyCompliant,FleetServiceFirst,NoGridIncentive,"Baseline multi-actor row: least-laxity service-first fleet recommendation, fully compliant driver layer, no grid incentive.",1070191.3752898378,64.0,5475.0,1.0,1.0,0,0,0.0,0.0,True,True,True,service-tolerated,LeastLaxity,True,True,True,True,True,True,True,True,mutually_acceptable,all_pass,none,0.0,0.0,0.0,1.0,0.0,1.0,0.0,1.0,1.0,0.0,1.0,1.0,0.0,592.0,592.0,592.0,0.0,0.0,0.0,0.28547297297297297
multi_actor_v2,multi_actor_v2_caltech_sce_cap50,metro_caltech_sce,campus/workplace,multi-actor compact weekly matrix,50,20,2,2,4503,D_FullyCompliant__F_CostOnly__G_NoGrid,multi_actor,95.94907407407408,35,864,95.94907407407408,35,864,47.792684290647145,3823.4147432517716,233.0,168.73214285714286,1.380886866335062,1.380886866335062,0.7241722869405273,5328721.0,172.8,86,2.9999999999998295,3.0,17,0.023809523809523808,0,0,"[11303, 32, 0, 2105]",11303,0,32,2105,0.8409970238095238,0.0,0.002380952380952381,0.3762283575105288,0.7407580720636406,"Operational multi-actor scenario; not causal human behavior, global optimization, filed tariff billing, or site-specific feeder validation.",2137,2133,1449,4795,660,4135,161,28,133,1445,4,5,57,27,8,0,804,1583,2690,168,FullyCompliant,FleetCostOnly,NoGridIncentive,Fleet shifts discretionary charging to cheap windows without an explicit grid guardrail.,1045616.2531894356,35.0,5825.0,1.002427680895282,1.0639269406392695,1445,8,1.157407407407419,2.9999999999998295,True,True,False,harmful by priority distortion,LeastLaxity,False,False,True,False,False,False,False,False,not_mutually_acceptable,driver_fleet_grid_fail,driver,1449.0,0.023809523809523808,0.0,0.977036703277723,-24575.12210040225,1.0639269406392695,350.0,0.25559468253266393,0.546875,0.53907770116101,9.809580351094224,1.0,0.0,2137.0,2137.0,2137.0,0.0,5.0,0.0,0.3762283575105288
multi_actor_v2,multi_actor_v2_caltech_sce_cap50,metro_caltech_sce,campus/workplace,multi-actor compact weekly matrix,50,20,2,2,4503,D_FullyCompliant__F_ServiceCostly__G_NoGrid,multi_actor,95.13888888888889,42,864,95.13888888888889,42,864,46.98139036900141,3758.511229520113,233.0,121.61309523809524,1.9159120943664039,1.9159120943664039,0.5219446147557736,3510739.0,172.8,53,182.99999999999983,50.25,17,0.39880952380952384,17,0,"[11890, 0, 511, 1039]",11890,511,0,1039,0.8846726190476191,0.03802083333333333,0.0,0.10129032258064516,0.6258064516129033,"Operational multi-actor scenario; not causal human behavior, global optimization, filed tariff billing, or site-specific feeder validation.",1550,1512,909,4795,630,4165,72,40,32,901,0,70,931,593,94,17,157,970,3291,168,FullyCompliant,FleetServiceCostly,NoGridIncentive,"Fleet preserves urgent service but shifts discretionary charging away from cheap windows, creating a fleet economic stress case.",1060955.6045838937,155.7,5825.0,0.985411196124224,1.0639269406392695,901,94,0.34722222222222854,182.99999999999983,False,True,False,harmful by priority distortion,LeastLaxity,False,False,True,False,False,False,False,False,not_mutually_acceptable,driver_fleet_grid_fail,driver,909.0,0.39880952380952384,0.0,0.9913699821179713,-9235.77070594416,1.0639269406392695,350.0,0.3546249554967169,2.4328125,0.33685002897625627,6.462878486642515,1.0,0.0,1550.0,1550.0,1550.0,0.0,70.0,0.0,0.10129032258064516
multi_actor_v2,multi_actor_v2_caltech_sce_cap50,metro_caltech_sce,campus/workplace,multi-actor compact weekly matrix,50,20,2,2,4503,D_FullyCompliant__F_QueueAware__G_NoGrid,multi_actor,95.37037037037037,40,864,95.37037037037037,40,864,45.60125378240046,3648.1003025920368,233.0,167.47619047619048,1.3912425362524878,1.3912425362524878,0.718781933374208,5276808.0,172.8,85,0.0,0.0,17,0.0,0,0,"[11331, 0, 0, 2109]",11331,0,0,2109,0.8430803571428571,0.0,0.0,0.36794689426268373,0.7524893314366998,"Operational multi-actor scenario; not causal human behavior, global optimization, filed tariff billing, or site-specific feeder validation.",2109,2109,1448,4795,661,4134,689,0,689,1448,0,0,0,0,0,0,776,1587,2686,168,FullyCompliant,FleetQueueAware,NoGridIncentive,Fleet suppresses non-urgent/high-SoC requests under queue pressure.,1022565.1800544222,32.89999999999992,5825.0,0.9564635205885382,1.0639269406392695,1448,0,0.5787037037037095,0.0,False,False,False,harmful by priority distortion,LeastLaxity,False,False,True,False,False,False,False,False,not_mutually_acceptable,driver_fleet_grid_fail,driver,1448.0,0.0,0.0,0.9554974966766883,-47626.195235415595,1.0639269406392695,350.0,0.2575114609664993,0.5140624999999988,0.5336873475946907,9.714014314747725,1.0,0.0,2109.0,2109.0,2109.0,0.0,0.0,0.0,0.36794689426268373
multi_actor_v2,multi_actor_v2_caltech_sce_cap50,metro_caltech_sce,campus/workplace,multi-actor compact weekly matrix,50,20,2,2,4503,D_FullyCompliant__F_AvailabilityFocused__G_NoGrid,multi_actor,95.48611111111111,39,864,95.48611111111111,39,864,47.63518429064714,3810.8147432517712,233.0,170.0,1.3705882352941177,1.3705882352941177,0.7296137339055794,5368472.0,172.8,85,0.0,0.0,17,0.0,0,0,"[11295, 0, 36, 2109]",11295,36,0,2109,0.8404017857142857,0.0026785714285714286,0.0,0.365034965034965,0.7445221445221445,"Operational multi-actor scenario; not causal human behavior, global optimization, filed tariff billing, or site-specific feeder validation.",2145,2145,1458,4795,651,4144,172,36,136,1458,0,0,0,0,0,0,783,1597,2686,168,FullyCompliant,FleetAvailabilityFocused,NoGridIncentive,Fleet maintains a higher readiness reserve for vehicles with likely upcoming needs.,1069578.3140021977,35.0,5825.0,0.9991241970653956,1.0639269406392695,1458,0,0.6944444444444571,0.0,True,True,False,harmful by priority distortion,LeastLaxity,False,False,True,False,False,False,False,False,not_mutually_acceptable,driver_fleet_grid_fail,driver,1458.0,0.0,0.0,0.9994271479832529,-613.0612876401283,1.0639269406392695,350.0,0.25368846168604425,0.546875,0.5445191481260621,9.88275750346087,1.0,0.0,2145.0,2145.0,2145.0,0.0,0.0,0.0,0.365034965034965
multi_actor_v2,multi_actor_v2_caltech_sce_cap50,metro_caltech_sce,campus/workplace,multi-actor compact weekly matrix,50,20,2,2,4503,D_FullyCompliant__F_ServiceFirst__G_PeakPenalty,multi_actor,94.79166666666666,45,864,94.79166666666666,45,864,47.67693989451972,3814.1551915615773,198.0,40.535714285714285,4.884581497797357,4.884581497797357,0.20472582972582973,538778.0,172.8,4,0.0,0.0,14,0.0,0,0,"[12848, 0, 592, 0]",12848,592,0,0,0.955952380952381,0.04404761904761905,0.0,0.28547297297297297,0.0,"Operational multi-actor scenario; not causal human behavior, global optimization, filed tariff billing, or site-specific feeder validation.",592,592,0,4795,542,4253,50,50,0,0,0,0,0,0,0,0,169,0,4253,168,FullyCompliant,FleetServiceFirst,GridPeakPenalty,Service-first fleet recommendation with an action-changing peak cap.,1070191.3752898378,64.0,4950.0,1.0,0.9041095890410958,0,0,0.0,0.0,True,True,True,service-tolerated,LeastLaxity,True,True,True,True,True,True,True,True,mutually_acceptable,all_pass,none,0.0,0.0,-3.0,1.0,0.0,0.9041095890410958,-525.0,0.9041095890410958,1.0,0.019631243946312438,0.9918301375511767,1.0,0.0,602.0,592.0,592.0,10.0,0.0,0.0,0.28547297297297297
multi_actor_v2,multi_actor_v2_caltech_sce_cap50,metro_caltech_sce,campus/workplace,multi-actor compact weekly matrix,50,20,2,2,4503,D_FullyCompliant__F_CostOnly__G_PeakPenalty,multi_actor,95.94907407407408,35,864,95.94907407407408,35,864,47.65977541209435,3812.782032967548,212.0,164.44642857142858,1.2891736344880007,1.2891736344880007,0.7756907008086253,5000151.0,172.8,86,0.0,0.0,14,0.0,0,0,"[11416, 25, 0, 1999]",11416,0,25,1999,0.8494047619047619,0.0,0.0018601190476190475,0.35276679841897235,0.7292490118577075,"Operational multi-actor scenario; not causal human behavior, global optimization, filed tariff billing, or site-specific feeder validation.",2024,2024,1338,4795,661,4134,287,25,262,1338,0,0,0,0,0,0,714,1476,2796,168,FullyCompliant,FleetCostOnly,GridPeakPenalty,Cheap-window fleet policy with a grid peak cap.,1045366.0433796294,28.0,5300.0,0.999639983554663,0.9680365296803652,1338,0,1.157407407407419,0.0,True,True,False,harmful by priority distortion,LeastLaxity,False,False,True,False,True,False,False,False,not_mutually_acceptable,driver_fleet_grid_fail,driver,1338.0,0.0,-3.0,0.976802904150218,-24825.33191020845,0.9680365296803652,-175.0,0.2386190598734313,0.4375,0.590596115029108,9.204719669523726,1.0,0.0,2177.0,2024.0,2024.0,153.0,0.0,0.0,0.35276679841897235
multi_actor_v2,multi_actor_v2_caltech_sce_cap50,metro_caltech_sce,campus/workplace,multi-actor compact weekly matrix,50,20,2,2,4503,D_FullyCompliant__F_QueueAware__G_PeakPenalty,multi_actor,95.37037037037037,40,864,95.37037037037037,40,864,45.60125378240046,3648.1003025920368,212.0,162.89285714285714,1.3014689761017322,1.3014689761017322,0.7683625336927223,4940038.0,172.8,85,0.0,0.0,14,0.0,0,0,"[11441, 0, 0, 1999]",11441,0,0,1999,0.851264880952381,0.0,0.0,0.344672336168084,0.7388694347173587,"Operational multi-actor scenario; not causal human behavior, global optimization, filed tariff billing, or site-specific feeder validation.",1999,1999,1338,4795,661,4134,689,0,689,1338,0,0,0,0,0,0,689,1477,2796,168,FullyCompliant,FleetQueueAware,GridPeakPenalty,Queue-aware fleet policy with a grid peak cap.,1022651.8269829553,28.0,5300.0,0.9564635205885382,0.9680365296803652,1338,0,0.5787037037037095,0.0,False,False,False,harmful by priority distortion,LeastLaxity,False,False,True,False,True,False,False,False,not_mutually_acceptable,driver_fleet_grid_fail,driver,1338.0,0.0,-3.0,0.9555784606337279,-47539.5483068825,0.9680365296803652,-175.0,0.2408948610364426,0.4375,0.583267947913205,9.094058348796795,1.0,0.0,2109.0,1999.0,1999.0,110.0,0.0,0.0,0.344672336168084
multi_actor_v2,multi_actor_v2_caltech_sce_cap50,metro_caltech_sce,campus/workplace,multi-actor compact weekly matrix,50,20,2,2,4503,D_LimitedAttentionP0025__F_ServiceFirst__G_NoGrid,multi_actor,94.56018518518519,47,864,94.56018518518519,47,864,47.04693989451971,3763.755191561577,212.0,40.20238095238095,5.27331951436186,5.27331951436186,0.18963387241689128,545976.0,172.8,4,0.0,0.0,16,0.0,0,0,"[12856, 0, 584, 0]",12856,584,0,0,0.9565476190476191,0.04345238095238095,0.0,0.2842465753424658,0.0,"Operational multi-actor scenario; not causal human behavior, global optimization, filed tariff billing, or site-specific feeder validation.",584,584,0,4795,535,4260,54,49,5,0,0,0,0,0,0,0,166,0,4260,168,LimitedAttentionP0025,FleetServiceFirst,NoGridIncentive,Low-probability missed compliance with service-first fleet recommendation.,1062021.7556127203,81.49999999999983,5300.0,0.9867860646804552,0.9680365296803652,0,0,-0.23148148148146674,0.0,False,True,True,service-tolerated,LeastLaxity,True,True,True,True,True,False,False,False,not_mutually_acceptable,grid_only_fail,grid,0.0,0.0,-1.0,0.992366206768481,-8169.61967711756,0.9680365296803652,-175.0,0.9760628911938536,1.2734374999999973,0.00453928663737399,1.0050808518158523,0.9749999999999999,0.0015625,605.0,605.0,584.0,0.0,0.0,0.0,0.2842465753424658
multi_actor_v2,multi_actor_v2_caltech_sce_cap50,metro_caltech_sce,campus/workplace,multi-actor compact weekly matrix,50,20,2,2,4503,D_LimitedAttentionP005__F_ServiceFirst__G_NoGrid,multi_actor,93.98148148148148,52,864,93.98148148148148,52,864,46.26198327774274,3700.9586622194197,219.0,40.0,5.475,5.475,0.182648401826484,532346.0,172.8,3,0.0,0.0,17,0.0,0,0,"[12867, 0, 573, 0]",12867,573,0,0,0.9573660714285714,0.04263392857142857,0.0,0.2862129144851658,0.0,"Operational multi-actor scenario; not causal human behavior, global optimization, filed tariff billing, or site-specific feeder validation.",573,573,0,4795,523,4272,51,50,1,0,0,0,0,0,0,0,164,0,4272,168,LimitedAttentionP005,FleetServiceFirst,NoGridIncentive,Moderate missed compliance with service-first fleet recommendation.,1039093.5619055923,64.0,5475.0,0.9703219917237259,1.0,0,0,-0.8101851851851762,0.0,False,False,False,fragile,LeastLaxity,False,True,True,True,True,True,True,False,not_mutually_acceptable,driver_only_fail,driver,0.0,0.0,0.0,0.9709418202180677,-31097.8133842455,1.0,0.0,1.013392857142857,1.0,-0.002446183953033282,0.9799895437542341,0.95,0.0026041666666666665,608.0,608.0,573.0,0.0,0.0,0.0,0.2862129144851658
multi_actor_v2,multi_actor_v2_caltech_sce_cap50,metro_caltech_sce,campus/workplace,multi-actor compact weekly matrix,50,20,2,2,4503,D_SoCCompliance__F_ServiceFirst__G_NoGrid,multi_actor,85.99537037037037,121,864,85.99537037037037,121,864,38.650995332738475,3092.0796266190778,219.0,122.29761904761905,1.7907135208799765,1.7907135208799765,0.5584366166557948,2972036.0,172.8,11,1925.9999999999995,675.75,24,5.2023809523809526,112,27,"[11770, 18, 1652, 0]",11770,1652,18,0,0.8757440476190477,0.12291666666666666,0.0013392857142857143,0.274251497005988,0.6317365269461078,"Operational multi-actor scenario; not causal human behavior, global optimization, filed tariff billing, or site-specific feeder validation.",1670,1295,1250,4795,524,4271,55,40,15,1241,7,139,1586,1204,1241,139,458,1055,3170,168,SoCCompliance,FleetServiceFirst,NoGridIncentive,Compliance probability is higher at low SoC and lower at high SoC.,815317.7883344127,93.0,5475.0,0.8106853212108367,1.0,1241,1241,-8.79629629629629,1925.9999999999995,False,False,False,harmful by under-delivery,LeastLaxity,False,False,True,False,True,False,False,False,not_mutually_acceptable,driver_fleet_grid_fail,driver,1250.0,5.2023809523809526,7.0,0.7618429816943739,-254873.5869554251,1.0,0.0,0.3314513773970602,1.453125,0.3733420308762775,5.471186415716768,0.7984992559523815,0.19732142857142856,310.0,310.0,1670.0,0.0,139.0,0.0,0.274251497005988
multi_actor_v2,multi_actor_v2_caltech_sce_cap50,metro_caltech_sce,campus/workplace,multi-actor compact weekly matrix,50,20,2,2,4503,D_SoCQueueCompliance__F_ServiceFirst__G_NoGrid,multi_actor,88.0787037037037,103,864,88.0787037037037,103,864,40.88193984936841,3270.555187949473,219.0,136.8095238095238,1.6007657500870172,1.6007657500870172,0.6247010219612958,3660994.0,172.8,49,3011.999999999999,1287.0,35,9.428571428571429,205,132,"[10869, 33, 2538, 0]",10869,2538,33,0,0.8087053571428572,0.1888392857142857,0.002455357142857143,0.2469856087125632,0.5849863866199922,"Operational multi-actor scenario; not causal human behavior, global optimization, filed tariff billing, or site-specific feeder validation.",2571,1545,2110,4795,548,4247,76,35,41,2099,10,145,2500,2067,2608,337,635,1504,2266,168,SoCQueueCompliance,FleetServiceFirst,NoGridIncentive,SoC-dependent compliance with queue-sensitive avoidance for non-critical high-SoC charging.,902124.8314393184,57.0,5475.0,0.8574782681064568,1.0,2099,2608,-6.712962962962962,3011.999999999999,False,False,False,harmful by under-delivery,LeastLaxity,False,False,True,False,True,False,False,False,not_mutually_acceptable,driver_fleet_grid_fail,driver,2110.0,9.428571428571429,18.0,0.8429565517615928,-168066.54385051946,1.0,0.0,0.2962930734423947,0.890625,0.4396064361817785,6.739481164030515,0.5916908482142859,0.40520833333333334,283.0,283.0,2571.0,0.0,145.0,22.0,0.2469856087125632
multi_actor_v2,multi_actor_v2_caltech_sce_cap50,metro_caltech_sce,campus/workplace,multi-actor compact weekly matrix,50,20,2,2,4503,D_PriceSensitive__F_ServiceFirst__G_NoGrid,multi_actor,90.16203703703704,85,864,90.16203703703704,85,864,42.49966400265893,3399.9731202127145,219.0,109.71428571428571,1.99609375,1.99609375,0.5009784735812133,2543554.0,172.8,12,2165.9999999999995,1164.0,32,8.488095238095237,221,126,"[11389, 1, 2050, 0]",11389,2050,1,0,0.8473958333333333,0.15252976190476192,7.440476190476191e-05,0.12920526572403707,0.4373476352998537,"Operational multi-actor scenario; not causal human behavior, global optimization, filed tariff billing, or site-specific feeder validation.",2051,1165,1583,4795,555,4240,71,41,30,1581,0,134,1918,1533,2308,347,265,897,2785,168,PriceSensitive,FleetServiceFirst,NoGridIncentive,"Driver layer biases actual requests toward cheap windows, bounded by critical/low-SoC need.",922809.5062396016,97.19999999999993,5475.0,0.8914092241801808,1.0,1581,2308,-4.629629629629619,2165.9999999999995,False,False,False,harmful by under-delivery,LeastLaxity,False,False,True,False,True,False,False,False,not_mutually_acceptable,driver_fleet_grid_fail,driver,1583.0,8.488095238095237,15.0,0.8622845666175164,-147381.8690502362,1.0,0.0,0.3694661458333333,1.518749999999999,0.31588388780169596,4.682398898412418,0.6374999999999998,0.36220238095238094,336.0,336.0,2051.0,0.0,134.0,0.0,0.12920526572403707
multi_actor_v2,multi_actor_v2_caltech_sce_cap50,metro_caltech_sce,campus/workplace,multi-actor compact weekly matrix,50,20,2,2,4503,D_ReserveSeeking__F_ServiceFirst__G_NoGrid,multi_actor,91.31944444444444,75,864,91.31944444444444,75,864,44.415178665117786,3553.214293209423,219.0,64.68452380952381,3.3856630164718875,3.3856630164718875,0.29536312241791696,1062395.0,172.8,2,480.0,189.75,17,1.5,34,1,"[12625, 7, 808, 0]",12625,808,7,0,0.9393601190476191,0.06011904761904762,0.0005208333333333333,0.298159509202454,0.2920245398773006,"Operational multi-actor scenario; not causal human behavior, global optimization, filed tariff billing, or site-specific feeder validation.",815,760,338,4795,550,4245,47,46,1,337,1,87,501,254,300,35,243,238,4026,168,ReserveSeeking,FleetServiceFirst,NoGridIncentive,Driver layer maintains a higher reserve threshold than the fleet recommendation assumes.,978325.370408313,100.0,5475.0,0.9315861874394992,1.0,337,300,-3.4722222222222143,480.0,False,False,False,harmful by under-delivery,LeastLaxity,False,False,True,False,True,False,False,False,not_mutually_acceptable,driver_fleet_grid_fail,driver,338.0,1.5,0.0,0.9141592737498516,-91866.00488152483,1.0,0.0,0.626667893622895,1.5625,0.11026853663839967,1.9557505669936084,0.9000000000000001,0.09672619047619048,423.0,423.0,815.0,0.0,87.0,0.0,0.298159509202454
multi_actor_v2,multi_actor_v2_caltech_sce_cap50,metro_caltech_sce,campus/workplace,multi-actor compact weekly matrix,50,20,2,2,4503,D_UrgencyDriven__F_ServiceFirst__G_NoGrid,multi_actor,93.86574074074075,53,864,93.86574074074075,53,864,45.972627936031145,3677.8102348824914,219.0,57.07738095238095,3.836896443841902,3.836896443841902,0.26062731028484454,854363.0,172.8,3,60.0,12.75,17,0.10119047619047619,7,0,"[12658, 0, 487, 295]",12658,487,0,295,0.9418154761904762,0.03623511904761905,0.0,0.3132992327365729,0.2864450127877238,"Operational multi-actor scenario; not causal human behavior, global optimization, filed tariff billing, or site-specific feeder validation.",782,774,180,4795,562,4233,50,49,1,180,0,17,116,43,17,7,245,224,4062,168,UrgencyDriven,FleetServiceFirst,NoGridIncentive,Driver layer prioritizes deadline/urgent charging pressure over the fleet recommendation.,1032700.3813185119,100.0,5475.0,0.9642529079622311,1.0,180,17,-0.9259259259259096,60.0,False,False,False,harmful by priority distortion,LeastLaxity,False,False,True,False,True,False,False,False,not_mutually_acceptable,driver_fleet_grid_fail,driver,180.0,0.10119047619047619,0.0,0.964967953548334,-37490.99397132592,1.0,0.0,0.7101887579518198,1.5625,0.07553272450532725,1.5727868840387618,0.8499999999999999,0.14970238095238095,561.0,561.0,782.0,0.0,17.0,0.0,0.3132992327365729
multi_actor_v2,multi_actor_v2_caltech_sce_cap50,metro_caltech_sce,campus/workplace,multi-actor compact weekly matrix,50,20,2,2,4503,D_PriceSensitive__F_QueueAware__G_PeakPenalty,multi_actor,90.27777777777779,84,864,90.27777777777779,84,864,41.632911410010806,3330.6329128008642,226.0,164.13690476190476,1.3768993653671804,1.3768993653671804,0.7262694900969238,5018435.0,172.8,84,2163.0,1233.0,34,8.875,188,153,"[10498, 16, 1834, 1092]",10498,1834,16,1092,0.7811011904761904,0.13645833333333332,0.0011904761904761906,0.24371176070700204,0.6220258327668253,"Operational multi-actor scenario; not causal human behavior, global optimization, filed tariff billing, or site-specific feeder validation.",2942,2035,2484,4795,587,4208,354,19,335,2481,3,141,2731,2358,2393,341,717,1830,1869,168,PriceSensitive,FleetQueueAware,GridPeakPenalty,"Full interaction: price-sensitive driver response, queue-aware fleet policy, and grid peak cap.",870121.9951046908,32.89999999999992,5650.0,0.8732295214860538,1.0319634703196348,2481,2393,-4.5138888888888715,2163.0,False,False,False,harmful by under-delivery,LeastLaxity,False,False,True,False,True,False,False,False,not_mutually_acceptable,driver_fleet_grid_fail,driver,2484.0,8.875,17.0,0.8130527073898697,-200069.38018514705,1.0319634703196348,175.0,0.25485661769271845,0.5140624999999988,0.5411749043174064,9.238378471915407,0.6374999999999998,0.3607886904761905,1716.0,1630.0,2942.0,86.0,141.0,0.0,0.24371176070700204
multi_actor_v2,multi_actor_v2_caltech_sce_cap50,metro_caltech_sce,campus/workplace,multi-actor compact weekly matrix,50,20,2,2,4503,D_SoCCompliance__F_QueueAware__G_PeakPenalty,multi_actor,87.5,108,864,87.5,108,864,39.46797214601963,3157.4377716815707,226.0,165.8154761904762,1.3629608356965932,1.3629608356965932,0.7336967973029921,5106751.0,172.8,85,2231.999999999999,676.5,23,5.166666666666667,105,34,"[10968, 37, 1410, 1025]",10968,1410,37,1025,0.8160714285714286,0.10491071428571429,0.0027529761904761907,0.3131067961165049,0.7568770226537217,"Operational multi-actor scenario; not causal human behavior, global optimization, filed tariff billing, or site-specific feeder validation.",2472,2063,2020,4795,556,4239,112,31,81,2011,9,137,2312,1919,1275,139,774,1871,2360,168,SoCCompliance,FleetQueueAware,GridPeakPenalty,"Full interaction: SoC-dependent compliance, queue-aware fleet policy, and grid peak cap.",845588.2637424605,32.89999999999992,5650.0,0.8278210017953842,1.0319634703196348,2011,1275,-7.291666666666657,2231.999999999999,False,False,False,harmful by under-delivery,LeastLaxity,False,False,True,False,True,False,False,False,not_mutually_acceptable,driver_fleet_grid_fail,driver,2020.0,5.166666666666667,6.0,0.7901280866830491,-224603.1115473773,1.0319634703196348,175.0,0.25227667131696563,0.5140624999999988,0.5486022115234748,9.400958366469323,0.8055688244047629,0.19322916666666667,1713.0,1631.0,2472.0,82.0,137.0,0.0,0.3131067961165049
multi_actor_v2,multi_actor_v2_caltech_sce_cap50,metro_caltech_sce,campus/workplace,multi-actor compact weekly matrix,50,20,2,2,4504,LeastLaxity,anchor,97.55813953488372,21,860,97.55813953488372,21,860,66.70748490945437,5336.598792756349,240.0,61.18452380952381,3.9225605603657945,3.9225605603657945,0.2549355158730159,1187093.0,172.8,6,0.0,0.0,20,0.0,0,0,"[12635, 0, 805, 0]",12635,805,0,0,0.9401041666666666,0.059895833333333336,0.0,0.2608695652173913,0.0,"Behavior Applied Energy package v1; behavior proxies are imposed perturbations, not measured traits.",805,805,0,6129,719,5410,93,86,7,0,0,0,0,0,0,0,210,0,5410,168,FullyCompliant,FleetServiceFirst,NoGridIncentive,LeastLaxity anchor used for paired thresholds.,1529334.4352923783,83.59999999999991,6000.0,1.0,1.0,0,0,0.0,0.0,True,True,True,anchor,LeastLaxity,True,True,True,True,True,True,True,True,mutually_acceptable,all_pass,none,0.0,0.0,0.0,1.0,0.0,1.0,0.0,1.0,1.0,0.0,1.0,,,,,,,,,
multi_actor_v2,multi_actor_v2_caltech_sce_cap50,metro_caltech_sce,campus/workplace,multi-actor compact weekly matrix,50,20,2,2,4504,D_FullyCompliant__F_ServiceFirst__G_NoGrid,multi_actor,97.55813953488372,21,860,97.55813953488372,21,860,66.70748490945437,5336.598792756349,240.0,61.18452380952381,3.9225605603657945,3.9225605603657945,0.2549355158730159,1187093.0,172.8,6,0.0,0.0,20,0.0,0,0,"[12635, 0, 805, 0]",12635,805,0,0,0.9401041666666666,0.059895833333333336,0.0,0.2608695652173913,0.0,"Operational multi-actor scenario; not causal human behavior, global optimization, filed tariff billing, or site-specific feeder validation.",805,805,0,6129,719,5410,93,86,7,0,0,0,0,0,0,0,210,0,5410,168,FullyCompliant,FleetServiceFirst,NoGridIncentive,"Baseline multi-actor row: least-laxity service-first fleet recommendation, fully compliant driver layer, no grid incentive.",1529334.4352923783,83.59999999999991,6000.0,1.0,1.0,0,0,0.0,0.0,True,True,True,service-tolerated,LeastLaxity,True,True,True,True,True,True,True,True,mutually_acceptable,all_pass,none,0.0,0.0,0.0,1.0,0.0,1.0,0.0,1.0,1.0,0.0,1.0,1.0,0.0,805.0,805.0,805.0,0.0,0.0,0.0,0.2608695652173913
multi_actor_v2,multi_actor_v2_caltech_sce_cap50,metro_caltech_sce,campus/workplace,multi-actor compact weekly matrix,50,20,2,2,4504,D_FullyCompliant__F_CostOnly__G_NoGrid,multi_actor,98.0232558139535,17,860,98.0232558139535,17,860,66.95555969574289,5356.444775659432,254.0,188.22619047619048,1.3494402631079627,1.3494402631079627,0.7410479940007499,6822134.0,172.8,111,122.99999999999983,18.0,20,0.13095238095238096,0,2,"[10637, 74, 0, 2729]",10637,0,74,2729,0.7914434523809524,0.0,0.005505952380952381,0.35283624687834464,0.7267213699607563,"Operational multi-actor scenario; not causal human behavior, global optimization, filed tariff billing, or site-specific feeder validation.",2803,2779,1860,6129,893,5236,367,50,317,1836,24,8,133,68,46,2,989,2037,3400,168,FullyCompliant,FleetCostOnly,NoGridIncentive,Fleet shifts discretionary charging to cheap windows without an explicit grid guardrail.,1468074.524698066,50.0,6350.0,1.003718844843652,1.0583333333333333,1836,46,0.4651162790697754,122.99999999999983,True,True,False,harmful by priority distortion,LeastLaxity,False,False,True,False,False,False,False,False,not_mutually_acceptable,driver_fleet_grid_fail,driver,1860.0,0.13095238095238096,0.0,0.9599434177504801,-61259.91059431224,1.0583333333333333,350.0,0.34402024961524674,0.5980861244019146,0.48611247812773406,5.746924630167982,1.0,0.0,2803.0,2803.0,2803.0,0.0,8.0,0.0,0.35283624687834464
multi_actor_v2,multi_actor_v2_caltech_sce_cap50,metro_caltech_sce,campus/workplace,multi-actor compact weekly matrix,50,20,2,2,4504,D_FullyCompliant__F_ServiceCostly__G_NoGrid,multi_actor,97.90697674418605,18,860,97.90697674418605,18,860,65.90551230254543,5272.440984203635,254.0,138.39880952380952,1.8352759021117373,1.8352759021117373,0.5448772028496438,4747389.0,172.8,80,180.0,64.5,20,0.5119047619047619,23,0,"[11350, 0, 693, 1397]",11350,693,0,1397,0.8444940476190477,0.0515625,0.0,0.0937799043062201,0.6334928229665072,"Operational multi-actor scenario; not causal human behavior, global optimization, filed tariff billing, or site-specific feeder validation.",2090,2050,1217,6129,849,5280,117,70,47,1209,0,74,1407,903,106,23,196,1324,4111,168,FullyCompliant,FleetServiceCostly,NoGridIncentive,"Fleet preserves urgent service but shifts discretionary charging away from cheap windows, creating a fleet economic stress case.",1507004.3400064306,135.69999999999976,6350.0,0.9879777717898149,1.0583333333333333,1209,106,0.34883720930233153,180.0,False,True,False,harmful by priority distortion,LeastLaxity,False,False,True,False,False,False,False,False,not_mutually_acceptable,driver_fleet_grid_fail,driver,1217.0,0.5119047619047619,0.0,0.9853988148238625,-22330.095285947667,1.0583333333333333,350.0,0.46787700887417033,1.623205741626793,0.2899416869766279,3.999171926715093,1.0,0.0,2090.0,2090.0,2090.0,0.0,74.0,0.0,0.0937799043062201
multi_actor_v2,multi_actor_v2_caltech_sce_cap50,metro_caltech_sce,campus/workplace,multi-actor compact weekly matrix,50,20,2,2,4504,D_FullyCompliant__F_QueueAware__G_NoGrid,multi_actor,97.67441860465115,20,860,97.67441860465115,20,860,62.76952177627159,5021.561742101727,254.0,186.00595238095238,1.3655476975263208,1.3655476975263208,0.7323068991376078,6707951.0,172.8,107,0.0,0.0,20,0.0,0,0,"[10702, 0, 0, 2738]",10702,0,0,2738,0.7962797619047619,0.0,0.0,0.337472607742878,0.745799853907962,"Operational multi-actor scenario; not causal human behavior, global optimization, filed tariff billing, or site-specific feeder validation.",2738,2738,1833,6129,905,5224,1383,0,1383,1833,0,0,0,0,0,0,924,2042,3391,168,FullyCompliant,FleetQueueAware,NoGridIncentive,Fleet suppresses non-urgent/high-SoC requests under queue pressure.,1438777.0986053334,47.19999999999993,6350.0,0.9409666975373455,1.0583333333333333,1833,0,0.11627906976742963,0.0,False,False,False,harmful by under-delivery,LeastLaxity,False,False,True,False,False,False,False,False,not_mutually_acceptable,driver_fleet_grid_fail,driver,1833.0,0.0,0.0,0.9407864397758544,-90557.33668704494,1.0583333333333333,350.0,0.3481266067180816,0.5645933014354065,0.47737138326459194,5.650737558051476,1.0,0.0,2738.0,2738.0,2738.0,0.0,0.0,0.0,0.337472607742878
multi_actor_v2,multi_actor_v2_caltech_sce_cap50,metro_caltech_sce,campus/workplace,multi-actor compact weekly matrix,50,20,2,2,4504,D_FullyCompliant__F_AvailabilityFocused__G_NoGrid,multi_actor,97.55813953488372,21,860,97.55813953488372,21,860,67.2586122274259,5380.688978194072,254.0,191.61309523809524,1.3255878972383586,1.3255878972383586,0.7543822647169104,6947457.0,172.8,110,0.0,0.0,20,0.0,0,0,"[10635, 0, 67, 2738]",10635,67,0,2738,0.7912946428571429,0.004985119047619047,0.0,0.332620320855615,0.7333333333333333,"Operational multi-actor scenario; not causal human behavior, global optimization, filed tariff billing, or site-specific feeder validation.",2805,2805,1849,6129,889,5240,211,67,144,1849,0,0,0,0,0,0,933,2057,3391,168,FullyCompliant,FleetAvailabilityFocused,NoGridIncentive,Fleet maintains a higher readiness reserve for vehicles with likely upcoming needs.,1561731.311772596,39.89999999999992,6350.0,1.0082618512558166,1.0583333333333333,1849,0,0.0,0.0,True,True,False,harmful by priority distortion,LeastLaxity,False,False,True,False,False,False,False,False,not_mutually_acceptable,driver_fleet_grid_fail,driver,1849.0,0.0,0.0,1.0211836441608824,32396.87648021779,1.0583333333333333,350.0,0.3379394344174873,0.47727272727272685,0.4994467488438945,5.852495971250778,1.0,0.0,2805.0,2805.0,2805.0,0.0,0.0,0.0,0.332620320855615
multi_actor_v2,multi_actor_v2_caltech_sce_cap50,metro_caltech_sce,campus/workplace,multi-actor compact weekly matrix,50,20,2,2,4504,D_FullyCompliant__F_ServiceFirst__G_PeakPenalty,multi_actor,97.55813953488372,21,860,97.55813953488372,21,860,66.70748490945437,5336.598792756349,212.0,61.18452380952381,3.464928494989785,3.464928494989785,0.2886062443845463,1148677.0,172.8,7,0.0,0.0,14,0.0,0,0,"[12635, 0, 805, 0]",12635,805,0,0,0.9401041666666666,0.059895833333333336,0.0,0.2360248447204969,0.0,"Operational multi-actor scenario; not causal human behavior, global optimization, filed tariff billing, or site-specific feeder validation.",805,805,0,6129,719,5410,93,86,7,0,0,0,0,0,0,0,190,0,5410,168,FullyCompliant,FleetServiceFirst,GridPeakPenalty,Service-first fleet recommendation with an action-changing peak cap.,1544723.584327295,82.89999999999992,5300.0,1.0,0.8833333333333333,0,0,0.0,0.0,True,True,True,service-tolerated,LeastLaxity,True,True,True,True,True,True,True,True,mutually_acceptable,all_pass,none,0.0,0.0,-6.0,1.0100626446902534,15389.149034916656,0.8833333333333333,-700.0,0.8833333333333333,0.9916267942583733,0.03367072851153041,0.9676385927640042,1.0,0.0,840.0,805.0,805.0,35.0,0.0,0.0,0.2360248447204969
multi_actor_v2,multi_actor_v2_caltech_sce_cap50,metro_caltech_sce,campus/workplace,multi-actor compact weekly matrix,50,20,2,2,4504,D_FullyCompliant__F_CostOnly__G_PeakPenalty,multi_actor,98.0232558139535,17,860,98.0232558139535,17,860,66.90516452461486,5352.413161969189,212.0,172.85119047619048,1.2264885154447467,1.2264885154447467,0.815335804132974,5568663.0,172.8,111,0.0,0.0,14,0.0,0,0,"[11073, 48, 0, 2319]",11073,0,48,2319,0.8238839285714286,0.0,0.0035714285714285713,0.3244613434727503,0.6861005492184199,"Operational multi-actor scenario; not causal human behavior, global optimization, filed tariff billing, or site-specific feeder validation.",2367,2367,1427,6129,892,5237,640,48,592,1427,0,0,0,0,0,0,768,1624,3810,168,FullyCompliant,FleetCostOnly,GridPeakPenalty,Cheap-window fleet policy with a grid peak cap.,1475472.198438482,50.0,5300.0,1.002963379828048,0.8833333333333333,1427,0,0.4651162790697754,0.0,True,True,False,harmful by priority distortion,LeastLaxity,False,False,True,False,True,False,False,False,not_mutually_acceptable,driver_fleet_grid_fail,driver,1427.0,0.0,-6.0,0.9647806028485856,-53862.23685389641,0.8833333333333333,-700.0,0.31267548239723586,0.5980861244019146,0.5604002882599581,4.691008202390209,1.0,0.0,2893.0,2367.0,2367.0,526.0,0.0,0.0,0.3244613434727503
multi_actor_v2,multi_actor_v2_caltech_sce_cap50,metro_caltech_sce,campus/workplace,multi-actor compact weekly matrix,50,20,2,2,4504,D_FullyCompliant__F_QueueAware__G_PeakPenalty,multi_actor,97.67441860465115,20,860,97.67441860465115,20,860,62.76952177627159,5021.561742101727,212.0,168.54761904761904,1.2578047746856902,1.2578047746856902,0.7950359389038634,5364448.0,172.8,107,0.0,0.0,14,0.0,0,0,"[11121, 0, 0, 2319]",11121,0,0,2319,0.8274553571428571,0.0,0.0,0.31047865459249674,0.6990081931867184,"Operational multi-actor scenario; not causal human behavior, global optimization, filed tariff billing, or site-specific feeder validation.",2319,2319,1421,6129,898,5231,1383,0,1383,1421,0,0,0,0,0,0,720,1621,3810,168,FullyCompliant,FleetQueueAware,GridPeakPenalty,Queue-aware fleet policy with a grid peak cap.,1456440.8928461536,43.0,5300.0,0.9409666975373455,0.8833333333333333,1421,0,0.11627906976742963,0.0,False,False,False,harmful by under-delivery,LeastLaxity,False,False,True,False,True,False,False,False,not_mutually_acceptable,driver_fleet_grid_fail,driver,1421.0,0.0,-6.0,0.9523364276877158,-72893.54244622472,0.8833333333333333,-700.0,0.32065910910203893,0.5143540669856465,0.5401004230308475,4.518978715231241,1.0,0.0,2738.0,2319.0,2319.0,419.0,0.0,0.0,0.31047865459249674
multi_actor_v2,multi_actor_v2_caltech_sce_cap50,metro_caltech_sce,campus/workplace,multi-actor compact weekly matrix,50,20,2,2,4504,D_LimitedAttentionP0025__F_ServiceFirst__G_NoGrid,multi_actor,97.55813953488372,21,860,97.55813953488372,21,860,66.42218283397241,5313.774626717793,240.0,60.42261904761905,3.972022460841296,3.972022460841296,0.2517609126984127,1150885.0,172.8,5,0.0,0.0,20,0.0,0,0,"[12641, 0, 799, 0]",12641,799,0,0,0.9405505952380953,0.05944940476190476,0.0,0.25782227784730916,0.0,"Operational multi-actor scenario; not causal human behavior, global optimization, filed tariff billing, or site-specific feeder validation.",799,799,0,6129,711,5418,96,88,8,0,0,0,0,0,0,0,206,0,5418,168,LimitedAttentionP0025,FleetServiceFirst,NoGridIncentive,Low-probability missed compliance with service-first fleet recommendation.,1532835.4029466724,83.59999999999991,6000.0,0.9957230875085576,1.0,0,0,0.0,0.0,True,True,True,service-tolerated,LeastLaxity,True,True,True,True,True,True,True,True,mutually_acceptable,all_pass,none,0.0,0.0,0.0,1.002289209981481,3500.9676542941015,1.0,0.0,1.012609595113782,1.0,-0.0031746031746031633,0.9694985986776099,0.9749999999999999,0.0012648809523809524,816.0,816.0,799.0,0.0,0.0,0.0,0.25782227784730916
multi_actor_v2,multi_actor_v2_caltech_sce_cap50,metro_caltech_sce,campus/workplace,multi-actor compact weekly matrix,50,20,2,2,4504,D_LimitedAttentionP005__F_ServiceFirst__G_NoGrid,multi_actor,97.20930232558139,24,860,97.20930232558139,24,860,65.53955083278439,5243.164066622751,240.0,59.88095238095238,4.007952286282306,4.007952286282306,0.24950396825396826,1153932.0,172.8,6,0.0,0.0,20,0.0,0,0,"[12654, 0, 786, 0]",12654,786,0,0,0.9415178571428572,0.05848214285714286,0.0,0.2608142493638677,0.0,"Operational multi-actor scenario; not causal human behavior, global optimization, filed tariff billing, or site-specific feeder validation.",786,786,0,6129,696,5433,105,90,15,0,0,0,0,0,0,0,205,0,5433,168,LimitedAttentionP005,FleetServiceFirst,NoGridIncentive,Moderate missed compliance with service-first fleet recommendation.,1512830.4521364484,100.0,6000.0,0.9824917087152172,1.0,0,0,-0.34883720930233153,0.0,False,True,True,service-tolerated,LeastLaxity,True,True,True,True,True,False,False,False,not_mutually_acceptable,grid_only_fail,grid,0.0,0.0,0.0,0.9892083884498588,-16503.98315592995,1.0,0.0,1.021769383697813,1.196172248803829,-0.0054315476190476275,0.9720653731426265,0.95,0.0040178571428571425,840.0,840.0,786.0,0.0,0.0,0.0,0.2608142493638677
multi_actor_v2,multi_actor_v2_caltech_sce_cap50,metro_caltech_sce,campus/workplace,multi-actor compact weekly matrix,50,20,2,2,4504,D_SoCCompliance__F_ServiceFirst__G_NoGrid,multi_actor,90.34883720930232,83,860,90.34883720930232,83,860,54.19853954146477,4335.883163317181,240.0,138.41666666666666,1.7338952438290187,1.7338952438290187,0.5767361111111111,3915704.0,172.8,60,3128.9999999999995,957.75,25,7.25,139,59,"[11116, 42, 2282, 0]",11116,2282,42,0,0.8270833333333333,0.16979166666666667,0.003125,0.3003442340791738,0.6557659208261618,"Operational multi-actor scenario; not causal human behavior, global optimization, filed tariff billing, or site-specific feeder validation.",2324,1731,1721,6129,686,5443,117,71,46,1705,15,143,2217,1657,1808,198,698,1524,3890,168,SoCCompliance,FleetServiceFirst,NoGridIncentive,Compliance probability is higher at low SoC and lower at high SoC.,1200307.167558001,57.0,6000.0,0.8124806326461167,1.0,1705,1808,-7.209302325581405,3128.9999999999995,False,False,False,harmful by under-delivery,LeastLaxity,False,False,True,False,True,False,False,False,not_mutually_acceptable,driver_fleet_grid_fail,driver,1721.0,7.25,5.0,0.784855908464865,-329027.2677343774,1.0,0.0,0.44203147845531954,0.6818181818181825,0.32180059523809523,3.298565487287011,0.7707890624999991,0.22358630952380953,453.0,453.0,2324.0,0.0,143.0,0.0,0.3003442340791738
multi_actor_v2,multi_actor_v2_caltech_sce_cap50,metro_caltech_sce,campus/workplace,multi-actor compact weekly matrix,50,20,2,2,4504,D_SoCQueueCompliance__F_ServiceFirst__G_NoGrid,multi_actor,91.86046511627907,70,860,91.86046511627907,70,860,56.28413899151576,4502.731119321261,254.0,158.46428571428572,1.602884832093757,1.602884832093757,0.6238751406074241,5073466.0,172.8,86,4323.0,1650.75,34,12.071428571428571,243,173,"[9916, 39, 3485, 0]",9916,3485,39,0,0.7377976190476191,0.25930059523809523,0.0029017857142857144,0.28206583427922816,0.6523836549375709,"Operational multi-actor scenario; not causal human behavior, global optimization, filed tariff billing, or site-specific feeder validation.",3524,2163,2878,6129,707,5422,124,68,56,2874,3,147,3415,2808,3382,416,994,2299,2672,168,SoCQueueCompliance,FleetServiceFirst,NoGridIncentive,SoC-dependent compliance with queue-sensitive avoidance for non-critical high-SoC charging.,1257422.0354253636,63.69999999999999,6350.0,0.8437454817538577,1.0583333333333333,2874,3382,-5.697674418604649,4323.0,False,False,False,harmful by under-delivery,LeastLaxity,False,False,True,False,False,False,False,False,not_mutually_acceptable,driver_fleet_grid_fail,driver,2878.0,12.071428571428571,14.0,0.8222021334300038,-271912.3998670147,1.0583333333333333,350.0,0.4086322715548544,0.761961722488039,0.3689396247344082,4.273857229383039,0.5682659970238095,0.43638392857142855,457.0,457.0,3524.0,0.0,147.0,42.0,0.28206583427922816
multi_actor_v2,multi_actor_v2_caltech_sce_cap50,metro_caltech_sce,campus/workplace,multi-actor compact weekly matrix,50,20,2,2,4504,D_PriceSensitive__F_ServiceFirst__G_NoGrid,multi_actor,92.55813953488372,64,860,92.55813953488372,64,860,58.27593352760981,4662.074682208785,240.0,132.75595238095238,1.8078285432453034,1.8078285432453034,0.5531498015873015,3666431.0,172.8,50,2703.0,1375.5,35,10.05952380952381,223,144,"[10870, 1, 2569, 0]",10870,2569,1,0,0.8087797619047619,0.19114583333333332,7.440476190476191e-05,0.15680933852140078,0.5377431906614786,"Operational multi-actor scenario; not causal human behavior, global optimization, filed tariff billing, or site-specific feeder validation.",2570,1632,1936,6129,714,5415,141,75,66,1935,0,146,2490,1899,2625,367,403,1382,3627,168,PriceSensitive,FleetServiceFirst,NoGridIncentive,"Driver layer biases actual requests toward cheap windows, bounded by critical/low-SoC need.",1262041.9301170534,68.19999999999993,6000.0,0.873604118139229,1.0,1935,2625,-5.0,2703.0,False,False,False,harmful by under-delivery,LeastLaxity,False,False,True,False,True,False,False,False,not_mutually_acceptable,driver_fleet_grid_fail,driver,1936.0,10.05952380952381,15.0,0.8252229865443239,-267292.50517532486,1.0,0.0,0.4608797022822042,0.8157894736842106,0.29821428571428565,3.0885794120595436,0.6374999999999998,0.36086309523809523,496.0,496.0,2570.0,0.0,146.0,0.0,0.15680933852140078
multi_actor_v2,multi_actor_v2_caltech_sce_cap50,metro_caltech_sce,campus/workplace,multi-actor compact weekly matrix,50,20,2,2,4504,D_ReserveSeeking__F_ServiceFirst__G_NoGrid,multi_actor,94.41860465116278,48,860,94.41860465116278,48,860,61.083581333654344,4886.686506692347,240.0,90.23214285714286,2.6598060558084304,2.6598060558084304,0.37596726190476193,1923553.0,172.8,6,600.0,294.75,22,2.3214285714285716,60,3,"[12270, 6, 1164, 0]",12270,1164,6,0,0.9129464285714286,0.08660714285714285,0.0004464285714285714,0.288034188034188,0.34273504273504274,"Operational multi-actor scenario; not causal human behavior, global optimization, filed tariff billing, or site-specific feeder validation.",1170,1066,501,6129,727,5402,80,77,3,500,0,105,917,419,487,63,337,401,5037,168,ReserveSeeking,FleetServiceFirst,NoGridIncentive,Driver layer maintains a higher reserve threshold than the fleet recommendation assumes.,1366940.677908591,85.69999999999999,6000.0,0.9156930652769528,1.0,500,487,-3.139534883720941,600.0,False,False,False,harmful by under-delivery,LeastLaxity,False,False,True,False,True,False,False,False,not_mutually_acceptable,driver_fleet_grid_fail,driver,501.0,2.3214285714285716,2.0,0.8938140974032662,-162393.7573837873,1.0,0.0,0.6780790289596939,1.0251196172248813,0.12103174603174605,1.6203894724339205,0.9000000000000001,0.09903273809523809,592.0,592.0,1170.0,0.0,105.0,0.0,0.288034188034188
multi_actor_v2,multi_actor_v2_caltech_sce_cap50,metro_caltech_sce,campus/workplace,multi-actor compact weekly matrix,50,20,2,2,4504,D_UrgencyDriven__F_ServiceFirst__G_NoGrid,multi_actor,97.67441860465115,20,860,97.67441860465115,20,860,66.1441566753388,5291.532534027105,240.0,81.63095238095238,2.9400612512760684,2.9400612512760684,0.34012896825396827,1684442.0,172.8,8,60.0,17.25,21,0.13690476190476192,5,0,"[12337, 0, 679, 424]",12337,679,0,424,0.9179315476190476,0.050520833333333334,0.0,0.2928377153218495,0.29465095194922936,"Operational multi-actor scenario; not causal human behavior, global optimization, filed tariff billing, or site-specific feeder validation.",1103,1093,262,6129,775,5354,96,79,17,260,0,23,239,67,23,5,323,325,5107,168,UrgencyDriven,FleetServiceFirst,NoGridIncentive,Driver layer prioritizes deadline/urgent charging pressure over the fleet recommendation.,1511504.4006663328,97.89999999999992,6000.0,0.9915552469879475,1.0,260,23,0.11627906976742963,60.0,True,True,False,harmful by priority distortion,LeastLaxity,False,False,True,False,True,False,False,False,not_mutually_acceptable,driver_fleet_grid_fail,driver,262.0,0.13690476190476192,1.0,0.9883413109555487,-17830.034626045497,1.0,0.0,0.749526031792329,1.1710526315789478,0.08519345238095238,1.418963804857749,0.8499999999999999,0.15498511904761905,791.0,791.0,1103.0,0.0,23.0,0.0,0.2928377153218495
multi_actor_v2,multi_actor_v2_caltech_sce_cap50,metro_caltech_sce,campus/workplace,multi-actor compact weekly matrix,50,20,2,2,4504,D_PriceSensitive__F_QueueAware__G_PeakPenalty,multi_actor,92.09302325581396,68,860,92.09302325581396,68,860,56.18984873692757,4495.187898954206,254.0,178.6547619047619,1.421736522955954,1.421736522955954,0.7033652043494563,6065510.0,172.8,111,3000.0,1411.5,33,10.273809523809524,226,156,"[9896, 24, 2292, 1228]",9896,2292,24,1228,0.7363095238095239,0.1705357142857143,0.0017857142857142857,0.22799097065462753,0.6653498871331829,"Operational multi-actor scenario; not causal human behavior, global optimization, filed tariff billing, or site-specific feeder validation.",3544,2537,2910,6130,758,5372,654,31,623,2905,5,146,3346,2744,2732,382,808,2358,2610,168,PriceSensitive,FleetQueueAware,GridPeakPenalty,"Full interaction: price-sensitive driver response, queue-aware fleet policy, and grid peak cap.",1210648.620466837,43.0,6350.0,0.8423319933767112,1.0583333333333333,2905,2732,-5.465116279069761,3000.0,False,False,False,harmful by under-delivery,LeastLaxity,False,False,True,False,False,False,False,False,not_mutually_acceptable,driver_fleet_grid_fail,driver,2910.0,10.273809523809524,13.0,0.7916179695747092,-318685.81482554134,1.0583333333333333,350.0,0.362451133915284,0.5143540669856465,0.4484296884764404,5.109549125468687,0.6374999999999998,0.3651041666666667,2096.0,1911.0,3544.0,185.0,146.0,0.0,0.22799097065462753
multi_actor_v2,multi_actor_v2_caltech_sce_cap50,metro_caltech_sce,campus/workplace,multi-actor compact weekly matrix,50,20,2,2,4504,D_SoCCompliance__F_QueueAware__G_PeakPenalty,multi_actor,90.81395348837209,79,860,90.81395348837209,79,860,54.54203889920327,4363.363111936262,254.0,182.69642857142858,1.3902844296745185,1.3902844296745185,0.7192772778402701,6323593.0,172.8,106,3423.0,986.25,25,7.511904761904762,146,53,"[10191, 74, 1961, 1214]",10191,1961,74,1214,0.7582589285714286,0.1459077380952381,0.005505952380952381,0.3022468451831333,0.7614650661742074,"Operational multi-actor scenario; not causal human behavior, global optimization, filed tariff billing, or site-specific feeder validation.",3249,2634,2596,6130,724,5406,188,62,126,2580,16,145,3059,2448,1867,199,982,2474,2955,168,SoCCompliance,FleetQueueAware,GridPeakPenalty,"Full interaction: SoC-dependent compliance, queue-aware fleet policy, and grid peak cap.",1190708.964627456,50.0,6350.0,0.817629970208532,1.0583333333333333,2580,1867,-6.744186046511629,3423.0,False,False,False,harmful by under-delivery,LeastLaxity,False,False,True,False,False,False,False,False,not_mutually_acceptable,driver_fleet_grid_fail,driver,2596.0,7.511904761904762,5.0,0.7785798430673642,-338625.4706649224,1.0583333333333333,350.0,0.35443287828929504,0.5980861244019146,0.4643417619672542,5.32695669168296,0.7708143601190464,0.2271577380952381,1994.0,1899.0,3249.0,95.0,145.0,0.0,0.3022468451831333
multi_actor_v2,multi_actor_v2_caltech_sce_cap50,metro_caltech_sce,campus/workplace,multi-actor compact weekly matrix,50,20,2,2,4505,LeastLaxity,anchor,94.91916859122402,44,866,94.91916859122402,44,866,56.213746743304924,4497.099739464394,240.0,41.779761904761905,5.744408035332668,5.744408035332668,0.17408234126984126,579255.0,172.8,3,0.0,0.0,20,0.0,0,0,"[12726, 0, 714, 0]",12726,714,0,0,0.946875,0.053125,0.0,0.3011204481792717,0.0,"Behavior Applied Energy package v1; behavior proxies are imposed perturbations, not measured traits.",714,714,0,5393,640,4753,74,74,0,0,0,0,0,0,0,0,215,0,4753,168,FullyCompliant,FleetServiceFirst,NoGridIncentive,LeastLaxity anchor used for paired thresholds.,1260965.751244391,57.0,6000.0,1.0,1.0,0,0,0.0,0.0,True,True,True,anchor,LeastLaxity,True,True,True,True,True,True,True,True,mutually_acceptable,all_pass,none,0.0,0.0,0.0,1.0,0.0,1.0,0.0,1.0,1.0,0.0,1.0,,,,,,,,,
multi_actor_v2,multi_actor_v2_caltech_sce_cap50,metro_caltech_sce,campus/workplace,multi-actor compact weekly matrix,50,20,2,2,4505,D_FullyCompliant__F_ServiceFirst__G_NoGrid,multi_actor,94.91916859122402,44,866,94.91916859122402,44,866,56.213746743304924,4497.099739464394,240.0,41.779761904761905,5.744408035332668,5.744408035332668,0.17408234126984126,579255.0,172.8,3,0.0,0.0,20,0.0,0,0,"[12726, 0, 714, 0]",12726,714,0,0,0.946875,0.053125,0.0,0.3011204481792717,0.0,"Operational multi-actor scenario; not causal human behavior, global optimization, filed tariff billing, or site-specific feeder validation.",714,714,0,5393,640,4753,74,74,0,0,0,0,0,0,0,0,215,0,4753,168,FullyCompliant,FleetServiceFirst,NoGridIncentive,"Baseline multi-actor row: least-laxity service-first fleet recommendation, fully compliant driver layer, no grid incentive.",1260965.751244391,57.0,6000.0,1.0,1.0,0,0,0.0,0.0,True,True,True,service-tolerated,LeastLaxity,True,True,True,True,True,True,True,True,mutually_acceptable,all_pass,none,0.0,0.0,0.0,1.0,0.0,1.0,0.0,1.0,1.0,0.0,1.0,1.0,0.0,714.0,714.0,714.0,0.0,0.0,0.0,0.3011204481792717
multi_actor_v2,multi_actor_v2_caltech_sce_cap50,metro_caltech_sce,campus/workplace,multi-actor compact weekly matrix,50,20,2,2,4505,D_FullyCompliant__F_CostOnly__G_NoGrid,multi_actor,95.3810623556582,40,866,95.3810623556582,40,866,57.41995780178081,4593.596624142465,254.0,190.28571428571428,1.334834834834835,1.334834834834835,0.749156355455568,6720258.0,172.8,123,0.0,2.25,20,0.017857142857142856,0,0,"[10714, 45, 0, 2681]",10714,0,45,2681,0.797172619047619,0.0,0.0033482142857142855,0.3617021276595745,0.752017608217168,"Operational multi-actor scenario; not causal human behavior, global optimization, filed tariff billing, or site-specific feeder validation.",2726,2724,1873,5393,812,4581,275,42,233,1870,3,5,86,48,5,0,986,2050,2712,168,FullyCompliant,FleetCostOnly,NoGridIncentive,Fleet shifts discretionary charging to cheap windows without an explicit grid guardrail.,1268896.868128852,57.0,6350.0,1.021457581612269,1.0583333333333333,1870,5,0.46189376443417984,0.0,False,False,False,harmful by priority distortion,LeastLaxity,False,False,True,False,False,False,False,False,not_mutually_acceptable,driver_fleet_grid_fail,driver,1873.0,0.017857142857142856,0.0,1.00628971633578,7931.116884460906,1.0583333333333333,350.0,0.23237117325658993,1.0,0.5750740141857268,11.601553719864308,1.0,0.0,2726.0,2726.0,2726.0,0.0,5.0,0.0,0.3617021276595745
multi_actor_v2,multi_actor_v2_caltech_sce_cap50,metro_caltech_sce,campus/workplace,multi-actor compact weekly matrix,50,20,2,2,4505,D_FullyCompliant__F_ServiceCostly__G_NoGrid,multi_actor,95.1501154734411,42,866,95.1501154734411,42,866,55.52109203131219,4441.687362504976,254.0,139.82738095238096,1.816525477842578,1.816525477842578,0.5505014998125235,4529003.0,172.8,88,122.99999999999983,40.5,20,0.32142857142857145,19,0,"[11421, 0, 629, 1390]",11421,629,0,1390,0.8497767857142857,0.04680059523809524,0.0,0.09806835066864784,0.6582466567607727,"Operational multi-actor scenario; not causal human behavior, global optimization, filed tariff billing, or site-specific feeder validation.",2019,1986,1224,5393,751,4642,103,65,38,1221,0,58,1009,676,70,19,198,1329,3442,168,FullyCompliant,FleetServiceCostly,NoGridIncentive,"Fleet preserves urgent service but shifts discretionary charging away from cheap windows, creating a fleet economic stress case.",1262179.0476593254,176.7,6350.0,0.9876781970225953,1.0583333333333333,1221,70,0.23094688221708282,122.99999999999983,False,True,False,harmful by priority distortion,LeastLaxity,False,False,True,False,False,False,False,False,not_mutually_acceptable,driver_fleet_grid_fail,driver,1224.0,0.32142857142857145,0.0,1.0009621961688784,1213.2964149343316,1.0583333333333333,350.0,0.31622500815915316,3.0999999999999996,0.37641915854268226,7.818668807347368,1.0,0.0,2019.0,2019.0,2019.0,0.0,58.0,0.0,0.09806835066864784
multi_actor_v2,multi_actor_v2_caltech_sce_cap50,metro_caltech_sce,campus/workplace,multi-actor compact weekly matrix,50,20,2,2,4505,D_FullyCompliant__F_QueueAware__G_NoGrid,multi_actor,95.03464203233256,43,866,95.03464203233256,43,866,54.349366079788275,4347.949286383062,254.0,187.29761904761904,1.3561304264920868,1.3561304264920868,0.7373922009748781,6595484.0,172.8,121,0.0,0.0,20,0.0,0,0,"[10757, 0, 0, 2683]",10757,0,0,2683,0.8003720238095238,0.0,0.0,0.3514722325754752,0.7629519194931047,"Operational multi-actor scenario; not causal human behavior, global optimization, filed tariff billing, or site-specific feeder validation.",2683,2683,1867,5393,816,4577,868,0,868,1867,0,0,0,0,0,0,943,2047,2710,168,FullyCompliant,FleetQueueAware,NoGridIncentive,Fleet suppresses non-urgent/high-SoC requests under queue pressure.,1235312.8589128242,50.0,6350.0,0.9668340793573114,1.0583333333333333,1867,0,0.1154734411085343,0.0,False,False,False,harmful by priority distortion,LeastLaxity,False,False,True,False,False,False,False,False,not_mutually_acceptable,driver_fleet_grid_fail,driver,1867.0,0.0,0.0,0.9796561545733885,-25652.892331566894,1.0583333333333333,350.0,0.23607835971101085,0.8771929824561403,0.5633098597050369,11.386149450587393,1.0,0.0,2683.0,2683.0,2683.0,0.0,0.0,0.0,0.3514722325754752
multi_actor_v2,multi_actor_v2_caltech_sce_cap50,metro_caltech_sce,campus/workplace,multi-actor compact weekly matrix,50,20,2,2,4505,D_FullyCompliant__F_AvailabilityFocused__G_NoGrid,multi_actor,95.03464203233256,43,866,95.03464203233256,43,866,57.00320145314324,4560.256116251459,254.0,191.58333333333334,1.3257938234014788,1.3257938234014788,0.7542650918635171,6789764.0,172.8,125,0.0,0.0,20,0.0,0,0,"[10691, 0, 66, 2683]",10691,66,0,2683,0.7954613095238096,0.004910714285714286,0.0,0.3463077482720989,0.756638777737359,"Operational multi-actor scenario; not causal human behavior, global optimization, filed tariff billing, or site-specific feeder validation.",2749,2749,1899,5393,784,4609,91,66,25,1899,0,0,0,0,0,0,952,2080,2710,168,FullyCompliant,FleetAvailabilityFocused,NoGridIncentive,Fleet maintains a higher readiness reserve for vehicles with likely upcoming needs.,1284191.6313666464,49.69999999999999,6350.0,1.0140438016601756,1.0583333333333333,1899,0,0.1154734411085343,0.0,False,True,False,harmful by priority distortion,LeastLaxity,False,False,True,False,False,False,False,False,not_mutually_acceptable,driver_fleet_grid_fail,driver,1899.0,0.0,0.0,1.0184191205029436,23225.8801222553,1.0583333333333333,350.0,0.2307972928188239,0.8719298245614033,0.5801827505936759,11.721545778629446,1.0,0.0,2749.0,2749.0,2749.0,0.0,0.0,0.0,0.3463077482720989
multi_actor_v2,multi_actor_v2_caltech_sce_cap50,metro_caltech_sce,campus/workplace,multi-actor compact weekly matrix,50,20,2,2,4505,D_FullyCompliant__F_ServiceFirst__G_PeakPenalty,multi_actor,94.91916859122402,44,866,94.91916859122402,44,866,56.213746743304924,4497.099739464394,198.0,41.779761904761905,4.739136629149452,4.739136629149452,0.2110088985088985,535141.0,172.8,3,0.0,0.0,14,0.0,0,0,"[12726, 0, 714, 0]",12726,714,0,0,0.946875,0.053125,0.0,0.2857142857142857,0.0,"Operational multi-actor scenario; not causal human behavior, global optimization, filed tariff billing, or site-specific feeder validation.",714,714,0,5393,640,4753,74,74,0,0,0,0,0,0,0,0,204,0,4753,168,FullyCompliant,FleetServiceFirst,GridPeakPenalty,Service-first fleet recommendation with an action-changing peak cap.,1267970.876474143,57.0,4950.0,1.0,0.825,0,0,0.0,0.0,True,True,True,service-tolerated,LeastLaxity,True,True,True,True,True,True,True,True,mutually_acceptable,all_pass,none,0.0,0.0,-6.0,1.0055553651816782,7005.125229751924,0.825,-1050.0,0.8250000000000001,1.0,0.036926557239057245,0.9238435576732182,1.0,0.0,749.0,714.0,714.0,35.0,0.0,0.0,0.2857142857142857
multi_actor_v2,multi_actor_v2_caltech_sce_cap50,metro_caltech_sce,campus/workplace,multi-actor compact weekly matrix,50,20,2,2,4505,D_FullyCompliant__F_CostOnly__G_PeakPenalty,multi_actor,95.3810623556582,40,866,95.3810623556582,40,866,57.37114331253961,4589.691465003169,212.0,176.66071428571428,1.2000404326291318,1.2000404326291318,0.83330525606469,5665981.0,172.8,123,0.0,0.0,14,0.0,0,0,"[11043, 40, 0, 2357]",11043,0,40,2357,0.8216517857142858,0.0,0.002976190476190476,0.32540675844806005,0.718397997496871,"Operational multi-actor scenario; not causal human behavior, global optimization, filed tariff billing, or site-specific feeder validation.",2397,2397,1546,5393,811,4582,298,40,258,1546,0,0,0,0,0,0,780,1722,3036,168,FullyCompliant,FleetCostOnly,GridPeakPenalty,Cheap-window fleet policy with a grid peak cap.,1277577.27219846,54.89999999999992,5300.0,1.0205892088018937,0.8833333333333333,1546,0,0.46189376443417984,0.0,False,False,False,harmful by priority distortion,LeastLaxity,False,False,True,False,True,False,False,False,not_mutually_acceptable,driver_fleet_grid_fail,driver,1546.0,0.0,-6.0,1.0131736495917323,16611.520954068983,0.8833333333333333,-700.0,0.2089058481305525,0.9631578947368407,0.6592229147948487,9.781496922771492,1.0,0.0,2734.0,2397.0,2397.0,337.0,0.0,0.0,0.32540675844806005
multi_actor_v2,multi_actor_v2_caltech_sce_cap50,metro_caltech_sce,campus/workplace,multi-actor compact weekly matrix,50,20,2,2,4505,D_FullyCompliant__F_QueueAware__G_PeakPenalty,multi_actor,95.03464203233256,43,866,95.03464203233256,43,866,54.349366079788275,4347.949286383062,212.0,173.71428571428572,1.2203947368421053,1.2203947368421053,0.8194070080862534,5544714.0,172.8,121,0.0,0.0,14,0.0,0,0,"[11083, 0, 0, 2357]",11083,0,0,2357,0.8246279761904762,0.0,0.0,0.31395842172252864,0.7293169282986848,"Operational multi-actor scenario; not causal human behavior, global optimization, filed tariff billing, or site-specific feeder validation.",2357,2357,1544,5393,813,4580,868,0,868,1544,0,0,0,0,0,0,740,1719,3036,168,FullyCompliant,FleetQueueAware,GridPeakPenalty,Queue-aware fleet policy with a grid peak cap.,1246765.3934783672,47.89999999999992,5300.0,0.9668340793573114,0.8833333333333333,1544,0,0.1154734411085343,0.0,False,False,False,harmful by priority distortion,LeastLaxity,False,False,True,False,True,False,False,False,not_mutually_acceptable,driver_fleet_grid_fail,driver,1544.0,0.0,-6.0,0.988738506377346,-14200.357766023837,0.8833333333333333,-700.0,0.2124491730628655,0.8403508771929811,0.6453246668164122,9.572146981899163,1.0,0.0,2683.0,2357.0,2357.0,326.0,0.0,0.0,0.31395842172252864
multi_actor_v2,multi_actor_v2_caltech_sce_cap50,metro_caltech_sce,campus/workplace,multi-actor compact weekly matrix,50,20,2,2,4505,D_LimitedAttentionP0025__F_ServiceFirst__G_NoGrid,multi_actor,95.03464203233256,43,866,95.03464203233256,43,866,55.526968090812694,4442.157447265015,240.0,41.404761904761905,5.796434732604945,5.796434732604945,0.17251984126984127,577974.0,172.8,3,0.0,0.0,20,0.0,0,0,"[12735, 0, 705, 0]",12735,705,0,0,0.9475446428571429,0.052455357142857144,0.0,0.3021276595744681,0.0,"Operational multi-actor scenario; not causal human behavior, global optimization, filed tariff billing, or site-specific feeder validation.",705,705,0,5393,630,4763,75,75,0,0,0,0,0,0,0,0,213,0,4763,168,LimitedAttentionP0025,FleetServiceFirst,NoGridIncentive,Low-probability missed compliance with service-first fleet recommendation.,1245243.485700939,64.0,6000.0,0.987782727672853,1.0,0,0,0.1154734411085343,0.0,False,True,True,service-tolerated,LeastLaxity,True,True,True,True,True,False,False,False,not_mutually_acceptable,grid_only_fail,grid,0.0,0.0,0.0,0.98753156814296,-15722.265543451998,1.0,0.0,1.0090569292696951,1.1228070175438596,-0.0015624999999999944,0.9977885387264677,0.9749999999999999,0.0013392857142857143,723.0,723.0,705.0,0.0,0.0,0.0,0.3021276595744681
multi_actor_v2,multi_actor_v2_caltech_sce_cap50,metro_caltech_sce,campus/workplace,multi-actor compact weekly matrix,50,20,2,2,4505,D_LimitedAttentionP005__F_ServiceFirst__G_NoGrid,multi_actor,94.91916859122402,44,866,94.91916859122402,44,866,55.376357888046094,4430.108631043688,240.0,41.36309523809524,5.802273708447259,5.802273708447259,0.17234623015873016,570295.0,172.8,3,0.0,0.0,20,0.0,0,0,"[12736, 0, 704, 0]",12736,704,0,0,0.9476190476190476,0.05238095238095238,0.0,0.3039772727272727,0.0,"Operational multi-actor scenario; not causal human behavior, global optimization, filed tariff billing, or site-specific feeder validation.",704,704,0,5393,629,4764,77,75,2,0,0,0,0,0,0,0,214,0,4764,168,LimitedAttentionP005,FleetServiceFirst,NoGridIncentive,Moderate missed compliance with service-first fleet recommendation.,1234667.234716631,61.89999999999992,6000.0,0.9851034861795871,1.0,0,0,0.0,0.0,False,True,True,service-tolerated,LeastLaxity,True,True,True,True,True,True,True,True,mutually_acceptable,all_pass,none,0.0,0.0,0.0,0.9791441468558466,-26298.516527760075,1.0,0.0,1.0100733918549432,1.0859649122807005,-0.001736111111111105,0.9845318555731069,0.95,0.0020089285714285712,731.0,731.0,704.0,0.0,0.0,0.0,0.3039772727272727
multi_actor_v2,multi_actor_v2_caltech_sce_cap50,metro_caltech_sce,campus/workplace,multi-actor compact weekly matrix,50,20,2,2,4505,D_SoCCompliance__F_ServiceFirst__G_NoGrid,multi_actor,85.91224018475751,122,866,85.91224018475751,122,866,45.216531606466944,3617.3225285173557,240.0,122.41071428571429,1.960612691466083,1.960612691466083,0.5100446428571429,3116335.0,172.8,36,1740.0,677.25,27,5.119047619047619,126,43,"[11338, 20, 2082, 0]",11338,2082,20,0,0.8436011904761904,0.1549107142857143,0.001488095238095238,0.3016175071360609,0.6617507136060894,"Operational multi-actor scenario; not causal human behavior, global optimization, filed tariff billing, or site-specific feeder validation.",2102,1654,1535,5393,626,4767,66,64,2,1533,0,147,1959,1439,1301,169,634,1391,3357,168,SoCCompliance,FleetServiceFirst,NoGridIncentive,Compliance probability is higher at low SoC and lower at high SoC.,975700.5766310702,97.89999999999992,6000.0,0.804367867755626,1.0,1533,1301,-9.006928406466514,1740.0,False,False,False,harmful by under-delivery,LeastLaxity,False,False,True,False,True,False,False,False,not_mutually_acceptable,driver_fleet_grid_fail,driver,1535.0,5.119047619047619,7.0,0.7737724642149834,-285265.17461332085,1.0,0.0,0.3413080476537807,1.7175438596491215,0.33596230158730167,5.379901770377468,0.7925360863095232,0.21108630952380952,417.0,417.0,2102.0,0.0,147.0,0.0,0.3016175071360609
multi_actor_v2,multi_actor_v2_caltech_sce_cap50,metro_caltech_sce,campus/workplace,multi-actor compact weekly matrix,50,20,2,2,4505,D_SoCQueueCompliance__F_ServiceFirst__G_NoGrid,multi_actor,87.64434180138568,107,866,87.64434180138568,107,866,47.333122577802314,3786.649806224185,254.0,149.70833333333334,1.696632340662399,1.696632340662399,0.5894028871391076,4374477.0,172.8,67,2885.9999999999995,1260.75,33,9.130952380952381,203,147,"[10418, 41, 2981, 0]",10418,2981,41,0,0.7751488095238095,0.22180059523809523,0.003050595238095238,0.27630708140304433,0.6432825943084051,"Operational multi-actor scenario; not causal human behavior, global optimization, filed tariff billing, or site-specific feeder validation.",3022,2002,2427,5393,656,4737,95,64,31,2427,0,158,2969,2392,2548,350,835,1944,2435,168,SoCQueueCompliance,FleetServiceFirst,NoGridIncentive,SoC-dependent compliance with queue-sensitive avoidance for non-critical high-SoC charging.,1051225.3121035665,70.69999999999999,6350.0,0.8420204188478098,1.0583333333333333,2427,2548,-7.274826789838343,2885.9999999999995,False,False,False,harmful by under-delivery,LeastLaxity,False,False,True,False,False,False,False,False,not_mutually_acceptable,driver_fleet_grid_fail,driver,2427.0,9.130952380952381,13.0,0.8336668232790295,-209740.4391408246,1.0583333333333333,350.0,0.29535373013664135,1.2403508771929823,0.41532054586926637,7.551902012067225,0.5680275297619044,0.43191964285714285,419.0,419.0,3022.0,0.0,158.0,31.0,0.27630708140304433
multi_actor_v2,multi_actor_v2_caltech_sce_cap50,metro_caltech_sce,campus/workplace,multi-actor compact weekly matrix,50,20,2,2,4505,D_PriceSensitive__F_ServiceFirst__G_NoGrid,multi_actor,89.4919168591224,91,866,89.4919168591224,91,866,49.15788056450492,3932.6304451603937,240.0,107.42857142857143,2.234042553191489,2.234042553191489,0.44761904761904764,2480416.0,172.8,21,1922.9999999999998,1181.25,35,8.511904761904763,229,145,"[11152, 3, 2285, 0]",11152,2285,3,0,0.8297619047619048,0.17001488095238096,0.0002232142857142857,0.145979020979021,0.4742132867132867,"Operational multi-actor scenario; not causal human behavior, global optimization, filed tariff billing, or site-specific feeder validation.",2288,1405,1696,5393,654,4739,108,65,43,1694,1,133,2128,1621,2308,374,334,1085,3171,168,PriceSensitive,FleetServiceFirst,NoGridIncentive,"Driver layer biases actual requests toward cheap windows, bounded by critical/low-SoC need.",1096967.028025236,97.89999999999992,6000.0,0.8744814820648766,1.0,1694,2308,-5.427251732101624,1922.9999999999998,False,False,False,harmful by under-delivery,LeastLaxity,False,False,True,False,True,False,False,False,not_mutually_acceptable,driver_fleet_grid_fail,driver,1696.0,8.511904761904763,15.0,0.8699419686400586,-163998.7232191551,1.0,0.0,0.38890735815602834,1.7175438596491215,0.27353670634920635,4.282079567720607,0.6374999999999998,0.3497767857142857,475.0,475.0,2288.0,0.0,133.0,0.0,0.145979020979021
multi_actor_v2,multi_actor_v2_caltech_sce_cap50,metro_caltech_sce,campus/workplace,multi-actor compact weekly matrix,50,20,2,2,4505,D_ReserveSeeking__F_ServiceFirst__G_NoGrid,multi_actor,92.37875288683603,66,866,92.37875288683603,66,866,51.19706689169225,4095.7653513353803,240.0,58.88690476190476,4.075609016476297,4.075609016476297,0.24536210317460316,920895.0,172.8,4,662.9999999999998,315.0,21,2.4642857142857144,61,6,"[12447, 5, 988, 0]",12447,988,5,0,0.9261160714285714,0.07351190476190476,0.0003720238095238095,0.2849949647532729,0.3041289023162135,"Operational multi-actor scenario; not causal human behavior, global optimization, filed tariff billing, or site-specific feeder validation.",993,885,416,5394,644,4750,69,69,0,416,0,96,714,343,517,67,283,302,4469,168,ReserveSeeking,FleetServiceFirst,NoGridIncentive,Driver layer maintains a higher reserve threshold than the fleet recommendation assumes.,1116774.466034339,93.0,6000.0,0.9107570631340249,1.0,416,517,-2.5404157043879962,662.9999999999998,False,False,False,harmful by under-delivery,LeastLaxity,False,False,True,False,True,False,False,False,not_mutually_acceptable,driver_fleet_grid_fail,driver,416.0,2.4642857142857144,1.0,0.8856501177230578,-144191.28521005204,1.0,0.0,0.7094915596886688,1.631578947368421,0.0712797619047619,1.5897920604914935,0.9000000000000001,0.10208333333333333,500.0,500.0,993.0,0.0,96.0,0.0,0.2849949647532729
multi_actor_v2,multi_actor_v2_caltech_sce_cap50,metro_caltech_sce,campus/workplace,multi-actor compact weekly matrix,50,20,2,2,4505,D_UrgencyDriven__F_ServiceFirst__G_NoGrid,multi_actor,94.68822170900692,46,866,94.68822170900692,46,866,55.74767913862267,4459.814331089814,240.0,63.88690476190476,3.7566384049194075,3.7566384049194075,0.2661954365079365,1019013.0,172.8,4,60.0,12.0,21,0.09523809523809523,5,0,"[12428, 0, 593, 419]",12428,593,0,419,0.924702380952381,0.04412202380952381,0.0,0.34980237154150196,0.325098814229249,"Operational multi-actor scenario; not causal human behavior, global optimization, filed tariff billing, or site-specific feeder validation.",1012,1005,260,5393,691,4702,70,70,0,260,0,16,122,38,17,5,354,329,4451,168,UrgencyDriven,FleetServiceFirst,NoGridIncentive,Driver layer prioritizes deadline/urgent charging pressure over the fleet recommendation.,1246636.6520585767,93.0,6000.0,0.9917090101321567,1.0,260,17,-0.23094688221709703,60.0,True,True,False,harmful by priority distortion,LeastLaxity,False,False,True,False,True,False,False,False,not_mutually_acceptable,driver_fleet_grid_fail,driver,260.0,0.09523809523809523,1.0,0.988636408901928,-14329.099185814383,1.0,0.0,0.6539644088325725,1.631578947368421,0.09211309523809522,1.7591786000984022,0.8499999999999999,0.15282738095238096,681.0,681.0,1012.0,0.0,16.0,0.0,0.34980237154150196
multi_actor_v2,multi_actor_v2_caltech_sce_cap50,metro_caltech_sce,campus/workplace,multi-actor compact weekly matrix,50,20,2,2,4505,D_PriceSensitive__F_QueueAware__G_PeakPenalty,multi_actor,89.60739030023095,90,866,89.60739030023095,90,866,48.95904599206515,3916.723679365212,254.0,179.30357142857142,1.4165919729110648,1.4165919729110648,0.7059195725534307,5905047.0,172.8,120,2288.9999999999995,1219.5,33,8.738095238095237,210,158,"[10045, 19, 2043, 1333]",10045,2043,19,1333,0.7473958333333334,0.15200892857142856,0.0014136904761904762,0.23564064801178203,0.6541973490427099,"Operational multi-actor scenario; not causal human behavior, global optimization, filed tariff billing, or site-specific feeder validation.",3395,2485,2766,5393,729,4664,444,20,424,2766,0,138,2999,2505,2375,368,800,2221,2017,168,PriceSensitive,FleetQueueAware,GridPeakPenalty,"Full interaction: price-sensitive driver response, queue-aware fleet policy, and grid peak cap.",1061473.2458918632,54.89999999999992,6350.0,0.8709443655416224,1.0583333333333333,2766,2375,-5.311778290993075,2288.9999999999995,False,False,False,harmful by under-delivery,LeastLaxity,False,False,True,False,False,False,False,False,not_mutually_acceptable,driver_fleet_grid_fail,driver,2766.0,8.738095238095237,13.0,0.8417938749282782,-199492.50535252783,1.0583333333333333,350.0,0.2466036472684217,0.9631578947368407,0.5318372312835895,10.194209803972344,0.6374999999999998,0.3605654761904762,2286.0,2050.0,3395.0,236.0,138.0,0.0,0.23564064801178203
multi_actor_v2,multi_actor_v2_caltech_sce_cap50,metro_caltech_sce,campus/workplace,multi-actor compact weekly matrix,50,20,2,2,4505,D_SoCCompliance__F_QueueAware__G_PeakPenalty,multi_actor,87.4133949191686,109,866,87.4133949191686,109,866,45.60772385107148,3648.6179080857187,254.0,183.82142857142858,1.381775791723334,1.381775791723334,0.7237064116985378,6193442.0,172.8,124,2048.9999999999995,693.0,20,5.238095238095238,111,44,"[10416, 51, 1673, 1300]",10416,1673,51,1300,0.775,0.12447916666666667,0.003794642857142857,0.3039021164021164,0.767526455026455,"Operational multi-actor scenario; not causal human behavior, global optimization, filed tariff billing, or site-specific feeder validation.",3024,2575,2409,5393,669,4724,151,51,100,2406,3,152,2893,2334,1324,155,919,2321,2420,168,SoCCompliance,FleetQueueAware,GridPeakPenalty,"Full interaction: SoC-dependent compliance, queue-aware fleet policy, and grid peak cap.",1006890.5193942944,50.0,6350.0,0.8113268816493429,1.0583333333333333,2406,1324,-7.505773672055426,2048.9999999999995,False,False,False,harmful by under-delivery,LeastLaxity,False,False,True,False,False,False,False,False,not_mutually_acceptable,driver_fleet_grid_fail,driver,2409.0,5.238095238095238,0.0,0.7985074284536585,-254075.23185009672,1.0583333333333333,350.0,0.24054276493318655,0.8771929824561403,0.5496240704286965,10.692082070935944,0.7939769345238096,0.20334821428571428,2234.0,2022.0,3024.0,212.0,152.0,0.0,0.3039021164021164
multi_actor_v2,multi_actor_v2_caltech_sce_cap50,metro_caltech_sce,campus/workplace,multi-actor compact weekly matrix,50,20,2,2,4506,LeastLaxity,anchor,95.32710280373831,40,856,95.32710280373831,40,856,54.657183824696595,4372.574705975728,233.0,48.45238095238095,4.808845208845209,4.808845208845209,0.2079501328428367,755020.0,172.8,4,0.0,0.0,19,0.0,0,0,"[12787, 0, 653, 0]",12787,653,0,0,0.9514136904761905,0.048586309523809525,0.0,0.26952526799387444,0.0,"Behavior Applied Energy package v1; behavior proxies are imposed perturbations, not measured traits.",653,653,0,4967,584,4383,73,69,4,0,0,0,0,0,0,0,176,0,4383,168,FullyCompliant,FleetServiceFirst,NoGridIncentive,LeastLaxity anchor used for paired thresholds.,1262604.0143131693,68.89999999999992,5825.0,1.0,1.0,0,0,0.0,0.0,True,True,True,anchor,LeastLaxity,True,True,True,True,True,True,True,True,mutually_acceptable,all_pass,none,0.0,0.0,0.0,1.0,0.0,1.0,0.0,1.0,1.0,0.0,1.0,,,,,,,,,
multi_actor_v2,multi_actor_v2_caltech_sce_cap50,metro_caltech_sce,campus/workplace,multi-actor compact weekly matrix,50,20,2,2,4506,D_FullyCompliant__F_ServiceFirst__G_NoGrid,multi_actor,95.32710280373831,40,856,95.32710280373831,40,856,54.657183824696595,4372.574705975728,233.0,48.45238095238095,4.808845208845209,4.808845208845209,0.2079501328428367,755020.0,172.8,4,0.0,0.0,19,0.0,0,0,"[12787, 0, 653, 0]",12787,653,0,0,0.9514136904761905,0.048586309523809525,0.0,0.26952526799387444,0.0,"Operational multi-actor scenario; not causal human behavior, global optimization, filed tariff billing, or site-specific feeder validation.",653,653,0,4967,584,4383,73,69,4,0,0,0,0,0,0,0,176,0,4383,168,FullyCompliant,FleetServiceFirst,NoGridIncentive,"Baseline multi-actor row: least-laxity service-first fleet recommendation, fully compliant driver layer, no grid incentive.",1262604.0143131693,68.89999999999992,5825.0,1.0,1.0,0,0,0.0,0.0,True,True,True,service-tolerated,LeastLaxity,True,True,True,True,True,True,True,True,mutually_acceptable,all_pass,none,0.0,0.0,0.0,1.0,0.0,1.0,0.0,1.0,1.0,0.0,1.0,1.0,0.0,653.0,653.0,653.0,0.0,0.0,0.0,0.26952526799387444
multi_actor_v2,multi_actor_v2_caltech_sce_cap50,metro_caltech_sce,campus/workplace,multi-actor compact weekly matrix,50,20,2,2,4506,D_FullyCompliant__F_CostOnly__G_NoGrid,multi_actor,95.44392523364486,39,856,95.44392523364486,39,856,54.7510340135731,4380.082721085848,247.0,169.89880952380952,1.4538065375048173,1.4538065375048173,0.6878494312704839,5536207.0,172.8,96,60.0,6.75,19,0.05357142857142857,0,0,"[11141, 45, 1, 2253]",11141,1,45,2253,0.8289434523809524,7.440476190476191e-05,0.0033482142857142855,0.37886037407568507,0.7311874728142671,"Operational multi-actor scenario; not causal human behavior, global optimization, filed tariff billing, or site-specific feeder validation.",2299,2290,1541,4967,722,4245,271,36,235,1532,9,4,52,16,18,0,871,1681,2713,168,FullyCompliant,FleetCostOnly,NoGridIncentive,Fleet shifts discretionary charging to cheap windows without an explicit grid guardrail.,1196770.1207877318,47.19999999999993,6175.0,1.0017170696020035,1.0600858369098713,1532,18,0.11682242990654856,60.0,True,True,False,harmful by priority distortion,LeastLaxity,False,False,True,False,False,False,False,False,not_mutually_acceptable,driver_fleet_grid_fail,driver,1541.0,0.05357142857142857,0.0,0.947858637562427,-65833.89352543745,1.0600858369098713,350.0,0.30231926260191117,0.6850507982583453,0.4798992984276472,7.332530264098964,1.0,0.0,2299.0,2299.0,2299.0,0.0,4.0,0.0,0.37886037407568507
multi_actor_v2,multi_actor_v2_caltech_sce_cap50,metro_caltech_sce,campus/workplace,multi-actor compact weekly matrix,50,20,2,2,4506,D_FullyCompliant__F_ServiceCostly__G_NoGrid,multi_actor,95.21028037383178,41,856,95.21028037383178,41,856,53.79216710781266,4303.3733686250125,240.0,123.29166666666667,1.9466035822913146,1.9466035822913146,0.5137152777777778,3660675.0,172.8,66,180.0,52.5,19,0.4166666666666667,14,0,"[11778, 0, 579, 1083]",11778,579,0,1083,0.8763392857142858,0.04308035714285714,0.0,0.10108303249097472,0.6155234657039711,"Operational multi-actor scenario; not causal human behavior, global optimization, filed tariff billing, or site-specific feeder validation.",1662,1626,968,4967,676,4291,83,52,31,958,0,61,837,535,92,14,168,1023,3363,168,FullyCompliant,FleetServiceCostly,NoGridIncentive,"Fleet preserves urgent service but shifts discretionary charging away from cheap windows, creating a fleet economic stress case.",1244270.674769008,132.89999999999992,6000.0,0.9841737781504015,1.0300429184549356,958,92,-0.11682242990653435,180.0,False,True,False,harmful by priority distortion,LeastLaxity,False,False,True,False,True,False,False,False,not_mutually_acceptable,driver_fleet_grid_fail,driver,968.0,0.4166666666666667,0.0,0.9854797392243885,-18333.339544161223,1.0300429184549356,175.0,0.4047964735298206,1.9288824383164016,0.3057651449349411,4.848447723239119,1.0,0.0,1662.0,1662.0,1662.0,0.0,61.0,0.0,0.10108303249097472
multi_actor_v2,multi_actor_v2_caltech_sce_cap50,metro_caltech_sce,campus/workplace,multi-actor compact weekly matrix,50,20,2,2,4506,D_FullyCompliant__F_QueueAware__G_NoGrid,multi_actor,95.21028037383178,41,856,95.21028037383178,41,856,52.559230557976015,4204.738444638081,247.0,168.35119047619048,1.4671710921755117,1.4671710921755117,0.681583767110083,5476713.0,172.8,95,0.0,0.0,19,0.0,0,0,"[11181, 0, 1, 2258]",11181,1,0,2258,0.8319196428571428,7.440476190476191e-05,0.0,0.36786188579017265,0.7414785303231518,"Operational multi-actor scenario; not causal human behavior, global optimization, filed tariff billing, or site-specific feeder validation.",2259,2259,1522,4967,737,4230,912,0,912,1522,0,0,0,0,0,0,831,1675,2708,168,FullyCompliant,FleetQueueAware,NoGridIncentive,Fleet suppresses non-urgent/high-SoC requests under queue pressure.,1206227.7354010134,40.59999999999991,6175.0,0.9616161477794136,1.0600858369098713,1522,0,-0.11682242990653435,0.0,False,False,False,harmful by priority distortion,LeastLaxity,False,False,True,False,False,False,False,False,not_mutually_acceptable,driver_fleet_grid_fail,driver,1522.0,0.0,0.0,0.9553492003248355,-56376.27891215589,1.0600858369098713,350.0,0.3050984235210674,0.5892597968069659,0.47363363426724625,7.253732351460888,1.0,0.0,2259.0,2259.0,2259.0,0.0,0.0,0.0,0.36786188579017265
multi_actor_v2,multi_actor_v2_caltech_sce_cap50,metro_caltech_sce,campus/workplace,multi-actor compact weekly matrix,50,20,2,2,4506,D_FullyCompliant__F_AvailabilityFocused__G_NoGrid,multi_actor,95.21028037383178,41,856,95.21028037383178,41,856,54.940473142876684,4395.2378514301345,247.0,172.01190476190476,1.4359471243684685,1.4359471243684685,0.6964044727202622,5637358.0,172.8,97,0.0,0.0,19,0.0,0,0,"[11130, 0, 52, 2258]",11130,52,0,2258,0.828125,0.003869047619047619,0.0,0.3619047619047619,0.7359307359307359,"Operational multi-actor scenario; not causal human behavior, global optimization, filed tariff billing, or site-specific feeder validation.",2310,2310,1547,4967,712,4255,204,51,153,1547,0,0,0,0,0,0,836,1700,2708,168,FullyCompliant,FleetAvailabilityFocused,NoGridIncentive,Fleet maintains a higher readiness reserve for vehicles with likely upcoming needs.,1272176.7887649029,25.89999999999992,6175.0,1.0051830207551251,1.0600858369098713,1547,0,-0.11682242990653435,0.0,True,True,False,harmful by priority distortion,LeastLaxity,False,False,True,False,False,False,False,False,not_mutually_acceptable,driver_fleet_grid_fail,driver,1547.0,0.0,0.0,1.0075817709616115,9572.774451733567,1.0600858369098713,350.0,0.29860539526771235,0.37590711175616764,0.4884543398774255,7.466501549627824,1.0,0.0,2310.0,2310.0,2310.0,0.0,0.0,0.0,0.3619047619047619
multi_actor_v2,multi_actor_v2_caltech_sce_cap50,metro_caltech_sce,campus/workplace,multi-actor compact weekly matrix,50,20,2,2,4506,D_FullyCompliant__F_ServiceFirst__G_PeakPenalty,multi_actor,95.32710280373831,40,856,95.32710280373831,40,856,54.657183824696595,4372.574705975728,198.0,48.45238095238095,4.0864864864864865,4.0864864864864865,0.24470899470899468,747740.0,172.8,5,0.0,0.0,14,0.0,0,0,"[12787, 0, 653, 0]",12787,653,0,0,0.9514136904761905,0.048586309523809525,0.0,0.26952526799387444,0.0,"Operational multi-actor scenario; not causal human behavior, global optimization, filed tariff billing, or site-specific feeder validation.",653,653,0,4967,584,4383,73,69,4,0,0,0,0,0,0,0,176,0,4383,168,FullyCompliant,FleetServiceFirst,GridPeakPenalty,Service-first fleet recommendation with an action-changing peak cap.,1262604.0143131693,75.89999999999992,4950.0,1.0,0.8497854077253219,0,0,0.0,0.0,True,True,True,service-tolerated,LeastLaxity,True,True,True,True,True,False,False,False,not_mutually_acceptable,grid_only_fail,grid,0.0,0.0,-5.0,1.0,0.0,0.8497854077253219,-875.0,0.8497854077253217,1.1015965166908563,0.03675886186615798,0.9903578713146671,1.0,0.0,675.0,653.0,653.0,22.0,0.0,0.0,0.26952526799387444
multi_actor_v2,multi_actor_v2_caltech_sce_cap50,metro_caltech_sce,campus/workplace,multi-actor compact weekly matrix,50,20,2,2,4506,D_FullyCompliant__F_CostOnly__G_PeakPenalty,multi_actor,95.44392523364486,39,856,95.44392523364486,39,856,54.7510340135731,4380.082721085848,212.0,164.2202380952381,1.2909492913842473,1.2909492913842473,0.7746237646001797,5059501.0,172.8,96,0.0,0.0,14,0.0,0,0,"[11317, 36, 1, 2086]",11317,1,36,2086,0.8420386904761905,7.440476190476191e-05,0.0026785714285714286,0.3410268487988695,0.7131417804992934,"Operational multi-actor scenario; not causal human behavior, global optimization, filed tariff billing, or site-specific feeder validation.",2123,2123,1365,4967,722,4245,394,36,358,1365,0,0,0,0,0,0,724,1514,2880,168,FullyCompliant,FleetCostOnly,GridPeakPenalty,Cheap-window fleet policy with a grid peak cap.,1197263.5700324166,47.89999999999992,5300.0,1.0017170696020035,0.9098712446351931,1365,0,0.11682242990654856,0.0,True,True,False,harmful by priority distortion,LeastLaxity,False,False,True,False,True,False,False,False,not_mutually_acceptable,driver_fleet_grid_fail,driver,1365.0,0.0,-5.0,0.9482494562507022,-65340.44428075268,0.9098712446351931,-525.0,0.26845307663672013,0.6952104499274308,0.566673631757343,6.701148313951948,1.0,0.0,2342.0,2123.0,2123.0,219.0,0.0,0.0,0.3410268487988695
multi_actor_v2,multi_actor_v2_caltech_sce_cap50,metro_caltech_sce,campus/workplace,multi-actor compact weekly matrix,50,20,2,2,4506,D_FullyCompliant__F_QueueAware__G_PeakPenalty,multi_actor,95.21028037383178,41,856,95.21028037383178,41,856,52.559230557976015,4204.738444638081,212.0,161.1845238095238,1.3152627497322649,1.3152627497322649,0.7603043575920934,4937307.0,172.8,95,0.0,0.0,14,0.0,0,0,"[11353, 0, 1, 2086]",11353,1,0,2086,0.8447172619047619,7.440476190476191e-05,0.0,0.3296597987541926,0.7201724964063249,"Operational multi-actor scenario; not causal human behavior, global optimization, filed tariff billing, or site-specific feeder validation.",2087,2087,1350,4967,737,4230,912,0,912,1350,0,0,0,0,0,0,688,1503,2880,168,FullyCompliant,FleetQueueAware,GridPeakPenalty,Queue-aware fleet policy with a grid peak cap.,1206721.1846456982,32.89999999999992,5300.0,0.9616161477794136,0.9098712446351931,1350,0,-0.11682242990653435,0.0,False,False,False,harmful by priority distortion,LeastLaxity,False,False,True,False,True,False,False,False,not_mutually_acceptable,driver_fleet_grid_fail,driver,1350.0,0.0,-5.0,0.9557400190131106,-55882.82966747112,0.9098712446351931,-525.0,0.27350906353005916,0.47750362844702404,0.5523542247492567,6.539306243543217,1.0,0.0,2259.0,2087.0,2087.0,172.0,0.0,0.0,0.3296597987541926
multi_actor_v2,multi_actor_v2_caltech_sce_cap50,metro_caltech_sce,campus/workplace,multi-actor compact weekly matrix,50,20,2,2,4506,D_LimitedAttentionP0025__F_ServiceFirst__G_NoGrid,multi_actor,95.32710280373831,40,856,95.32710280373831,40,856,54.42093382469659,4353.674705975727,226.0,48.32738095238095,4.67643798497352,4.67643798497352,0.2138379688158449,746935.0,172.8,4,0.0,0.0,18,0.0,0,0,"[12790, 0, 650, 0]",12790,650,0,0,0.9516369047619048,0.04836309523809524,0.0,0.27076923076923076,0.0,"Operational multi-actor scenario; not causal human behavior, global optimization, filed tariff billing, or site-specific feeder validation.",650,650,0,4967,581,4386,73,69,4,0,0,0,0,0,0,0,176,0,4386,168,LimitedAttentionP0025,FleetServiceFirst,NoGridIncentive,Low-probability missed compliance with service-first fleet recommendation.,1253695.814313169,68.89999999999992,5650.0,0.9956776038670829,0.9699570815450643,0,0,0.0,0.0,True,True,True,service-tolerated,LeastLaxity,True,True,True,True,True,True,True,True,mutually_acceptable,all_pass,none,0.0,0.0,-1.0,0.9929445812788374,-8908.200000000186,0.9699570815450643,-175.0,0.9724659002065309,1.0,0.00588783597300821,0.9892916743927314,0.9749999999999999,0.0006696428571428571,659.0,659.0,650.0,0.0,0.0,0.0,0.27076923076923076
multi_actor_v2,multi_actor_v2_caltech_sce_cap50,metro_caltech_sce,campus/workplace,multi-actor compact weekly matrix,50,20,2,2,4506,D_LimitedAttentionP005__F_ServiceFirst__G_NoGrid,multi_actor,94.9766355140187,43,856,94.9766355140187,43,856,53.115059715202506,4249.2047772162005,233.0,47.57738095238095,4.897285124483924,4.897285124483924,0.20419476803596973,724327.0,172.8,2,0.0,0.0,19,0.0,0,0,"[12808, 0, 632, 0]",12808,632,0,0,0.9529761904761904,0.04702380952380952,0.0,0.27848101265822783,0.0,"Operational multi-actor scenario; not causal human behavior, global optimization, filed tariff billing, or site-specific feeder validation.",632,632,0,4967,561,4406,81,71,10,0,0,0,0,0,0,0,176,0,4406,168,LimitedAttentionP005,FleetServiceFirst,NoGridIncentive,Moderate missed compliance with service-first fleet recommendation.,1217478.3779418136,83.59999999999991,5825.0,0.971785518360401,1.0,0,0,-0.35046728971961727,0.0,False,False,True,service-tolerated,LeastLaxity,True,True,True,True,True,False,False,False,not_mutually_acceptable,grid_only_fail,grid,0.0,0.0,0.0,0.9642598662289988,-45125.63637135574,1.0,0.0,1.01839109220568,1.2133526850507983,-0.003755364806866973,0.9593480967391592,0.95,0.0033482142857142855,677.0,677.0,632.0,0.0,0.0,0.0,0.27848101265822783
multi_actor_v2,multi_actor_v2_caltech_sce_cap50,metro_caltech_sce,campus/workplace,multi-actor compact weekly matrix,50,20,2,2,4506,D_SoCCompliance__F_ServiceFirst__G_NoGrid,multi_actor,88.20093457943925,101,856,88.20093457943925,101,856,44.19559299994747,3535.647439995798,233.0,124.36904761904762,1.87345649468747,1.87345649468747,0.5337727365624362,3142630.0,172.8,24,2763.0,742.5,22,5.755952380952381,122,23,"[11611, 34, 1795, 0]",11611,1795,34,0,0.8639136904761905,0.13355654761904762,0.002529761904761905,0.2903225806451613,0.6451612903225806,"Operational multi-actor scenario; not causal human behavior, global optimization, filed tariff billing, or site-specific feeder validation.",1829,1400,1369,4968,542,4426,77,57,20,1358,9,145,1772,1325,1393,145,531,1180,3205,168,SoCCompliance,FleetServiceFirst,NoGridIncentive,Compliance probability is higher at low SoC and lower at high SoC.,1002686.5943349705,57.0,5825.0,0.8085962339680205,1.0,1358,1393,-7.1261682242990645,2763.0,False,False,False,harmful by under-delivery,LeastLaxity,False,False,True,False,True,False,False,False,not_mutually_acceptable,driver_fleet_grid_fail,driver,1369.0,5.755952380952381,3.0,0.7941417760186763,-259917.41997819883,1.0,0.0,0.38958552694553455,0.8272859216255453,0.3258226037195995,4.162313581097189,0.7972418154761894,0.20342261904761905,349.0,349.0,1829.0,0.0,145.0,0.0,0.2903225806451613
multi_actor_v2,multi_actor_v2_caltech_sce_cap50,metro_caltech_sce,campus/workplace,multi-actor compact weekly matrix,50,20,2,2,4506,D_SoCQueueCompliance__F_ServiceFirst__G_NoGrid,multi_actor,88.55140186915888,98,856,88.55140186915888,98,856,46.055529037353544,3684.4423229882836,233.0,138.7797619047619,1.6789191507613126,1.6789191507613126,0.5956212957285918,3844841.0,172.8,54,3845.9999999999995,1401.75,33,10.327380952380953,225,134,"[10644, 35, 2761, 0]",10644,2761,35,0,0.7919642857142857,0.2054315476190476,0.0026041666666666665,0.26895565092989987,0.6208869814020028,"Operational multi-actor scenario; not causal human behavior, global optimization, filed tariff billing, or site-specific feeder validation.",2796,1666,2308,4966,561,4405,94,55,39,2303,4,149,2752,2272,2859,359,752,1736,2225,168,SoCQueueCompliance,FleetServiceFirst,NoGridIncentive,SoC-dependent compliance with queue-sensitive avoidance for non-critical high-SoC charging.,1036127.6857761939,54.89999999999992,5825.0,0.8426253570814888,1.0,2303,2859,-6.775700934579433,3845.9999999999995,False,False,False,harmful by under-delivery,LeastLaxity,False,False,True,False,True,False,False,False,not_mutually_acceptable,driver_fleet_grid_fail,driver,2308.0,10.327380952380953,14.0,0.8206275871377029,-226476.32853697543,1.0,0.0,0.3491314604331975,0.7968069666182871,0.3876711628857551,5.092369738549972,0.5860706845238092,0.4211309523809524,328.0,328.0,2796.0,0.0,149.0,31.0,0.26895565092989987
multi_actor_v2,multi_actor_v2_caltech_sce_cap50,metro_caltech_sce,campus/workplace,multi-actor compact weekly matrix,50,20,2,2,4506,D_PriceSensitive__F_ServiceFirst__G_NoGrid,multi_actor,89.36915887850468,91,856,89.36915887850468,91,856,47.22243547139431,3777.794837711545,233.0,116.80952380952381,1.9947003668976764,1.9947003668976764,0.5013284283670549,2833428.0,172.8,15,2400.0,1176.0,32,8.613095238095237,194,121,"[11298, 0, 2142, 0]",11298,2142,0,0,0.840625,0.159375,0.0,0.1437908496732026,0.49206349206349204,"Operational multi-actor scenario; not causal human behavior, global optimization, filed tariff billing, or site-specific feeder validation.",2142,1280,1645,4966,576,4390,115,57,58,1644,0,140,2064,1600,2305,315,308,1054,2880,168,PriceSensitive,FleetServiceFirst,NoGridIncentive,"Driver layer biases actual requests toward cheap windows, bounded by critical/low-SoC need.",1054897.6695772952,57.0,5825.0,0.8639749099194729,1.0,1644,2305,-5.957943925233636,2400.0,False,False,False,harmful by under-delivery,LeastLaxity,False,False,True,False,True,False,False,False,not_mutually_acceptable,driver_fleet_grid_fail,driver,1645.0,8.613095238095237,13.0,0.8354936762585361,-207706.3447358741,1.0,0.0,0.4147982062780269,0.8272859216255453,0.29337829552421824,3.7527853566792935,0.6374999999999998,0.3621279761904762,372.0,372.0,2142.0,0.0,140.0,0.0,0.1437908496732026
multi_actor_v2,multi_actor_v2_caltech_sce_cap50,metro_caltech_sce,campus/workplace,multi-actor compact weekly matrix,50,20,2,2,4506,D_ReserveSeeking__F_ServiceFirst__G_NoGrid,multi_actor,91.23831775700934,75,856,91.23831775700934,75,856,49.69838709285936,3975.8709674287493,233.0,75.51785714285714,3.08536296996926,3.08536296996926,0.3241109748620478,1433057.0,172.8,5,542.9999999999998,231.75,19,1.8333333333333333,48,1,"[12518, 7, 915, 0]",12518,915,7,0,0.9313988095238095,0.06808035714285714,0.0005208333333333333,0.3004338394793926,0.3383947939262473,"Operational multi-actor scenario; not causal human behavior, global optimization, filed tariff billing, or site-specific feeder validation.",922,848,397,4966,580,4386,69,68,1,397,0,99,694,328,374,49,277,312,4112,168,ReserveSeeking,FleetServiceFirst,NoGridIncentive,Driver layer maintains a higher reserve threshold than the fleet recommendation assumes.,1120020.1802435613,104.89999999999992,5825.0,0.9092745658513671,1.0,397,374,-4.088785046728972,542.9999999999998,False,False,False,harmful by under-delivery,LeastLaxity,False,False,True,False,True,False,False,False,not_mutually_acceptable,driver_fleet_grid_fail,driver,397.0,1.8333333333333333,0.0,0.88707161354372,-142583.834069608,1.0,0.0,0.6416016394734767,1.522496371552976,0.11616084201921112,1.8980384625572833,0.9000000000000001,0.09866071428571428,465.0,465.0,922.0,0.0,99.0,0.0,0.3004338394793926
multi_actor_v2,multi_actor_v2_caltech_sce_cap50,metro_caltech_sce,campus/workplace,multi-actor compact weekly matrix,50,20,2,2,4506,D_UrgencyDriven__F_ServiceFirst__G_NoGrid,multi_actor,95.09345794392523,42,856,95.09345794392523,42,856,53.551139886602776,4284.091190928222,233.0,65.79166666666667,3.5414819506016464,3.5414819506016464,0.28236766809728187,1142127.0,172.8,4,60.0,9.75,19,0.07738095238095238,2,0,"[12546, 0, 536, 358]",12546,536,0,358,0.9334821428571428,0.03988095238095238,0.0,0.3098434004474273,0.29977628635346754,"Operational multi-actor scenario; not causal human behavior, global optimization, filed tariff billing, or site-specific feeder validation.",894,891,218,4967,619,4348,72,67,5,217,0,13,90,28,13,2,277,268,4140,168,UrgencyDriven,FleetServiceFirst,NoGridIncentive,Driver layer prioritizes deadline/urgent charging pressure over the fleet recommendation.,1223159.6191236593,83.59999999999991,5825.0,0.9797639786630562,1.0,217,13,-0.23364485981308292,60.0,False,False,False,harmful by priority distortion,LeastLaxity,False,False,True,False,True,False,False,False,not_mutually_acceptable,driver_fleet_grid_fail,driver,218.0,0.07738095238095238,0.0,0.9687594885313533,-39444.39518950996,1.0,0.0,0.7364516420881208,1.2133526850507983,0.07441753525444517,1.5127109215649917,0.8499999999999999,0.15305059523809525,634.0,634.0,894.0,0.0,13.0,0.0,0.3098434004474273
multi_actor_v2,multi_actor_v2_caltech_sce_cap50,metro_caltech_sce,campus/workplace,multi-actor compact weekly matrix,50,20,2,2,4506,D_PriceSensitive__F_QueueAware__G_PeakPenalty,multi_actor,90.42056074766354,82,856,90.42056074766354,82,856,47.33113214549084,3786.4905716392673,233.0,163.64285714285714,1.4238323876036665,1.4238323876036665,0.7023298589822194,5095906.0,172.8,94,2820.0,1222.5,32,9.029761904761905,224,113,"[10377, 19, 1943, 1101]",10377,1943,19,1101,0.7720982142857142,0.1445684523809524,0.0014136904761904762,0.24094025465230168,0.633039503754489,"Operational multi-actor scenario; not causal human behavior, global optimization, filed tariff billing, or site-specific feeder validation.",3063,2146,2542,4968,640,4328,541,20,521,2539,3,149,2949,2446,2428,337,738,1939,1924,168,PriceSensitive,FleetQueueAware,GridPeakPenalty,"Full interaction: price-sensitive driver response, queue-aware fleet policy, and grid peak cap.",1025870.172054394,47.89999999999992,5825.0,0.8659636086867778,1.0,2539,2428,-4.90654205607477,2820.0,False,False,False,harmful by under-delivery,LeastLaxity,False,False,True,False,True,False,False,False,not_mutually_acceptable,driver_fleet_grid_fail,driver,2542.0,9.029761904761905,13.0,0.8125034931181067,-236733.84225877526,1.0,0.0,0.2960861341481158,0.6952104499274308,0.49437972613938275,6.7493655797197425,0.6374999999999998,0.37023809523809526,1799.0,1686.0,3063.0,113.0,149.0,0.0,0.24094025465230168
multi_actor_v2,multi_actor_v2_caltech_sce_cap50,metro_caltech_sce,campus/workplace,multi-actor compact weekly matrix,50,20,2,2,4506,D_SoCCompliance__F_QueueAware__G_PeakPenalty,multi_actor,87.85046728971963,104,856,87.85046728971963,104,856,42.77573296076929,3422.058636861543,240.0,164.85119047619048,1.4558584582054521,1.4558584582054521,0.6868799603174603,5162089.0,172.8,94,3000.0,736.5,20,5.696428571428571,114,25,"[10813, 46, 1521, 1060]",10813,1521,46,1060,0.8045386904761904,0.11316964285714286,0.0034226190476190476,0.31176246669204416,0.7700799390940236,"Operational multi-actor scenario; not causal human behavior, global optimization, filed tariff billing, or site-specific feeder validation.",2627,2175,2134,4967,572,4395,148,38,110,2123,11,145,2505,2043,1405,139,819,2023,2386,168,SoCCompliance,FleetQueueAware,GridPeakPenalty,"Full interaction: SoC-dependent compliance, queue-aware fleet policy, and grid peak cap.",931427.5415499223,43.0,6000.0,0.7826186782320328,1.0300429184549356,2123,1405,-7.476635514018682,3000.0,False,False,False,harmful by under-delivery,LeastLaxity,False,False,True,False,True,False,False,False,not_mutually_acceptable,driver_fleet_grid_fail,driver,2134.0,5.696428571428571,1.0,0.7377036117349902,-331176.472763247,1.0300429184549356,175.0,0.30274595978419117,0.6240928882438324,0.47892982747462365,6.837022860321581,0.801607886904762,0.19717261904761904,1748.0,1670.0,2627.0,78.0,145.0,0.0,0.31176246669204416
multi_actor_v2,multi_actor_v2_caltech_sce_cap50,metro_caltech_sce,campus/workplace,multi-actor compact weekly matrix,50,20,2,2,4507,LeastLaxity,anchor,94.08352668213456,51,862,94.08352668213456,51,862,42.151518061051135,3372.121444884091,191.0,33.95238095238095,5.625525946704068,5.625525946704068,0.17776115681874843,408296.0,172.8,2,0.0,0.0,13,0.0,0,0,"[12920, 0, 520, 0]",12920,520,0,0,0.9613095238095238,0.03869047619047619,0.0,0.27115384615384613,0.0,"Behavior Applied Energy package v1; behavior proxies are imposed perturbations, not measured traits.",520,520,0,4039,481,3558,39,39,0,0,0,0,0,0,0,0,141,0,3558,168,FullyCompliant,FleetServiceFirst,NoGridIncentive,LeastLaxity anchor used for paired thresholds.,974963.3483452766,57.0,4775.0,1.0,1.0,0,0,0.0,0.0,True,True,True,anchor,LeastLaxity,True,True,True,True,True,True,True,True,mutually_acceptable,all_pass,none,0.0,0.0,0.0,1.0,0.0,1.0,0.0,1.0,1.0,0.0,1.0,,,,,,,,,
multi_actor_v2,multi_actor_v2_caltech_sce_cap50,metro_caltech_sce,campus/workplace,multi-actor compact weekly matrix,50,20,2,2,4507,D_FullyCompliant__F_ServiceFirst__G_NoGrid,multi_actor,94.08352668213456,51,862,94.08352668213456,51,862,42.151518061051135,3372.121444884091,191.0,33.95238095238095,5.625525946704068,5.625525946704068,0.17776115681874843,408296.0,172.8,2,0.0,0.0,13,0.0,0,0,"[12920, 0, 520, 0]",12920,520,0,0,0.9613095238095238,0.03869047619047619,0.0,0.27115384615384613,0.0,"Operational multi-actor scenario; not causal human behavior, global optimization, filed tariff billing, or site-specific feeder validation.",520,520,0,4039,481,3558,39,39,0,0,0,0,0,0,0,0,141,0,3558,168,FullyCompliant,FleetServiceFirst,NoGridIncentive,"Baseline multi-actor row: least-laxity service-first fleet recommendation, fully compliant driver layer, no grid incentive.",974963.3483452766,57.0,4775.0,1.0,1.0,0,0,0.0,0.0,True,True,True,service-tolerated,LeastLaxity,True,True,True,True,True,True,True,True,mutually_acceptable,all_pass,none,0.0,0.0,0.0,1.0,0.0,1.0,0.0,1.0,1.0,0.0,1.0,1.0,0.0,520.0,520.0,520.0,0.0,0.0,0.0,0.27115384615384613
multi_actor_v2,multi_actor_v2_caltech_sce_cap50,metro_caltech_sce,campus/workplace,multi-actor compact weekly matrix,50,20,2,2,4507,D_FullyCompliant__F_CostOnly__G_NoGrid,multi_actor,94.77958236658934,45,862,94.77958236658934,45,862,42.024437987331254,3361.9550389865003,205.0,129.35714285714286,1.5847598012147983,1.5847598012147983,0.6310104529616725,3675238.0,172.8,61,0.0,0.75,13,0.005952380952380952,0,0,"[11778, 23, 1, 1638]",11778,1,23,1638,0.8763392857142858,7.440476190476191e-05,0.0017113095238095238,0.37184115523465705,0.7057761732851986,"Operational multi-actor scenario; not causal human behavior, global optimization, filed tariff billing, or site-specific feeder validation.",1662,1661,1066,4039,574,3465,185,22,163,1065,1,1,13,3,1,0,618,1173,2400,168,FullyCompliant,FleetCostOnly,NoGridIncentive,Fleet shifts discretionary charging to cheap windows without an explicit grid guardrail.,928516.1573059489,50.0,5125.0,0.996985160213309,1.0732984293193717,1065,1,0.6960556844547767,0.0,True,True,False,harmful by priority distortion,LeastLaxity,False,False,True,False,False,False,False,False,not_mutually_acceptable,driver_fleet_grid_fail,driver,1066.0,0.005952380952380952,0.0,0.9523600644904667,-46447.19103932765,1.0732984293193717,350.0,0.28170873554379233,0.8771929824561403,0.45324929614292403,9.001405842819915,1.0,0.0,1662.0,1662.0,1662.0,0.0,1.0,0.0,0.37184115523465705
multi_actor_v2,multi_actor_v2_caltech_sce_cap50,metro_caltech_sce,campus/workplace,multi-actor compact weekly matrix,50,20,2,2,4507,D_FullyCompliant__F_ServiceCostly__G_NoGrid,multi_actor,93.96751740139212,52,862,93.96751740139212,52,862,41.00680035669982,3280.5440285359855,198.0,93.26190476190476,2.123053357161093,2.123053357161093,0.471019721019721,2393456.0,172.8,27,122.99999999999983,44.25,13,0.35119047619047616,16,0,"[12215, 0, 444, 781]",12215,444,0,781,0.9088541666666666,0.033035714285714286,0.0,0.10693877551020409,0.5844897959183674,"Operational multi-actor scenario; not causal human behavior, global optimization, filed tariff billing, or site-specific feeder validation.",1225,1194,679,4040,539,3501,51,35,16,676,0,57,612,381,75,16,131,716,2851,168,FullyCompliant,FleetServiceCostly,NoGridIncentive,"Fleet preserves urgent service but shifts discretionary charging away from cheap windows, creating a fleet economic stress case.",944895.0975521195,146.89999999999992,4950.0,0.9728427881839667,1.036649214659686,676,75,-0.11600928074244621,122.99999999999983,False,False,False,harmful by priority distortion,LeastLaxity,False,False,True,False,True,False,False,False,not_mutually_acceptable,driver_fleet_grid_fail,driver,679.0,0.35119047619047616,0.0,0.9691596090825472,-30068.25079315703,1.036649214659686,175.0,0.37739642075688334,2.577192982456139,0.29325856420097257,5.86206085780904,1.0,0.0,1225.0,1225.0,1225.0,0.0,57.0,0.0,0.10693877551020409
multi_actor_v2,multi_actor_v2_caltech_sce_cap50,metro_caltech_sce,campus/workplace,multi-actor compact weekly matrix,50,20,2,2,4507,D_FullyCompliant__F_QueueAware__G_NoGrid,multi_actor,94.3155452436195,49,862,94.3155452436195,49,862,40.00016480733156,3200.0131845865244,205.0,127.41666666666667,1.6088947024198823,1.6088947024198823,0.6215447154471545,3627926.0,172.8,61,0.0,0.0,13,0.0,0,0,"[11801, 0, 1, 1638]",11801,1,0,1638,0.8780505952380953,7.440476190476191e-05,0.0,0.363026235509457,0.7162904209884076,"Operational multi-actor scenario; not causal human behavior, global optimization, filed tariff billing, or site-specific feeder validation.",1639,1639,1066,4039,573,3466,727,0,727,1066,0,0,0,0,0,0,595,1174,2400,168,FullyCompliant,FleetQueueAware,NoGridIncentive,Fleet suppresses non-urgent/high-SoC requests under queue pressure.,922943.182028357,47.89999999999992,5125.0,0.9489614288480995,1.0732984293193717,1066,0,0.23201856148493505,0.0,False,False,False,harmful by under-delivery,LeastLaxity,False,False,True,False,False,False,False,False,not_mutually_acceptable,driver_fleet_grid_fail,driver,1066.0,0.0,0.0,0.9466439775349412,-52020.166316919494,1.0732984293193717,350.0,0.28599898350171427,0.8403508771929811,0.44378355862840607,8.885529125928247,1.0,0.0,1639.0,1639.0,1639.0,0.0,0.0,0.0,0.363026235509457
multi_actor_v2,multi_actor_v2_caltech_sce_cap50,metro_caltech_sce,campus/workplace,multi-actor compact weekly matrix,50,20,2,2,4507,D_FullyCompliant__F_AvailabilityFocused__G_NoGrid,multi_actor,94.08352668213456,51,862,94.08352668213456,51,862,42.177276424340235,3374.182113947219,205.0,129.89880952380952,1.5781514915456172,1.5781514915456172,0.6336527293844367,3695825.0,172.8,61,0.0,0.0,13,0.0,0,0,"[11766, 0, 36, 1638]",11766,36,0,1638,0.8754464285714286,0.0026785714285714286,0.0,0.3590203106332139,0.7072879330943848,"Operational multi-actor scenario; not causal human behavior, global optimization, filed tariff billing, or site-specific feeder validation.",1674,1674,1076,4039,563,3476,45,35,10,1076,0,0,0,0,0,0,601,1184,2400,168,FullyCompliant,FleetAvailabilityFocused,NoGridIncentive,Fleet maintains a higher readiness reserve for vehicles with likely upcoming needs.,971031.7375091711,50.0,5125.0,1.0006110898129883,1.0732984293193717,1076,0,0.0,0.0,True,True,False,harmful by priority distortion,LeastLaxity,False,False,True,False,False,False,False,False,not_mutually_acceptable,driver_fleet_grid_fail,driver,1076.0,0.0,0.0,0.995967427039408,-3931.610836105421,1.0732984293193717,350.0,0.2805340347723822,0.8771929824561403,0.4558915725656883,9.05182759566589,1.0,0.0,1674.0,1674.0,1674.0,0.0,0.0,0.0,0.3590203106332139
multi_actor_v2,multi_actor_v2_caltech_sce_cap50,metro_caltech_sce,campus/workplace,multi-actor compact weekly matrix,50,20,2,2,4507,D_FullyCompliant__F_ServiceFirst__G_PeakPenalty,multi_actor,94.08352668213456,51,862,94.08352668213456,51,862,42.151518061051135,3372.121444884091,191.0,33.95238095238095,5.625525946704068,5.625525946704068,0.17776115681874843,408296.0,172.8,2,0.0,0.0,13,0.0,0,0,"[12920, 0, 520, 0]",12920,520,0,0,0.9613095238095238,0.03869047619047619,0.0,0.27115384615384613,0.0,"Operational multi-actor scenario; not causal human behavior, global optimization, filed tariff billing, or site-specific feeder validation.",520,520,0,4039,481,3558,39,39,0,0,0,0,0,0,0,0,141,0,3558,168,FullyCompliant,FleetServiceFirst,GridPeakPenalty,Service-first fleet recommendation with an action-changing peak cap.,974963.3483452766,57.0,4775.0,1.0,1.0,0,0,0.0,0.0,True,True,True,service-tolerated,LeastLaxity,True,True,True,True,True,True,True,True,mutually_acceptable,all_pass,none,0.0,0.0,0.0,1.0,0.0,1.0,0.0,1.0,1.0,0.0,1.0,1.0,0.0,520.0,520.0,520.0,0.0,0.0,0.0,0.27115384615384613
multi_actor_v2,multi_actor_v2_caltech_sce_cap50,metro_caltech_sce,campus/workplace,multi-actor compact weekly matrix,50,20,2,2,4507,D_FullyCompliant__F_CostOnly__G_PeakPenalty,multi_actor,94.77958236658934,45,862,94.77958236658934,45,862,42.024437987331254,3361.9550389865003,205.0,129.35714285714286,1.5847598012147983,1.5847598012147983,0.6310104529616725,3675238.0,172.8,61,0.0,0.0,13,0.0,0,0,"[11779, 22, 1, 1638]",11779,1,22,1638,0.8764136904761904,7.440476190476191e-05,0.001636904761904762,0.37146297411198076,0.7062010836845274,"Operational multi-actor scenario; not causal human behavior, global optimization, filed tariff billing, or site-specific feeder validation.",1661,1661,1065,4039,574,3465,185,22,163,1065,0,0,0,0,0,0,617,1173,2400,168,FullyCompliant,FleetCostOnly,GridPeakPenalty,Cheap-window fleet policy with a grid peak cap.,928516.1573059489,50.0,5125.0,0.996985160213309,1.0732984293193717,1065,0,0.6960556844547767,0.0,True,True,False,harmful by priority distortion,LeastLaxity,False,False,True,False,False,False,False,False,not_mutually_acceptable,driver_fleet_grid_fail,driver,1065.0,0.0,0.0,0.9523600644904667,-46447.19103932765,1.0732984293193717,350.0,0.28170873554379233,0.8771929824561403,0.45324929614292403,9.001405842819915,1.0,0.0,1662.0,1661.0,1661.0,1.0,0.0,0.0,0.37146297411198076
multi_actor_v2,multi_actor_v2_caltech_sce_cap50,metro_caltech_sce,campus/workplace,multi-actor compact weekly matrix,50,20,2,2,4507,D_FullyCompliant__F_QueueAware__G_PeakPenalty,multi_actor,94.3155452436195,49,862,94.3155452436195,49,862,40.00016480733156,3200.0131845865244,205.0,127.41666666666667,1.6088947024198823,1.6088947024198823,0.6215447154471545,3627926.0,172.8,61,0.0,0.0,13,0.0,0,0,"[11801, 0, 1, 1638]",11801,1,0,1638,0.8780505952380953,7.440476190476191e-05,0.0,0.363026235509457,0.7162904209884076,"Operational multi-actor scenario; not causal human behavior, global optimization, filed tariff billing, or site-specific feeder validation.",1639,1639,1066,4039,573,3466,727,0,727,1066,0,0,0,0,0,0,595,1174,2400,168,FullyCompliant,FleetQueueAware,GridPeakPenalty,Queue-aware fleet policy with a grid peak cap.,922943.182028357,47.89999999999992,5125.0,0.9489614288480995,1.0732984293193717,1066,0,0.23201856148493505,0.0,False,False,False,harmful by under-delivery,LeastLaxity,False,False,True,False,False,False,False,False,not_mutually_acceptable,driver_fleet_grid_fail,driver,1066.0,0.0,0.0,0.9466439775349412,-52020.166316919494,1.0732984293193717,350.0,0.28599898350171427,0.8403508771929811,0.44378355862840607,8.885529125928247,1.0,0.0,1639.0,1639.0,1639.0,0.0,0.0,0.0,0.363026235509457
multi_actor_v2,multi_actor_v2_caltech_sce_cap50,metro_caltech_sce,campus/workplace,multi-actor compact weekly matrix,50,20,2,2,4507,D_LimitedAttentionP0025__F_ServiceFirst__G_NoGrid,multi_actor,93.61948955916473,55,862,93.61948955916473,55,862,41.52151806105114,3321.7214448840914,191.0,33.61904761904762,5.681303116147308,5.681303116147308,0.17601595612066817,404040.0,172.8,2,0.0,0.0,13,0.0,0,0,"[12928, 0, 512, 0]",12928,512,0,0,0.9619047619047619,0.0380952380952381,0.0,0.275390625,0.0,"Operational multi-actor scenario; not causal human behavior, global optimization, filed tariff billing, or site-specific feeder validation.",512,512,0,4040,475,3565,39,37,2,0,0,0,0,0,0,0,141,0,3565,168,LimitedAttentionP0025,FleetServiceFirst,NoGridIncentive,Low-probability missed compliance with service-first fleet recommendation.,955279.9394834599,57.0,4775.0,0.9850539190762354,1.0,0,0,-0.46403712296982746,0.0,False,True,True,service-tolerated,LeastLaxity,True,True,True,True,True,True,True,True,mutually_acceptable,all_pass,none,0.0,0.0,0.0,0.9798111294181227,-19683.408861816628,1.0,0.0,1.0099150141643058,1.0,-0.0017452006980802626,0.9895761898230695,0.9749999999999999,0.0010416666666666667,526.0,526.0,512.0,0.0,0.0,0.0,0.275390625
multi_actor_v2,multi_actor_v2_caltech_sce_cap50,metro_caltech_sce,campus/workplace,multi-actor compact weekly matrix,50,20,2,2,4507,D_LimitedAttentionP005__F_ServiceFirst__G_NoGrid,multi_actor,93.27146171693735,58,862,93.27146171693735,58,862,40.734018061051145,3258.7214448840914,191.0,32.904761904761905,5.804630969609262,5.804630969609262,0.17227624033906758,395296.0,172.8,2,0.0,0.0,13,0.0,0,0,"[12939, 0, 501, 0]",12939,501,0,0,0.9627232142857143,0.037276785714285714,0.0,0.27345309381237526,0.0,"Operational multi-actor scenario; not causal human behavior, global optimization, filed tariff billing, or site-specific feeder validation.",501,501,0,4039,461,3578,40,40,0,0,0,0,0,0,0,0,137,0,3578,168,LimitedAttentionP005,FleetServiceFirst,NoGridIncentive,Moderate missed compliance with service-first fleet recommendation.,944266.4774074918,57.0,4775.0,0.9663713179215296,1.0,0,0,-0.8120649651972087,0.0,False,False,False,fragile,LeastLaxity,False,True,True,True,True,True,True,False,not_mutually_acceptable,driver_only_fail,driver,0.0,0.0,0.0,0.9685148462351082,-30696.870937784784,1.0,0.0,1.0318379160636757,1.0,-0.005484916479680857,0.968160354252797,0.95,0.001636904761904762,523.0,523.0,501.0,0.0,0.0,0.0,0.27345309381237526
multi_actor_v2,multi_actor_v2_caltech_sce_cap50,metro_caltech_sce,campus/workplace,multi-actor compact weekly matrix,50,20,2,2,4507,D_SoCCompliance__F_ServiceFirst__G_NoGrid,multi_actor,86.5429234338747,116,862,86.5429234338747,116,862,33.18528206161047,2654.822564928838,191.0,93.30952380952381,2.046950752743047,2.046950752743047,0.48853153826975815,2045598.0,172.8,4,1754.999999999999,521.25,21,4.005952380952381,85,22,"[12105, 13, 1322, 0]",12105,1322,13,0,0.9006696428571429,0.09836309523809524,0.0009672619047619048,0.28389513108614234,0.600749063670412,"Operational multi-actor scenario; not causal human behavior, global optimization, filed tariff billing, or site-specific feeder validation.",1335,1017,969,4042,445,3597,36,33,3,968,0,133,1257,940,986,107,379,802,2740,168,SoCCompliance,FleetServiceFirst,NoGridIncentive,Compliance probability is higher at low SoC and lower at high SoC.,711892.434281101,64.0,4775.0,0.7872855732869642,1.0,968,986,-7.540603248259856,1754.999999999999,False,False,False,harmful by under-delivery,LeastLaxity,False,False,True,False,True,False,False,False,not_mutually_acceptable,driver_fleet_grid_fail,driver,969.0,4.005952380952381,8.0,0.7301735347173166,-263070.91406417557,1.0,0.0,0.3638683337586119,1.1228070175438596,0.3107703814510097,5.010085820091306,0.8346369047619036,0.1673363095238095,285.0,285.0,1335.0,0.0,133.0,0.0,0.28389513108614234
multi_actor_v2,multi_actor_v2_caltech_sce_cap50,metro_caltech_sce,campus/workplace,multi-actor compact weekly matrix,50,20,2,2,4507,D_SoCQueueCompliance__F_ServiceFirst__G_NoGrid,multi_actor,87.81902552204176,105,862,87.81902552204176,105,862,35.16916597133932,2813.5332777071453,191.0,107.80952380952381,1.771643109540636,1.771643109540636,0.5644477686362503,2601212.0,172.8,12,3125.9999999999995,1141.5,31,8.428571428571429,211,106,"[11312, 19, 2109, 0]",11312,2109,19,0,0.8416666666666667,0.15691964285714285,0.0014136904761904762,0.2424812030075188,0.5620300751879699,"Operational multi-actor scenario; not causal human behavior, global optimization, filed tariff billing, or site-specific feeder validation.",2128,1236,1763,4041,465,3576,48,32,16,1761,2,147,2095,1752,2303,317,516,1196,1946,168,SoCQueueCompliance,FleetServiceFirst,NoGridIncentive,SoC-dependent compliance with queue-sensitive avoidance for non-critical high-SoC charging.,797842.4058051296,54.89999999999992,4775.0,0.8343511121094437,1.0,1761,2303,-6.264501160092806,3125.9999999999995,False,False,False,harmful by under-delivery,LeastLaxity,False,False,True,False,True,False,False,False,not_mutually_acceptable,driver_fleet_grid_fail,driver,1763.0,8.428571428571429,18.0,0.8183306656186005,-177120.942540147,1.0,0.0,0.3149293286219081,0.9631578947368407,0.3866866118175019,6.3708975841056485,0.6197194940476194,0.3767857142857143,244.0,244.0,2128.0,0.0,147.0,13.0,0.2424812030075188
multi_actor_v2,multi_actor_v2_caltech_sce_cap50,metro_caltech_sce,campus/workplace,multi-actor compact weekly matrix,50,20,2,2,4507,D_PriceSensitive__F_ServiceFirst__G_NoGrid,multi_actor,87.81902552204176,105,862,87.81902552204176,105,862,36.238802480276654,2899.1041984221324,191.0,82.7202380952381,2.308987551270058,2.308987551270058,0.4330902518075293,1674555.0,172.8,4,1860.0,1084.5,32,7.851190476190476,211,127,"[11674, 2, 1764, 0]",11674,1764,2,0,0.8686011904761904,0.13125,0.00014880952380952382,0.12344280860702152,0.40260475651189126,"Operational multi-actor scenario; not causal human behavior, global optimization, filed tariff billing, or site-specific feeder validation.",1766,941,1382,4041,478,3563,55,35,20,1382,0,129,1649,1334,2141,338,218,711,2309,168,PriceSensitive,FleetServiceFirst,NoGridIncentive,"Driver layer biases actual requests toward cheap windows, bounded by critical/low-SoC need.",820844.862366375,93.0,4775.0,0.8597271023024446,1.0,1382,2141,-6.264501160092806,1860.0,False,False,False,harmful by under-delivery,LeastLaxity,False,False,True,False,True,False,False,False,not_mutually_acceptable,driver_fleet_grid_fail,driver,1382.0,7.851190476190476,19.0,0.841923815658841,-154118.4859789015,1.0,0.0,0.41044829819385475,1.631578947368421,0.25532909498878087,4.101325998785195,0.6374999999999998,0.3595238095238095,267.0,267.0,1766.0,0.0,129.0,0.0,0.12344280860702152
multi_actor_v2,multi_actor_v2_caltech_sce_cap50,metro_caltech_sce,campus/workplace,multi-actor compact weekly matrix,50,20,2,2,4507,D_ReserveSeeking__F_ServiceFirst__G_NoGrid,multi_actor,90.60324825986079,81,862,90.60324825986079,81,862,37.98252149269351,3038.6017194154806,191.0,51.86309523809524,3.6827728681280845,3.6827728681280845,0.2715345300423835,795317.0,172.8,2,482.99999999999983,217.5,13,1.7202380952380953,41,1,"[12713, 3, 724, 0]",12713,724,3,0,0.9459077380952381,0.05386904761904762,0.0002232142857142857,0.29298486932599727,0.297111416781293,"Operational multi-actor scenario; not causal human behavior, global optimization, filed tariff billing, or site-specific feeder validation.",727,655,335,4038,475,3563,38,38,0,335,0,108,553,287,358,42,213,216,3349,168,ReserveSeeking,FleetServiceFirst,NoGridIncentive,Driver layer maintains a higher reserve threshold than the fleet recommendation assumes.,854094.047086944,93.0,4775.0,0.9010949839975072,1.0,335,358,-3.48027842227377,482.99999999999983,False,False,False,harmful by under-delivery,LeastLaxity,False,False,True,False,True,False,False,False,not_mutually_acceptable,driver_fleet_grid_fail,driver,335.0,1.7202380952380953,0.0,0.8760268255586491,-120869.30125833256,1.0,0.0,0.6546539653391483,1.631578947368421,0.09377337322363505,1.9478931951329428,0.9000000000000001,0.10171130952380952,336.0,336.0,727.0,0.0,108.0,0.0,0.29298486932599727
multi_actor_v2,multi_actor_v2_caltech_sce_cap50,metro_caltech_sce,campus/workplace,multi-actor compact weekly matrix,50,20,2,2,4507,D_UrgencyDriven__F_ServiceFirst__G_NoGrid,multi_actor,93.85150812064965,53,862,93.85150812064965,53,862,41.41757928262673,3313.4063426101384,191.0,47.708333333333336,4.003493449781659,4.003493449781659,0.24978184991273997,643615.0,172.8,2,60.0,9.75,13,0.07738095238095238,4,0,"[12762, 0, 444, 234]",12762,444,0,234,0.9495535714285714,0.033035714285714286,0.0,0.3215339233038348,0.2581120943952802,"Operational multi-actor scenario; not causal human behavior, global optimization, filed tariff billing, or site-specific feeder validation.",678,672,149,4038,494,3544,42,42,0,149,0,14,75,30,14,4,218,175,3402,168,UrgencyDriven,FleetServiceFirst,NoGridIncentive,Driver layer prioritizes deadline/urgent charging pressure over the fleet recommendation.,951969.3773140949,85.69999999999999,4775.0,0.9825880819437776,1.0,149,14,-0.23201856148490663,60.0,False,True,False,harmful by priority distortion,LeastLaxity,False,False,True,False,True,False,False,False,not_mutually_acceptable,driver_fleet_grid_fail,driver,149.0,0.07738095238095238,0.0,0.9764155533946919,-22993.97103118163,1.0,0.0,0.7116656269494696,1.5035087719298244,0.07202069309399153,1.5763441228912358,0.8499999999999999,0.15282738095238096,500.0,500.0,678.0,0.0,14.0,0.0,0.3215339233038348
multi_actor_v2,multi_actor_v2_caltech_sce_cap50,metro_caltech_sce,campus/workplace,multi-actor compact weekly matrix,50,20,2,2,4507,D_PriceSensitive__F_QueueAware__G_PeakPenalty,multi_actor,88.39907192575406,100,862,88.39907192575406,100,862,36.63444527864739,2930.755622291791,205.0,127.96428571428571,1.6020094892548145,1.6020094892548145,0.6242160278745644,3610054.0,172.8,60,2042.9999999999998,1063.5,28,7.779761904761905,196,111,"[10992, 13, 1567, 868]",10992,1567,13,868,0.8178571428571428,0.1165922619047619,0.0009672619047619048,0.24591503267973855,0.579248366013072,"Operational multi-actor scenario; not causal human behavior, global optimization, filed tariff billing, or site-specific feeder validation.",2448,1646,2037,4041,511,3530,481,14,467,2037,0,140,2305,1951,2100,307,602,1418,1606,168,PriceSensitive,FleetQueueAware,GridPeakPenalty,"Full interaction: price-sensitive driver response, queue-aware fleet policy, and grid peak cap.",819817.908684297,50.0,5125.0,0.8691133075109427,1.0732984293193717,2037,2100,-5.684454756380504,2042.9999999999998,False,False,False,harmful by under-delivery,LeastLaxity,False,False,True,False,False,False,False,False,not_mutually_acceptable,driver_fleet_grid_fail,driver,2037.0,7.779761904761905,15.0,0.8408704902350485,-155145.43966097955,1.0732984293193717,350.0,0.28477506004454817,0.8771929824561403,0.446454871055816,8.8417569606364,0.6374999999999998,0.35706845238095236,1323.0,1323.0,2448.0,0.0,140.0,0.0,0.24591503267973855
multi_actor_v2,multi_actor_v2_caltech_sce_cap50,metro_caltech_sce,campus/workplace,multi-actor compact weekly matrix,50,20,2,2,4507,D_SoCCompliance__F_QueueAware__G_PeakPenalty,multi_actor,86.65893271461718,115,862,86.65893271461718,115,862,33.71344396375368,2697.0755171002947,205.0,128.9702380952381,1.589514007476808,1.589514007476808,0.6291231126596981,3665805.0,172.8,62,1982.9999999999998,506.25,22,3.892857142857143,92,21,"[11476, 29, 1088, 847]",11476,1088,29,847,0.8538690476190476,0.08095238095238096,0.0021577380952380954,0.3228105906313646,0.7403258655804481,"Operational multi-actor scenario; not causal human behavior, global optimization, filed tariff billing, or site-specific feeder validation.",1964,1664,1568,4039,467,3572,115,30,85,1567,1,126,1808,1492,950,113,634,1454,2104,168,SoCCompliance,FleetQueueAware,GridPeakPenalty,"Full interaction: SoC-dependent compliance, queue-aware fleet policy, and grid peak cap.",753045.6273383265,57.0,5125.0,0.799815653493761,1.0732984293193717,1567,950,-7.4245939675173815,1982.9999999999998,False,False,False,harmful by under-delivery,LeastLaxity,False,False,True,False,False,False,False,False,not_mutually_acceptable,driver_fleet_grid_fail,driver,1568.0,3.892857142857143,9.0,0.7723835245872654,-221917.72100695,1.0732984293193717,350.0,0.2825538487486821,1.0,0.4513619558409497,8.97830250602504,0.8297034970238102,0.16688988095238094,1351.0,1351.0,1964.0,0.0,126.0,0.0,0.3228105906313646
multi_actor_v2,multi_actor_v2_caltech_sce_cap50,metro_caltech_sce,campus/workplace,multi-actor compact weekly matrix,50,20,2,2,4508,LeastLaxity,anchor,92.01824401368302,70,877,92.01824401368302,70,877,50.86391235981275,4069.11298878502,205.0,45.523809523809526,4.5031380753138075,4.5031380753138075,0.22206736353077816,639550.0,172.8,2,0.0,0.0,15,0.0,0,0,"[12845, 0, 595, 0]",12845,595,0,0,0.9557291666666666,0.044270833333333336,0.0,0.27899159663865547,0.0,"Behavior Applied Energy package v1; behavior proxies are imposed perturbations, not measured traits.",595,595,0,4805,544,4261,68,51,17,0,0,0,0,0,0,0,166,0,4261,168,FullyCompliant,FleetServiceFirst,NoGridIncentive,LeastLaxity anchor used for paired thresholds.,1114691.6063527055,97.89999999999992,5125.0,1.0,1.0,0,0,0.0,0.0,True,True,True,anchor,LeastLaxity,True,True,True,True,True,True,True,True,mutually_acceptable,all_pass,none,0.0,0.0,0.0,1.0,0.0,1.0,0.0,1.0,1.0,0.0,1.0,,,,,,,,,
multi_actor_v2,multi_actor_v2_caltech_sce_cap50,metro_caltech_sce,campus/workplace,multi-actor compact weekly matrix,50,20,2,2,4508,D_FullyCompliant__F_ServiceFirst__G_NoGrid,multi_actor,92.01824401368302,70,877,92.01824401368302,70,877,50.86391235981275,4069.11298878502,205.0,45.523809523809526,4.5031380753138075,4.5031380753138075,0.22206736353077816,639550.0,172.8,2,0.0,0.0,15,0.0,0,0,"[12845, 0, 595, 0]",12845,595,0,0,0.9557291666666666,0.044270833333333336,0.0,0.27899159663865547,0.0,"Operational multi-actor scenario; not causal human behavior, global optimization, filed tariff billing, or site-specific feeder validation.",595,595,0,4805,544,4261,68,51,17,0,0,0,0,0,0,0,166,0,4261,168,FullyCompliant,FleetServiceFirst,NoGridIncentive,"Baseline multi-actor row: least-laxity service-first fleet recommendation, fully compliant driver layer, no grid incentive.",1114691.6063527055,97.89999999999992,5125.0,1.0,1.0,0,0,0.0,0.0,True,True,True,service-tolerated,LeastLaxity,True,True,True,True,True,True,True,True,mutually_acceptable,all_pass,none,0.0,0.0,0.0,1.0,0.0,1.0,0.0,1.0,1.0,0.0,1.0,1.0,0.0,595.0,595.0,595.0,0.0,0.0,0.0,0.27899159663865547
multi_actor_v2,multi_actor_v2_caltech_sce_cap50,metro_caltech_sce,campus/workplace,multi-actor compact weekly matrix,50,20,2,2,4508,D_FullyCompliant__F_CostOnly__G_NoGrid,multi_actor,93.72862029646522,55,877,93.72862029646522,55,877,51.16857889023292,4093.486311218634,219.0,147.51785714285714,1.4845660331678974,1.4845660331678974,0.673597521200261,4336905.0,172.8,78,62.99999999999983,9.0,15,0.07142857142857142,0,0,"[11454, 44, 0, 1942]",11454,0,44,1942,0.8522321428571429,0.0,0.003273809523809524,0.36555891238670696,0.7145015105740181,"Operational multi-actor scenario; not causal human behavior, global optimization, filed tariff billing, or site-specific feeder validation.",1986,1974,1293,4805,661,4144,238,32,206,1281,12,4,60,33,24,0,726,1419,2863,168,FullyCompliant,FleetCostOnly,NoGridIncentive,Fleet shifts discretionary charging to cheap windows without an explicit grid guardrail.,1093976.2725997013,50.0,5475.0,1.005989836728739,1.0682926829268293,1281,24,1.7103762827822067,62.99999999999983,True,True,False,harmful by priority distortion,LeastLaxity,False,False,True,False,False,False,False,False,not_mutually_acceptable,driver_fleet_grid_fail,driver,1293.0,0.07142857142857142,0.0,0.981416085278703,-20715.333753004204,1.0682926829268293,350.0,0.32967366497294076,0.5107252298263538,0.4515301576694828,6.781182081150809,1.0,0.0,1986.0,1986.0,1986.0,0.0,4.0,0.0,0.36555891238670696
multi_actor_v2,multi_actor_v2_caltech_sce_cap50,metro_caltech_sce,campus/workplace,multi-actor compact weekly matrix,50,20,2,2,4508,D_FullyCompliant__F_ServiceCostly__G_NoGrid,multi_actor,92.58836944127708,65,877,92.58836944127708,65,877,49.70604097312366,3976.483277849893,212.0,109.5297619047619,1.9355469811423294,1.9355469811423294,0.5166498203054807,2929151.0,172.8,43,182.99999999999983,63.0,15,0.5,25,0,"[11961, 0, 492, 987]",11961,492,0,987,0.8899553571428571,0.03660714285714286,0.0,0.10547667342799188,0.6078431372549019,"Operational multi-actor scenario; not causal human behavior, global optimization, filed tariff billing, or site-specific feeder validation.",1479,1437,854,4805,625,4180,77,42,35,846,0,81,982,631,111,25,156,899,3370,168,FullyCompliant,FleetServiceCostly,NoGridIncentive,"Fleet preserves urgent service but shifts discretionary charging away from cheap windows, creating a fleet economic stress case.",1093770.2932127574,116.09999999999985,5300.0,0.9772358960809331,1.0341463414634147,846,111,0.5701254275940641,182.99999999999983,False,False,False,harmful by priority distortion,LeastLaxity,False,False,True,False,True,False,False,False,not_mutually_acceptable,driver_fleet_grid_fail,driver,854.0,0.5,0.0,0.981231299293261,-20921.313139948063,1.0341463414634147,175.0,0.4298218150922339,1.1859039836567922,0.2945824567747025,4.58001876319287,1.0,0.0,1479.0,1479.0,1479.0,0.0,81.0,0.0,0.10547667342799188
multi_actor_v2,multi_actor_v2_caltech_sce_cap50,metro_caltech_sce,campus/workplace,multi-actor compact weekly matrix,50,20,2,2,4508,D_FullyCompliant__F_QueueAware__G_NoGrid,multi_actor,93.27251995438996,59,877,93.27251995438996,59,877,48.49205537181233,3879.3644297449864,219.0,145.92261904761904,1.5007954313685499,1.5007954313685499,0.6663133289845619,4278465.0,172.8,77,0.0,0.0,15,0.0,0,0,"[11492, 0, 0, 1948]",11492,0,0,1948,0.8550595238095238,0.0,0.0,0.3531827515400411,0.7315195071868583,"Operational multi-actor scenario; not causal human behavior, global optimization, filed tariff billing, or site-specific feeder validation.",1948,1948,1282,4805,666,4139,807,0,807,1282,0,0,0,0,0,0,688,1425,2857,168,FullyCompliant,FleetQueueAware,NoGridIncentive,Fleet suppresses non-urgent/high-SoC requests under queue pressure.,1073935.0719425129,50.0,5475.0,0.9533685696211915,1.0682926829268293,1282,0,1.2542759407069468,0.0,False,False,False,harmful by priority distortion,LeastLaxity,False,False,True,False,False,False,False,False,not_mutually_acceptable,driver_fleet_grid_fail,driver,1282.0,0.0,0.0,0.9634369415020995,-40756.53441019263,1.0682926829268293,350.0,0.3332776846430508,0.5107252298263538,0.4442459654537837,6.689805331873974,1.0,0.0,1948.0,1948.0,1948.0,0.0,0.0,0.0,0.3531827515400411
multi_actor_v2,multi_actor_v2_caltech_sce_cap50,metro_caltech_sce,campus/workplace,multi-actor compact weekly matrix,50,20,2,2,4508,D_FullyCompliant__F_AvailabilityFocused__G_NoGrid,multi_actor,93.27251995438996,59,877,93.27251995438996,59,877,50.913419674938304,4073.073573995064,219.0,149.5952380952381,1.4639503421932196,1.4639503421932196,0.6830832789736899,4411574.0,172.8,78,0.0,0.0,15,0.0,0,0,"[11453, 0, 39, 1948]",11453,39,0,1948,0.8521577380952381,0.0029017857142857144,0.0,0.34876698540513335,0.7221942627075993,"Operational multi-actor scenario; not causal human behavior, global optimization, filed tariff billing, or site-specific feeder validation.",1987,1987,1292,4805,656,4149,127,39,88,1292,0,0,0,0,0,0,693,1435,2857,168,FullyCompliant,FleetAvailabilityFocused,NoGridIncentive,Fleet maintains a higher readiness reserve for vehicles with likely upcoming needs.,1142187.4527369752,25.89999999999992,5475.0,1.0009733288854255,1.0682926829268293,1292,0,1.2542759407069468,0.0,True,True,False,harmful by priority distortion,LeastLaxity,False,False,True,False,False,False,False,False,not_mutually_acceptable,driver_fleet_grid_fail,driver,1292.0,0.0,0.0,1.0246667744043005,27495.84638426965,1.0682926829268293,350.0,0.3250955928308288,0.26455566905005046,0.46101591544291176,6.897934485184896,1.0,0.0,1987.0,1987.0,1987.0,0.0,0.0,0.0,0.34876698540513335
multi_actor_v2,multi_actor_v2_caltech_sce_cap50,metro_caltech_sce,campus/workplace,multi-actor compact weekly matrix,50,20,2,2,4508,D_FullyCompliant__F_ServiceFirst__G_PeakPenalty,multi_actor,92.01824401368302,70,877,92.01824401368302,70,877,50.86391235981275,4069.11298878502,198.0,45.523809523809526,4.349372384937238,4.349372384937238,0.22991822991822994,638374.0,172.8,3,0.0,0.0,14,0.0,0,0,"[12845, 0, 595, 0]",12845,595,0,0,0.9557291666666666,0.044270833333333336,0.0,0.27899159663865547,0.0,"Operational multi-actor scenario; not causal human behavior, global optimization, filed tariff billing, or site-specific feeder validation.",595,595,0,4805,544,4261,68,51,17,0,0,0,0,0,0,0,166,0,4261,168,FullyCompliant,FleetServiceFirst,GridPeakPenalty,Service-first fleet recommendation with an action-changing peak cap.,1114691.6063527055,97.89999999999992,4950.0,1.0,0.9658536585365853,0,0,0.0,0.0,True,True,True,service-tolerated,LeastLaxity,True,True,True,True,True,True,True,True,mutually_acceptable,all_pass,none,0.0,0.0,-1.0,1.0,0.0,0.9658536585365853,-175.0,0.9658536585365853,1.0,0.007850866387451777,0.9981612070987413,1.0,0.0,597.0,595.0,595.0,2.0,0.0,0.0,0.27899159663865547
multi_actor_v2,multi_actor_v2_caltech_sce_cap50,metro_caltech_sce,campus/workplace,multi-actor compact weekly matrix,50,20,2,2,4508,D_FullyCompliant__F_CostOnly__G_PeakPenalty,multi_actor,93.72862029646522,55,877,93.72862029646522,55,877,51.16857889023292,4093.486311218634,212.0,148.9702380952381,1.423103048707396,1.423103048707396,0.7026898023360287,4380345.0,172.8,78,0.0,0.0,14,0.0,0,0,"[11468, 32, 0, 1940]",11468,0,32,1940,0.8532738095238095,0.0,0.002380952380952381,0.36105476673427994,0.718052738336714,"Operational multi-actor scenario; not causal human behavior, global optimization, filed tariff billing, or site-specific feeder validation.",1972,1972,1278,4805,662,4143,382,32,350,1278,0,0,0,0,0,0,712,1416,2865,168,FullyCompliant,FleetCostOnly,GridPeakPenalty,Cheap-window fleet policy with a grid peak cap.,1093976.2725997013,50.0,5300.0,1.005989836728739,1.0341463414634147,1278,0,1.7103762827822067,0.0,True,True,False,harmful by priority distortion,LeastLaxity,False,False,True,False,True,False,False,False,not_mutually_acceptable,driver_fleet_grid_fail,driver,1278.0,0.0,-1.0,0.981416085278703,-20715.333753004204,1.0341463414634147,175.0,0.316024742059064,0.5107252298263538,0.4806224388052506,6.8491048393401615,1.0,0.0,2034.0,1972.0,1972.0,62.0,0.0,0.0,0.36105476673427994
multi_actor_v2,multi_actor_v2_caltech_sce_cap50,metro_caltech_sce,campus/workplace,multi-actor compact weekly matrix,50,20,2,2,4508,D_FullyCompliant__F_QueueAware__G_PeakPenalty,multi_actor,93.27251995438996,59,877,93.27251995438996,59,877,48.49205537181233,3879.3644297449864,212.0,145.58928571428572,1.456151110020851,1.456151110020851,0.6867419137466307,4255505.0,172.8,77,0.0,0.0,14,0.0,0,0,"[11500, 0, 0, 1940]",11500,0,0,1940,0.8556547619047619,0.0,0.0,0.35051546391752575,0.7304123711340206,"Operational multi-actor scenario; not causal human behavior, global optimization, filed tariff billing, or site-specific feeder validation.",1940,1940,1274,4805,666,4139,807,0,807,1274,0,0,0,0,0,0,680,1417,2865,168,FullyCompliant,FleetQueueAware,GridPeakPenalty,Queue-aware fleet policy with a grid peak cap.,1073935.0719425129,50.0,5300.0,0.9533685696211915,1.0341463414634147,1274,0,1.2542759407069468,0.0,False,False,False,harmful by priority distortion,LeastLaxity,False,False,True,False,True,False,False,False,not_mutually_acceptable,driver_fleet_grid_fail,driver,1274.0,0.0,-1.0,0.9634369415020995,-40756.53441019263,1.0341463414634147,175.0,0.3233636379047465,0.5107252298263538,0.4646745502158526,6.653905089516066,1.0,0.0,1948.0,1940.0,1940.0,8.0,0.0,0.0,0.35051546391752575
multi_actor_v2,multi_actor_v2_caltech_sce_cap50,metro_caltech_sce,campus/workplace,multi-actor compact weekly matrix,50,20,2,2,4508,D_LimitedAttentionP0025__F_ServiceFirst__G_NoGrid,multi_actor,91.67616875712656,73,877,91.67616875712656,73,877,50.10685812097911,4008.5486496783287,205.0,44.767857142857146,4.579178300757878,4.579178300757878,0.21837979094076657,615369.0,172.8,2,0.0,0.0,15,0.0,0,0,"[12857, 0, 583, 0]",12857,583,0,0,0.9566220238095238,0.04337797619047619,0.0,0.27958833619210977,0.0,"Operational multi-actor scenario; not causal human behavior, global optimization, filed tariff billing, or site-specific feeder validation.",583,583,0,4805,530,4275,71,53,18,0,0,0,0,0,0,0,163,0,4275,168,LimitedAttentionP0025,FleetServiceFirst,NoGridIncentive,Low-probability missed compliance with service-first fleet recommendation.,1094210.1157434764,90.89999999999992,5125.0,0.9851160832167566,1.0,0,0,-0.34207525655645554,0.0,False,True,True,service-tolerated,LeastLaxity,True,True,True,True,True,True,True,True,mutually_acceptable,all_pass,none,0.0,0.0,0.0,0.9816258680943647,-20481.490609229077,1.0,0.0,1.0168860523866508,0.9284984678243104,-0.003687572590011595,0.962190602767571,0.9749999999999999,0.0014136904761904762,602.0,602.0,583.0,0.0,0.0,0.0,0.27958833619210977
multi_actor_v2,multi_actor_v2_caltech_sce_cap50,metro_caltech_sce,campus/workplace,multi-actor compact weekly matrix,50,20,2,2,4508,D_LimitedAttentionP005__F_ServiceFirst__G_NoGrid,multi_actor,91.56214367160776,74,877,91.56214367160776,74,877,50.020221400210865,4001.617712016869,198.0,44.17261904761905,4.48241476889907,4.48241476889907,0.22309403559403562,612497.0,172.8,3,0.0,0.0,14,0.0,0,0,"[12859, 0, 581, 0]",12859,581,0,0,0.9567708333333333,0.043229166666666666,0.0,0.27882960413080893,0.0,"Operational multi-actor scenario; not causal human behavior, global optimization, filed tariff billing, or site-specific feeder validation.",581,581,0,4805,529,4276,69,52,17,0,0,0,0,0,0,0,162,0,4276,168,LimitedAttentionP005,FleetServiceFirst,NoGridIncentive,Moderate missed compliance with service-first fleet recommendation.,1087558.144361759,93.0,4950.0,0.983412778914182,0.9658536585365853,0,0,-0.45610034207525985,0.0,False,True,True,service-tolerated,LeastLaxity,True,True,True,True,True,True,True,True,mutually_acceptable,all_pass,none,0.0,0.0,-1.0,0.9756583239379296,-27133.461990946438,0.9658536585365853,-175.0,0.9953980299808388,0.9499489274770181,0.001026672063257461,0.9576999452740208,0.95,0.0017857142857142857,605.0,605.0,581.0,0.0,0.0,0.0,0.27882960413080893
multi_actor_v2,multi_actor_v2_caltech_sce_cap50,metro_caltech_sce,campus/workplace,multi-actor compact weekly matrix,50,20,2,2,4508,D_SoCCompliance__F_ServiceFirst__G_NoGrid,multi_actor,83.80843785632838,142,877,83.80843785632838,142,877,39.56054302279596,3164.843441823677,205.0,114.70833333333333,1.7871413003995642,1.7871413003995642,0.5595528455284553,2709535.0,172.8,7,2540.9999999999986,644.25,15,5.053571428571429,122,10,"[11811, 25, 1604, 0]",11811,1604,25,0,0.8787946428571428,0.1193452380952381,0.0018601190476190475,0.2995702885205648,0.6629834254143646,"Operational multi-actor scenario; not causal human behavior, global optimization, filed tariff billing, or site-specific feeder validation.",1629,1248,1225,4810,501,4309,62,41,21,1213,11,143,1527,1179,1228,132,488,1080,3231,168,SoCCompliance,FleetServiceFirst,NoGridIncentive,Compliance probability is higher at low SoC and lower at high SoC.,814646.2865960142,57.0,5125.0,0.7777723180816993,1.0,1213,1228,-8.209806157354635,2540.9999999999986,False,False,False,harmful by under-delivery,LeastLaxity,False,False,True,False,True,False,False,False,not_mutually_acceptable,driver_fleet_grid_fail,driver,1225.0,5.053571428571429,0.0,0.7308266088605027,-300045.31975669134,1.0,0.0,0.39686575683669767,0.5822267620020434,0.33748548199767714,4.23662731608162,0.8237786458333337,0.17686011904761906,295.0,295.0,1629.0,0.0,143.0,0.0,0.2995702885205648
multi_actor_v2,multi_actor_v2_caltech_sce_cap50,metro_caltech_sce,campus/workplace,multi-actor compact weekly matrix,50,20,2,2,4508,D_SoCQueueCompliance__F_ServiceFirst__G_NoGrid,multi_actor,85.86088939566704,124,877,85.86088939566704,124,877,43.25908039845742,3460.726431876594,205.0,124.0952380952381,1.6519570222563313,1.6519570222563313,0.60534262485482,3158202.0,172.8,26,4326.0,1452.75,28,10.80952380952381,224,121,"[10853, 26, 2561, 0]",10853,2561,26,0,0.807514880952381,0.19055059523809523,0.0019345238095238096,0.250483185156552,0.6022419791264012,"Operational multi-actor scenario; not causal human behavior, global optimization, filed tariff billing, or site-specific feeder validation.",2587,1461,2165,4805,529,4276,82,43,39,2155,10,155,2537,2131,2938,345,648,1558,2264,168,SoCQueueCompliance,FleetServiceFirst,NoGridIncentive,SoC-dependent compliance with queue-sensitive avoidance for non-critical high-SoC charging.,944281.912851843,47.19999999999993,5125.0,0.8504866887242465,1.0,2155,2938,-6.157354618015972,4326.0,False,False,False,harmful by under-delivery,LeastLaxity,False,False,True,False,True,False,False,False,not_mutually_acceptable,driver_fleet_grid_fail,driver,2165.0,10.80952380952381,13.0,0.847123910748331,-170409.69350086246,1.0,0.0,0.3668457405986185,0.48212461695607733,0.3832752613240419,4.938162770698147,0.5997105654761908,0.4025297619047619,240.0,240.0,2587.0,0.0,155.0,18.0,0.250483185156552
multi_actor_v2,multi_actor_v2_caltech_sce_cap50,metro_caltech_sce,campus/workplace,multi-actor compact weekly matrix,50,20,2,2,4508,D_PriceSensitive__F_ServiceFirst__G_NoGrid,multi_actor,86.88711516533637,115,877,86.88711516533637,115,877,44.630158404961534,3570.412672396923,205.0,108.69047619047619,1.8860898138006572,1.8860898138006572,0.5301974448315911,2468306.0,172.8,5,2345.9999999999995,1272.75,31,9.357142857142858,222,125,"[11373, 1, 2066, 0]",11373,2066,1,0,0.8462053571428572,0.1537202380952381,7.440476190476191e-05,0.1398161586840832,0.44992743105950656,"Operational multi-actor scenario; not causal human behavior, global optimization, filed tariff billing, or site-specific feeder validation.",2067,1122,1618,4807,549,4258,96,39,57,1617,0,147,2003,1584,2513,347,289,930,2777,168,PriceSensitive,FleetServiceFirst,NoGridIncentive,"Driver layer biases actual requests toward cheap windows, bounded by critical/low-SoC need.",963241.1389763812,43.0,5125.0,0.8774424996891025,1.0,1617,2513,-5.131128848346648,2345.9999999999995,False,False,False,harmful by under-delivery,LeastLaxity,False,False,True,False,True,False,False,False,not_mutually_acceptable,driver_fleet_grid_fail,driver,1618.0,9.357142857142858,16.0,0.8641324053099552,-151450.46737632435,1.0,0.0,0.41883899233296823,0.4392236976506643,0.308130081300813,3.859441795012118,0.6374999999999998,0.36428571428571427,297.0,297.0,2067.0,0.0,147.0,0.0,0.1398161586840832
multi_actor_v2,multi_actor_v2_caltech_sce_cap50,metro_caltech_sce,campus/workplace,multi-actor compact weekly matrix,50,20,2,2,4508,D_ReserveSeeking__F_ServiceFirst__G_NoGrid,multi_actor,88.71151653363741,99,877,88.71151653363741,99,877,46.18701778943281,3694.9614231546248,205.0,70.54166666666667,2.9060838747784996,2.9060838747784996,0.3441056910569106,1218741.0,172.8,2,600.0,276.0,15,2.1785714285714284,52,2,"[12602, 2, 836, 0]",12602,836,2,0,0.9376488095238096,0.06220238095238095,0.00014880952380952382,0.2744630071599045,0.31145584725536996,"Operational multi-actor scenario; not causal human behavior, global optimization, filed tariff billing, or site-specific feeder validation.",838,747,388,4805,537,4268,64,48,16,387,1,108,646,339,448,54,230,261,4015,168,ReserveSeeking,FleetServiceFirst,NoGridIncentive,Driver layer maintains a higher reserve threshold than the fleet recommendation assumes.,992293.1060453579,100.0,5125.0,0.908050829096758,1.0,387,448,-3.306727480045609,600.0,False,False,False,harmful by under-delivery,LeastLaxity,False,False,True,False,True,False,False,False,not_mutually_acceptable,driver_fleet_grid_fail,driver,388.0,2.1785714285714284,0.0,0.8901951897638862,-122398.50030734763,1.0,0.0,0.6453463842713695,1.0214504596527076,0.12203832752613242,1.9056227034633726,0.9000000000000001,0.09903273809523809,393.0,393.0,838.0,0.0,108.0,0.0,0.2744630071599045
multi_actor_v2,multi_actor_v2_caltech_sce_cap50,metro_caltech_sce,campus/workplace,multi-actor compact weekly matrix,50,20,2,2,4508,D_UrgencyDriven__F_ServiceFirst__G_NoGrid,multi_actor,91.9042189281642,71,877,91.9042189281642,71,877,49.130139715495375,3930.41117723963,205.0,61.892857142857146,3.3121754183496823,3.3121754183496823,0.3019163763066202,991042.0,172.8,2,62.99999999999983,15.0,15,0.11904761904761904,8,0,"[12652, 0, 482, 306]",12652,482,0,306,0.9413690476190476,0.035863095238095236,0.0,0.31218274111675126,0.2880710659898477,"Operational multi-actor scenario; not causal human behavior, global optimization, filed tariff billing, or site-specific feeder validation.",788,779,187,4805,562,4243,70,50,20,187,0,20,112,36,21,8,246,227,4067,168,UrgencyDriven,FleetServiceFirst,NoGridIncentive,Driver layer prioritizes deadline/urgent charging pressure over the fleet recommendation.,1075749.1571371928,100.0,5125.0,0.9659135020512654,1.0,187,21,-0.11402508551881851,62.99999999999983,False,False,False,harmful by priority distortion,LeastLaxity,False,False,True,False,True,False,False,False,not_mutually_acceptable,driver_fleet_grid_fail,driver,187.0,0.11904761904761904,0.0,0.9650643738648637,-38942.44921551272,1.0,0.0,0.7355260627043662,1.0214504596527076,0.07984901277584205,1.5495926823547808,0.8499999999999999,0.14985119047619047,561.0,561.0,788.0,0.0,20.0,0.0,0.31218274111675126
multi_actor_v2,multi_actor_v2_caltech_sce_cap50,metro_caltech_sce,campus/workplace,multi-actor compact weekly matrix,50,20,2,2,4508,D_PriceSensitive__F_QueueAware__G_PeakPenalty,multi_actor,87.34321550741163,111,877,87.34321550741163,111,877,43.40876932843964,3472.701546275171,212.0,147.41071428571428,1.4381586917019988,1.4381586917019988,0.6953335579514824,4307683.0,172.8,77,2763.0,1275.0,32,9.380952380952381,223,124,"[10572, 18, 1838, 1012]",10572,1838,18,1012,0.7866071428571428,0.1367559523809524,0.0013392857142857143,0.23814504881450488,0.6188981868898187,"Operational multi-actor scenario; not causal human behavior, global optimization, filed tariff billing, or site-specific feeder validation.",2868,1953,2435,4805,565,4240,390,23,367,2433,2,146,2664,2291,2484,347,683,1775,1955,168,PriceSensitive,FleetQueueAware,GridPeakPenalty,"Full interaction: price-sensitive driver response, queue-aware fleet policy, and grid peak cap.",884863.7774682525,50.0,5300.0,0.8534296186530989,1.0341463414634147,2433,2484,-4.6750285062713886,2763.0,False,False,False,harmful by under-delivery,LeastLaxity,False,False,True,False,True,False,False,False,not_mutually_acceptable,driver_fleet_grid_fail,driver,2435.0,9.380952380952381,17.0,0.7938193599246212,-229827.82888445305,1.0341463414634147,175.0,0.3193681090051361,0.5107252298263538,0.4732661944207043,6.73549057931358,0.6374999999999998,0.3625744047619048,1544.0,1536.0,2868.0,8.0,146.0,0.0,0.23814504881450488
multi_actor_v2,multi_actor_v2_caltech_sce_cap50,metro_caltech_sce,campus/workplace,multi-actor compact weekly matrix,50,20,2,2,4508,D_SoCCompliance__F_QueueAware__G_PeakPenalty,multi_actor,83.69441277080958,143,877,83.69441277080958,143,877,39.27249510931333,3141.7996087450665,219.0,147.60714285714286,1.4836680377449794,1.4836680377449794,0.6740052185257664,4324404.0,172.8,78,3005.9999999999995,678.0,16,5.315476190476191,102,11,"[11072, 46, 1378, 944]",11072,1378,46,944,0.8238095238095238,0.1025297619047619,0.0034226190476190476,0.3264358108108108,0.7829391891891891,"Operational multi-actor scenario; not causal human behavior, global optimization, filed tariff billing, or site-specific feeder validation.",2368,1970,1956,4809,515,4294,178,35,143,1943,13,145,2208,1840,1287,113,773,1854,2487,168,SoCCompliance,FleetQueueAware,GridPeakPenalty,"Full interaction: SoC-dependent compliance, queue-aware fleet policy, and grid peak cap.",830204.0218509601,47.89999999999992,5475.0,0.7721092084206695,1.0682926829268293,1943,1287,-8.323831242873439,3005.9999999999995,False,False,False,harmful by under-delivery,LeastLaxity,False,False,True,False,False,False,False,False,not_mutually_acceptable,driver_fleet_grid_fail,driver,1956.0,5.315476190476191,1.0,0.7447835949598698,-284487.5845017454,1.0682926829268293,350.0,0.3294742494969106,0.4892747701736462,0.4519378549949883,6.761635524978501,0.8237347470238107,0.1753720238095238,1532.0,1524.0,2368.0,8.0,145.0,0.0,0.3264358108108108
multi_actor_v2,multi_actor_v2_caltech_sce_cap50,metro_caltech_sce,campus/workplace,multi-actor compact weekly matrix,50,20,2,2,4509,LeastLaxity,anchor,94.29569266589057,49,859,94.29569266589057,49,859,49.9638464644941,3997.107717159528,198.0,48.226190476190474,4.105652925203653,4.105652925203653,0.24356661856661857,737166.0,172.8,2,0.0,0.0,14,0.0,0,0,"[12860, 0, 580, 0]",12860,580,0,0,0.9568452380952381,0.043154761904761904,0.0,0.27241379310344827,0.0,"Behavior Applied Energy package v1; behavior proxies are imposed perturbations, not measured traits.",580,580,0,4634,534,4100,53,46,7,0,0,0,0,0,0,0,158,0,4100,168,FullyCompliant,FleetServiceFirst,NoGridIncentive,LeastLaxity anchor used for paired thresholds.,1152186.7544627085,93.0,4950.0,1.0,1.0,0,0,0.0,0.0,True,True,True,anchor,LeastLaxity,True,True,True,True,True,True,True,True,mutually_acceptable,all_pass,none,0.0,0.0,0.0,1.0,0.0,1.0,0.0,1.0,1.0,0.0,1.0,,,,,,,,,
multi_actor_v2,multi_actor_v2_caltech_sce_cap50,metro_caltech_sce,campus/workplace,multi-actor compact weekly matrix,50,20,2,2,4509,D_FullyCompliant__F_ServiceFirst__G_NoGrid,multi_actor,94.29569266589057,49,859,94.29569266589057,49,859,49.9638464644941,3997.107717159528,198.0,48.226190476190474,4.105652925203653,4.105652925203653,0.24356661856661857,737166.0,172.8,2,0.0,0.0,14,0.0,0,0,"[12860, 0, 580, 0]",12860,580,0,0,0.9568452380952381,0.043154761904761904,0.0,0.27241379310344827,0.0,"Operational multi-actor scenario; not causal human behavior, global optimization, filed tariff billing, or site-specific feeder validation.",580,580,0,4634,534,4100,53,46,7,0,0,0,0,0,0,0,158,0,4100,168,FullyCompliant,FleetServiceFirst,NoGridIncentive,"Baseline multi-actor row: least-laxity service-first fleet recommendation, fully compliant driver layer, no grid incentive.",1152186.7544627085,93.0,4950.0,1.0,1.0,0,0,0.0,0.0,True,True,True,service-tolerated,LeastLaxity,True,True,True,True,True,True,True,True,mutually_acceptable,all_pass,none,0.0,0.0,0.0,1.0,0.0,1.0,0.0,1.0,1.0,0.0,1.0,1.0,0.0,580.0,580.0,580.0,0.0,0.0,0.0,0.27241379310344827
multi_actor_v2,multi_actor_v2_caltech_sce_cap50,metro_caltech_sce,campus/workplace,multi-actor compact weekly matrix,50,20,2,2,4509,D_FullyCompliant__F_CostOnly__G_NoGrid,multi_actor,96.04190919674039,34,859,96.04190919674039,34,859,49.83936160379337,3987.14892830347,212.0,152.16666666666666,1.3932092004381162,1.3932092004381162,0.7177672955974842,4319850.0,172.8,60,60.0,5.25,14,0.041666666666666664,0,0,"[11587, 38, 0, 1815]",11587,0,38,1815,0.8621279761904762,0.0,0.0028273809523809523,0.3804641122504048,0.7069616837560713,"Operational multi-actor scenario; not causal human behavior, global optimization, filed tariff billing, or site-specific feeder validation.",1853,1846,1183,4633,639,3994,228,31,197,1176,7,5,56,22,14,0,705,1310,2818,168,FullyCompliant,FleetCostOnly,NoGridIncentive,Fleet shifts discretionary charging to cheap windows without an explicit grid guardrail.,1098175.8220583333,33.19999999999993,5300.0,0.9975085012562196,1.0707070707070707,1176,14,1.7462165308498214,60.0,True,True,False,harmful by priority distortion,LeastLaxity,False,False,True,False,False,False,False,False,not_mutually_acceptable,driver_fleet_grid_fail,driver,1183.0,0.041666666666666664,0.0,0.9531231094306741,-54010.93240437517,1.0707070707070707,350.0,0.3393392539066143,0.35698924731182724,0.47420067703086566,5.860077648724982,1.0,0.0,1853.0,1853.0,1853.0,0.0,5.0,0.0,0.3804641122504048
multi_actor_v2,multi_actor_v2_caltech_sce_cap50,metro_caltech_sce,campus/workplace,multi-actor compact weekly matrix,50,20,2,2,4509,D_FullyCompliant__F_ServiceCostly__G_NoGrid,multi_actor,94.52852153667055,47,859,94.52852153667055,47,859,48.845674142940524,3907.653931435242,205.0,111.05952380952381,1.8458570050380534,1.8458570050380534,0.5417537746806039,2850976.0,172.8,23,182.99999999999983,63.0,14,0.5,17,0,"[12091, 0, 491, 858]",12091,491,0,858,0.8996279761904762,0.0365327380952381,0.0,0.10971089696071164,0.58117123795404,"Operational multi-actor scenario; not causal human behavior, global optimization, filed tariff billing, or site-specific feeder validation.",1349,1314,753,4633,605,4028,74,40,34,745,0,70,826,512,102,17,148,784,3329,168,FullyCompliant,FleetServiceCostly,NoGridIncentive,"Fleet preserves urgent service but shifts discretionary charging away from cheap windows, creating a fleet economic stress case.",1121228.467512587,137.09999999999985,5125.0,0.9776203715150678,1.0353535353535352,745,102,0.23282887077998282,182.99999999999983,False,False,False,harmful by priority distortion,LeastLaxity,False,False,True,False,True,False,False,False,not_mutually_acceptable,driver_fleet_grid_fail,driver,753.0,0.5,0.0,0.9731308428688212,-30958.2869501214,1.0353535353535352,175.0,0.4495891490746245,1.4741935483870952,0.2981871561139854,3.867481679838734,1.0,0.0,1349.0,1349.0,1349.0,0.0,70.0,0.0,0.10971089696071164
multi_actor_v2,multi_actor_v2_caltech_sce_cap50,metro_caltech_sce,campus/workplace,multi-actor compact weekly matrix,50,20,2,2,4509,D_FullyCompliant__F_QueueAware__G_NoGrid,multi_actor,95.45983701979046,39,859,95.45983701979046,39,859,47.61764383533955,3809.411506827164,212.0,150.57142857142858,1.4079696394686907,1.4079696394686907,0.7102425876010783,4259744.0,172.8,59,0.0,0.0,14,0.0,0,0,"[11620, 0, 0, 1820]",11620,0,0,1820,0.8645833333333334,0.0,0.0,0.36923076923076925,0.7181318681318681,"Operational multi-actor scenario; not causal human behavior, global optimization, filed tariff billing, or site-specific feeder validation.",1820,1820,1173,4633,647,3986,819,0,819,1173,0,0,0,0,0,0,672,1307,2813,168,FullyCompliant,FleetQueueAware,NoGridIncentive,Fleet suppresses non-urgent/high-SoC requests under queue pressure.,1108903.6638426702,25.89999999999992,5300.0,0.9530419934577729,1.0707070707070707,1173,0,1.1641443538998857,0.0,False,False,False,harmful by priority distortion,LeastLaxity,False,False,True,False,False,False,False,False,not_mutually_acceptable,driver_fleet_grid_fail,driver,1173.0,0.0,0.0,0.962433962678019,-43283.09062003833,1.0707070707070707,350.0,0.34293440412985005,0.2784946236559131,0.46667596903445974,5.778541061307765,1.0,0.0,1820.0,1820.0,1820.0,0.0,0.0,0.0,0.36923076923076925
multi_actor_v2,multi_actor_v2_caltech_sce_cap50,metro_caltech_sce,campus/workplace,multi-actor compact weekly matrix,50,20,2,2,4509,D_FullyCompliant__F_AvailabilityFocused__G_NoGrid,multi_actor,95.45983701979046,39,859,95.45983701979046,39,859,49.926842231538,3994.1473785230396,212.0,153.86309523809524,1.377848272660451,1.377848272660451,0.7257693171608266,4393969.0,172.8,59,0.0,0.0,14,0.0,0,0,"[11584, 0, 36, 1820]",11584,36,0,1820,0.861904761904762,0.0026785714285714286,0.0,0.36314655172413796,0.7095905172413793,"Operational multi-actor scenario; not causal human behavior, global optimization, filed tariff billing, or site-specific feeder validation.",1856,1856,1182,4633,638,3995,192,36,156,1182,0,0,0,0,0,0,674,1317,2813,168,FullyCompliant,FleetAvailabilityFocused,NoGridIncentive,Fleet maintains a higher readiness reserve for vehicles with likely upcoming needs.,1184071.080382558,25.89999999999992,5300.0,0.9992593798201186,1.0707070707070707,1182,0,1.1641443538998857,0.0,True,True,False,harmful by priority distortion,LeastLaxity,False,False,True,False,False,False,False,False,not_mutually_acceptable,driver_fleet_grid_fail,driver,1182.0,0.0,0.0,1.027672880109369,31884.325919849565,1.0707070707070707,350.0,0.33559784466976234,0.2784946236559131,0.48220269859420806,5.960623523059935,1.0,0.0,1856.0,1856.0,1856.0,0.0,0.0,0.0,0.36314655172413796
multi_actor_v2,multi_actor_v2_caltech_sce_cap50,metro_caltech_sce,campus/workplace,multi-actor compact weekly matrix,50,20,2,2,4509,D_FullyCompliant__F_ServiceFirst__G_PeakPenalty,multi_actor,94.29569266589057,49,859,94.29569266589057,49,859,49.9638464644941,3997.107717159528,198.0,48.226190476190474,4.105652925203653,4.105652925203653,0.24356661856661857,737166.0,172.8,2,0.0,0.0,14,0.0,0,0,"[12860, 0, 580, 0]",12860,580,0,0,0.9568452380952381,0.043154761904761904,0.0,0.27241379310344827,0.0,"Operational multi-actor scenario; not causal human behavior, global optimization, filed tariff billing, or site-specific feeder validation.",580,580,0,4634,534,4100,53,46,7,0,0,0,0,0,0,0,158,0,4100,168,FullyCompliant,FleetServiceFirst,GridPeakPenalty,Service-first fleet recommendation with an action-changing peak cap.,1152186.7544627085,93.0,4950.0,1.0,1.0,0,0,0.0,0.0,True,True,True,service-tolerated,LeastLaxity,True,True,True,True,True,True,True,True,mutually_acceptable,all_pass,none,0.0,0.0,0.0,1.0,0.0,1.0,0.0,1.0,1.0,0.0,1.0,1.0,0.0,580.0,580.0,580.0,0.0,0.0,0.0,0.27241379310344827
multi_actor_v2,multi_actor_v2_caltech_sce_cap50,metro_caltech_sce,campus/workplace,multi-actor compact weekly matrix,50,20,2,2,4509,D_FullyCompliant__F_CostOnly__G_PeakPenalty,multi_actor,96.04190919674039,34,859,96.04190919674039,34,859,49.83936160379337,3987.14892830347,212.0,153.6547619047619,1.3797164329433642,1.3797164329433642,0.7247866127583108,4381850.0,172.8,60,0.0,0.0,14,0.0,0,0,"[11589, 31, 0, 1820]",11589,0,31,1820,0.8622767857142857,0.0,0.002306547619047619,0.3797947055645597,0.7098865478119936,"Operational multi-actor scenario; not causal human behavior, global optimization, filed tariff billing, or site-specific feeder validation.",1851,1851,1180,4633,640,3993,353,31,322,1180,0,0,0,0,0,0,703,1314,2813,168,FullyCompliant,FleetCostOnly,GridPeakPenalty,Cheap-window fleet policy with a grid peak cap.,1098175.822058333,33.19999999999993,5300.0,0.9975085012562196,1.0707070707070707,1180,0,1.7462165308498214,0.0,True,True,False,harmful by priority distortion,LeastLaxity,False,False,True,False,False,False,False,False,not_mutually_acceptable,driver_fleet_grid_fail,driver,1180.0,0.0,0.0,0.9531231094306739,-54010.9324043754,1.0707070707070707,350.0,0.33605286615281194,0.35698924731182724,0.48121999419169226,5.944183535323115,1.0,0.0,1898.0,1851.0,1851.0,47.0,0.0,0.0,0.3797947055645597
multi_actor_v2,multi_actor_v2_caltech_sce_cap50,metro_caltech_sce,campus/workplace,multi-actor compact weekly matrix,50,20,2,2,4509,D_FullyCompliant__F_QueueAware__G_PeakPenalty,multi_actor,95.45983701979046,39,859,95.45983701979046,39,859,47.61764383533955,3809.411506827164,212.0,150.57142857142858,1.4079696394686907,1.4079696394686907,0.7102425876010783,4259744.0,172.8,59,0.0,0.0,14,0.0,0,0,"[11620, 0, 0, 1820]",11620,0,0,1820,0.8645833333333334,0.0,0.0,0.36923076923076925,0.7181318681318681,"Operational multi-actor scenario; not causal human behavior, global optimization, filed tariff billing, or site-specific feeder validation.",1820,1820,1173,4633,647,3986,819,0,819,1173,0,0,0,0,0,0,672,1307,2813,168,FullyCompliant,FleetQueueAware,GridPeakPenalty,Queue-aware fleet policy with a grid peak cap.,1108903.6638426702,25.89999999999992,5300.0,0.9530419934577729,1.0707070707070707,1173,0,1.1641443538998857,0.0,False,False,False,harmful by priority distortion,LeastLaxity,False,False,True,False,False,False,False,False,not_mutually_acceptable,driver_fleet_grid_fail,driver,1173.0,0.0,0.0,0.962433962678019,-43283.09062003833,1.0707070707070707,350.0,0.34293440412985005,0.2784946236559131,0.46667596903445974,5.778541061307765,1.0,0.0,1820.0,1820.0,1820.0,0.0,0.0,0.0,0.36923076923076925
multi_actor_v2,multi_actor_v2_caltech_sce_cap50,metro_caltech_sce,campus/workplace,multi-actor compact weekly matrix,50,20,2,2,4509,D_LimitedAttentionP0025__F_ServiceFirst__G_NoGrid,multi_actor,94.29569266589057,49,859,94.29569266589057,49,859,49.7275964644941,3978.207717159528,198.0,48.101190476190474,4.116322237346863,4.116322237346863,0.24293530543530542,723661.0,172.8,2,0.0,0.0,14,0.0,0,0,"[12863, 0, 577, 0]",12863,577,0,0,0.9570684523809524,0.04293154761904762,0.0,0.268630849220104,0.0,"Operational multi-actor scenario; not causal human behavior, global optimization, filed tariff billing, or site-specific feeder validation.",577,577,0,4634,530,4104,54,47,7,0,0,0,0,0,0,0,155,0,4104,168,LimitedAttentionP0025,FleetServiceFirst,NoGridIncentive,Low-probability missed compliance with service-first fleet recommendation.,1150708.0567074327,93.0,4950.0,0.9952715810187295,1.0,0,0,0.0,0.0,True,True,True,service-tolerated,LeastLaxity,True,True,True,True,True,True,True,True,mutually_acceptable,all_pass,none,0.0,0.0,0.0,0.9987166162520543,-1478.6977552757598,1.0,0.0,1.0025986882811535,1.0,-0.0006313131313131493,0.9816798387337452,0.9749999999999999,0.0006696428571428571,586.0,586.0,577.0,0.0,0.0,0.0,0.268630849220104
multi_actor_v2,multi_actor_v2_caltech_sce_cap50,metro_caltech_sce,campus/workplace,multi-actor compact weekly matrix,50,20,2,2,4509,D_LimitedAttentionP005__F_ServiceFirst__G_NoGrid,multi_actor,93.24796274738067,58,859,93.24796274738067,58,859,48.67392856317862,3893.9142850542894,198.0,47.17857142857143,4.196820590461771,4.196820590461771,0.23827561327561328,719996.0,172.8,2,0.0,0.0,14,0.0,0,0,"[12879, 0, 561, 0]",12879,561,0,0,0.9582589285714286,0.041741071428571426,0.0,0.2709447415329768,0.0,"Operational multi-actor scenario; not causal human behavior, global optimization, filed tariff billing, or site-specific feeder validation.",561,561,0,4634,514,4120,57,47,10,0,0,0,0,0,0,0,152,0,4120,168,LimitedAttentionP005,FleetServiceFirst,NoGridIncentive,Moderate missed compliance with service-first fleet recommendation.,1124281.576341127,93.0,4950.0,0.9741829744386847,1.0,0,0,-1.0477299185099014,0.0,False,False,False,fragile,LeastLaxity,False,True,True,True,True,True,True,False,not_mutually_acceptable,driver_only_fail,driver,0.0,0.0,0.0,0.9757806813752218,-27905.17812158144,1.0,0.0,1.022205399949533,1.0,-0.005291005291005291,0.976708095598549,0.95,0.002455357142857143,594.0,594.0,561.0,0.0,0.0,0.0,0.2709447415329768
multi_actor_v2,multi_actor_v2_caltech_sce_cap50,metro_caltech_sce,campus/workplace,multi-actor compact weekly matrix,50,20,2,2,4509,D_SoCCompliance__F_ServiceFirst__G_NoGrid,multi_actor,86.0302677532014,120,859,86.0302677532014,120,859,39.293474148874644,3143.4779319099716,198.0,115.76190476190476,1.7104072398190047,1.7104072398190047,0.5846560846560847,2647428.0,172.8,4,3123.0,734.25,16,5.684523809523809,113,24,"[11869, 30, 1541, 0]",11869,1541,30,0,0.883110119047619,0.11465773809523809,0.002232142857142857,0.29089751750477405,0.6575429662635264,"Operational multi-actor scenario; not causal human behavior, global optimization, filed tariff billing, or site-specific feeder validation.",1571,1132,1176,4634,479,4155,63,39,24,1162,14,139,1494,1135,1387,137,457,1033,3115,168,SoCCompliance,FleetServiceFirst,NoGridIncentive,Compliance probability is higher at low SoC and lower at high SoC.,894050.4187655686,47.89999999999992,4950.0,0.7864381333570433,1.0,1162,1387,-8.26542491268917,3123.0,False,False,False,harmful by under-delivery,LeastLaxity,False,False,True,False,True,False,False,False,not_mutually_acceptable,driver_fleet_grid_fail,driver,1176.0,5.684523809523809,2.0,0.7759596396180454,-258136.33569713985,1.0,0.0,0.4165981077745784,0.5150537634408594,0.3410894660894661,3.591359341043944,0.8160870535714291,0.1800595238095238,292.0,292.0,1571.0,0.0,139.0,0.0,0.29089751750477405
multi_actor_v2,multi_actor_v2_caltech_sce_cap50,metro_caltech_sce,campus/workplace,multi-actor compact weekly matrix,50,20,2,2,4509,D_SoCQueueCompliance__F_ServiceFirst__G_NoGrid,multi_actor,87.77648428405122,105,859,87.77648428405122,105,859,42.37221842838037,3389.7774742704296,198.0,126.67261904761905,1.563084441520605,1.563084441520605,0.6397607022607023,3155249.0,172.8,23,4503.0,1403.25,27,10.339285714285714,219,134,"[10996, 37, 2407, 0]",10996,2407,37,0,0.8181547619047619,0.1790922619047619,0.0027529761904761907,0.26963993453355156,0.6084288052373159,"Operational multi-actor scenario; not causal human behavior, global optimization, filed tariff billing, or site-specific feeder validation.",2444,1357,2025,4635,510,4125,95,40,55,2006,19,146,2380,1982,2819,353,659,1487,2242,168,SoCQueueCompliance,FleetServiceFirst,NoGridIncentive,SoC-dependent compliance with queue-sensitive avoidance for non-critical high-SoC charging.,943995.9256351895,50.0,4950.0,0.8480575741599763,1.0,2006,2819,-6.5192083818393485,4503.0,False,False,False,harmful by under-delivery,LeastLaxity,False,False,True,False,True,False,False,False,not_mutually_acceptable,driver_fleet_grid_fail,driver,2025.0,10.339285714285714,13.0,0.8193080869736233,-208190.82882751897,1.0,0.0,0.38071519195526526,0.5376344086021505,0.3961940836940837,4.28024217069154,0.6033779761904771,0.39092261904761905,275.0,275.0,2444.0,0.0,146.0,25.0,0.26963993453355156
multi_actor_v2,multi_actor_v2_caltech_sce_cap50,metro_caltech_sce,campus/workplace,multi-actor compact weekly matrix,50,20,2,2,4509,D_PriceSensitive__F_ServiceFirst__G_NoGrid,multi_actor,89.28987194412107,92,859,89.28987194412107,92,859,44.489614261835825,3559.169140946866,198.0,112.19047619047619,1.7648556876061121,1.7648556876061121,0.5666185666185666,2518386.0,172.8,5,2348.9999999999995,1209.75,29,8.797619047619047,194,135,"[11460, 1, 1979, 0]",11460,1979,1,0,0.8526785714285714,0.1472470238095238,7.440476190476191e-05,0.13686868686868686,0.44393939393939397,"Operational multi-actor scenario; not causal human behavior, global optimization, filed tariff billing, or site-specific feeder validation.",1980,1077,1540,4634,523,4111,84,38,46,1538,0,139,1908,1503,2379,329,271,879,2692,168,PriceSensitive,FleetServiceFirst,NoGridIncentive,"Driver layer biases actual requests toward cheap windows, bounded by critical/low-SoC need.",994266.3192325174,61.89999999999992,4950.0,0.8904361335240986,1.0,1538,2379,-5.005820721769496,2348.9999999999995,False,False,False,harmful by under-delivery,LeastLaxity,False,False,True,False,True,False,False,False,not_mutually_acceptable,driver_fleet_grid_fail,driver,1540.0,8.797619047619047,15.0,0.8629385083463895,-157920.4352301911,1.0,0.0,0.42985993208828527,0.6655913978494615,0.32305194805194803,3.4163078601020667,0.6374999999999998,0.3651041666666667,320.0,320.0,1980.0,0.0,139.0,0.0,0.13686868686868686
multi_actor_v2,multi_actor_v2_caltech_sce_cap50,metro_caltech_sce,campus/workplace,multi-actor compact weekly matrix,50,20,2,2,4509,D_ReserveSeeking__F_ServiceFirst__G_NoGrid,multi_actor,90.91967403958091,78,859,90.91967403958091,78,859,46.05076131621926,3684.0609052975406,198.0,79.10714285714286,2.5029345372460496,2.5029345372460496,0.39953102453102457,1476264.0,172.8,2,602.9999999999998,264.75,14,2.0833333333333335,54,3,"[12594, 3, 843, 0]",12594,843,3,0,0.9370535714285714,0.06272321428571428,0.0002232142857142857,0.26832151300236406,0.32269503546099293,"Operational multi-actor scenario; not causal human behavior, global optimization, filed tariff billing, or site-specific feeder validation.",846,756,387,4633,537,4096,48,39,9,386,0,97,653,332,431,57,227,273,3827,168,ReserveSeeking,FleetServiceFirst,NoGridIncentive,Driver layer maintains a higher reserve threshold than the fleet recommendation assumes.,1053034.4492528697,85.69999999999999,4950.0,0.921681667342093,1.0,386,431,-3.3760186263096585,602.9999999999998,False,False,False,harmful by under-delivery,LeastLaxity,False,False,True,False,True,False,False,False,not_mutually_acceptable,driver_fleet_grid_fail,driver,387.0,2.0833333333333335,0.0,0.9139442413950716,-99152.30520983879,1.0,0.0,0.6096313017306245,0.9215053763440859,0.155964405964406,2.0026208479501224,0.9000000000000001,0.10297619047619047,409.0,409.0,846.0,0.0,97.0,0.0,0.26832151300236406
multi_actor_v2,multi_actor_v2_caltech_sce_cap50,metro_caltech_sce,campus/workplace,multi-actor compact weekly matrix,50,20,2,2,4509,D_UrgencyDriven__F_ServiceFirst__G_NoGrid,multi_actor,94.41210710128057,48,859,94.41210710128057,48,859,48.5048766257119,3880.3901300569523,198.0,64.60119047619048,3.0649589975122082,3.0649589975122082,0.3262686387686388,1045135.0,172.8,2,60.0,9.0,14,0.07142857142857142,2,0,"[12679, 0, 481, 280]",12679,481,0,280,0.9433779761904761,0.035788690476190474,0.0,0.316688567674113,0.28383705650459923,"Operational multi-actor scenario; not causal human behavior, global optimization, filed tariff billing, or site-specific feeder validation.",761,758,168,4634,557,4077,58,45,13,168,0,11,65,26,12,2,241,216,3918,168,UrgencyDriven,FleetServiceFirst,NoGridIncentive,Driver layer prioritizes deadline/urgent charging pressure over the fleet recommendation.,1105944.0346705872,93.0,4950.0,0.970799489190269,1.0,168,12,0.11641443538999852,60.0,False,False,False,harmful by priority distortion,LeastLaxity,False,False,True,False,True,False,False,False,not_mutually_acceptable,driver_fleet_grid_fail,driver,168.0,0.07142857142857142,0.0,0.9598652565541032,-46242.71979212132,1.0,0.0,0.7465216990693817,1.0,0.08270202020202025,1.4177742869313017,0.8499999999999999,0.15282738095238096,560.0,560.0,761.0,0.0,11.0,0.0,0.316688567674113
multi_actor_v2,multi_actor_v2_caltech_sce_cap50,metro_caltech_sce,campus/workplace,multi-actor compact weekly matrix,50,20,2,2,4509,D_PriceSensitive__F_QueueAware__G_PeakPenalty,multi_actor,88.70779976717112,97,859,88.70779976717112,97,859,43.8330844753292,3506.646758026336,212.0,151.33333333333334,1.4008810572687225,1.4008810572687225,0.7138364779874214,4283382.0,172.8,58,2531.999999999999,1244.25,30,9.136904761904763,207,124,"[10732, 16, 1722, 970]",10732,1722,16,970,0.7985119047619048,0.128125,0.0011904761904761906,0.24852289512555392,0.6174298375184638,"Operational multi-actor scenario; not causal human behavior, global optimization, filed tariff billing, or site-specific feeder validation.",2708,1826,2272,4639,554,4085,441,19,422,2269,3,139,2494,2105,2409,331,673,1672,1947,168,PriceSensitive,FleetQueueAware,GridPeakPenalty,"Full interaction: price-sensitive driver response, queue-aware fleet policy, and grid peak cap.",978975.1830179137,33.19999999999993,5300.0,0.8772960365747339,1.0707070707070707,2269,2409,-5.587892898719446,2531.999999999999,False,False,False,harmful by under-delivery,LeastLaxity,False,False,True,False,False,False,False,False,not_mutually_acceptable,driver_fleet_grid_fail,driver,2272.0,9.136904761904763,16.0,0.8496671040750097,-173211.57144479477,1.0707070707070707,350.0,0.3412078621329723,0.35698924731182724,0.4702698594208029,5.8106071088465825,0.6374999999999998,0.3566964285714286,1425.0,1425.0,2708.0,0.0,139.0,0.0,0.24852289512555392
multi_actor_v2,multi_actor_v2_caltech_sce_cap50,metro_caltech_sce,campus/workplace,multi-actor compact weekly matrix,50,20,2,2,4509,D_SoCCompliance__F_QueueAware__G_PeakPenalty,multi_actor,87.07799767171129,111,859,87.07799767171129,111,859,39.50891474658212,3160.7131797265697,212.0,151.10714285714286,1.402978019380761,1.402978019380761,0.7127695417789758,4273664.0,172.8,57,3120.0,691.5,16,5.386904761904762,109,17,"[11187, 40, 1303, 910]",11187,1303,40,910,0.8323660714285714,0.09694940476190476,0.002976190476190476,0.33422103861517977,0.7807367953839325,"Operational multi-actor scenario; not causal human behavior, global optimization, filed tariff billing, or site-specific feeder validation.",2253,1839,1837,4643,505,4138,119,34,85,1826,11,146,2130,1738,1312,126,753,1759,2430,168,SoCCompliance,FleetQueueAware,GridPeakPenalty,"Full interaction: SoC-dependent compliance, queue-aware fleet policy, and grid peak cap.",858497.2849865684,47.89999999999992,5300.0,0.7907500631413239,1.0707070707070707,1826,1312,-7.217694994179283,3120.0,False,False,False,harmful by under-delivery,LeastLaxity,False,False,True,False,False,False,False,False,not_mutually_acceptable,driver_fleet_grid_fail,driver,1837.0,5.386904761904762,2.0,0.7451025466673635,-293689.4694761401,1.0707070707070707,350.0,0.34171861210386384,0.5150537634408594,0.46920292321235724,5.797424189395604,0.8147738095238096,0.18377976190476192,1426.0,1426.0,2253.0,0.0,146.0,0.0,0.33422103861517977
multi_actor_v2,multi_actor_v2_caltech_sce_cap50,metro_caltech_sce,campus/workplace,multi-actor compact weekly matrix,50,20,2,2,4510,LeastLaxity,anchor,94.6820809248555,46,865,94.6820809248555,46,865,49.47818256786443,3958.2546054291543,191.0,47.833333333333336,3.993031358885017,3.993031358885017,0.25043630017452007,713796.0,172.8,3,0.0,0.0,13,0.0,0,0,"[12851, 0, 589, 0]",12851,589,0,0,0.9561755952380953,0.04382440476190476,0.0,0.28183361629881154,0.0,"Behavior Applied Energy package v1; behavior proxies are imposed perturbations, not measured traits.",589,589,0,4522,532,3990,62,57,5,0,0,0,0,0,0,0,166,0,3990,168,FullyCompliant,FleetServiceFirst,NoGridIncentive,LeastLaxity anchor used for paired thresholds.,1086124.4979170174,68.89999999999992,4775.0,1.0,1.0,0,0,0.0,0.0,True,True,True,anchor,LeastLaxity,True,True,True,True,True,True,True,True,mutually_acceptable,all_pass,none,0.0,0.0,0.0,1.0,0.0,1.0,0.0,1.0,1.0,0.0,1.0,,,,,,,,,
multi_actor_v2,multi_actor_v2_caltech_sce_cap50,metro_caltech_sce,campus/workplace,multi-actor compact weekly matrix,50,20,2,2,4510,D_FullyCompliant__F_ServiceFirst__G_NoGrid,multi_actor,94.6820809248555,46,865,94.6820809248555,46,865,49.47818256786443,3958.2546054291543,191.0,47.833333333333336,3.993031358885017,3.993031358885017,0.25043630017452007,713796.0,172.8,3,0.0,0.0,13,0.0,0,0,"[12851, 0, 589, 0]",12851,589,0,0,0.9561755952380953,0.04382440476190476,0.0,0.28183361629881154,0.0,"Operational multi-actor scenario; not causal human behavior, global optimization, filed tariff billing, or site-specific feeder validation.",589,589,0,4522,532,3990,62,57,5,0,0,0,0,0,0,0,166,0,3990,168,FullyCompliant,FleetServiceFirst,NoGridIncentive,"Baseline multi-actor row: least-laxity service-first fleet recommendation, fully compliant driver layer, no grid incentive.",1086124.4979170174,68.89999999999992,4775.0,1.0,1.0,0,0,0.0,0.0,True,True,True,service-tolerated,LeastLaxity,True,True,True,True,True,True,True,True,mutually_acceptable,all_pass,none,0.0,0.0,0.0,1.0,0.0,1.0,0.0,1.0,1.0,0.0,1.0,1.0,0.0,589.0,589.0,589.0,0.0,0.0,0.0,0.28183361629881154
multi_actor_v2,multi_actor_v2_caltech_sce_cap50,metro_caltech_sce,campus/workplace,multi-actor compact weekly matrix,50,20,2,2,4510,D_FullyCompliant__F_CostOnly__G_NoGrid,multi_actor,95.14450867052024,42,865,95.14450867052024,42,865,49.38600762819236,3950.8806102553885,205.0,147.5,1.3898305084745763,1.3898305084745763,0.7195121951219512,4172014.0,172.8,70,0.0,1.5,13,0.011904761904761904,0,0,"[11661, 36, 1, 1742]",11661,1,36,1742,0.8676339285714286,7.440476190476191e-05,0.0026785714285714286,0.3591905564924115,0.6885890949971895,"Operational multi-actor scenario; not causal human behavior, global optimization, filed tariff billing, or site-specific feeder validation.",1779,1777,1122,4521,623,3898,186,34,152,1120,2,2,23,4,4,0,639,1225,2778,168,FullyCompliant,FleetCostOnly,NoGridIncentive,Fleet shifts discretionary charging to cheap windows without an explicit grid guardrail.,1022064.9971619346,25.89999999999992,5125.0,0.9981370589037776,1.0732984293193717,1120,4,0.46242774566474054,0.0,True,True,False,harmful by priority distortion,LeastLaxity,False,False,True,False,False,False,False,False,not_mutually_acceptable,driver_fleet_grid_fail,driver,1122.0,0.011904761904761904,0.0,0.9410201124475722,-64059.500755082816,1.0732984293193717,350.0,0.3480640104120449,0.37590711175616764,0.4690758949474311,5.8448268132631735,1.0,0.0,1779.0,1779.0,1779.0,0.0,2.0,0.0,0.3591905564924115
multi_actor_v2,multi_actor_v2_caltech_sce_cap50,metro_caltech_sce,campus/workplace,multi-actor compact weekly matrix,50,20,2,2,4510,D_FullyCompliant__F_ServiceCostly__G_NoGrid,multi_actor,95.02890173410404,43,865,95.02890173410404,43,865,48.779189277856084,3902.335142228487,205.0,112.0297619047619,1.829870888900696,1.829870888900696,0.5464866434378629,2931059.0,172.8,37,180.0,56.25,13,0.44642857142857145,11,0,"[12081, 0, 516, 843]",12081,516,0,843,0.8988839285714286,0.038392857142857145,0.0,0.11479028697571744,0.5702722590139808,"Operational multi-actor scenario; not causal human behavior, global optimization, filed tariff billing, or site-specific feeder validation.",1359,1325,761,4521,592,3929,78,47,31,752,0,75,807,500,99,11,156,775,3213,168,FullyCompliant,FleetServiceCostly,NoGridIncentive,"Fleet preserves urgent service but shifts discretionary charging away from cheap windows, creating a fleet economic stress case.",1074568.4869208517,116.49999999999983,5125.0,0.9858726967376055,1.0732984293193717,752,99,0.3468208092485412,180.0,False,True,False,harmful by priority distortion,LeastLaxity,False,False,True,False,False,False,False,False,not_mutually_acceptable,driver_fleet_grid_fail,driver,761.0,0.44642857142857145,0.0,0.9893603256179858,-11556.010996165685,1.0732984293193717,350.0,0.4582660952133506,1.6908563134978225,0.29605034326334284,4.106297877825037,1.0,0.0,1359.0,1359.0,1359.0,0.0,75.0,0.0,0.11479028697571744
multi_actor_v2,multi_actor_v2_caltech_sce_cap50,metro_caltech_sce,campus/workplace,multi-actor compact weekly matrix,50,20,2,2,4510,D_FullyCompliant__F_QueueAware__G_NoGrid,multi_actor,94.5664739884393,47,865,94.5664739884393,47,865,47.37836200693704,3790.268960554963,205.0,145.6547619047619,1.4074376787903555,1.4074376787903555,0.7105110336817654,4102892.0,172.8,69,0.0,0.0,13,0.0,0,0,"[11695, 0, 0, 1745]",11695,0,0,1745,0.8701636904761905,0.0,0.0,0.3467048710601719,0.6979942693409742,"Operational multi-actor scenario; not causal human behavior, global optimization, filed tariff billing, or site-specific feeder validation.",1745,1745,1112,4520,633,3887,610,0,610,1112,0,0,0,0,0,0,605,1218,2775,168,FullyCompliant,FleetQueueAware,NoGridIncentive,Fleet suppresses non-urgent/high-SoC requests under queue pressure.,1011545.461414153,21.0,5125.0,0.9575606772126831,1.0732984293193717,1112,0,-0.11560693641619935,0.0,False,False,False,harmful by priority distortion,LeastLaxity,False,False,True,False,False,False,False,False,not_mutually_acceptable,driver_fleet_grid_fail,driver,1112.0,0.0,0.0,0.9313347257649625,-74579.03650286444,1.0732984293193717,350.0,0.3524734850024713,0.3047895500725693,0.4600747335072453,5.747989621684627,1.0,0.0,1745.0,1745.0,1745.0,0.0,0.0,0.0,0.3467048710601719
multi_actor_v2,multi_actor_v2_caltech_sce_cap50,metro_caltech_sce,campus/workplace,multi-actor compact weekly matrix,50,20,2,2,4510,D_FullyCompliant__F_AvailabilityFocused__G_NoGrid,multi_actor,94.6820809248555,46,865,94.6820809248555,46,865,49.56671803243911,3965.3374425951292,205.0,148.38690476190476,1.3815235268161579,1.3815235268161579,0.7238385598141696,4205277.0,172.8,69,0.0,0.0,13,0.0,0,0,"[11654, 0, 41, 1745]",11654,41,0,1745,0.8671130952380952,0.003050595238095238,0.0,0.341545352743561,0.6892497200447928,"Operational multi-actor scenario; not causal human behavior, global optimization, filed tariff billing, or site-specific feeder validation.",1786,1786,1123,4520,622,3898,134,41,93,1123,0,0,0,0,0,0,610,1231,2775,168,FullyCompliant,FleetAvailabilityFocused,NoGridIncentive,Fleet maintains a higher readiness reserve for vehicles with likely upcoming needs.,1090553.6100152738,21.0,5125.0,1.001789383926001,1.0732984293193717,1123,0,0.0,0.0,True,True,False,harmful by priority distortion,LeastLaxity,False,False,True,False,False,False,False,False,not_mutually_acceptable,driver_fleet_grid_fail,driver,1123.0,0.0,0.0,1.0040779046110742,4429.112098256359,1.0732984293193717,350.0,0.34598364065989295,0.3047895500725693,0.4734022596396495,5.8914269623253706,1.0,0.0,1786.0,1786.0,1786.0,0.0,0.0,0.0,0.341545352743561
multi_actor_v2,multi_actor_v2_caltech_sce_cap50,metro_caltech_sce,campus/workplace,multi-actor compact weekly matrix,50,20,2,2,4510,D_FullyCompliant__F_ServiceFirst__G_PeakPenalty,multi_actor,94.6820809248555,46,865,94.6820809248555,46,865,49.47818256786443,3958.2546054291543,191.0,47.833333333333336,3.993031358885017,3.993031358885017,0.25043630017452007,713796.0,172.8,3,0.0,0.0,13,0.0,0,0,"[12851, 0, 589, 0]",12851,589,0,0,0.9561755952380953,0.04382440476190476,0.0,0.28183361629881154,0.0,"Operational multi-actor scenario; not causal human behavior, global optimization, filed tariff billing, or site-specific feeder validation.",589,589,0,4522,532,3990,62,57,5,0,0,0,0,0,0,0,166,0,3990,168,FullyCompliant,FleetServiceFirst,GridPeakPenalty,Service-first fleet recommendation with an action-changing peak cap.,1086124.4979170174,68.89999999999992,4775.0,1.0,1.0,0,0,0.0,0.0,True,True,True,service-tolerated,LeastLaxity,True,True,True,True,True,True,True,True,mutually_acceptable,all_pass,none,0.0,0.0,0.0,1.0,0.0,1.0,0.0,1.0,1.0,0.0,1.0,1.0,0.0,589.0,589.0,589.0,0.0,0.0,0.0,0.28183361629881154
multi_actor_v2,multi_actor_v2_caltech_sce_cap50,metro_caltech_sce,campus/workplace,multi-actor compact weekly matrix,50,20,2,2,4510,D_FullyCompliant__F_CostOnly__G_PeakPenalty,multi_actor,95.14450867052024,42,865,95.14450867052024,42,865,49.38600762819236,3950.8806102553885,205.0,148.0952380952381,1.3842443729903537,1.3842443729903537,0.7224157955865274,4196114.0,172.8,70,0.0,0.0,13,0.0,0,0,"[11661, 34, 1, 1744]",11661,1,34,1744,0.8676339285714286,7.440476190476191e-05,0.002529761904761905,0.3591905564924115,0.6897133220910624,"Operational multi-actor scenario; not causal human behavior, global optimization, filed tariff billing, or site-specific feeder validation.",1779,1779,1122,4521,623,3898,235,34,201,1122,0,0,0,0,0,0,639,1227,2776,168,FullyCompliant,FleetCostOnly,GridPeakPenalty,Cheap-window fleet policy with a grid peak cap.,1022064.9971619346,21.0,5125.0,0.9981370589037776,1.0732984293193717,1122,0,0.46242774566474054,0.0,True,True,False,harmful by priority distortion,LeastLaxity,False,False,True,False,False,False,False,False,not_mutually_acceptable,driver_fleet_grid_fail,driver,1122.0,0.0,0.0,0.9410201124475722,-64059.500755082816,1.0732984293193717,350.0,0.3466650393091026,0.3047895500725693,0.4719794954120073,5.878589961277452,1.0,0.0,1796.0,1779.0,1779.0,17.0,0.0,0.0,0.3591905564924115
multi_actor_v2,multi_actor_v2_caltech_sce_cap50,metro_caltech_sce,campus/workplace,multi-actor compact weekly matrix,50,20,2,2,4510,D_FullyCompliant__F_QueueAware__G_PeakPenalty,multi_actor,94.5664739884393,47,865,94.5664739884393,47,865,47.37836200693704,3790.268960554963,205.0,145.6547619047619,1.4074376787903555,1.4074376787903555,0.7105110336817654,4102892.0,172.8,69,0.0,0.0,13,0.0,0,0,"[11695, 0, 0, 1745]",11695,0,0,1745,0.8701636904761905,0.0,0.0,0.3467048710601719,0.6979942693409742,"Operational multi-actor scenario; not causal human behavior, global optimization, filed tariff billing, or site-specific feeder validation.",1745,1745,1112,4520,633,3887,610,0,610,1112,0,0,0,0,0,0,605,1218,2775,168,FullyCompliant,FleetQueueAware,GridPeakPenalty,Queue-aware fleet policy with a grid peak cap.,1011545.461414153,21.0,5125.0,0.9575606772126831,1.0732984293193717,1112,0,-0.11560693641619935,0.0,False,False,False,harmful by priority distortion,LeastLaxity,False,False,True,False,False,False,False,False,not_mutually_acceptable,driver_fleet_grid_fail,driver,1112.0,0.0,0.0,0.9313347257649625,-74579.03650286444,1.0732984293193717,350.0,0.3524734850024713,0.3047895500725693,0.4600747335072453,5.747989621684627,1.0,0.0,1745.0,1745.0,1745.0,0.0,0.0,0.0,0.3467048710601719
multi_actor_v2,multi_actor_v2_caltech_sce_cap50,metro_caltech_sce,campus/workplace,multi-actor compact weekly matrix,50,20,2,2,4510,D_LimitedAttentionP0025__F_ServiceFirst__G_NoGrid,multi_actor,94.6820809248555,46,865,94.6820809248555,46,865,49.47818256786443,3958.2546054291543,191.0,47.791666666666664,3.9965126416739323,3.9965126416739323,0.25021815008726,703483.0,172.8,3,0.0,0.0,13,0.0,0,0,"[12852, 0, 588, 0]",12852,588,0,0,0.95625,0.04375,0.0,0.2789115646258503,0.0,"Operational multi-actor scenario; not causal human behavior, global optimization, filed tariff billing, or site-specific feeder validation.",588,588,0,4522,531,3991,62,57,5,0,0,0,0,0,0,0,164,0,3991,168,LimitedAttentionP0025,FleetServiceFirst,NoGridIncentive,Low-probability missed compliance with service-first fleet recommendation.,1087006.4979170174,64.0,4775.0,1.0,1.0,0,0,0.0,0.0,True,True,True,service-tolerated,LeastLaxity,True,True,True,True,True,True,True,True,mutually_acceptable,all_pass,none,0.0,0.0,0.0,1.0008120616022302,882.0,1.0,0.0,1.0008718395815173,0.9288824383164016,-0.00021815008726006058,0.9855518943787861,0.9749999999999999,0.0003720238095238095,593.0,593.0,588.0,0.0,0.0,0.0,0.2789115646258503
multi_actor_v2,multi_actor_v2_caltech_sce_cap50,metro_caltech_sce,campus/workplace,multi-actor compact weekly matrix,50,20,2,2,4510,D_LimitedAttentionP005__F_ServiceFirst__G_NoGrid,multi_actor,94.45086705202313,48,865,94.45086705202313,48,865,47.913458026779686,3833.076642142375,184.0,46.875,3.925333333333333,3.925333333333333,0.2547554347826087,686893.0,172.8,3,0.0,0.0,12,0.0,0,0,"[12874, 0, 566, 0]",12874,566,0,0,0.9578869047619047,0.04211309523809524,0.0,0.2879858657243816,0.0,"Operational multi-actor scenario; not causal human behavior, global optimization, filed tariff billing, or site-specific feeder validation.",566,566,0,4523,507,4016,68,59,9,0,0,0,0,0,0,0,163,0,4016,168,LimitedAttentionP005,FleetServiceFirst,NoGridIncentive,Moderate missed compliance with service-first fleet recommendation.,1045164.6413206933,93.0,4600.0,0.9683754645001651,0.9633507853403142,0,0,-0.23121387283237027,0.0,False,False,True,service-tolerated,LeastLaxity,True,True,True,True,True,False,False,False,not_mutually_acceptable,grid_only_fail,grid,0.0,0.0,-1.0,0.9622880648812567,-40959.85659632413,0.9633507853403142,-175.0,0.9830459569517161,1.349782293178521,0.004319134608088637,0.9623099597083761,0.95,0.0029017857142857144,605.0,605.0,566.0,0.0,0.0,0.0,0.2879858657243816
multi_actor_v2,multi_actor_v2_caltech_sce_cap50,metro_caltech_sce,campus/workplace,multi-actor compact weekly matrix,50,20,2,2,4510,D_SoCCompliance__F_ServiceFirst__G_NoGrid,multi_actor,87.86127167630057,105,865,87.86127167630057,105,865,40.62513692740218,3250.0109541921747,191.0,117.79166666666667,1.621506897771489,1.621506897771489,0.6167102966841187,2738167.0,172.8,6,2954.999999999999,687.75,19,5.345238095238095,96,19,"[11894, 15, 1531, 0]",11894,1531,15,0,0.8849702380952381,0.11391369047619047,0.0011160714285714285,0.2923673997412678,0.6261319534282018,"Operational multi-actor scenario; not causal human behavior, global optimization, filed tariff billing, or site-specific feeder validation.",1546,1150,1153,4525,492,4033,60,44,16,1143,6,144,1483,1125,1286,115,452,968,3029,168,SoCCompliance,FleetServiceFirst,NoGridIncentive,Compliance probability is higher at low SoC and lower at high SoC.,882357.8121547695,49.69999999999999,4775.0,0.8210717293764906,1.0,1143,1286,-6.820809248554923,2954.999999999999,False,False,False,harmful by under-delivery,LeastLaxity,False,False,True,False,True,False,False,False,not_mutually_acceptable,driver_fleet_grid_fail,driver,1153.0,5.345238095238095,6.0,0.812391041585901,-203766.6857622479,1.0,0.0,0.4060841881853555,0.7213352685050805,0.36627399650959863,3.8360638053449443,0.8195915178571438,0.18288690476190475,301.0,301.0,1546.0,0.0,144.0,0.0,0.2923673997412678
multi_actor_v2,multi_actor_v2_caltech_sce_cap50,metro_caltech_sce,campus/workplace,multi-actor compact weekly matrix,50,20,2,2,4510,D_SoCQueueCompliance__F_ServiceFirst__G_NoGrid,multi_actor,89.2485549132948,93,865,89.2485549132948,93,865,42.81338673341455,3425.070938673164,191.0,127.44047619047619,1.498738907052779,1.498738907052779,0.6672276240339068,3186674.0,172.8,16,4931.999999999999,1461.75,27,10.869047619047619,205,123,"[10935, 52, 2453, 0]",10935,2453,52,0,0.8136160714285714,0.18251488095238094,0.003869047619047619,0.25508982035928146,0.5776447105788424,"Operational multi-actor scenario; not causal human behavior, global optimization, filed tariff billing, or site-specific feeder validation.",2505,1357,2088,4520,509,4011,116,45,71,2059,28,155,2470,2066,2970,328,639,1447,2087,168,SoCQueueCompliance,FleetServiceFirst,NoGridIncentive,SoC-dependent compliance with queue-sensitive avoidance for non-critical high-SoC charging.,925922.6683407817,35.0,4775.0,0.8652982892953188,1.0,2059,2970,-5.433526011560701,4931.999999999999,False,False,False,harmful by under-delivery,LeastLaxity,False,False,True,False,True,False,False,False,not_mutually_acceptable,driver_fleet_grid_fail,driver,2088.0,10.869047619047619,14.0,0.852501412238217,-160201.82957623573,1.0,0.0,0.37533862680990193,0.5079825834542822,0.4167913238593867,4.46440439565366,0.5981030505952378,0.4082589285714286,243.0,243.0,2505.0,0.0,155.0,21.0,0.25508982035928146
multi_actor_v2,multi_actor_v2_caltech_sce_cap50,metro_caltech_sce,campus/workplace,multi-actor compact weekly matrix,50,20,2,2,4510,D_PriceSensitive__F_ServiceFirst__G_NoGrid,multi_actor,90.17341040462428,85,865,90.17341040462428,85,865,44.756830424345566,3580.5464339476453,191.0,114.0297619047619,1.675001305006003,1.675001305006003,0.5970144602343554,2575897.0,172.8,4,2531.999999999999,1186.5,25,8.869047619047619,202,92,"[11515, 3, 1922, 0]",11515,1922,3,0,0.8567708333333334,0.14300595238095237,0.0002232142857142857,0.13506493506493505,0.43012987012987014,"Operational multi-actor scenario; not causal human behavior, global optimization, filed tariff billing, or site-specific feeder validation.",1925,1072,1498,4520,532,3988,88,46,42,1496,2,144,1865,1462,2340,294,260,828,2638,168,PriceSensitive,FleetServiceFirst,NoGridIncentive,"Driver layer biases actual requests toward cheap windows, bounded by critical/low-SoC need.",946695.1879557405,50.0,4775.0,0.9045770903762878,1.0,1496,2340,-4.50867052023122,2531.999999999999,False,False,False,harmful by under-delivery,LeastLaxity,False,False,True,False,True,False,False,False,not_mutually_acceptable,driver_fleet_grid_fail,driver,1498.0,8.869047619047619,12.0,0.8716267700169952,-139429.30996127694,1.0,0.0,0.4194811296131963,0.7256894049346888,0.3465781600598354,3.6087299452504635,0.6374999999999998,0.3639136904761905,291.0,291.0,1925.0,0.0,144.0,0.0,0.13506493506493505
multi_actor_v2,multi_actor_v2_caltech_sce_cap50,metro_caltech_sce,campus/workplace,multi-actor compact weekly matrix,50,20,2,2,4510,D_ReserveSeeking__F_ServiceFirst__G_NoGrid,multi_actor,91.5606936416185,73,865,91.5606936416185,73,865,46.03377193732314,3682.701754985851,191.0,78.13690476190476,2.4444275158071154,2.4444275158071154,0.4090937422089254,1434225.0,172.8,4,600.0,247.5,13,1.9583333333333333,53,1,"[12607, 6, 827, 0]",12607,827,6,0,0.9380208333333333,0.0615327380952381,0.0004464285714285714,0.28331332533013204,0.29411764705882354,"Operational multi-actor scenario; not causal human behavior, global optimization, filed tariff billing, or site-specific feeder validation.",833,745,379,4520,534,3986,61,54,7,377,1,105,638,341,408,54,236,245,3741,168,ReserveSeeking,FleetServiceFirst,NoGridIncentive,Driver layer maintains a higher reserve threshold than the fleet recommendation assumes.,989992.5062874214,93.0,4775.0,0.9303852637307983,1.0,377,408,-3.1213872832369987,600.0,False,False,False,harmful by under-delivery,LeastLaxity,False,False,True,False,True,False,False,False,not_mutually_acceptable,driver_fleet_grid_fail,driver,379.0,1.9583333333333333,0.0,0.9114908172921621,-96131.99162959598,1.0,0.0,0.6121733831035272,1.349782293178521,0.15865744203440535,2.0092925709866685,0.9000000000000001,0.10089285714285715,395.0,395.0,833.0,0.0,105.0,0.0,0.28331332533013204
multi_actor_v2,multi_actor_v2_caltech_sce_cap50,metro_caltech_sce,campus/workplace,multi-actor compact weekly matrix,50,20,2,2,4510,D_UrgencyDriven__F_ServiceFirst__G_NoGrid,multi_actor,94.33526011560693,49,865,94.33526011560693,49,865,48.8676481702622,3909.4118536209758,191.0,62.720238095238095,3.045269051912309,3.045269051912309,0.32837820992271255,1006877.0,172.8,3,60.0,9.0,13,0.07142857142857142,2,0,"[12675, 0, 497, 268]",12675,497,0,268,0.9430803571428571,0.03697916666666667,0.0,0.3084967320261438,0.25882352941176473,"Operational multi-actor scenario; not causal human behavior, global optimization, filed tariff billing, or site-specific feeder validation.",765,762,160,4521,560,3961,62,54,8,159,0,12,71,24,12,2,236,198,3811,168,UrgencyDriven,FleetServiceFirst,NoGridIncentive,Driver layer prioritizes deadline/urgent charging pressure over the fleet recommendation.,1068636.4387418458,93.0,4775.0,0.9876605330689983,1.0,159,12,-0.3468208092485696,60.0,False,True,False,harmful by priority distortion,LeastLaxity,False,False,True,False,True,False,False,False,not_mutually_acceptable,driver_fleet_grid_fail,driver,160.0,0.07142857142857142,0.0,0.9838986605967267,-17488.059175171657,1.0,0.0,0.7626459143968872,1.349782293178521,0.07794190974819248,1.4105949038660905,0.8499999999999999,0.14702380952380953,578.0,578.0,765.0,0.0,12.0,0.0,0.3084967320261438
multi_actor_v2,multi_actor_v2_caltech_sce_cap50,metro_caltech_sce,campus/workplace,multi-actor compact weekly matrix,50,20,2,2,4510,D_PriceSensitive__F_QueueAware__G_PeakPenalty,multi_actor,89.82658959537572,88,865,89.82658959537572,88,865,43.5970318406225,3487.7625472498,205.0,146.19642857142858,1.4022230365213142,1.4022230365213142,0.7131533101045296,4111985.0,172.8,68,3011.999999999999,1268.25,31,9.380952380952381,190,115,"[10795, 20, 1746, 879]",10795,1746,20,879,0.8031994047619048,0.1299107142857143,0.001488095238095238,0.23213610586011343,0.5954631379962193,"Operational multi-actor scenario; not causal human behavior, global optimization, filed tariff billing, or site-specific feeder validation.",2645,1758,2233,4520,550,3970,429,23,406,2231,2,148,2523,2148,2458,305,614,1575,1895,168,PriceSensitive,FleetQueueAware,GridPeakPenalty,"Full interaction: price-sensitive driver response, queue-aware fleet policy, and grid peak cap.",893891.5721447683,47.89999999999992,5125.0,0.8811364843650972,1.0732984293193717,2231,2458,-4.855491329479776,3011.999999999999,False,False,False,harmful by under-delivery,LeastLaxity,False,False,True,False,False,False,False,False,not_mutually_acceptable,driver_fleet_grid_fail,driver,2233.0,9.380952380952381,18.0,0.8230102293605238,-192232.92577224912,1.0732984293193717,350.0,0.3511675492858789,0.6952104499274308,0.4627170099300096,5.760728555497649,0.6374999999999998,0.36614583333333334,1304.0,1304.0,2645.0,0.0,148.0,0.0,0.23213610586011343
multi_actor_v2,multi_actor_v2_caltech_sce_cap50,metro_caltech_sce,campus/workplace,multi-actor compact weekly matrix,50,20,2,2,4510,D_SoCCompliance__F_QueueAware__G_PeakPenalty,multi_actor,90.40462427745665,83,865,90.40462427745665,83,865,41.4658006121936,3317.2640489754876,205.0,146.91071428571428,1.3954053725537865,1.3954053725537865,0.7166376306620209,4147315.0,172.8,69,3128.9999999999995,716.25,19,5.5476190476190474,102,23,"[11263, 47, 1281, 849]",11263,1281,47,849,0.8380208333333333,0.0953125,0.0034970238095238097,0.3141938447404685,0.7248507119889757,"Operational multi-actor scenario; not causal human behavior, global optimization, filed tariff billing, or site-specific feeder validation.",2177,1769,1749,4525,524,4001,160,32,128,1730,19,147,2070,1676,1338,125,684,1578,2395,168,SoCCompliance,FleetQueueAware,GridPeakPenalty,"Full interaction: SoC-dependent compliance, queue-aware fleet policy, and grid peak cap.",884329.0425256783,21.0,5125.0,0.8380623228292384,1.0732984293193717,1730,1338,-4.27745664739885,3128.9999999999995,False,False,False,harmful by under-delivery,LeastLaxity,False,False,True,False,False,False,False,False,not_mutually_acceptable,driver_fleet_grid_fail,driver,1749.0,5.5476190476190474,6.0,0.8142059627801924,-201795.45539133914,1.0732984293193717,350.0,0.3494601587460181,0.3047895500725693,0.46620133048750084,5.810224489910283,0.8199944196428582,0.1777529761904762,1328.0,1328.0,2177.0,0.0,147.0,0.0,0.3141938447404685
