seed,car,arrival_hour,dwell_h,kwh
4541,0,5,6.0,8.489818353361905
4541,0,6,7.0,5.357307050997464
4541,0,14,3.0,2.8896657243381907
4541,0,8,14.0,3.515808037275408
4541,0,6,2.0,3.9398473850201654
4541,1,7,5.0,5.67591746765558
4541,1,17,6.0,1.2099754429937968
4541,1,6,14.0,7.224671734704769
4541,1,19,4.0,11.87797925964714
4541,1,7,4.0,9.004068059570857
4541,1,6,5.0,4.587050856331946
4541,2,12,8.0,1.8861993734653542
4541,2,11,2.0,27.65231239078657
4541,2,8,14.0,5.675060076258936
4541,2,9,6.0,5.825371211949106
4541,2,8,5.0,3.16865155434657
4541,2,12,12.0,2.882401909708497
4541,3,9,5.0,15.57953473525937
4541,3,6,4.0,43.45761049030365
4541,3,6,9.0,7.176433102047134
4541,3,8,10.0,3.976353111793714
4541,3,8,4.0,2.58429455613226
4541,4,7,3.0,3.3951103391183595
4541,4,19,5.0,16.208270383036584
4541,4,6,14.0,7.844087570250802
4541,4,12,2.0,15.065106460368428
4541,4,8,5.0,6.138993589630571
4541,5,17,3.0,2.157685574221353
4541,5,11,5.0,2.6575896443536875
4541,5,8,4.0,4.871684044493101
4541,5,5,5.0,4.052209489194649
4541,5,6,3.0,7.889528969216451
4541,6,12,6.0,4.581830621368686
4541,6,14,6.0,14.942759415117035
4541,6,8,7.0,2.9309908809880136
4541,6,7,13.0,14.771057225736843
4541,6,6,9.0,2.894056977876824
4541,7,6,10.0,31.97255503027789
4541,7,9,11.0,2.961099554264438
4541,7,7,11.0,1.2567078620957064
4541,7,7,6.0,10.458802705604816
4541,7,9,4.0,1.6176331184625425
4541,7,8,12.0,6.448701532706206
4541,8,5,3.0,3.6489675766847958
4541,8,6,4.0,15.94619245252081
4541,8,8,14.0,13.363426754819656
4541,8,6,5.0,10.002776289719918
4541,8,7,14.0,5.225732598080541
4541,9,4,6.0,12.385785973224989
4541,9,10,3.0,6.023337509427932
4541,9,6,9.0,3.668788066986405
4541,9,6,11.0,2.339305889617076
4541,9,6,3.0,17.46418475653749
4541,9,6,3.0,6.621606589888353
4541,10,7,1.0,2.664909651912072
4541,10,20,24.0,7.88301148000568
4541,10,7,5.0,2.8024529636162785
4541,10,8,6.0,38.4776387211642
4541,10,7,3.0,13.928124809724483
4541,11,6,3.0,1.9958891503244818
4541,11,6,7.0,19.416559946618
4541,11,6,5.0,23.833195135435307
4541,11,8,3.0,20.217328741272397
4541,11,13,14.0,0.8430341731792953
4541,12,7,3.0,2.532299455082464
4541,12,13,14.0,7.337479756877089
4541,12,8,6.0,3.588412520921879
4541,12,7,8.0,14.317376721481802
4541,12,8,3.0,3.4259614617401786
4541,13,12,14.0,16.926715779505244
4541,13,7,4.0,4.49216026823977
4541,13,6,2.0,21.397992502180802
4541,13,10,4.0,1.6911240058135977
4541,13,6,5.0,13.187798404956022
4541,14,9,2.0,17.012389398661796
4541,14,14,5.0,7.9206850980065235
4541,14,6,5.0,8.009638334703181
4541,14,9,5.0,29.19566426178815
4541,14,6,4.0,24.19949109832633
4541,15,9,12.0,3.970233381416482
4541,15,6,2.0,8.069852249657657
4541,15,18,1.0,22.41605098336337
4541,15,15,3.0,2.6024652317381576
4541,15,7,9.0,42.6995419693562
4541,16,12,5.0,7.398718286185307
4541,16,6,6.0,6.3637717202209725
4541,16,9,5.0,15.180680579812762
4541,16,7,14.0,2.597670149527338
4541,16,13,1.0,2.116343639885738
4541,17,14,6.0,6.886478121019848
4541,17,7,5.0,7.4090001320516174
4541,17,7,14.0,4.763355146834997
4541,17,21,5.0,8.568302059928715
4541,17,19,6.0,3.9782512407872686
4541,18,8,4.0,8.116000928096785
4541,18,7,5.0,16.08646632810946
4541,18,7,14.0,17.775158936733092
4541,18,9,8.0,2.4539599490942887
4541,18,18,4.0,7.721433206291474
4541,19,7,3.0,3.0756041721367806
4541,19,6,5.0,17.91857996082194
4541,19,6,14.0,4.085637790062456
4541,19,8,3.0,10.6769958274628
4541,19,5,12.0,6.8394949829838465
4541,19,10,5.0,13.073767139999212
4541,20,5,8.0,10.532052011205336
4541,20,16,13.0,28.161197855063186
4541,20,7,2.0,41.134576690760895
4541,20,8,4.0,9.713209752744442
4541,20,9,4.0,3.9771070844493073
4541,21,9,2.0,4.724776172837321
4541,21,7,3.0,23.15672034636341
4541,21,9,5.0,8.599057452059117
4541,21,8,3.0,8.398594382343292
4541,21,9,2.0,13.49300491325921
4541,21,7,6.0,30.969829296133717
4541,22,12,14.0,3.4641121799728
4541,22,16,2.0,39.78397090016574
4541,22,6,4.0,5.79287880522465
4541,22,6,6.0,4.162618454945451
4541,22,8,5.0,1.5090515602933534
4541,22,5,5.0,16.008857773691776
4541,23,7,2.0,23.688749205783935
4541,23,22,14.0,42.55681525837329
4541,23,18,5.0,7.99513282270981
4541,23,11,12.0,5.216697633596738
4541,23,8,3.0,1.5500707654258838
4541,24,6,14.0,6.544601534639143
4541,24,10,7.0,1.6689371569474005
4541,24,7,8.0,22.830182280495727
4541,24,16,3.0,12.569198255626626
4541,24,14,7.0,19.12522474955631
4541,24,14,6.0,5.810231163756587
4541,25,17,3.0,6.920487406811541
4541,25,7,2.0,26.872580184688793
4541,25,10,4.0,28.92349767935156
4541,25,21,3.0,7.267938445679178
4541,25,6,5.0,7.4671545904283505
4541,25,15,8.0,41.06573417247418
4541,26,15,2.0,16.38828974797532
4541,26,13,4.0,3.3478139861899447
4541,26,8,6.0,29.5301820001022
4541,26,7,3.0,4.272734649611559
4541,26,11,12.0,2.110342904250935
4541,26,7,11.0,6.425880330886361
4541,27,14,3.0,22.363788313368072
4541,27,13,6.0,17.427805355561762
4541,27,8,11.0,17.987596295485023
4541,27,6,7.0,9.768089379055448
4541,27,12,4.0,11.48504089738113
4541,27,18,5.0,12.46071504040616
4541,28,16,1.0,30.9655757560461
4541,28,7,8.0,1.3158725334148662
4541,28,10,2.0,13.716637573420659
4541,28,7,14.0,3.532437797643357
4541,28,7,4.0,4.173793419776129
4541,28,9,8.0,7.16646278909379
4541,29,15,3.0,10.838478911218678
4541,29,13,4.0,12.036101743828377
4541,29,8,2.0,5.518361023471626
4541,29,7,2.0,15.528789950870127
4541,29,6,14.0,4.219882706660343
4541,30,19,5.0,9.255578050805711
4541,30,5,7.0,42.45268882645935
4541,30,19,4.0,3.027262410801793
4541,30,13,4.0,45.433239000137505
4541,30,18,3.0,10.150688951557669
4541,31,8,7.0,6.921995407978625
4541,31,6,3.0,12.923421816188265
4541,31,7,14.0,12.58464804850311
4541,31,11,6.0,3.7680150861037385
4541,31,9,14.0,33.216170113778844
4541,32,14,4.0,16.863555064817216
4541,32,8,8.0,10.515657302044875
4541,32,18,2.0,1.9636802064257153
4541,32,13,5.0,1.8018124049589666
4541,32,7,5.0,10.14969311491721
4541,32,8,8.0,14.51775694921692
4541,32,9,11.0,9.956303353757882
4541,33,7,3.0,1.8972701959331983
4541,33,9,7.0,1.019657183020741
4541,33,7,6.0,17.32482670273077
4541,33,7,4.0,6.967801130307667
4541,33,13,3.0,9.275958889079476
4541,34,16,14.0,3.5082895272087966
4541,34,7,4.0,4.408309548286673
4541,34,6,2.0,17.97209377407733
4541,34,9,5.0,9.128818465997929
4541,34,6,2.0,2.5392799281614193
4541,35,15,6.0,9.927120159572954
4541,35,12,1.0,3.3745489183495274
4541,35,7,7.0,15.307333465627025
4541,35,7,7.0,14.610232825363866
4541,35,10,6.0,8.847968731166938
4541,36,10,2.0,14.670761359218027
4541,36,5,7.0,1.833116688990922
4541,36,8,4.0,6.241757866031362
4541,36,9,8.0,30.53501356216617
4541,36,18,4.0,17.138768464359654
4541,36,7,12.0,9.507974389479159
4541,37,7,11.0,17.552010214549178
4541,37,9,14.0,14.743005898368565
4541,37,20,6.0,10.92128347973047
4541,37,11,1.0,1.7570141397502657
4541,37,7,4.0,2.352756528349779
4541,37,7,10.0,11.237402914222585
4541,37,8,3.0,25.142496654483722
4541,38,9,7.0,26.837761875405416
4541,38,16,6.0,3.114876411108448
4541,38,7,8.0,14.008419335460689
4541,38,8,9.0,9.256500205763256
4541,38,16,3.0,10.415550869714485
4541,39,6,9.0,12.737795903821771
4541,39,18,8.0,12.031909223152665
4541,39,7,6.0,4.49955783322486
4541,39,7,9.0,9.23448975555202
4541,39,6,4.0,4.917358885737408
4541,40,14,8.0,5.021677261878367
4541,40,9,6.0,1.9074576137914576
4541,40,5,11.0,1.908537619359242
4541,40,6,9.0,7.595601807551618
4541,40,9,7.0,1.8856279182796676
4541,40,11,14.0,9.631638337807352
4541,40,15,9.0,2.00375197896309
4541,41,7,10.0,2.9477550417854035
4541,41,16,6.0,4.530520168131594
4541,41,8,14.0,9.900171646916316
4541,41,20,6.0,7.77245074642061
4541,41,10,5.0,9.080591668402615
4541,42,6,7.0,1.1824084932290153
4541,42,7,2.0,11.158528502664595
4541,42,16,14.0,22.698532503516475
4541,42,7,6.0,13.391750298559765
4541,42,20,5.0,16.87519209214571
4541,43,7,14.0,4.865346698194362
4541,43,10,7.0,18.791150210259982
4541,43,17,9.0,7.442981638607193
4541,43,7,14.0,7.217119048063376
4541,43,7,13.0,16.588649173949182
4541,43,18,6.0,16.711128045325758
4541,44,5,6.0,14.558662840036328
4541,44,8,4.0,13.112023190417036
4541,44,11,4.0,7.637475067049343
4541,44,7,4.0,11.150730851374414
4541,44,6,10.0,3.1073778515523593
4541,45,7,8.0,7.738744038930896
4541,45,7,3.0,4.799840081301385
4541,45,7,3.0,18.619519721085325
4541,45,7,4.0,8.51728903890406
4541,45,8,4.0,6.24730225697278
4541,46,9,8.0,5.578147024047691
4541,46,12,3.0,18.557213395153962
4541,46,7,14.0,7.113623546025582
4541,46,7,5.0,13.578411669068995
4541,46,9,3.0,2.0545063343995285
4541,46,6,3.0,4.980613750105261
4541,47,8,3.0,2.23944863684862
4541,47,17,12.0,8.410118403889111
4541,47,6,2.0,10.20081627337913
4541,47,14,14.0,1.071140173760176
4541,47,7,3.0,1.3155247176846787
4541,47,4,14.0,4.497336688870481
4541,48,15,3.0,27.655929146783063
4541,48,12,13.0,12.476733077579896
4541,48,8,4.0,19.851177894431316
4541,48,12,2.0,2.0414661608975133
4541,48,17,7.0,11.298136074747415
4541,49,14,6.0,1.0167048405067185
4541,49,6,10.0,1.0940653335480781
4541,49,6,7.0,47.22288763302453
4541,49,7,3.0,4.2314751223427045
4541,49,11,6.0,5.86660960617316
4541,50,7,3.0,11.708955940512412
4541,50,5,14.0,12.311449185823431
4541,50,16,2.0,5.471045207380246
4541,50,6,14.0,1.1471165519500823
4541,50,14,10.0,41.446007115401265
4541,51,16,1.0,4.27706891852783
4541,51,8,6.0,34.246623499159504
4541,51,14,14.0,9.256182292608141
4541,51,16,14.0,11.632516596042583
4541,51,8,5.0,4.695139025408085
4541,52,12,14.0,5.788535584956931
4541,52,6,5.0,18.031633769066914
4541,52,6,11.0,4.547649873667638
4541,52,9,3.0,14.13854437630402
4541,52,7,3.0,1.316468504045277
4541,52,9,5.0,7.140186610370133
4541,53,6,3.0,6.567435352634115
4541,53,7,1.0,15.321102132030061
4541,53,18,6.0,16.995752199501645
4541,53,6,14.0,12.085409276691577
4541,53,17,12.0,5.132044913750678
4541,54,6,12.0,2.774359910838607
4541,54,7,5.0,10.054934196937005
4541,54,8,5.0,17.118263941245605
4541,54,16,14.0,42.814129532143184
4541,54,8,8.0,4.179536745002601
4541,55,12,7.0,10.150020292876452
4541,55,12,6.0,13.546542629452809
4541,55,9,1.0,10.943693155009026
4541,55,14,14.0,35.949565860502396
4541,55,7,6.0,2.9725299927762396
4541,55,14,5.0,21.63089900874412
4541,56,7,7.0,5.291979248959878
4541,56,5,4.0,18.13991625405865
4541,56,11,4.0,7.549356892454192
4541,56,8,9.0,6.957229980587532
4541,56,7,6.0,8.09952931581652
4541,57,8,7.0,16.08032671866941
4541,57,6,13.0,37.76598842565275
4541,57,7,7.0,2.9192733632948418
4541,57,11,9.0,10.26531620226932
4541,57,10,6.0,7.375117958340951
4541,58,6,7.0,45.31150640381783
4541,58,8,4.0,3.0585590507495537
4541,58,7,3.0,4.2159827637436935
4541,58,8,3.0,3.3253132170780324
4541,58,5,14.0,4.321179189821268
4541,58,8,9.0,5.18832482583011
4541,59,10,13.0,1.034155231731509
4541,59,6,3.0,41.54967651857407
4541,59,18,4.0,3.9450241219301656
4541,59,11,3.0,31.008298980597246
4541,59,12,4.0,3.2981013605546
4541,59,6,8.0,1.4043200510145513
4541,60,19,6.0,12.088852252681757
4541,60,18,9.0,13.607816201986152
4541,60,12,4.0,10.750193840577062
4541,60,10,9.0,5.318339783821327
4541,60,8,1.0,20.768558919996135
4541,61,7,3.0,20.919576317804673
4541,61,8,11.0,3.6296276388596738
4541,61,8,5.0,39.95244124874986
4541,61,8,2.0,1.74427327524658
4541,61,15,3.0,29.19107782065189
4541,61,7,5.0,9.683836110902321
4541,61,8,6.0,9.779905498840522
4541,62,5,4.0,15.195689541231571
4541,62,7,7.0,15.248241299853365
4541,62,8,7.0,4.073666023608112
4541,62,20,2.0,12.933868844377857
4541,62,21,8.0,32.44787349660759
4541,62,9,2.0,26.452133679597672
4541,63,14,3.0,5.064779578079227
4541,63,9,3.0,18.402062752319868
4541,63,5,6.0,4.672110209537307
4541,63,14,5.0,27.572643061268575
4541,63,4,3.0,6.609498050920953
4541,63,10,8.0,10.437810343127753
4541,64,10,4.0,11.771309739685433
4541,64,16,3.0,13.060174231169928
4541,64,9,7.0,1.7198914060146864
4541,64,9,14.0,6.500957024668758
4541,64,12,6.0,18.134172651134314
4541,65,6,11.0,25.596618506273334
4541,65,17,4.0,2.4426048779145995
4541,65,5,7.0,6.321847243437714
4541,65,10,7.0,13.294731985234225
4541,65,6,7.0,12.473911452905279
4541,65,7,7.0,5.748080043719935
4541,66,6,11.0,33.406652144195064
4541,66,6,10.0,7.188676724089337
4541,66,12,2.0,13.289362475564053
4541,66,9,3.0,2.886031793786271
4541,66,11,5.0,7.6502770733736085
4541,67,21,16.0,9.72740249537063
4541,67,12,1.0,6.533425535604741
4541,67,6,12.0,1.8283741228369808
4541,67,17,4.0,47.06762059154168
4541,68,7,10.0,33.61951524801774
4541,68,16,14.0,18.816217842761688
4541,68,12,4.0,10.816244464931804
4541,68,7,5.0,2.566568746958755
4541,68,15,8.0,12.685838659076461
4541,68,12,6.0,4.9323176479288
4541,68,15,3.0,13.934113103350173
4541,69,8,1.0,1.0661766705079176
4541,69,15,14.0,10.646367243723637
4541,69,13,1.0,1.832880286784394
4541,69,12,14.0,1.6740876343970092
4541,69,7,7.0,18.178323188883898
4541,70,5,6.0,5.856840356817874
4541,70,12,4.0,1.303162231176092
4541,70,7,14.0,4.997372174124771
4541,70,9,8.0,7.74054564049563
4541,70,8,11.0,16.34341128480434
4541,71,13,1.0,9.075471575163856
4541,71,5,5.0,33.031351750057965
4541,71,6,10.0,13.375120728983303
4541,71,5,6.0,19.586391837535025
4541,71,7,7.0,3.416228847221146
4541,72,14,4.0,7.7671211634664425
4541,72,6,12.0,42.75767867322188
4541,72,14,4.0,12.224749989212263
4541,72,17,3.0,20.883794915368206
4541,72,6,1.0,41.94539531814861
4541,73,21,3.0,12.60880259533513
4541,73,16,1.0,3.6656662424102224
4541,73,7,3.0,9.702955536995285
4541,73,9,4.0,2.3627010255607708
4541,73,8,1.0,3.841983799054731
4541,74,6,8.0,33.6455080572881
4541,74,8,6.0,4.391445885676453
4541,74,15,4.0,4.139219243377215
4541,74,10,7.0,18.545872062065698
4541,74,12,3.0,9.751576731205859
4541,75,7,14.0,7.3889266934031514
4541,75,6,3.0,8.502973310652541
4541,75,8,14.0,10.661157270729019
4541,75,9,14.0,9.027069243375543
4541,75,10,6.0,12.881825335368164
4541,75,10,14.0,12.078347147239048
4541,76,16,7.0,0.8918443465881343
4541,76,7,9.0,13.280569261268402
4541,76,8,8.0,9.673472753900782
4541,76,6,2.0,20.507348695959948
4541,76,10,4.0,40.12568067747727
4541,77,12,9.0,0.9567821691383451
4541,77,15,7.0,16.924858373521587
4541,77,6,8.0,37.14345622863185
4541,77,16,14.0,31.87384232076971
4541,77,15,6.0,15.51535379799561
4541,78,7,10.0,9.200762307050988
4541,78,6,14.0,2.101624820380956
4541,78,5,1.0,1.7072669765740145
4541,78,9,4.0,1.0381836852301431
4541,78,7,3.0,4.211608687135795
4541,79,7,4.0,5.5228339703047125
4541,79,7,5.0,1.47828376583465
4541,79,22,8.0,3.118724461909409
4541,79,15,5.0,3.538067889324784
4541,79,15,14.0,3.035198015341408
4541,79,10,2.0,7.8598405746577225
4542,0,8,12.0,5.180713119399936
4542,0,11,3.0,2.5886330328780702
4542,0,2,3.0,4.879521026389937
4542,0,5,3.0,4.954337275871841
4542,0,7,7.0,6.107528156424708
4542,1,7,14.0,3.7364365193919156
4542,1,9,6.0,11.159634931126794
4542,1,7,5.0,8.028807671831066
4542,1,6,14.0,34.64625251762374
4542,1,6,4.0,5.6381188820096595
4542,2,22,14.0,8.342207167099545
4542,2,9,14.0,3.6450623776166147
4542,2,10,5.0,6.248899123016584
4542,2,7,3.0,10.723851187460689
4542,2,11,9.0,3.5997466114800827
4542,3,6,10.0,1.9639154142291106
4542,3,6,12.0,5.311893405110032
4542,3,6,5.0,1.1663638141869768
4542,3,12,14.0,4.89630725798027
4542,3,19,2.0,21.388429619355257
4542,4,7,5.0,1.042048005416122
4542,4,8,9.0,31.415332345961396
4542,4,15,13.0,10.758693130645225
4542,4,6,10.0,44.63068513244557
4542,4,11,13.0,9.483609738856835
4542,5,7,2.0,18.13231102544747
4542,5,18,5.0,8.413450213974468
4542,5,9,4.0,21.058234206711
4542,5,6,14.0,33.839949068705174
4542,5,19,14.0,1.8131175229436383
4542,5,12,9.0,2.802544550917456
4542,6,7,3.0,2.991966891097191
4542,6,6,5.0,14.980081587476736
4542,6,11,7.0,26.115382769954085
4542,6,10,10.0,4.808620465178983
4542,6,18,4.0,16.118488460167743
4542,6,14,3.0,4.237789402412163
4542,6,7,4.0,2.9379676550587774
4542,7,6,4.0,4.614857313089037
4542,7,13,11.0,10.76328172720647
4542,7,14,12.0,10.435803333739303
4542,7,5,12.0,4.218096417843365
4542,7,6,5.0,1.2110557670715012
4542,7,8,2.0,6.135580853963042
4542,8,15,8.0,1.7705821108781052
4542,8,14,5.0,8.131789977638018
4542,8,15,11.0,42.538257094721004
4542,8,5,12.0,33.37540563791064
4542,8,11,6.0,1.987463489370525
4542,8,6,14.0,8.013935928668216
4542,9,15,1.0,24.266464928992537
4542,9,17,10.0,2.514273465758485
4542,9,13,1.0,4.287129101998754
4542,9,6,14.0,11.198560712857176
4542,9,12,4.0,15.221853728760196
4542,10,16,28.0,2.9879999871087506
4542,10,7,6.0,13.128308646911657
4542,10,5,2.0,5.741594690395744
4542,10,5,5.0,1.3549662896455077
4542,10,6,4.0,3.564024904023303
4542,11,6,14.0,8.446324991138827
4542,11,8,9.0,7.235224043295319
4542,11,9,2.0,8.444713914943065
4542,11,18,7.0,11.876669464444376
4542,11,8,4.0,8.354244094015717
4542,12,7,1.0,2.065345125672804
4542,12,5,14.0,11.65605879631503
4542,12,11,4.0,2.0132958731922375
4542,12,6,4.0,6.404888082581983
4542,12,10,5.0,5.210333500062871
4542,13,12,14.0,5.038185616213851
4542,13,9,3.0,7.6932542564003885
4542,13,6,2.0,2.1579394557383105
4542,13,5,12.0,5.947960582901927
4542,13,6,7.0,1.3715303083885995
4542,14,7,11.0,2.591245268699062
4542,14,12,9.0,5.156587812520082
4542,14,7,7.0,9.193278208467685
4542,14,6,7.0,2.049026373065503
4542,14,11,11.0,8.971415247710004
4542,15,7,6.0,3.1732726934656434
4542,15,9,1.0,6.5903193257704675
4542,15,6,7.0,14.711462236162431
4542,15,15,3.0,11.545955170053865
4542,15,3,2.0,0.9886121792096121
4542,15,10,5.0,17.509610344191255
4542,16,8,4.0,15.25879305002881
4542,16,6,7.0,8.49886964198042
4542,16,6,4.0,3.1418532350644197
4542,16,10,4.0,19.850347964393112
4542,16,10,7.0,5.656726012950733
4542,17,7,7.0,7.308916588684373
4542,17,5,3.0,7.926959477126359
4542,17,10,9.0,5.250920077790272
4542,17,8,5.0,2.30225368161734
4542,17,7,4.0,12.116957990972352
4542,17,13,14.0,3.927858235346096
4542,17,7,6.0,3.8268189307592038
4542,18,8,6.0,11.573514341457443
4542,18,8,4.0,18.871834675801036
4542,18,18,1.0,21.399991204625344
4542,18,14,8.0,1.3251186839117624
4542,18,7,9.0,10.212165721461604
4542,19,11,7.0,41.045542434761366
4542,19,7,10.0,2.1288684448218365
4542,19,6,3.0,6.030293097757148
4542,19,7,6.0,8.89963173426707
4542,19,8,2.0,23.701674167760608
4542,20,7,2.0,2.3400771335577315
4542,20,14,4.0,5.220890202475059
4542,20,15,2.0,1.1165295397873891
4542,20,19,2.0,3.841008604948016
4542,20,10,6.0,8.154219732926515
4542,21,15,3.0,10.091278464358485
4542,21,6,14.0,6.731893289600123
4542,21,16,2.0,2.1484594393756358
4542,21,9,9.0,8.051953134181993
4542,21,11,6.0,3.008861970342383
4542,22,16,11.0,28.59849741709091
4542,22,11,6.0,1.3605502806477947
4542,22,8,14.0,1.0301040484777242
4542,22,15,3.0,6.125535887945175
4542,22,8,2.0,14.305313068935078
4542,23,9,3.0,4.102624503417986
4542,23,7,8.0,7.423795965844277
4542,23,13,13.0,3.8032070828567455
4542,23,12,5.0,3.4385944148470484
4542,23,10,7.0,12.970855352202497
4542,24,8,7.0,29.60826529841254
4542,24,19,7.0,7.95006203155811
4542,24,7,9.0,3.1897933905915936
4542,24,6,3.0,12.614588292369001
4542,24,6,5.0,20.736924509370038
4542,25,16,3.0,1.2519689124798334
4542,25,5,7.0,8.327331941681381
4542,25,8,6.0,10.489697504203882
4542,25,6,2.0,0.9607774732142098
4542,25,18,1.0,10.747163846637
4542,26,13,7.0,1.750645517797572
4542,26,7,9.0,2.67426201440289
4542,26,11,10.0,1.1549841958408842
4542,26,21,3.0,20.357373017304923
4542,26,6,5.0,10.099026439580806
4542,27,7,7.0,16.477516011051257
4542,27,6,7.0,21.878940566996786
4542,27,7,7.0,31.532533067604582
4542,27,7,2.0,8.830850415568385
4542,27,6,3.0,2.216287684675321
4542,28,7,5.0,18.953018285025106
4542,28,7,2.0,1.0643738124326776
4542,28,6,14.0,13.690529897754985
4542,28,17,7.0,2.6230084683956463
4542,28,6,13.0,34.318910539380965
4542,28,14,6.0,3.1889411338219267
4542,29,8,4.0,2.4769722018918108
4542,29,13,5.0,27.63208647755164
4542,29,12,3.0,8.302355465384437
4542,29,8,9.0,20.176376208081454
4542,29,7,7.0,37.38375841763747
4542,30,15,4.0,17.53935426957864
4542,30,6,7.0,7.131435457122765
4542,30,8,2.0,2.7748869290539333
4542,30,7,14.0,8.931926543309086
4542,30,16,3.0,21.88136649991408
4542,31,21,1.0,6.002285802099239
4542,31,15,3.0,1.9120662567190698
4542,31,8,10.0,4.149124643400992
4542,31,9,9.0,20.653420777968226
4542,31,6,3.0,7.129844402134666
4542,32,7,8.0,6.133872054459923
4542,32,21,2.0,0.9417446592563024
4542,32,12,6.0,2.2728992606738414
4542,32,9,7.0,30.494175860676684
4542,32,7,10.0,7.820036954882508
4542,32,19,5.0,22.657329178714274
4542,33,6,9.0,38.237894615701606
4542,33,9,13.0,3.968920267206409
4542,33,11,6.0,1.1134066073841389
4542,33,13,11.0,12.405135842297874
4542,33,7,7.0,25.478946432153318
4542,33,6,8.0,6.74852204573096
4542,33,10,3.0,29.50978755579275
4542,34,9,13.0,9.540255255753282
4542,34,6,9.0,11.215202713111827
4542,34,7,7.0,28.767505685991388
4542,34,10,1.0,6.096120200842587
4542,34,7,10.0,3.656232056867775
4542,34,14,2.0,6.224188171906004
4542,35,9,2.0,3.728404129354319
4542,35,7,10.0,1.5633394706748316
4542,35,6,4.0,18.27039944424688
4542,35,9,4.0,3.9327021583950312
4542,35,9,3.0,3.694207412909843
4542,36,11,4.0,8.010232793887566
4542,36,6,12.0,11.742400492745604
4542,36,7,4.0,10.979698184979707
4542,36,7,14.0,5.88781223826467
4542,36,11,14.0,2.477113481944129
4542,37,6,7.0,11.94274839909179
4542,37,7,5.0,9.527587968576537
4542,37,9,3.0,13.77566331930226
4542,37,15,5.0,5.027553523469863
4542,37,12,4.0,9.338960218420484
4542,37,6,8.0,4.348718070001931
4542,37,7,10.0,3.6881781011351795
4542,38,5,8.0,13.522971400846025
4542,38,6,7.0,5.181777608344271
4542,38,9,5.0,3.6468164207842904
4542,38,6,9.0,27.188361880846212
4542,38,8,8.0,9.325960396210315
4542,39,8,8.0,7.958030663437972
4542,39,11,4.0,8.204589275597971
4542,39,8,5.0,14.820296103079542
4542,39,7,11.0,9.635366137599158
4542,39,9,3.0,4.167010509403352
4542,40,7,6.0,37.29509244555093
4542,40,6,10.0,1.4767199180018442
4542,40,7,5.0,10.264986802747455
4542,40,14,14.0,26.925879299708793
4542,40,7,4.0,5.19223439699138
4542,40,7,6.0,12.854899162083367
4542,41,8,13.0,4.310333444383033
4542,41,7,3.0,37.317912951217764
4542,41,8,3.0,11.8205976394453
4542,41,8,2.0,6.074467602144065
4542,41,9,5.0,4.892291903232778
4542,41,21,6.0,3.2376213532384175
4542,42,11,11.0,10.591681994773193
4542,42,14,3.0,43.84326327496343
4542,42,7,3.0,7.480499563973056
4542,42,6,4.0,12.336117295706915
4542,42,20,14.0,3.073632292941802
4542,43,9,8.0,5.20824211992345
4542,43,8,4.0,1.013639882050032
4542,43,1,9.0,27.920948772954723
4542,43,4,3.0,34.20351689279648
4542,43,9,4.0,12.259886026645331
4542,44,8,12.0,37.71495556801288
4542,44,10,5.0,32.432823141311545
4542,44,16,13.0,21.333940813117604
4542,44,7,13.0,3.7219531271660693
4542,44,11,9.0,1.7430179617836141
4542,44,5,13.0,6.495863614856039
4542,45,7,7.0,3.6186095606952042
4542,45,7,6.0,1.804628636469884
4542,45,6,5.0,1.4469693843918663
4542,45,6,3.0,6.302401931740034
4542,45,7,5.0,11.65042773544399
4542,46,6,4.0,4.608854219115352
4542,46,6,3.0,4.444435632986619
4542,46,8,14.0,4.195944797635454
4542,46,12,10.0,10.121107988705667
4542,46,10,5.0,7.7220797132622385
4542,47,6,7.0,1.964734566925535
4542,47,8,6.0,24.72667721391909
4542,47,20,6.0,1.501491978232408
4542,47,7,4.0,20.83443485480672
4542,47,7,7.0,17.199828078350844
4542,48,8,2.0,10.78033101959497
4542,48,15,12.0,3.065871567659507
4542,48,11,3.0,6.38088822244108
4542,48,6,4.0,12.998317587621116
4542,48,8,7.0,1.2354051782173452
4542,48,4,7.0,29.76094602730171
4542,49,11,14.0,21.643186587644824
4542,49,5,2.0,37.94715400128444
4542,49,6,6.0,1.1258004237817383
4542,49,7,6.0,1.1127336954822018
4542,49,7,1.0,9.79631151451929
4542,49,6,5.0,13.608155526038633
4542,50,6,4.0,33.102390848974466
4542,50,7,3.0,18.73444289093125
4542,50,7,10.0,3.1769441377169456
4542,50,13,13.0,3.8146676325220845
4542,50,12,11.0,3.145055216085536
4542,51,10,5.0,4.321133931962788
4542,51,6,6.0,29.2585274612816
4542,51,21,3.0,13.727204459023254
4542,51,7,3.0,21.038731751847475
4542,51,11,2.0,6.709972921971296
4542,52,8,2.0,29.0965155560511
4542,52,17,3.0,12.542914010837508
4542,52,12,14.0,9.832644674075661
4542,52,7,7.0,3.9324795021044654
4542,52,11,11.0,5.068959393278194
4542,52,6,14.0,2.031595275413483
4542,53,12,5.0,4.693023248377854
4542,53,5,3.0,4.993540039440016
4542,53,9,5.0,6.749906884676775
4542,53,13,2.0,3.8563644767014935
4542,53,7,2.0,40.03322239228881
4542,53,10,5.0,12.486433446961732
4542,54,6,2.0,4.827185708718555
4542,54,8,3.0,1.2386445984851762
4542,54,7,3.0,3.5802672250695187
4542,54,12,5.0,4.786311398356372
4542,54,18,5.0,12.77386675422174
4542,54,11,3.0,8.58787547507107
4542,55,7,1.0,1.341450858984013
4542,55,6,10.0,3.8565316759159467
4542,55,11,4.0,12.919394714847495
4542,55,12,1.0,38.5178001308044
4542,55,10,8.0,3.8483971594591644
4542,55,8,5.0,12.057763333198427
4542,56,13,13.0,8.205785689958805
4542,56,10,5.0,14.11715959012045
4542,56,12,4.0,13.489488916166758
4542,56,11,2.0,14.32926554128705
4542,56,7,3.0,1.89511908906418
4542,57,15,9.0,3.1853460091525223
4542,57,12,2.0,18.137543649269197
4542,57,11,2.0,18.348420349407064
4542,57,12,10.0,35.56264190142614
4542,57,6,2.0,31.756417256119434
4542,57,13,4.0,2.997106973917921
4542,58,14,9.0,5.252750217076945
4542,58,9,7.0,4.442285045225649
4542,58,6,5.0,0.9977229348679271
4542,58,7,9.0,38.28435443465537
4542,58,22,2.0,1.0720330002690233
4542,59,6,5.0,17.903151862803842
4542,59,9,4.0,34.01252724974026
4542,59,9,6.0,2.3291605645880766
4542,59,7,4.0,4.9793043637655945
4542,59,7,14.0,3.0315733791717765
4542,59,17,5.0,4.164797419587868
4542,60,7,11.0,1.9914117896575845
4542,60,13,14.0,5.437239764307816
4542,60,8,8.0,7.5314478235967215
4542,60,7,4.0,1.5527130261834967
4542,60,8,7.0,11.011270665816859
4542,60,7,10.0,37.03488996888775
4542,61,13,3.0,16.30049907557872
4542,61,7,4.0,1.868784673697722
4542,61,6,14.0,19.150792168232062
4542,61,15,6.0,2.1383999387375217
4542,61,10,14.0,27.05203126928474
4542,62,6,6.0,15.831570135940291
4542,62,7,10.0,40.21803210292817
4542,62,7,3.0,28.000336570871994
4542,62,8,5.0,8.370270630968362
4542,62,14,1.0,3.253654696527819
4542,62,9,4.0,9.226473990485733
4542,63,18,2.0,15.38500465298025
4542,63,5,12.0,8.291039037962928
4542,63,10,9.0,35.089958694154475
4542,63,12,8.0,12.469389950619203
4542,63,7,1.0,30.271526823433515
4542,63,15,14.0,4.4263577863022645
4542,64,11,11.0,9.787553616639487
4542,64,7,2.0,41.220752497166245
4542,64,8,12.0,12.109639915795743
4542,64,6,4.0,13.238167237305765
4542,64,15,6.0,35.494024150292084
4542,65,8,5.0,19.95550759117423
4542,65,8,4.0,8.76742021592062
4542,65,9,1.0,5.166074053514773
4542,65,5,5.0,0.7946782478376013
4542,65,6,2.0,1.823950479131043
4542,66,16,9.0,8.999034968454913
4542,66,7,6.0,38.647555568650034
4542,66,8,1.0,6.156162833581849
4542,66,12,8.0,4.83170433832015
4542,66,17,4.0,20.493010072989502
4542,67,8,6.0,2.0355650500081484
4542,67,10,10.0,1.0822509807755594
4542,67,10,6.0,7.159489925637486
4542,67,9,3.0,29.309911534538223
4542,67,11,2.0,4.633030095761034
4542,68,15,14.0,5.307279456588307
4542,68,12,4.0,5.684997844391073
4542,68,16,8.0,5.556200235117025
4542,68,9,14.0,44.531105463171045
4542,68,7,11.0,7.892340716963841
4542,69,5,5.0,10.603338307670926
4542,69,6,14.0,3.6722998204812085
4542,69,6,5.0,3.0333067248236962
4542,69,11,5.0,12.606846851146964
4542,69,8,2.0,2.184016970500527
4542,70,9,4.0,1.7788292265426617
4542,70,10,3.0,12.19183212311971
4542,70,11,5.0,3.816543607124268
4542,70,6,5.0,6.251592479294357
4542,70,7,2.0,2.841101919159556
4542,70,6,9.0,3.3426744090865927
4542,71,7,4.0,1.0199427455211747
4542,71,14,2.0,3.787779948133302
4542,71,11,2.0,14.115519420178124
4542,71,10,2.0,2.2518088310905355
4542,71,18,8.0,28.126575491848865
4542,71,8,6.0,32.76623534230609
4542,72,14,2.0,3.9572302750217765
4542,72,7,3.0,12.204028200966052
4542,72,14,3.0,10.452703174869358
4542,72,12,3.0,3.120351690564913
4542,72,7,12.0,8.612176166734761
4542,73,14,4.0,43.88571313892211
4542,73,21,1.0,7.316158875680338
4542,73,5,3.0,1.1307883686666167
4542,73,20,8.0,3.4182116657926223
4542,73,6,5.0,2.351175107940199
4542,74,12,4.0,9.186516086576217
4542,74,15,7.0,7.4223372915665635
4542,74,8,12.0,6.628531159695428
4542,74,12,9.0,19.292884982614883
4542,74,8,5.0,1.1595305037480579
4542,74,12,8.0,6.030519468230869
4542,75,15,3.0,7.336793575654505
4542,75,7,5.0,14.255186717905328
4542,75,7,3.0,27.62247823502501
4542,75,9,3.0,1.1683881602514814
4542,75,20,5.0,27.853075568608595
4542,75,13,3.0,4.216954199497134
4542,75,13,6.0,5.62292356714104
4542,76,9,9.0,4.0277182895225065
4542,76,13,5.0,5.1351820077558665
4542,76,14,2.0,4.247502073098754
4542,76,15,14.0,5.222361791018511
4542,76,13,14.0,8.458984115627766
4542,77,7,14.0,7.721835443317273
4542,77,18,9.0,3.030268669751346
4542,77,7,14.0,6.17834296836587
4542,77,16,6.0,2.0205076380194567
4542,77,17,8.0,3.322636827307739
4542,77,10,6.0,3.409367001769913
4542,78,6,8.0,16.456958587104403
4542,78,10,2.0,1.628453877967873
4542,78,13,5.0,9.480814908897896
4542,78,18,3.0,33.33553015965684
4542,78,8,1.0,13.459606331743077
4542,78,13,3.0,26.29922824458268
4542,79,12,3.0,17.449244566088694
4542,79,11,14.0,13.554169014395464
4542,79,5,5.0,43.04941404062161
4542,79,16,4.0,19.027059628121343
4542,79,5,14.0,39.01950275607256
4543,0,7,2.0,12.352880804949509
4543,0,14,6.0,18.12617420398086
4543,0,7,4.0,5.196624759248103
4543,0,6,3.0,5.564558911115033
4543,0,11,14.0,10.087408208927158
4543,1,13,4.0,2.5568852891822176
4543,1,18,12.0,6.991740652828064
4543,1,21,4.0,4.046635820125777
4543,1,20,9.0,22.390923250199755
4543,1,6,5.0,6.387408855969071
4543,2,17,11.0,45.49970625612521
4543,2,10,12.0,8.898340149498555
4543,2,21,2.0,9.37820711679381
4543,2,9,5.0,3.959202169024135
4543,2,7,6.0,24.073151659986152
4543,3,7,3.0,6.772097344461088
4543,3,6,3.0,14.898642236137908
4543,3,7,12.0,15.032889971838907
4543,3,7,2.0,4.474831995669384
4543,3,6,6.0,28.812988250103388
4543,4,16,4.0,10.266098301166165
4543,4,5,12.0,14.580043163938136
4543,4,6,2.0,22.165266108103005
4543,4,12,1.0,9.03162641906759
4543,4,11,2.0,4.06560998882685
4543,5,6,6.0,3.0813156568636266
4543,5,7,5.0,10.9047721542336
4543,5,5,14.0,28.21043262945081
4543,5,7,4.0,11.421238158065684
4543,5,7,3.0,2.679800641943632
4543,6,11,2.0,3.698451863567385
4543,6,6,5.0,1.4790095192189794
4543,6,12,6.0,32.201738453809675
4543,6,8,3.0,13.533625334932156
4543,6,8,6.0,7.507023387070037
4543,6,7,2.0,0.9798214491550312
4543,7,7,5.0,15.63888319211919
4543,7,9,6.0,12.543421779853462
4543,7,14,4.0,1.284868491162415
4543,7,10,14.0,18.179521407690544
4543,7,10,14.0,13.484303262052874
4543,7,16,3.0,32.89613351515882
4543,8,6,5.0,17.266452763600586
4543,8,7,4.0,3.625998106311684
4543,8,9,3.0,41.93897173346553
4543,8,7,14.0,38.18662497923894
4543,8,9,13.0,2.056158984841563
4543,9,8,5.0,6.842263929468126
4543,9,6,4.0,1.1037339588673043
4543,9,20,8.0,23.004374526292843
4543,9,19,11.0,10.867297217420713
4543,9,11,6.0,22.38418091939863
4543,10,11,2.0,11.39551452415667
4543,10,17,3.0,6.63228557173018
4543,10,6,2.0,4.347449648333425
4543,10,6,6.0,7.080208135612439
4543,10,6,6.0,4.621298125434304
4543,10,8,3.0,29.066994482652383
4543,11,7,5.0,26.731309892349213
4543,11,19,4.0,19.538455208644006
4543,11,7,11.0,5.770374146008504
4543,11,9,10.0,7.981612340325084
4543,11,16,9.0,2.475032338980703
4543,12,10,4.0,39.41199881469795
4543,12,6,7.0,40.20388394860337
4543,12,7,6.0,4.747892182398224
4543,12,8,4.0,4.573881430963146
4543,12,9,4.0,6.582283962301134
4543,13,7,12.0,4.310568980923765
4543,13,11,4.0,2.2405326316808267
4543,13,18,4.0,11.660506062536527
4543,13,15,14.0,14.553606854350596
4543,13,19,6.0,4.866073264883546
4543,14,8,8.0,21.15115136877952
4543,14,6,6.0,1.0497827991100204
4543,14,7,14.0,1.9309812397978137
4543,14,7,7.0,40.69446353369623
4543,14,15,3.0,19.55718921039218
4543,15,3,8.0,3.7768050671975772
4543,15,8,3.0,11.548915128451338
4543,15,21,16.0,4.284430006555184
4543,15,15,12.0,4.2374588395424455
4543,16,6,4.0,6.066522447563664
4543,16,21,6.0,19.286373782815115
4543,16,7,3.0,11.391092511829374
4543,16,6,3.0,13.253660837756717
4543,16,8,2.0,9.767221217984048
4543,17,6,5.0,10.127090222772335
4543,17,6,2.0,1.0791488893209102
4543,17,7,3.0,5.388550459104447
4543,17,11,2.0,1.6624114555565028
4543,17,12,3.0,14.41960212454842
4543,17,8,12.0,8.387644813829835
4543,18,19,2.0,9.606978433899819
4543,18,8,14.0,21.762321462104218
4543,18,18,14.0,43.40492860692903
4543,18,19,8.0,5.780826812089445
4543,18,6,8.0,5.493331431662825
4543,18,11,2.0,13.463284550606968
4543,19,12,3.0,21.22894672398041
4543,19,7,5.0,1.7625972793616906
4543,19,10,4.0,1.9367872378571103
4543,19,9,8.0,4.543324684003224
4543,19,8,10.0,12.47722655411038
4543,20,14,7.0,1.9665410358903397
4543,20,10,14.0,14.421320085672757
4543,20,14,2.0,2.6241722436127484
4543,20,7,7.0,0.8882565763195168
4543,20,6,11.0,0.9729355757643685
4543,21,13,3.0,21.978819966408324
4543,21,7,2.0,11.219040303872173
4543,21,16,8.0,3.774233860442384
4543,21,19,3.0,4.716493486411756
4543,21,10,5.0,22.305142879670562
4543,22,13,5.0,0.9360032161161219
4543,22,10,1.0,10.724358600773312
4543,22,7,7.0,1.6356259477320416
4543,22,16,3.0,4.821857781843754
4543,22,12,10.0,1.6520494069971077
4543,23,11,14.0,7.325624830210299
4543,23,19,4.0,34.77861867158925
4543,23,13,6.0,5.28197140792876
4543,23,7,6.0,1.7029571943608888
4543,23,7,5.0,9.55445049216264
4543,24,9,7.0,5.049280073176471
4543,24,6,3.0,3.1783648038007666
4543,24,7,5.0,11.619907515566544
4543,24,15,4.0,12.814650755294197
4543,24,17,6.0,25.9374329741726
4543,25,13,4.0,37.63353893572669
4543,25,5,8.0,6.421735997301587
4543,25,11,6.0,10.169084890847895
4543,25,12,4.0,11.854512743511162
4543,25,14,7.0,3.3977396114108482
4543,26,14,4.0,1.6363757963916252
4543,26,7,1.0,8.494442012126271
4543,26,5,9.0,3.0546952268063374
4543,26,16,6.0,8.781014464025022
4543,26,7,14.0,8.324278882844725
4543,27,9,1.0,27.719523845066174
4543,27,14,3.0,1.4464529009719007
4543,27,6,1.0,6.640113214114594
4543,27,9,6.0,38.67287094742432
4543,27,10,5.0,1.4147351597836173
4543,28,13,3.0,11.647135090807694
4543,28,15,7.0,14.411997921362106
4543,28,11,9.0,27.59998552431887
4543,28,11,5.0,9.217760987919903
4543,28,10,6.0,15.393802544400195
4543,28,7,6.0,6.269762719009584
4543,29,12,6.0,5.278510375808027
4543,29,6,5.0,5.636667635256266
4543,29,6,5.0,2.80953437643027
4543,29,21,9.0,28.680908618276575
4543,29,18,14.0,31.34101085517746
4543,30,11,7.0,3.06794843753221
4543,30,7,3.0,10.7571834391443
4543,30,7,3.0,7.169746623731742
4543,30,14,14.0,2.877027077561272
4543,30,7,4.0,16.254033807377514
4543,31,8,6.0,7.8284641154440395
4543,31,6,9.0,7.750805200851921
4543,31,13,5.0,11.206213141428442
4543,31,6,3.0,13.220317522735517
4543,31,7,14.0,4.281202978782201
4543,31,17,7.0,3.218964242039749
4543,32,7,4.0,13.124540719049653
4543,32,12,6.0,9.854187881821849
4543,32,6,2.0,11.699484489509423
4543,32,6,14.0,20.863434474532678
4543,32,5,14.0,7.097844892485998
4543,33,12,14.0,15.353423791729304
4543,33,13,6.0,13.051565004367921
4543,33,7,14.0,1.0843986695641363
4543,33,6,3.0,38.664294229787224
4543,33,13,6.0,12.919537959252175
4543,33,6,6.0,17.61140049618852
4543,34,13,8.0,7.102522150588491
4543,34,6,5.0,7.235572255918782
4543,34,7,1.0,13.483223234329447
4543,34,12,2.0,15.053072842304394
4543,34,11,8.0,26.739746206457657
4543,34,5,6.0,4.125763356972931
4543,35,9,5.0,4.887383238743486
4543,35,8,3.0,5.573940716218134
4543,35,8,11.0,4.34741775943712
4543,35,6,3.0,24.74126172489896
4543,35,10,4.0,13.740719622903654
4543,36,16,7.0,5.013127695112361
4543,36,7,14.0,16.41784786231094
4543,36,6,14.0,30.27315365852965
4543,36,7,3.0,11.908726972553445
4543,36,6,1.0,4.694004321428787
4543,37,7,7.0,12.357431542382683
4543,37,7,3.0,11.956297050101242
4543,37,14,3.0,7.1431169049587355
4543,37,10,2.0,2.482733758251464
4543,37,7,13.0,10.089631316802219
4543,38,9,2.0,10.985309428628351
4543,38,7,14.0,35.21037023794046
4543,38,7,5.0,36.43830617450745
4543,38,6,5.0,39.53315119568289
4543,38,6,4.0,4.575081817028314
4543,39,21,10.0,25.064879395474097
4543,39,13,6.0,6.166975356009081
4543,39,5,13.0,14.760812569740118
4543,39,17,8.0,1.5196068566132723
4543,39,20,6.0,10.681563947278525
4543,39,7,10.0,16.652795570101855
4543,40,12,3.0,6.58950204124475
4543,40,8,3.0,7.81735614495908
4543,40,14,2.0,4.785403855431203
4543,40,6,13.0,1.0421780905118185
4543,40,8,6.0,4.793054572684373
4543,41,9,11.0,4.111743481540152
4543,41,9,5.0,7.318882034781005
4543,41,12,14.0,3.7851569977338926
4543,41,15,4.0,17.34178978522506
4543,41,9,4.0,3.494248172728324
4543,42,7,10.0,2.4979141295012495
4543,42,9,14.0,11.901506686608558
4543,42,15,4.0,14.193979159579934
4543,42,13,5.0,8.235948587432123
4543,42,6,13.0,4.7966531803640375
4543,43,6,14.0,12.089576019193057
4543,43,7,4.0,12.421564584191218
4543,43,9,7.0,3.0471883185897535
4543,43,6,11.0,8.024456905251684
4543,43,6,6.0,1.7347855749129846
4543,44,11,9.0,20.641417339602025
4543,44,23,5.0,27.606223285539727
4543,44,7,4.0,11.997816117660967
4543,44,8,4.0,10.516955596932238
4543,44,13,6.0,1.024514879348127
4543,45,8,2.0,22.028100800813466
4543,45,21,5.0,7.596759923616004
4543,45,11,14.0,17.1409012392562
4543,45,11,7.0,8.256197849339472
4543,45,7,4.0,3.530671722025352
4543,46,6,14.0,14.29224328750097
4543,46,10,2.0,4.298391035334562
4543,46,6,8.0,4.5104973183514305
4543,46,10,6.0,8.577205954062025
4543,46,14,3.0,3.490252054893239
4543,47,15,2.0,5.102394732766236
4543,47,7,9.0,2.5454459433434207
4543,47,7,3.0,19.08697146726014
4543,47,12,4.0,4.966836717686821
4543,47,8,14.0,2.178118321499092
4543,48,10,7.0,5.189778645351847
4543,48,8,14.0,4.943526595835794
4543,48,5,2.0,2.1600336223864405
4543,48,12,3.0,8.52368585545295
4543,48,6,5.0,19.653677661568825
4543,48,7,6.0,4.442104860883489
4543,49,7,14.0,1.6252617865368735
4543,49,20,1.0,2.9242450080227
4543,49,9,6.0,11.269780398866926
4543,49,7,5.0,17.58494401366087
4543,49,15,2.0,3.5898581712820015
4543,49,10,4.0,13.892782266511766
4543,50,8,10.0,8.786398959909166
4543,50,15,6.0,7.980818257455068
4543,50,16,5.0,14.04831412487309
4543,50,15,2.0,18.432832547827587
4543,50,7,14.0,13.049616564822076
4543,51,5,3.0,12.187406421648841
4543,51,7,4.0,7.796918667417387
4543,51,17,5.0,24.72546888388415
4543,51,8,7.0,3.056748160224377
4543,51,8,3.0,3.8779294921139886
4543,52,12,6.0,2.066828396134244
4543,52,8,4.0,41.855989828239075
4543,52,7,14.0,2.7632510362087555
4543,52,11,6.0,8.014236335872791
4543,52,8,8.0,36.08931411986034
4543,53,18,9.0,12.337003325036804
4543,53,12,5.0,35.82206587991019
4543,53,9,14.0,12.332555059223653
4543,53,11,1.0,0.9512024648160401
4543,53,7,13.0,18.533903153767824
4543,53,7,14.0,3.0767141040705077
4543,54,7,5.0,10.069646871943448
4543,54,6,5.0,2.9408968058310774
4543,54,6,14.0,18.893729503511786
4543,54,14,9.0,4.0174932225386755
4543,54,7,3.0,6.478318056317269
4543,55,7,6.0,42.814064315094654
4543,55,12,2.0,1.8048328177985047
4543,55,11,7.0,8.944480961878456
4543,55,10,9.0,11.832393309730719
4543,55,22,3.0,1.9065932407525183
4543,56,6,7.0,1.2648220540358297
4543,56,6,9.0,14.678982512075578
4543,56,4,10.0,1.3744783537214098
4543,56,8,1.0,1.5909944401510734
4543,56,6,6.0,12.784769505333568
4543,57,11,7.0,5.569628719222515
4543,57,20,3.0,10.824574953226817
4543,57,5,4.0,1.2480960432798711
4543,57,9,4.0,17.473353824386507
4543,57,6,10.0,2.992472702927109
4543,58,8,4.0,1.1655197298006401
4543,58,7,7.0,40.944160344650314
4543,58,9,5.0,0.963534057509581
4543,58,15,4.0,2.565819962822886
4543,58,9,13.0,6.248451850068209
4543,59,5,11.0,13.682525088963667
4543,59,7,5.0,8.123543885412841
4543,59,15,4.0,19.66491588342593
4543,59,14,12.0,7.344611180139536
4543,59,18,9.0,14.1059297915684
4543,60,5,7.0,5.619707704089222
4543,60,15,7.0,1.5351595916982248
4543,60,15,5.0,19.89419954765086
4543,60,7,5.0,9.907403740564762
4543,60,7,14.0,1.060146420038997
4543,61,8,12.0,4.403460712278466
4543,61,8,3.0,0.9009696161251267
4543,61,16,17.0,9.063812406432076
4543,61,14,4.0,39.45214108806955
4543,62,9,3.0,41.72454256956642
4543,62,12,7.0,7.503811814310463
4543,62,16,3.0,30.042387807746437
4543,62,7,4.0,4.688304543558698
4543,62,11,7.0,6.90665239566594
4543,63,16,5.0,17.02364405698893
4543,63,7,14.0,5.601265837171005
4543,63,7,4.0,42.13664706089353
4543,63,12,6.0,2.2986576667015886
4543,63,6,6.0,8.98826183724186
4543,64,12,7.0,4.905299641575572
4543,64,6,2.0,1.648431275735814
4543,64,6,4.0,12.379408513289302
4543,64,7,11.0,8.789057371108889
4543,64,6,3.0,5.625741044988311
4543,65,6,1.0,4.042795690107788
4543,65,13,5.0,8.470176525744826
4543,65,17,2.0,31.779628881212354
4543,65,7,4.0,7.482296593148616
4543,65,16,2.0,13.61245873112254
4543,66,10,3.0,4.6072224803451824
4543,66,7,14.0,3.9742085286490996
4543,66,6,7.0,13.052926561613239
4543,66,9,10.0,8.519651368406427
4543,66,10,4.0,8.300118088992441
4543,66,7,4.0,2.3581278268184533
4543,67,11,7.0,2.6830116958056407
4543,67,7,5.0,11.679821266650542
4543,67,12,2.0,6.2820452820290535
4543,67,10,3.0,30.458067520834703
4543,67,11,8.0,1.0583655044072287
4543,68,15,3.0,18.906317440615716
4543,68,15,7.0,23.179167985907693
4543,68,8,4.0,28.38103065373946
4543,68,14,8.0,5.839608658724011
4543,68,16,6.0,1.2633133493311803
4543,69,16,6.0,2.2878670293571894
4543,69,8,5.0,15.952299909939905
4543,69,7,3.0,1.5354168050213506
4543,69,11,5.0,4.667816103334909
4543,69,7,14.0,27.9053569634856
4543,70,7,4.0,3.0608290338719897
4543,70,6,14.0,24.31279194266798
4543,70,9,2.0,14.179657875835282
4543,70,17,6.0,11.945760729191361
4543,70,8,6.0,2.025940937037534
4543,71,12,7.0,12.823735132855111
4543,71,7,3.0,13.175768316370286
4543,71,5,14.0,38.29578508056913
4543,71,7,2.0,3.3835381786545056
4543,71,16,6.0,5.91473773392968
4543,71,18,6.0,10.469088963323655
4543,72,7,7.0,13.615975566875482
4543,72,17,15.0,10.205027477586688
4543,72,7,2.0,6.780950409443613
4543,72,13,5.0,11.573509260615953
4543,73,7,3.0,2.262313845424477
4543,73,11,5.0,3.9885179664300803
4543,73,7,11.0,7.363175541206663
4543,73,9,11.0,2.9968586942485893
4543,73,6,9.0,2.876410633069193
4543,73,17,3.0,24.557787736824434
4543,74,8,11.0,12.370368728330833
4543,74,6,3.0,17.220378120506624
4543,74,7,12.0,1.5922088853923908
4543,74,6,3.0,12.147184255471043
4543,74,11,3.0,1.9018399647613702
4543,75,5,3.0,17.187254214460783
4543,75,13,2.0,3.820050375609396
4543,75,16,3.0,36.53462720264823
4543,75,6,4.0,13.729475556371606
4543,75,8,2.0,8.104597302158194
4543,76,7,4.0,3.5703921595321644
4543,76,16,7.0,15.913934202137995
4543,76,10,8.0,10.215851305781522
4543,76,6,5.0,1.5857430937498138
4543,76,6,3.0,17.27741892998758
4543,76,6,4.0,14.2635339497247
4543,77,9,4.0,42.057126478235645
4543,77,6,8.0,5.027854771855884
4543,77,7,6.0,7.808591144830496
4543,77,6,3.0,41.37788017727061
4543,77,12,14.0,15.582393089593916
4543,78,8,6.0,27.655018970164388
4543,78,9,10.0,9.863317301772451
4543,78,6,11.0,14.068475221824402
4543,78,16,6.0,10.771771131068554
4543,78,5,11.0,4.645545465916848
4543,79,15,3.0,13.668747938235548
4543,79,6,14.0,3.4642486597373408
4543,79,8,2.0,12.325529659426296
4543,79,14,5.0,43.03165399967602
4543,79,7,6.0,6.0486475199787035
4543,79,15,2.0,3.5271074578281967
4544,0,6,1.0,2.409137474352986
4544,0,6,5.0,1.883235102422997
4544,0,9,6.0,17.60384722579068
4544,0,7,14.0,28.472125852706984
4544,0,8,12.0,19.82162794159174
4544,1,7,10.0,3.861452471007905
4544,1,21,14.0,24.83550791639605
4544,1,12,8.0,1.0369835548952586
4544,1,16,9.0,5.461110456597654
4544,1,16,10.0,1.0859073319826515
4544,2,8,3.0,12.61935565402755
4544,2,7,3.0,3.5897136657502844
4544,2,8,11.0,0.9816491922600492
4544,2,8,3.0,6.544969392343358
4544,2,7,7.0,5.381129870038707
4544,3,6,10.0,4.600803217311578
4544,3,12,7.0,19.212022367974303
4544,3,8,6.0,2.4009300306063275
4544,3,6,4.0,16.605666079325246
4544,3,5,14.0,3.175323875188438
4544,4,7,11.0,26.645754237314062
4544,4,11,3.0,12.173781622495111
4544,4,7,4.0,3.2250145869060973
4544,4,16,1.0,32.44942422764417
4544,4,10,4.0,4.730850891162275
4544,5,7,11.0,8.86748484363347
4544,5,7,7.0,6.791569917486016
4544,5,6,6.0,2.5472725743726
4544,5,7,3.0,4.912349233397029
4544,5,6,3.0,26.61377499919779
4544,6,11,3.0,5.867941097537419
4544,6,7,14.0,3.602052132461489
4544,6,6,4.0,43.817490314172275
4544,6,10,1.0,1.7871233469347305
4544,6,13,14.0,5.687846490173654
4544,7,17,14.0,9.097149510173006
4544,7,14,1.0,18.8726360333859
4544,7,12,13.0,13.20061852847387
4544,7,10,3.0,15.319057905758076
4544,7,10,14.0,3.57404083750812
4544,8,8,4.0,23.347219140140577
4544,8,12,4.0,7.917583976798787
4544,8,5,2.0,22.97739886314121
4544,8,7,5.0,6.549819887193542
4544,8,7,11.0,9.330120473432022
4544,8,7,8.0,12.21193597423303
4544,8,17,6.0,5.781807147100963
4544,9,8,10.0,10.81879002723309
4544,9,6,4.0,16.943646749221948
4544,9,7,4.0,6.613088539149897
4544,9,15,14.0,2.9857211906074754
4544,9,11,8.0,8.267534013179471
4544,10,15,5.0,9.180721146436557
4544,10,12,3.0,12.612483943269398
4544,10,12,11.0,10.623440186917172
4544,10,7,3.0,15.972104788624184
4544,10,6,14.0,11.850099620984086
4544,11,7,2.0,9.515522595913316
4544,11,5,3.0,3.1367261227982093
4544,11,7,6.0,24.57789989108578
4544,11,5,9.0,3.1579540404297792
4544,11,9,4.0,38.723873326795946
4544,12,7,6.0,5.004978777312725
4544,12,7,7.0,15.780869929528112
4544,12,19,2.0,4.666992942214192
4544,12,10,14.0,6.580014836756237
4544,12,12,4.0,14.56126339161415
4544,12,9,3.0,5.570075405040853
4544,13,6,4.0,6.7674655956555565
4544,13,6,11.0,7.203272825575072
4544,13,13,7.0,27.049927881936163
4544,13,15,4.0,12.39847549672753
4544,13,8,1.0,28.31159095301577
4544,14,6,9.0,15.780395213048461
4544,14,7,7.0,35.5425151114353
4544,14,7,3.0,22.147449506241205
4544,14,7,6.0,2.10398675929375
4544,14,6,1.0,4.142794425226913
4544,15,13,3.0,25.526854088338165
4544,15,11,5.0,2.5337017770329746
4544,15,11,4.0,8.034418391884124
4544,15,7,3.0,19.48365510462128
4544,15,11,13.0,4.3750569572161675
4544,16,6,2.0,20.758557329268044
4544,16,12,5.0,3.709826615569247
4544,16,15,4.0,5.575166230466067
4544,16,15,7.0,26.713263506917137
4544,16,18,2.0,8.696300735049132
4544,17,6,1.0,5.146250672558281
4544,17,7,9.0,39.86641225979365
4544,17,8,6.0,28.805414578363184
4544,17,7,9.0,9.71867726329477
4544,17,6,3.0,9.255552085876452
4544,17,15,12.0,14.546681905436357
4544,17,8,4.0,10.73055614746707
4544,18,13,4.0,21.896309375528084
4544,18,12,3.0,42.787744297115594
4544,18,7,14.0,11.007462438742749
4544,18,10,9.0,5.792203476356788
4544,18,5,2.0,9.674121727273803
4544,18,12,5.0,45.75908610132238
4544,19,16,5.0,14.46018099504436
4544,19,5,4.0,44.39938619821366
4544,19,8,3.0,40.502255063281716
4544,19,21,13.0,4.544635966922378
4544,19,11,2.0,3.4251467076404998
4544,20,7,11.0,13.66464721514524
4544,20,9,7.0,2.8394974202394367
4544,20,7,8.0,31.68329481560085
4544,20,7,5.0,19.153417065747025
4544,20,7,4.0,2.926802092909956
4544,20,9,9.0,2.634147274372991
4544,20,6,3.0,4.882189228507072
4544,21,9,6.0,3.5716528607913602
4544,21,7,12.0,12.103242326405853
4544,21,8,12.0,19.73760823182778
4544,21,13,14.0,13.608032021131317
4544,21,8,4.0,14.409803323743537
4544,21,7,4.0,3.094947740221818
4544,22,6,14.0,5.72826337962643
4544,22,6,4.0,4.012221307371513
4544,22,20,8.0,34.02902178583195
4544,22,9,5.0,9.3721355337703
4544,22,16,9.0,16.40866357127332
4544,23,9,6.0,1.289665415337677
4544,23,7,14.0,16.670067304782716
4544,23,9,4.0,1.6939994395085023
4544,23,6,8.0,1.6792169637442864
4544,23,15,5.0,20.745543096373012
4544,24,6,5.0,2.49704584999897
4544,24,7,7.0,7.5832683073559926
4544,24,23,5.0,1.1542783934371643
4544,24,16,11.0,15.936945172333385
4544,24,10,1.0,8.98565987914395
4544,25,6,2.0,6.442696154490713
4544,25,7,14.0,13.711565210726905
4544,25,16,3.0,10.30525141380183
4544,25,16,5.0,4.019900853095639
4544,25,6,2.0,5.286134344224096
4544,26,6,9.0,4.721514884666014
4544,26,17,4.0,23.613787949846962
4544,26,14,14.0,14.211525706483798
4544,26,6,5.0,7.549086710330193
4544,26,10,1.0,1.6368173546025289
4544,27,6,9.0,3.5880832302683796
4544,27,16,8.0,3.3393509690822154
4544,27,6,3.0,5.270768828872058
4544,27,7,2.0,5.715784601001675
4544,27,15,2.0,6.048927245926456
4544,28,6,13.0,1.4193580406096515
4544,28,6,3.0,5.198412607555429
4544,28,16,3.0,2.242408856448208
4544,28,8,4.0,22.740616094051543
4544,28,6,4.0,8.840298133634912
4544,29,22,2.0,13.051830906311611
4544,29,6,12.0,6.905124131800106
4544,29,14,1.0,1.3603169014018235
4544,29,9,14.0,32.01635544523252
4544,29,17,4.0,6.659651911455162
4544,30,11,4.0,4.1136286655550105
4544,30,8,3.0,5.136390470089913
4544,30,13,14.0,16.80417116008616
4544,30,11,12.0,5.5777416548891035
4544,30,5,9.0,11.775102616211242
4544,30,17,2.0,10.980664028394067
4544,31,6,2.0,12.369903027335539
4544,31,8,14.0,11.27552406136434
4544,31,8,1.0,8.571693322453468
4544,31,17,1.0,6.640957372857664
4544,31,8,4.0,4.520785437268109
4544,32,7,5.0,4.046601466043804
4544,32,7,9.0,18.236118780553678
4544,32,7,3.0,9.440799646213119
4544,32,7,2.0,10.139715843052013
4544,32,8,14.0,21.713383949775853
4544,33,12,7.0,5.904775784828879
4544,33,6,4.0,10.422940616151248
4544,33,7,8.0,20.91334740714331
4544,33,6,1.0,4.477746444695601
4544,33,12,2.0,39.420788047594804
4544,34,7,2.0,8.780115504435702
4544,34,11,8.0,40.52986199765613
4544,34,17,8.0,30.78727624217058
4544,34,10,10.0,1.4555343042721482
4544,34,12,2.0,10.215726299346775
4544,34,16,14.0,37.81241352545487
4544,35,6,14.0,3.734317710909062
4544,35,7,4.0,2.7895147783199183
4544,35,6,8.0,11.018700262768704
4544,35,16,13.0,4.565462526121963
4544,35,7,10.0,6.832471921841163
4544,36,18,6.0,3.430817799812884
4544,36,16,7.0,35.02455605522422
4544,36,19,6.0,15.937381056145856
4544,36,7,11.0,6.714833704091374
4544,36,6,3.0,7.073387948093658
4544,37,9,4.0,1.065376207201741
4544,37,6,1.0,2.3707613691821083
4544,37,11,3.0,7.7329955493999645
4544,37,17,7.0,10.674380703005742
4544,37,13,13.0,5.438292749747577
4544,37,11,9.0,9.146985891555925
4544,38,7,12.0,1.058977462011536
4544,38,6,5.0,7.306397193114653
4544,38,9,5.0,11.242056773280499
4544,38,7,14.0,15.25225625232797
4544,38,7,14.0,6.402827400571763
4544,38,7,9.0,10.252362802563283
4544,39,6,6.0,11.227772169734605
4544,39,6,5.0,3.0003075814191096
4544,39,7,7.0,14.302432124638194
4544,39,15,13.0,32.38940371035255
4544,39,9,7.0,16.039184248099684
4544,39,15,10.0,18.10095115272976
4544,39,16,8.0,6.4368296459787935
4544,40,14,9.0,3.3052438973119176
4544,40,9,9.0,4.385431410388484
4544,40,7,8.0,2.2687364202346183
4544,40,13,3.0,20.520838564976458
4544,40,7,1.0,35.615409693219725
4544,41,8,7.0,1.9345256918280243
4544,41,5,8.0,42.350371349013855
4544,41,7,7.0,7.955518526976596
4544,41,7,5.0,0.9923290873201538
4544,41,14,5.0,1.9816523548695775
4544,42,16,3.0,30.097888211900237
4544,42,19,6.0,14.546746189154355
4544,42,6,11.0,3.612721214997015
4544,42,8,14.0,29.94127911491791
4544,42,12,8.0,10.914509313065219
4544,43,9,4.0,2.5179917700006627
4544,43,16,9.0,11.418429870946886
4544,43,8,7.0,12.744596107838003
4544,43,9,14.0,3.68664541914931
4544,43,15,3.0,11.851500348917961
4544,44,6,4.0,3.8050156296169444
4544,44,7,8.0,6.731926024632626
4544,44,6,14.0,12.880157618392191
4544,44,13,5.0,9.096234639023804
4544,44,7,2.0,7.320165843942895
4544,44,12,5.0,5.092376881303069
4544,45,6,3.0,31.65371513155918
4544,45,11,8.0,20.04460765475402
4544,45,13,4.0,8.6364142874446
4544,45,11,10.0,2.046283206174542
4544,45,17,3.0,17.05469545094109
4544,46,16,4.0,4.764986932812909
4544,46,13,3.0,3.2596549498121914
4544,46,6,7.0,49.253470541206646
4544,46,9,7.0,7.918044925669566
4544,46,16,6.0,33.53888575465276
4544,47,6,4.0,7.942674397807917
4544,47,7,4.0,30.819773389023446
4544,47,6,7.0,17.105862426628804
4544,47,10,11.0,3.3125603178560104
4544,47,7,14.0,4.768524970611061
4544,47,11,5.0,28.914705932920963
4544,48,10,1.0,4.527636980422976
4544,48,11,6.0,38.22698399313038
4544,48,19,11.0,4.160536963262821
4544,48,14,4.0,14.053800181366089
4544,48,8,9.0,1.6072032226866662
4544,49,6,4.0,4.937341941623343
4544,49,14,4.0,2.5905263977675252
4544,49,6,5.0,4.586433269770935
4544,49,9,7.0,7.555367094502493
4544,49,9,5.0,1.2066161379121432
4544,50,9,3.0,28.229981157583985
4544,50,6,14.0,35.59954666466899
4544,50,6,9.0,8.427587420807415
4544,50,14,12.0,19.39538062634188
4544,50,14,3.0,12.931552022204846
4544,51,6,2.0,8.704562411612244
4544,51,21,11.0,8.952898983624765
4544,51,13,9.0,9.075496733806565
4544,51,7,5.0,17.07955210646912
4544,52,22,5.0,2.0852230556306317
4544,52,11,3.0,21.988941895579433
4544,52,10,3.0,11.03839619200242
4544,52,5,4.0,4.216255833393037
4544,52,13,4.0,14.300780888131035
4544,52,8,4.0,12.376811866493302
4544,53,6,4.0,45.24279665857369
4544,53,6,3.0,15.618377969973334
4544,53,15,6.0,13.787874914745549
4544,53,7,5.0,9.957894324454236
4544,53,18,7.0,1.9380742472719739
4544,54,12,7.0,38.80913871742938
4544,54,17,4.0,7.059610921862925
4544,54,18,14.0,37.237077327516936
4544,54,12,14.0,2.287096474062613
4544,54,21,4.0,3.168916106014391
4544,54,6,8.0,38.24977452741958
4544,55,8,13.0,10.548148364488995
4544,55,14,4.0,5.87291011605476
4544,55,4,7.0,6.974673343434826
4544,55,15,14.0,5.748581853941605
4544,55,12,4.0,1.4091701987293603
4544,55,6,7.0,27.406422606285833
4544,55,11,5.0,13.23580242573524
4544,56,23,8.0,7.18397123365094
4544,56,15,4.0,11.691741379849466
4544,56,11,10.0,15.100514474025303
4544,56,15,7.0,4.946365895954018
4544,56,11,4.0,7.231404907811981
4544,57,15,8.0,1.8425632983594153
4544,57,8,4.0,1.6717663931590974
4544,57,6,7.0,9.163864273435417
4544,57,10,3.0,16.60565284484064
4544,57,14,2.0,6.346250353257876
4544,58,9,5.0,12.488397328102925
4544,58,14,14.0,14.433650046777796
4544,58,7,5.0,1.3197102723302288
4544,58,7,4.0,12.130628031455226
4544,58,17,3.0,5.373752569864019
4544,59,0,6.0,13.343739868484118
4544,59,8,8.0,2.5756569839548615
4544,59,6,6.0,1.4561330169264635
4544,59,6,3.0,3.244753271866521
4544,59,13,10.0,1.8352918853424878
4544,60,13,4.0,24.649428835407956
4544,60,7,14.0,9.241800738909124
4544,60,13,14.0,1.7486430658487826
4544,60,9,8.0,11.622612694407701
4544,60,8,4.0,9.839573527936883
4544,60,10,6.0,15.853786009104011
4544,61,16,8.0,4.368080644962688
4544,61,22,8.0,30.94444757511327
4544,61,9,5.0,11.823052759518855
4544,61,7,14.0,10.415823100331352
4544,61,7,2.0,17.327466056265028
4544,61,6,6.0,13.798330633765914
4544,62,17,3.0,2.5690961524842537
4544,62,19,2.0,21.305950642225095
4544,62,14,4.0,7.967986279529257
4544,62,6,5.0,37.31086022887972
4544,62,11,4.0,19.188738184452006
4544,63,21,4.0,8.753539410854277
4544,63,15,7.0,7.218428758091399
4544,63,12,2.0,29.726110494072767
4544,63,7,14.0,4.793869076494856
4544,63,14,14.0,3.0277676575424115
4544,64,7,5.0,9.56019914939849
4544,64,8,3.0,10.27561354802369
4544,64,6,5.0,21.02126573393552
4544,64,6,5.0,4.717325836461808
4544,64,8,10.0,3.8159506118813074
4544,64,8,10.0,2.3754850787472925
4544,65,17,7.0,2.6376703469114506
4544,65,8,4.0,6.558887918934427
4544,65,8,6.0,2.2923880588419587
4544,65,6,1.0,1.3136007078120258
4544,65,11,11.0,1.1039135739845427
4544,66,13,11.0,7.919203178016597
4544,66,5,2.0,14.058075737805085
4544,66,8,9.0,1.1881558856483445
4544,66,9,4.0,37.908531496297684
4544,66,9,7.0,14.941819969404705
4544,66,11,3.0,4.172222647891547
4544,67,6,3.0,1.5579578962333143
4544,67,8,5.0,3.99869067116512
4544,67,7,4.0,26.66797894264656
4544,67,20,9.0,20.09581230230112
4544,67,8,6.0,3.3453642990009462
4544,68,5,8.0,20.710384895019224
4544,68,17,3.0,14.905652242171985
4544,68,8,8.0,1.9243038209125851
4544,68,10,3.0,12.059620120885914
4544,68,8,13.0,21.41631763878185
4544,69,11,8.0,1.0676698794187778
4544,69,9,5.0,11.575377572064097
4544,69,16,6.0,20.933523617099063
4544,69,16,2.0,19.21682960672368
4544,69,7,8.0,7.6146502787833406
4544,70,9,3.0,23.64597892351386
4544,70,8,10.0,7.88316529811779
4544,70,10,5.0,3.3646987579190513
4544,70,12,10.0,17.60559931474572
4544,70,11,7.0,5.31885801819827
4544,70,8,14.0,28.592616563733444
4544,71,8,3.0,4.028785207320528
4544,71,15,11.0,42.24985939050505
4544,71,10,6.0,11.182981745736129
4544,71,6,5.0,7.521932021074524
4544,71,7,3.0,39.78352656037906
4544,72,6,5.0,4.965599994522057
4544,72,5,14.0,4.562847129078661
4544,72,9,2.0,3.5094467197108172
4544,72,14,6.0,10.79963214739257
4544,72,12,9.0,24.095763055113853
4544,72,14,3.0,6.661333443716062
4544,73,7,9.0,3.232700331509617
4544,73,7,9.0,8.290297867738333
4544,73,7,11.0,4.259774698075415
4544,73,7,11.0,23.17076104951446
4544,73,7,6.0,4.480003096514884
4544,74,5,7.0,4.902751795622959
4544,74,11,3.0,1.697782305833896
4544,74,7,1.0,2.264277822151836
4544,74,8,6.0,20.039728255963404
4544,74,7,9.0,20.677006154204406
4544,74,14,4.0,5.713168877855337
4544,75,6,6.0,27.498320119226708
4544,75,9,7.0,9.527610970381566
4544,75,5,5.0,21.446195809490632
4544,75,6,3.0,7.962736648447365
4544,75,7,13.0,1.4776364230464532
4544,76,15,13.0,3.730236792177766
4544,76,22,6.0,12.209872791567284
4544,76,15,3.0,11.06894144068509
4544,76,6,8.0,10.639151029016098
4544,76,7,9.0,13.473458188041823
4544,77,7,6.0,6.721486121856393
4544,77,8,6.0,8.54458497514864
4544,77,7,3.0,47.82338180626454
4544,77,8,5.0,8.590079026688567
4544,77,8,5.0,6.250791386714341
4544,78,9,4.0,8.772538114666323
4544,78,6,3.0,7.375017717265972
4544,78,7,7.0,35.746965276457416
4544,78,8,3.0,7.824993601350533
4544,78,8,3.0,1.864755764050976
4544,79,16,9.0,31.79302456749733
4544,79,7,10.0,30.544142956446336
4544,79,17,2.0,39.90089078002979
4544,79,12,4.0,37.40616256715416
4544,79,12,3.0,10.077909616557477
4545,0,9,14.0,37.106023180294294
4545,0,13,6.0,34.580145846192
4545,0,17,3.0,8.181837532183259
4545,0,7,4.0,7.4593064490749725
4545,0,7,7.0,4.05086897889093
4545,0,6,6.0,0.9071989790341393
4545,1,7,3.0,20.370648382249264
4545,1,7,14.0,22.985521931286698
4545,1,14,8.0,7.652409327486069
4545,1,19,2.0,2.9800946995706803
4545,1,7,4.0,41.94200209480468
4545,1,9,5.0,2.0974425233190694
4545,2,9,3.0,7.5341562379574745
4545,2,6,14.0,3.9707606061310083
4545,2,6,5.0,21.786322307118667
4545,2,7,5.0,40.4629020360424
4545,2,8,6.0,10.503727834004422
4545,3,6,9.0,4.3638288660355515
4545,3,7,3.0,14.422468707819359
4545,3,9,10.0,5.545867032146807
4545,3,6,2.0,5.055798452248475
4545,3,12,10.0,12.457801530582856
4545,4,7,5.0,6.083911452303743
4545,4,8,7.0,6.085499793378413
4545,4,21,3.0,43.20712756652556
4545,4,6,7.0,7.933278998879065
4545,4,13,10.0,10.188298139398437
4545,5,9,14.0,29.056643054667745
4545,5,10,5.0,1.641629521650068
4545,5,14,14.0,5.526047425573315
4545,5,10,4.0,23.814033571950826
4545,5,5,12.0,7.375001561322542
4545,6,12,7.0,13.152926547396799
4545,6,13,7.0,2.390930825009394
4545,6,9,14.0,1.3266350644661065
4545,6,11,7.0,2.007022004805807
4545,6,6,5.0,3.7745190965745303
4545,6,7,5.0,9.941117254728306
4545,7,14,2.0,15.735230674086916
4545,7,7,4.0,33.63315679082968
4545,7,9,2.0,1.067129392854885
4545,7,7,14.0,3.6323195813182174
4545,7,15,8.0,15.204308413510836
4545,7,12,6.0,4.91498903338177
4545,8,9,4.0,6.901806080451156
4545,8,20,2.0,17.648915530791815
4545,8,7,5.0,6.718915846999402
4545,8,20,15.0,8.251828705090858
4545,9,9,7.0,1.077874879770805
4545,9,15,7.0,5.545209807905337
4545,9,15,3.0,1.153390284182604
4545,9,9,2.0,25.783121690570685
4545,9,16,14.0,4.7774493625413
4545,9,10,7.0,29.062541253386684
4545,10,7,2.0,4.182143064372639
4545,10,15,7.0,14.65278220892892
4545,10,9,10.0,6.3061973584237405
4545,10,6,14.0,3.9260447742864573
4545,10,7,11.0,2.3850684056949243
4545,11,10,2.0,4.813578969098938
4545,11,19,5.0,9.466565501355156
4545,11,14,2.0,8.824709526740593
4545,11,8,4.0,0.9669956688275267
4545,11,6,12.0,1.662283395082371
4545,11,10,5.0,1.0921971724307418
4545,12,7,6.0,8.080061225630011
4545,12,7,9.0,39.08689747967015
4545,12,7,14.0,38.324294236933675
4545,12,5,7.0,2.831632202482086
4545,12,6,4.0,13.470090520898761
4545,13,9,4.0,5.737090347997224
4545,13,10,14.0,4.907818216448382
4545,13,11,9.0,5.541805120680668
4545,13,9,8.0,8.170720047717618
4545,13,16,10.0,3.0885895314061913
4545,13,6,6.0,6.063347079786878
4545,14,5,14.0,28.65438167429924
4545,14,8,6.0,7.722267189359987
4545,14,11,6.0,2.355855677007625
4545,14,6,5.0,3.8053037232378504
4545,14,9,4.0,6.260729968276108
4545,15,6,10.0,4.749796731061053
4545,15,7,3.0,11.527709170662053
4545,15,12,13.0,7.128074523756713
4545,15,13,5.0,11.25009805011637
4545,15,22,4.0,28.217248722087355
4545,16,11,4.0,32.70014948677669
4545,16,15,8.0,10.112176662202378
4545,16,13,10.0,8.796153013399259
4545,16,8,4.0,12.25815023409113
4545,16,10,6.0,5.953776993550763
4545,17,6,5.0,1.5002916066796756
4545,17,13,5.0,20.889944111423418
4545,17,16,2.0,2.1129328464080332
4545,17,12,5.0,8.957602569419185
4545,17,8,9.0,38.14230818815194
4545,18,12,5.0,3.0298151346169924
4545,18,7,12.0,1.0693119535311237
4545,18,9,8.0,18.424032798334217
4545,18,13,14.0,3.0117731646134067
4545,18,10,4.0,9.899628790185748
4545,18,8,9.0,10.563514018791178
4545,19,11,6.0,1.8103097125084608
4545,19,10,10.0,14.662440610861298
4545,19,9,3.0,9.12769304991142
4545,19,6,14.0,4.967932448065461
4545,19,5,8.0,13.97528457395561
4545,19,6,3.0,6.201419057322217
4545,20,7,5.0,2.386598656560335
4545,20,7,9.0,6.713153297663792
4545,20,16,3.0,2.255309715981143
4545,20,6,6.0,5.687141464515907
4545,20,17,9.0,7.929878044398978
4545,21,15,8.0,1.7766367364142395
4545,21,6,7.0,1.3848628079619507
4545,21,9,10.0,2.2066722808636183
4545,21,7,8.0,6.287651461029922
4545,21,9,4.0,37.99868423079466
4545,22,19,3.0,25.32911189448437
4545,22,14,1.0,4.99514006498204
4545,22,7,4.0,3.7146783952294453
4545,22,7,4.0,24.87902685346204
4545,22,6,13.0,5.059165989170824
4545,23,7,2.0,2.926671418515999
4545,23,11,2.0,2.0915212539730903
4545,23,7,7.0,2.29681029288323
4545,23,16,9.0,2.1131802962266173
4545,23,11,7.0,25.147465267410823
4545,24,7,13.0,8.617759014870112
4545,24,7,4.0,21.154163829767995
4545,24,7,13.0,5.04277430722492
4545,24,6,14.0,4.085487749909499
4545,24,15,11.0,12.02549042958439
4545,24,17,4.0,23.604079004747007
4545,25,11,11.0,2.066053933921645
4545,25,7,6.0,4.009072155631443
4545,25,16,7.0,8.443402956980023
4545,25,7,14.0,5.511697110447639
4545,25,9,2.0,6.654429667619958
4545,25,6,9.0,5.281897345100032
4545,25,14,2.0,7.245816574789898
4545,26,8,5.0,1.5933151449406573
4545,26,15,10.0,11.594499962933178
4545,26,13,14.0,8.142157622872645
4545,26,17,4.0,19.32313156493059
4545,26,7,14.0,15.350852716115302
4545,26,8,4.0,11.63127186067551
4545,27,9,2.0,9.02560301035896
4545,27,7,4.0,7.843697644087911
4545,27,9,3.0,5.4377160091753804
4545,27,6,2.0,36.86686336982536
4545,27,7,4.0,39.588273798000266
4545,27,7,8.0,41.14058168671809
4545,28,7,2.0,8.518318560038143
4545,28,7,10.0,29.381055421817475
4545,28,21,3.0,14.75275341087475
4545,28,8,14.0,7.677208236454425
4545,28,8,5.0,17.642934503450732
4545,29,9,10.0,1.5829303628838147
4545,29,9,7.0,17.168320316540676
4545,29,10,5.0,41.539029087557886
4545,29,12,4.0,4.769409381192631
4545,29,16,11.0,5.43489588087612
4545,30,7,3.0,27.589627248364927
4545,30,12,14.0,2.9817334330905965
4545,30,7,2.0,7.334971483068488
4545,30,9,13.0,7.316305544093572
4545,30,9,2.0,16.090435683391565
4545,31,7,6.0,10.213604937638845
4545,31,7,5.0,2.251449519980177
4545,31,8,2.0,3.4071237955207643
4545,31,7,10.0,15.319399789671085
4545,31,11,14.0,6.48027320381789
4545,32,15,5.0,38.30642660200206
4545,32,7,10.0,10.593482335811537
4545,32,6,5.0,28.839946914915362
4545,32,11,7.0,2.6998523454056222
4545,32,11,5.0,39.541679664232944
4545,32,15,3.0,3.9668336360537335
4545,33,5,3.0,24.10845519500429
4545,33,7,1.0,10.317274371134875
4545,33,6,14.0,4.421419304223869
4545,33,11,4.0,4.970359252724455
4545,33,7,5.0,2.80477704410778
4545,34,12,4.0,4.992229593647262
4545,34,11,5.0,16.684460722503303
4545,34,11,7.0,7.562303018913337
4545,34,6,7.0,10.888336723476604
4545,34,8,2.0,25.009166265677994
4545,35,7,2.0,8.749750696834997
4545,35,10,14.0,17.34691793643984
4545,35,6,2.0,9.38759405705345
4545,35,7,4.0,1.7278546046043775
4545,35,9,10.0,10.50620073671653
4545,35,6,10.0,37.81116146819904
4545,36,13,9.0,2.8993060506087898
4545,36,14,14.0,4.223622911593225
4545,36,7,1.0,4.760202233021591
4545,36,9,4.0,7.668764559880056
4545,36,6,2.0,3.916906829708216
4545,37,11,8.0,9.468203299624696
4545,37,8,13.0,16.967593685100084
4545,37,7,12.0,5.685700231544799
4545,37,10,14.0,3.5576159352359484
4545,37,8,7.0,40.82945678550956
4545,37,13,4.0,5.975255588465528
4545,38,17,6.0,36.10080040916442
4545,38,15,11.0,15.248192909262011
4545,38,14,3.0,23.930792980520028
4545,38,6,4.0,24.29660326034376
4545,38,5,2.0,9.481834364289105
4545,38,7,8.0,2.1593882698556843
4545,39,10,2.0,4.091061334262204
4545,39,15,8.0,6.791463292358269
4545,39,6,14.0,4.95080601771686
4545,39,10,2.0,2.916441367854361
4545,39,6,3.0,5.719515915757059
4545,39,2,5.0,2.0816415288377974
4545,40,10,4.0,4.300465640215648
4545,40,15,3.0,8.946121680321887
4545,40,6,7.0,21.754556731975224
4545,40,7,5.0,24.384521787902067
4545,40,8,5.0,7.12379834509681
4545,41,7,14.0,17.854087692467733
4545,41,11,3.0,1.321341767636422
4545,41,10,8.0,4.619163460279264
4545,41,8,1.0,8.733594068419611
4545,41,8,3.0,3.2843823226618527
4545,42,11,5.0,7.8638506912016455
4545,42,19,5.0,2.547062077559784
4545,42,6,8.0,4.0148509154682905
4545,42,8,1.0,12.582659649980128
4545,42,10,5.0,1.284578900620498
4545,43,15,3.0,7.859878193276288
4545,43,6,4.0,5.01119671367874
4545,43,7,12.0,6.1155438702406695
4545,43,8,12.0,1.3343071604271464
4545,43,17,14.0,12.377040918155199
4545,44,9,3.0,8.15357362773916
4545,44,9,4.0,1.1998797464603688
4545,44,11,5.0,4.378148553162286
4545,44,9,4.0,3.709269700308653
4545,44,17,6.0,2.888016639043791
4545,44,6,14.0,15.737606232447634
4545,45,8,14.0,3.1784693505814103
4545,45,9,14.0,9.66253223274701
4545,45,7,2.0,4.456229990990438
4545,45,8,3.0,11.408581488192963
4545,45,7,11.0,47.91894211861901
4545,45,6,5.0,38.25993908592713
4545,46,12,7.0,6.6007873664021
4545,46,13,6.0,18.04980055494991
4545,46,16,3.0,14.449333037578443
4545,46,6,3.0,13.457800734725822
4545,46,6,12.0,23.507306980590066
4545,47,7,4.0,11.512600673993617
4545,47,12,4.0,15.270674461783742
4545,47,7,11.0,6.191147781196559
4545,47,11,4.0,11.977235349334274
4545,47,5,6.0,6.41090278068982
4545,48,6,11.0,11.250865076715062
4545,48,12,6.0,38.72008492478723
4545,48,10,14.0,8.581248365813817
4545,48,11,3.0,4.37077617558968
4545,48,5,12.0,6.093092853657255
4545,49,5,12.0,34.71158957550801
4545,49,8,9.0,2.2518308999793413
4545,49,14,7.0,34.89846873101402
4545,49,6,2.0,8.664997793621323
4545,49,9,5.0,4.106172580047037
4545,50,8,1.0,24.553109535955976
4545,50,7,2.0,12.327706495051862
4545,50,8,7.0,34.11383191529128
4545,50,12,14.0,8.616764832052874
4545,50,6,8.0,6.698621209654234
4545,51,6,3.0,29.67078311362617
4545,51,14,2.0,3.759074378271885
4545,51,6,8.0,11.268448052886923
4545,51,10,4.0,4.5482185624466815
4545,51,13,14.0,1.1757879080733087
4545,51,16,5.0,9.974339888511503
4545,51,7,14.0,9.924028028079938
4545,52,7,14.0,16.870963014622514
4545,52,7,7.0,3.8697671652234096
4545,52,5,5.0,4.837652026743685
4545,52,7,5.0,7.230635392556653
4545,52,6,6.0,12.17194170253813
4545,52,7,1.0,40.06956967355938
4545,53,7,9.0,1.300616792828107
4545,53,7,5.0,2.9090849071753597
4545,53,11,9.0,16.6532379520009
4545,53,7,6.0,13.555719593687053
4545,53,13,6.0,38.735559386883054
4545,53,9,4.0,29.366622912784287
4545,54,6,9.0,15.611169817718187
4545,54,6,4.0,7.251254451331397
4545,54,5,11.0,10.490049398311678
4545,54,7,3.0,42.7716448360007
4545,54,7,5.0,9.74940232858086
4545,54,5,7.0,1.105491709784689
4545,55,6,1.0,9.789936306939293
4545,55,15,13.0,6.336244052919212
4545,55,7,8.0,16.714246415709603
4545,55,14,3.0,6.991540287325415
4545,55,6,14.0,7.998100540635822
4545,56,6,14.0,2.9397416753824284
4545,56,7,2.0,16.512057381584313
4545,56,6,1.0,9.492747567599197
4545,56,6,6.0,19.507128611543806
4545,56,12,6.0,3.144769419690388
4545,56,15,11.0,8.722673216119974
4545,56,12,6.0,33.51343402554992
4545,57,10,10.0,8.761667565837831
4545,57,5,14.0,14.49267011849477
4545,57,9,5.0,16.682039429900367
4545,57,6,5.0,2.553972375270742
4545,57,11,8.0,5.722170279355397
4545,58,14,4.0,2.162917682328718
4545,58,6,4.0,6.810402107474646
4545,58,10,4.0,1.0402316966460936
4545,58,8,14.0,4.441138656855618
4545,58,12,4.0,5.4350095990573255
4545,58,7,7.0,24.900609319728
4545,59,10,4.0,14.667936681579764
4545,59,15,4.0,22.391204342841956
4545,59,9,4.0,7.001385210018718
4545,59,7,6.0,11.244775945867216
4545,59,8,8.0,18.35413590897827
4545,59,7,4.0,3.2693602536143205
4545,60,7,2.0,20.247889609268313
4545,60,15,3.0,1.866614510243143
4545,60,5,11.0,2.257752520482436
4545,60,11,4.0,38.299945283093656
4545,60,7,2.0,6.8114612838344035
4545,61,14,4.0,5.5671874742320195
4545,61,10,4.0,18.79647031600548
4545,61,16,7.0,1.6767608965824674
4545,61,16,1.0,10.749082390737692
4545,61,7,5.0,6.272370665575381
4545,62,6,1.0,12.344417494691603
4545,62,7,11.0,6.280945809285846
4545,62,9,12.0,6.093363765629387
4545,62,6,14.0,6.897125750057817
4545,62,6,1.0,8.142690450420803
4545,63,6,2.0,32.05953706711229
4545,63,12,10.0,11.058983585760561
4545,63,14,12.0,1.4166538279939793
4545,63,17,9.0,18.325155133355576
4545,63,12,2.0,23.766339682821656
4545,63,6,14.0,6.0230855449079055
4545,64,7,8.0,7.673872893385819
4545,64,7,5.0,11.858085907578873
4545,64,9,3.0,1.8517905493261169
4545,64,6,5.0,18.04575975503348
4545,64,9,9.0,5.8710022655551874
4545,65,8,10.0,1.1595102403535786
4545,65,13,10.0,1.4878515009565114
4545,65,10,4.0,8.613344746022321
4545,65,9,3.0,1.534850340545765
4545,65,8,6.0,3.242531149454817
4545,66,6,5.0,6.507448855202652
4545,66,14,8.0,26.369008137488084
4545,66,7,3.0,9.381099392795047
4545,66,6,6.0,2.00380229868703
4545,66,14,4.0,1.8553108120217543
4545,67,9,8.0,18.41100353301122
4545,67,9,10.0,2.083953266883662
4545,67,7,10.0,9.801379313562144
4545,67,6,10.0,12.718755983919436
4545,67,18,8.0,41.05900925024967
4545,68,8,6.0,2.319598296327637
4545,68,6,6.0,6.63543403405238
4545,68,8,14.0,11.023870421492527
4545,68,6,11.0,40.22120402624559
4545,68,7,7.0,5.7038883491737975
4545,69,15,9.0,27.365300994417613
4545,69,5,9.0,36.121610797769236
4545,69,6,11.0,32.77231541456091
4545,69,7,11.0,22.747833945360156
4545,69,8,14.0,11.64367486369697
4545,70,7,3.0,8.104441369471777
4545,70,19,14.0,2.1462197787054746
4545,70,10,3.0,3.5305753341792565
4545,70,22,3.0,10.907126096733712
4545,70,7,3.0,5.057165515698919
4545,70,16,14.0,3.259484551371087
4545,71,8,10.0,14.352665284562818
4545,71,10,4.0,1.891710749832257
4545,71,5,3.0,19.65884433111055
4545,71,13,2.0,15.537685407694386
4545,71,5,14.0,38.75888577715991
4545,71,6,6.0,19.236181015782797
4545,72,7,4.0,8.02269881496878
4545,72,9,11.0,7.388237657950931
4545,72,7,6.0,6.393866569508035
4545,72,14,10.0,30.385931458776696
4545,72,6,3.0,3.9640310592654635
4545,73,18,5.0,34.12922122757544
4545,73,9,3.0,5.478802031696372
4545,73,6,4.0,45.68920395841998
4545,73,11,6.0,4.955618803638811
4545,73,9,12.0,11.998607259212578
4545,74,7,2.0,4.061320584678433
4545,74,7,6.0,47.65794309196023
4545,74,8,5.0,9.378610220201745
4545,74,6,4.0,2.1225571548630877
4545,74,16,7.0,42.68558863462066
4545,75,7,7.0,2.682260900150487
4545,75,5,3.0,22.40027445368106
4545,75,7,7.0,15.145580794219306
4545,75,14,4.0,36.66619132202937
4545,75,10,3.0,3.565841387534594
4545,76,12,3.0,29.178333251088077
4545,76,6,14.0,1.165847144909114
4545,76,5,3.0,8.576544494000105
4545,76,14,5.0,5.331239846133405
4545,76,9,9.0,1.9852524103732812
4545,76,11,9.0,2.1775257968362194
4545,77,19,5.0,6.233459009968843
4545,77,8,5.0,4.534289086972811
4545,77,6,4.0,5.165841261098294
4545,77,7,14.0,4.189544748714214
4545,77,17,8.0,3.4373179172840134
4545,78,8,8.0,8.545229474672368
4545,78,13,2.0,18.927136070159527
4545,78,12,4.0,7.709559251049011
4545,78,6,3.0,3.3881165365515327
4545,78,8,3.0,40.85413232263412
4545,78,8,14.0,26.73346809956147
4545,79,17,14.0,11.488197236223622
4545,79,11,14.0,6.552168521409671
4545,79,7,1.0,3.4521807257335073
4545,79,6,14.0,6.587883982871607
4545,79,5,10.0,24.720057769596917
4545,79,8,3.0,1.0586727694421558
4546,0,7,14.0,38.671527207415295
4546,0,8,14.0,16.9736467499919
4546,0,16,18.0,30.64420936709952
4546,0,7,10.0,15.060257154519126
4546,0,6,8.0,16.989264791522
4546,1,10,6.0,42.27876787756089
4546,1,16,11.0,4.127596675748203
4546,1,7,12.0,4.1043861706108045
4546,1,7,6.0,38.96773448419081
4546,1,18,14.0,22.33406994522989
4546,2,6,6.0,1.1671472811418093
4546,2,0,6.0,13.414892860573593
4546,2,9,5.0,5.652372237149928
4546,2,7,1.0,0.9933091551866317
4546,2,12,6.0,3.4491702598612783
4546,3,7,5.0,2.42497125101913
4546,3,10,3.0,4.548121989968923
4546,3,17,8.0,3.7601079819199246
4546,3,17,3.0,8.163761973547722
4546,3,11,6.0,37.1834122712516
4546,4,9,11.0,13.767566371736786
4546,4,13,6.0,10.087831069560258
4546,4,6,5.0,6.232134799052225
4546,4,15,14.0,2.573253219742935
4546,4,16,6.0,8.740477930708034
4546,4,13,11.0,6.173737298535671
4546,5,6,5.0,4.835699718527031
4546,5,7,9.0,3.926918105215454
4546,5,5,9.0,4.312351586081467
4546,5,8,13.0,9.656405620094198
4546,5,10,9.0,10.690425006813221
4546,6,7,14.0,10.715305813773565
4546,6,11,11.0,2.7630998337385733
4546,6,6,5.0,5.66292499272799
4546,6,6,14.0,12.326762295751848
4546,6,18,9.0,10.778394867480802
4546,7,7,14.0,1.973191993156381
4546,7,10,10.0,35.67534289280359
4546,7,21,5.0,3.1548795671975935
4546,7,10,14.0,1.0238469967812496
4546,7,11,2.0,16.745489394891457
4546,8,7,7.0,12.650956845316278
4546,8,6,5.0,1.1612058678016532
4546,8,21,14.0,26.39859689537326
4546,8,19,3.0,2.6814578387500965
4546,9,9,14.0,3.226902464145022
4546,9,6,3.0,13.174163501804097
4546,9,8,9.0,20.415657038218093
4546,9,7,2.0,7.002980852380899
4546,9,6,3.0,10.485972795297085
4546,10,7,4.0,16.44463958103464
4546,10,6,11.0,7.7171759177176495
4546,10,9,9.0,39.21030340712498
4546,10,13,10.0,2.03311035384517
4546,10,7,4.0,4.345883057659709
4546,11,6,12.0,1.3850021745825882
4546,11,7,9.0,16.78602602122045
4546,11,7,7.0,4.661677192907303
4546,11,7,14.0,13.454341501335659
4546,11,20,2.0,14.693675934977005
4546,11,7,7.0,4.668581952353766
4546,12,7,8.0,14.628722491391855
4546,12,14,14.0,9.682939667481737
4546,12,9,12.0,10.041381377127605
4546,12,9,14.0,3.696272197479737
4546,12,7,3.0,15.546310000161483
4546,12,11,4.0,22.846351240833343
4546,13,7,6.0,12.73366531259318
4546,13,7,5.0,19.359404702702257
4546,13,6,3.0,3.581189028399836
4546,13,7,11.0,12.5979401538523
4546,13,5,3.0,5.841512982813147
4546,13,7,14.0,10.751572093154182
4546,14,7,9.0,4.485783497406129
4546,14,16,2.0,7.776624201805751
4546,14,7,7.0,1.6139926361029948
4546,14,8,14.0,5.453550078935008
4546,14,14,14.0,2.6133768620378244
4546,14,13,5.0,4.752105364401878
4546,15,6,3.0,3.2576963642730936
4546,15,6,2.0,11.806557755341856
4546,15,10,4.0,22.560324913071284
4546,15,4,8.0,6.6536723107525715
4546,15,6,4.0,5.556862526099516
4546,16,7,5.0,5.774120638938031
4546,16,6,9.0,12.171798414284485
4546,16,7,11.0,20.840965730085852
4546,16,6,10.0,4.204460849079236
4546,16,13,14.0,1.3622118833335164
4546,16,11,7.0,25.65364553814806
4546,16,7,7.0,3.0889520324717643
4546,17,8,10.0,2.5992328775645377
4546,17,7,7.0,3.892569986024493
4546,17,8,3.0,5.418619135687291
4546,17,5,6.0,4.700838418985329
4546,17,14,2.0,4.014572735373544
4546,18,9,7.0,3.5943530628346556
4546,18,9,14.0,4.661154735682674
4546,18,16,6.0,36.644857946142814
4546,18,8,5.0,0.99124433885463
4546,18,14,1.0,8.521731721519041
4546,19,8,12.0,1.495647452474654
4546,19,9,2.0,11.13902677129667
4546,19,10,12.0,2.743644949287891
4546,19,6,3.0,15.25683063181413
4546,19,7,7.0,10.78893399836004
4546,20,12,5.0,30.257788364425252
4546,20,16,14.0,7.527867155617015
4546,20,8,6.0,22.326777957133984
4546,20,9,1.0,1.6689379322460967
4546,20,18,2.0,36.45935608141363
4546,20,7,14.0,7.988491215977623
4546,21,7,12.0,11.741946749076925
4546,21,5,2.0,19.987342197341903
4546,21,9,14.0,13.907085155074158
4546,21,6,7.0,2.4380644363427333
4546,21,15,3.0,1.5180132748122719
4546,21,8,6.0,20.210502421053747
4546,22,7,14.0,7.647985512182911
4546,22,5,5.0,6.779678869468535
4546,22,12,8.0,7.192540449428338
4546,22,8,4.0,7.160726811284744
4546,22,10,7.0,10.61845014744296
4546,23,23,20.0,12.70323239180701
4546,23,6,11.0,38.93926653874767
4546,23,7,3.0,21.023330220862224
4546,23,14,8.0,17.16996005893505
4546,24,13,9.0,4.272299497910285
4546,24,6,3.0,3.150568406619824
4546,24,9,5.0,37.405176012052856
4546,24,20,12.0,5.424839936719853
4546,25,6,2.0,12.14368373695279
4546,25,7,7.0,2.0916681777757544
4546,25,14,5.0,20.522592461714407
4546,25,7,9.0,37.43399087953563
4546,25,7,4.0,1.5198947366614826
4546,25,7,9.0,11.511851307705733
4546,26,6,2.0,4.325373832647144
4546,26,15,5.0,2.3285367794503076
4546,26,6,2.0,3.8701296358690116
4546,26,14,5.0,1.1622775023236924
4546,26,8,14.0,3.245642198248839
4546,27,7,10.0,5.6482909816080635
4546,27,10,7.0,10.18213177580926
4546,27,6,8.0,41.12871212658466
4546,27,10,12.0,4.2489217299034845
4546,27,13,4.0,18.69303047458477
4546,28,9,4.0,30.233517728277988
4546,28,6,12.0,11.312285392669022
4546,28,7,10.0,38.19380374267037
4546,28,7,3.0,6.3702345075191165
4546,28,18,12.0,10.69032629225947
4546,29,7,6.0,26.056751406518813
4546,29,12,14.0,2.1595267071002584
4546,29,6,4.0,44.90559431779138
4546,29,13,14.0,4.494967036388591
4546,29,6,10.0,9.244732665204532
4546,29,6,10.0,5.814484562069352
4546,30,6,8.0,7.805032809760468
4546,30,8,2.0,11.350495158660522
4546,30,6,6.0,15.196174545520282
4546,30,9,14.0,14.621578755754747
4546,30,6,4.0,7.1050588290302485
4546,30,10,3.0,1.2961123291299037
4546,31,17,3.0,9.7193124450677
4546,31,11,8.0,12.528174560170909
4546,31,7,4.0,10.132430641170407
4546,31,7,9.0,0.9779507686228086
4546,31,6,3.0,26.47623645878796
4546,31,9,7.0,20.171994210861047
4546,32,7,4.0,2.9080058797344797
4546,32,7,14.0,10.88792683961102
4546,32,12,3.0,39.24196855005916
4546,32,7,14.0,3.1467052377732605
4546,32,19,3.0,1.2478929470005569
4546,32,14,4.0,24.576335520743147
4546,33,6,4.0,20.330937374036537
4546,33,8,1.0,12.883666244919509
4546,33,8,1.0,17.825348644113674
4546,33,7,5.0,4.008158624907356
4546,33,7,14.0,1.391201163348049
4546,33,7,4.0,16.34555515454116
4546,34,15,14.0,3.543397005988485
4546,34,8,8.0,2.843221633419766
4546,34,7,5.0,43.71195761712172
4546,34,6,14.0,1.905321402641715
4546,34,11,1.0,41.992625919381595
4546,35,6,4.0,7.424700739781523
4546,35,10,4.0,23.55328302820891
4546,35,7,13.0,2.6967429093245823
4546,35,12,14.0,10.945141622104279
4546,35,16,4.0,5.472563743446697
4546,36,20,11.0,5.652617850424204
4546,36,11,7.0,1.231268618188941
4546,36,13,4.0,11.252217191932004
4546,36,6,3.0,22.474525536165807
4546,36,14,14.0,2.84872697455834
4546,36,6,2.0,16.978051517180617
4546,36,13,1.0,8.762050998921797
4546,37,5,6.0,2.5430943241234205
4546,37,7,2.0,9.400741763584916
4546,37,6,5.0,10.354613967227236
4546,37,14,2.0,7.512412573844452
4546,37,15,2.0,12.47610929976391
4546,38,15,3.0,39.69515442948287
4546,38,15,5.0,12.453227064454193
4546,38,8,4.0,20.183591197045303
4546,38,14,14.0,5.151399123382542
4546,38,9,9.0,2.8426269218777436
4546,39,7,10.0,43.501352698355106
4546,39,17,6.0,42.1202485675934
4546,39,7,7.0,2.4213111541498744
4546,39,5,10.0,11.102558102043815
4546,39,13,9.0,8.4484261269186
4546,39,10,9.0,5.813249026789501
4546,40,7,4.0,8.898596978159977
4546,40,7,3.0,4.78306392009288
4546,40,11,14.0,3.0904507582037115
4546,40,9,2.0,1.2578419049860252
4546,40,9,8.0,31.756755252790178
4546,41,8,3.0,43.71051093206174
4546,41,16,14.0,10.851173799798218
4546,41,15,12.0,1.9431902545142299
4546,41,15,6.0,11.413742393205352
4546,41,11,7.0,20.30193805179872
4546,42,14,6.0,3.670164676256269
4546,42,18,4.0,31.30097668617442
4546,42,7,2.0,9.542448159355459
4546,42,15,7.0,22.360793590482803
4546,42,9,3.0,6.060193450291749
4546,43,10,6.0,35.81508331830719
4546,43,9,3.0,14.550353902753276
4546,43,19,8.0,1.9167329923088083
4546,43,12,12.0,41.578319973298605
4546,43,8,12.0,10.901116609870384
4546,43,15,4.0,11.595024276491914
4546,44,7,2.0,7.543976950357932
4546,44,10,4.0,4.089049629628275
4546,44,15,2.0,9.183097409846564
4546,44,7,5.0,8.610172626333554
4546,44,7,8.0,0.9579951496627752
4546,44,6,6.0,1.1026455225298246
4546,45,16,1.0,32.21606142904322
4546,45,10,7.0,7.129267430739314
4546,45,19,25.0,1.170066395541062
4546,45,6,11.0,3.1742291277575583
4546,46,7,4.0,4.287403487240641
4546,46,13,9.0,25.901356356461978
4546,46,6,4.0,5.0203276671718955
4546,46,5,7.0,14.193671889832222
4546,46,7,6.0,11.083255761829047
4546,46,8,1.0,8.452678773599278
4546,46,14,3.0,21.51998749460866
4546,47,12,4.0,3.3528135556654575
4546,47,10,6.0,24.70556232205818
4546,47,5,14.0,6.554726883313166
4546,47,6,3.0,4.268030876474397
4546,47,9,4.0,23.393244783007713
4546,48,0,2.0,3.3144221586918534
4546,48,6,1.0,5.279531506964775
4546,48,12,4.0,7.419237428657288
4546,48,5,10.0,4.854658998153086
4546,48,15,9.0,5.488170841193695
4546,49,12,4.0,2.633260970996362
4546,49,8,8.0,11.421832032791961
4546,49,9,6.0,7.149887259241165
4546,49,9,3.0,12.884046361332153
4546,49,10,5.0,1.881908239341292
4546,50,7,1.0,19.019217269791945
4546,50,9,10.0,2.299149423777326
4546,50,8,10.0,24.653823458122293
4546,50,12,4.0,6.249127665602479
4546,50,11,2.0,15.289448243521853
4546,51,10,8.0,33.966977030498214
4546,51,8,6.0,8.38037146789675
4546,51,6,14.0,6.226314212792195
4546,51,8,8.0,8.105582421973796
4546,51,9,3.0,1.475272440567512
4546,52,14,4.0,2.6520322440999426
4546,52,9,7.0,16.88917989515753
4546,52,7,4.0,2.6439956728599694
4546,52,9,9.0,6.300269569337573
4546,52,7,8.0,26.944919289679593
4546,53,8,14.0,41.26363477516105
4546,53,7,14.0,3.3588537249621755
4546,53,17,8.0,4.374352032749163
4546,53,8,6.0,1.028511384299382
4546,53,14,5.0,6.985428473071427
4546,53,6,4.0,2.878898318793329
4546,54,6,5.0,6.138242686119709
4546,54,6,7.0,14.12913474095996
4546,54,17,5.0,8.211497894245072
4546,54,7,4.0,5.093574621832243
4546,54,7,4.0,43.102347762575405
4546,55,9,3.0,10.422887314084452
4546,55,13,3.0,32.22476528154911
4546,55,8,4.0,2.3023957646979856
4546,55,17,3.0,5.325793581462366
4546,55,9,3.0,1.8752159100967016
4546,56,9,7.0,32.53242827563832
4546,56,9,6.0,14.401385287406185
4546,56,8,5.0,7.0113375010702965
4546,56,16,2.0,17.63818272203508
4546,56,14,3.0,35.61103718921464
4546,57,7,3.0,7.370346615944416
4546,57,14,3.0,14.524043106989735
4546,57,6,4.0,2.9394617471063005
4546,57,6,4.0,6.9698943380292135
4546,57,8,4.0,27.574872327418436
4546,58,7,11.0,1.703251517882934
4546,58,20,10.0,3.206788909505868
4546,58,10,3.0,28.113881273104926
4546,58,18,10.0,7.1049645779646315
4546,58,12,3.0,8.571318956433043
4546,59,13,8.0,23.628743961366528
4546,59,9,4.0,3.2411543845607413
4546,59,9,3.0,4.3925631048611775
4546,59,10,7.0,5.147446602784853
4546,59,12,13.0,8.140693166953138
4546,60,7,3.0,3.9503302608072537
4546,60,10,3.0,7.8822466557801185
4546,60,13,3.0,42.77041269314397
4546,60,11,12.0,5.243798768768196
4546,60,20,9.0,8.749793042449056
4546,61,8,14.0,12.115063325780937
4546,61,8,6.0,2.2161765486671507
4546,61,16,6.0,4.99602088771233
4546,61,12,9.0,8.263165715830754
4546,61,8,7.0,8.051216642184125
4546,62,6,2.0,3.433398633167551
4546,62,11,1.0,1.1522736250078138
4546,62,7,1.0,10.380233444829472
4546,62,9,7.0,4.067391575354049
4546,62,9,3.0,3.5189790253184325
4546,63,11,12.0,6.422632144147412
4546,63,20,15.0,6.619341254572412
4546,63,7,5.0,16.01738139396294
4546,63,18,10.0,7.144826898666741
4546,63,6,2.0,12.955798066569296
4546,64,15,3.0,39.01073711228727
4546,64,12,14.0,3.2788234100636977
4546,64,7,14.0,2.194791936096836
4546,64,7,4.0,4.202597594827866
4546,64,16,11.0,15.213572232107301
4546,65,10,5.0,6.42708866330102
4546,65,20,7.0,4.714697645153214
4546,65,19,8.0,6.565973716500743
4546,65,16,6.0,25.72146283358514
4546,65,12,8.0,7.256955258451597
4546,66,12,14.0,3.153053106214791
4546,66,23,13.0,1.9367373832571415
4546,66,7,14.0,2.3643457103402445
4546,66,13,9.0,1.038866324893696
4546,66,5,6.0,4.573011121736209
4546,67,13,3.0,38.521633991344274
4546,67,7,14.0,11.203672521013265
4546,67,13,6.0,15.07803448332363
4546,67,18,14.0,11.097671312805778
4546,67,11,8.0,4.789431381168186
4546,67,7,13.0,11.19747616168609
4546,68,11,10.0,35.127414910168234
4546,68,14,4.0,8.82327560744709
4546,68,15,5.0,13.351576178768129
4546,68,16,7.0,9.529821858832895
4546,68,12,4.0,4.980247531889029
4546,69,10,3.0,12.642138050905793
4546,69,6,4.0,22.51016347487868
4546,69,13,5.0,7.666560316525763
4546,69,17,14.0,4.80775606903193
4546,69,12,9.0,6.71078591204336
4546,70,7,2.0,20.207253975824294
4546,70,7,14.0,10.398046150431117
4546,70,9,2.0,7.336449226122053
4546,70,13,3.0,38.57742292593525
4546,70,6,14.0,3.881955562628089
4546,70,6,13.0,13.049034936375087
4546,71,11,14.0,4.69048459485992
4546,71,6,8.0,1.89901517522077
4546,71,15,12.0,5.63998445077805
4546,71,8,5.0,10.415207556618837
4546,71,18,10.0,6.657540617100012
4546,72,8,3.0,19.345058597408315
4546,72,16,3.0,12.711256332638447
4546,72,7,3.0,5.254587822696628
4546,72,9,6.0,12.695020193552088
4546,72,9,3.0,37.00322126905761
4546,73,6,14.0,8.260252797361021
4546,73,8,3.0,6.089245633197703
4546,73,11,8.0,11.899652513312573
4546,73,8,9.0,1.311645585660929
4546,73,11,4.0,2.253896446209386
4546,73,16,4.0,2.8434514043354184
4546,74,6,5.0,17.069432453861022
4546,74,8,2.0,38.07016626936356
4546,74,12,12.0,9.272178250774097
4546,74,7,7.0,9.466612354854032
4546,74,5,7.0,4.590747308357659
4546,75,8,3.0,1.6086093014673561
4546,75,5,2.0,3.453156083442802
4546,75,12,6.0,8.089619267128247
4546,75,6,14.0,3.880564431520174
4546,75,6,7.0,10.780579240237445
4546,76,6,8.0,7.182841854805323
4546,76,7,6.0,9.493607723863388
4546,76,9,4.0,32.11702569969605
4546,76,9,13.0,40.563908483241875
4546,76,11,4.0,6.368473686981569
4546,77,14,8.0,15.919298553079749
4546,77,12,14.0,2.175663157281662
4546,77,6,6.0,5.7998580018984525
4546,77,7,5.0,8.00716752056979
4546,77,13,5.0,2.9564621715622295
4546,77,7,7.0,4.818753807217079
4546,78,8,4.0,3.6088499524189515
4546,78,6,1.0,12.684678820877798
4546,78,7,5.0,8.252128492917784
4546,78,8,6.0,6.92708636012729
4546,78,7,5.0,7.261721812270276
4546,79,9,8.0,31.793283601302555
4546,79,6,8.0,1.3097004886266885
4546,79,18,12.0,1.4136066921666537
4546,79,12,9.0,5.613756403827543
4546,79,18,12.0,1.6066506990899574
4547,0,6,8.0,8.100320035027709
4547,0,6,2.0,19.150297637319916
4547,0,6,5.0,14.612138097485671
4547,0,6,5.0,5.113254889153247
4547,0,8,2.0,8.637868875137965
4547,0,6,4.0,4.109366074692973
4547,1,15,3.0,11.84077138044633
4547,1,6,14.0,39.03410900337664
4547,1,9,7.0,4.730194510661997
4547,1,7,14.0,23.478041099319853
4547,1,16,4.0,1.8599075009580448
4547,2,12,7.0,14.531100848140213
4547,2,11,14.0,7.133277861242887
4547,2,17,7.0,1.1585397170191858
4547,2,8,10.0,8.885971015839113
4547,2,6,4.0,6.770555105936003
4547,3,8,2.0,8.918951791359758
4547,3,10,1.0,50.52391579361555
4547,3,11,4.0,2.2848702359817663
4547,3,6,5.0,28.051676487934287
4547,3,10,5.0,6.524805441685123
4547,4,5,4.0,7.314892966113595
4547,4,15,5.0,8.978248775954711
4547,4,16,2.0,4.429849433993956
4547,4,16,13.0,45.8431433619327
4547,4,16,9.0,8.837937074087574
4547,5,10,10.0,7.246519701111013
4547,5,6,3.0,9.677802811503355
4547,5,9,2.0,2.6095590244236466
4547,5,6,14.0,36.7093244576104
4547,5,6,12.0,4.302350605671509
4547,6,19,3.0,2.4576434422653253
4547,6,7,3.0,7.020039640769888
4547,6,7,4.0,4.585702458912269
4547,6,8,3.0,7.503186734302136
4547,6,3,4.0,36.888674239628806
4547,7,9,14.0,8.721980101571933
4547,7,7,4.0,17.549073062753873
4547,7,8,4.0,11.837232130127678
4547,7,8,8.0,13.742359377777559
4547,7,11,3.0,1.8218875338865455
4547,7,10,2.0,5.568749575606795
4547,8,6,4.0,4.368734415985752
4547,8,8,4.0,12.860455943166421
4547,8,7,7.0,3.905263823259975
4547,8,8,2.0,3.3853998234689917
4547,8,7,9.0,1.5650124371505212
4547,8,6,5.0,14.264970146364348
4547,9,12,9.0,7.899854320243136
4547,9,7,8.0,29.824329619105555
4547,9,7,8.0,3.897939251202772
4547,9,8,8.0,36.57293055664896
4547,9,6,6.0,4.143177197275838
4547,9,6,14.0,7.206049733968844
4547,10,8,14.0,26.237024479991216
4547,10,19,3.0,39.522383842627434
4547,10,16,2.0,8.576223081395517
4547,10,6,13.0,4.989931502375344
4547,10,7,4.0,5.954183337900013
4547,11,21,5.0,29.221623961903525
4547,11,16,10.0,4.071694794459243
4547,11,6,5.0,11.888492287354438
4547,11,8,7.0,13.982985595634814
4547,11,15,4.0,3.09848667480018
4547,12,7,4.0,10.868848403015228
4547,12,18,5.0,2.072635448967098
4547,12,7,14.0,4.613097610849105
4547,12,5,6.0,4.599961127595888
4547,12,14,14.0,5.147950021869565
4547,13,8,10.0,3.953478411327075
4547,13,12,5.0,26.474108131278662
4547,13,12,5.0,5.7095513648890215
4547,13,13,7.0,27.081595065791895
4547,13,12,2.0,16.01200806141212
4547,13,11,5.0,41.638480585926914
4547,14,5,10.0,2.5888448997169675
4547,14,17,3.0,6.320947738597344
4547,14,9,5.0,7.2639583181811425
4547,14,10,8.0,6.4893020712525304
4547,14,10,3.0,1.626332585977542
4547,15,7,6.0,3.699306085141722
4547,15,18,8.0,3.0884048544764253
4547,15,11,4.0,1.4686428765739916
4547,15,7,5.0,4.064200670791791
4547,15,5,4.0,3.3299905082963273
4547,15,10,5.0,12.198266001274327
4547,16,9,7.0,2.024913585900721
4547,16,9,5.0,37.00433277422687
4547,16,19,5.0,5.924221079725504
4547,16,17,1.0,1.844779989371359
4547,16,6,2.0,1.3178240730574522
4547,17,15,21.0,12.640164238975702
4547,17,6,2.0,13.58374791046548
4547,17,9,5.0,7.008934919763665
4547,17,9,2.0,2.5084416618488765
4547,17,13,11.0,2.041189163157835
4547,18,14,4.0,3.9620463758682023
4547,18,6,14.0,6.3654125594921105
4547,18,7,1.0,16.177659124177964
4547,18,16,2.0,1.5689702744990373
4547,18,15,2.0,38.79552915926821
4547,19,21,14.0,3.9107475145416455
4547,19,15,6.0,14.676619082035245
4547,19,6,14.0,1.7689144077971668
4547,19,7,6.0,2.645801042983048
4547,19,7,14.0,4.3684383132851545
4547,20,7,14.0,1.6288057933470517
4547,20,6,5.0,2.871426088528039
4547,20,13,5.0,4.231507510734914
4547,20,6,6.0,22.876321512131028
4547,20,14,12.0,10.339015943446777
4547,21,6,12.0,26.932084853324113
4547,21,8,5.0,16.858633005834005
4547,21,16,5.0,34.698065114366955
4547,21,7,10.0,3.266205849301208
4547,21,20,7.0,4.197820084247203
4547,21,13,2.0,5.107876716987852
4547,22,6,4.0,4.0698450358533
4547,22,6,2.0,9.958391425888388
4547,22,6,7.0,2.6826875602544353
4547,22,7,3.0,10.369085075260944
4547,22,15,4.0,12.430727432506957
4547,22,10,8.0,32.538924127292276
4547,23,8,5.0,6.8360574361552535
4547,23,17,4.0,6.441161623634573
4547,23,6,6.0,2.8141836447303077
4547,23,15,3.0,11.373514640970338
4547,23,7,2.0,19.39424396181412
4547,24,7,5.0,9.056732773728868
4547,24,8,3.0,7.522311046663115
4547,24,14,7.0,21.172062776207717
4547,24,8,1.0,5.9013510147169495
4547,24,12,12.0,6.855080476339417
4547,25,12,4.0,12.15247347623247
4547,25,16,13.0,17.869186719043142
4547,25,16,4.0,12.413363140083039
4547,25,10,8.0,16.80531663454166
4547,25,8,9.0,10.763585018199882
4547,26,10,12.0,37.696961494119336
4547,26,7,3.0,11.457036572334836
4547,26,10,4.0,25.399077905554865
4547,26,13,3.0,14.48252814804083
4547,26,13,4.0,12.920148795637193
4547,27,8,6.0,1.1198170757349628
4547,27,5,1.0,9.28297487512991
4547,27,14,9.0,7.5924639533040486
4547,27,7,2.0,37.30486962513432
4547,27,7,6.0,1.9838584953638556
4547,28,7,10.0,21.5643990295966
4547,28,7,3.0,8.702088599682888
4547,28,7,3.0,9.345561813760098
4547,28,7,6.0,4.429064772908156
4547,28,9,3.0,34.538334756683106
4547,29,15,4.0,10.451547294848323
4547,29,15,6.0,11.187747950741084
4547,29,6,9.0,5.171609485306805
4547,29,9,5.0,3.124928684074986
4547,29,6,7.0,11.40571346655111
4547,30,14,14.0,23.923859092178063
4547,30,7,3.0,38.62808509694815
4547,30,4,3.0,5.657426136653675
4547,30,6,1.0,25.85613810342852
4547,30,10,1.0,1.8029189495158304
4547,30,8,6.0,1.1052964412290274
4547,31,8,2.0,15.250048022821424
4547,31,9,9.0,4.177190898009244
4547,31,6,6.0,5.3336135732747865
4547,31,8,10.0,23.222319748118803
4547,31,7,3.0,7.261384912080024
4547,31,10,3.0,15.006350268810335
4547,32,7,2.0,4.230245490930206
4547,32,16,14.0,11.81763852691743
4547,32,7,2.0,2.8799263538847297
4547,32,5,9.0,7.779492680189511
4547,32,5,10.0,8.396663696665872
4547,32,14,5.0,3.7039147441839146
4547,33,7,12.0,5.102145952361323
4547,33,7,12.0,1.1566479887702064
4547,33,20,5.0,3.227423319422721
4547,33,5,2.0,4.987527355661423
4547,33,6,12.0,3.326654533983733
4547,34,7,1.0,13.497490530571227
4547,34,12,13.0,6.973615389590259
4547,34,7,14.0,4.464897016151273
4547,34,7,14.0,2.1750044903136083
4547,34,17,14.0,3.864275938993641
4547,35,7,3.0,23.899188008317278
4547,35,12,10.0,2.3700624513059187
4547,35,7,10.0,25.639592284143795
4547,35,6,3.0,18.975726113630774
4547,35,6,7.0,8.681290068797583
4547,35,7,4.0,10.281793168049518
4547,36,10,4.0,41.73050690165962
4547,36,13,6.0,6.474310471021732
4547,36,14,6.0,11.365106560152746
4547,36,17,4.0,4.474800524607788
4547,36,15,2.0,9.993773401379318
4547,37,7,8.0,6.23353216154833
4547,37,6,14.0,4.0493243958047955
4547,37,5,4.0,4.050341231888511
4547,37,11,2.0,10.206942896163827
4547,37,5,4.0,4.4310617911208405
4547,37,10,9.0,1.81657825357263
4547,38,9,6.0,37.36884051152424
4547,38,7,10.0,17.884595935896037
4547,38,5,7.0,13.777571835427798
4547,38,6,8.0,21.87171192056174
4547,38,8,11.0,9.148207078288923
4547,38,8,4.0,40.213107785743446
4547,39,8,14.0,16.749625921541394
4547,39,7,4.0,5.032768480770549
4547,39,9,4.0,10.023754141499918
4547,39,9,7.0,3.7858461139234123
4547,39,6,4.0,40.207271279912774
4547,40,17,3.0,6.169297872120518
4547,40,22,16.0,5.0526402967764925
4547,40,6,13.0,6.360327904759499
4547,40,8,7.0,5.531732276022027
4547,41,6,4.0,18.958128681803743
4547,41,7,2.0,38.16109176731438
4547,41,15,14.0,38.7475439883998
4547,41,6,6.0,10.729679156485695
4547,41,7,14.0,7.110528262596932
4547,41,14,6.0,1.0380115566691368
4547,42,8,2.0,4.023396227231875
4547,42,6,2.0,37.35326971279034
4547,42,9,5.0,5.6965746830746955
4547,42,8,8.0,2.7033369681748676
4547,42,8,2.0,15.612236450584863
4547,43,8,2.0,23.165035386435683
4547,43,8,5.0,1.9146080537803676
4547,43,7,5.0,26.533355444007743
4547,43,6,2.0,10.55303048931278
4547,43,7,4.0,8.355428314138825
4547,43,22,2.0,8.310572424728782
4547,44,9,8.0,19.104082625968612
4547,44,6,2.0,2.230646146196465
4547,44,7,3.0,14.634069297060886
4547,44,10,3.0,11.121899495695578
4547,44,6,2.0,24.231270763399916
4547,44,9,1.0,32.60541298369451
4547,45,8,7.0,8.116139489507908
4547,45,7,2.0,9.989111006316712
4547,45,13,8.0,8.071572794633811
4547,45,8,5.0,2.27236096645611
4547,45,8,5.0,35.441436408495015
4547,46,8,3.0,8.222211696447411
4547,46,20,1.0,9.546246370768731
4547,46,12,14.0,25.127869733871535
4547,46,20,3.0,4.763338994717667
4547,46,9,2.0,39.006414847702224
4547,46,13,2.0,6.699921264808216
4547,47,7,14.0,37.083284668710014
4547,47,7,4.0,10.21580562688333
4547,47,5,6.0,23.102257227090814
4547,47,8,6.0,9.039654013251663
4547,47,18,7.0,17.338516830439858
4547,48,12,2.0,14.11432199771871
4547,48,10,8.0,3.229391935750489
4547,48,9,5.0,7.3874813831010995
4547,48,12,3.0,36.098355851067716
4547,48,18,4.0,5.551625407036415
4547,49,7,3.0,11.196218221842557
4547,49,7,14.0,14.6235708455995
4547,49,7,3.0,7.504665982428776
4547,49,7,5.0,3.7680236230758393
4547,49,11,11.0,7.221660474726108
4547,49,7,14.0,2.991020589372518
4547,50,5,3.0,46.0133654582957
4547,50,8,8.0,9.442895095567103
4547,50,7,9.0,8.235817621392153
4547,50,7,3.0,6.380862673028461
4547,50,10,10.0,0.8887599425568052
4547,51,8,7.0,14.522915381878605
4547,51,20,5.0,18.445806461914426
4547,51,18,6.0,7.817384560865027
4547,51,13,10.0,4.218346553198332
4547,51,6,10.0,1.1698372184108743
4547,51,10,3.0,16.14808796072506
4547,52,7,3.0,9.060702336389038
4547,52,15,8.0,13.025121889288128
4547,52,5,3.0,1.8162232355277776
4547,52,7,2.0,4.369856597220093
4547,52,7,4.0,3.7156121415795145
4547,52,6,14.0,36.48899751516838
4547,53,7,11.0,10.537143116544472
4547,53,16,14.0,2.8462008509258356
4547,53,21,5.0,1.825554194440653
4547,53,7,3.0,3.4676364629159995
4547,53,7,4.0,2.5786993785987766
4547,54,6,9.0,6.6331637960634495
4547,54,7,5.0,12.18923391837398
4547,54,7,7.0,6.419420233686231
4547,54,16,7.0,12.31575429165064
4547,54,7,11.0,6.206511359663564
4547,55,10,2.0,1.440352071216199
4547,55,7,3.0,6.078769461479186
4547,55,10,10.0,4.996933883239546
4547,55,10,3.0,3.1860105645283183
4547,55,13,7.0,1.7610594134851745
4547,55,9,10.0,10.661381714491519
4547,56,7,3.0,7.050500165045596
4547,56,7,4.0,2.310073525075652
4547,56,7,2.0,14.809582109219123
4547,56,9,11.0,7.419351235125881
4547,56,7,3.0,8.645351399897072
4547,57,9,4.0,6.972764270577174
4547,57,7,4.0,20.70376343285332
4547,57,9,7.0,1.292006533309523
4547,57,13,5.0,7.61771277689998
4547,57,14,4.0,17.27850040319578
4547,58,7,4.0,10.002869591726533
4547,58,7,4.0,2.676700699937078
4547,58,14,3.0,2.9723282654234717
4547,58,7,14.0,5.055025315810265
4547,58,9,7.0,7.915165420102818
4547,58,9,14.0,1.510360902356046
4547,59,7,4.0,3.848317989991962
4547,59,7,6.0,4.066997078695764
4547,59,8,4.0,8.134110697952911
4547,59,6,14.0,11.52480461388024
4547,59,7,11.0,3.0377357707761035
4547,59,8,3.0,6.229384020671
4547,59,8,4.0,7.431425066228712
4547,60,7,11.0,3.9033521495794967
4547,60,19,7.0,8.013983019997852
4547,60,7,14.0,6.486786647931581
4547,60,7,14.0,34.42687792236524
4547,60,5,13.0,19.60479773416422
4547,60,6,4.0,2.97918500885916
4547,61,7,14.0,8.281117252449928
4547,61,13,14.0,19.27059512420042
4547,61,13,5.0,6.394245506291247
4547,61,6,8.0,1.2886744738299247
4547,61,6,4.0,15.86712250157674
4547,61,6,2.0,18.27549958634604
4547,62,8,4.0,32.93400920904217
4547,62,15,9.0,11.590077881723031
4547,62,4,6.0,11.678785702115677
4547,62,19,5.0,7.2630500523137345
4547,62,18,3.0,37.26567191955164
4547,62,16,6.0,13.244843127632512
4547,63,8,14.0,9.725795583311061
4547,63,7,14.0,1.9995415165772785
4547,63,6,5.0,2.711551401096638
4547,63,17,5.0,2.34286014938898
4547,63,8,3.0,9.88157267663268
4547,64,7,10.0,28.8541034869331
4547,64,7,13.0,3.2563823883831717
4547,64,8,9.0,4.545976634219917
4547,64,14,11.0,13.143863072477805
4547,64,7,2.0,14.14030469959911
4547,64,10,4.0,28.040818086968528
4547,65,6,14.0,6.712705559103725
4547,65,12,4.0,12.240684822780482
4547,65,12,2.0,4.4732449168505894
4547,65,9,5.0,11.934197407752153
4547,65,9,5.0,8.325141358112086
4547,66,11,6.0,11.387100847129092
4547,66,7,2.0,47.25893482902031
4547,66,7,4.0,5.664914534625985
4547,66,9,2.0,7.004739629120438
4547,66,14,6.0,6.732303063827589
4547,67,10,5.0,8.644379363103102
4547,67,6,4.0,6.165260423095351
4547,67,14,7.0,0.908743026501617
4547,67,6,8.0,5.102228744479737
4547,67,16,1.0,28.776579049987667
4547,67,12,3.0,8.573031078370782
4547,68,10,3.0,12.447535280008136
4547,68,6,13.0,0.9506072758897466
4547,68,6,14.0,37.82248938729823
4547,68,19,3.0,8.067359896449032
4547,68,8,2.0,0.8759217508788235
4547,69,16,2.0,14.837749245934946
4547,69,8,2.0,10.342082114343306
4547,69,6,3.0,24.364396031566216
4547,69,10,12.0,36.43921191958569
4547,69,12,5.0,26.44269386212146
4547,70,12,14.0,3.6981639705260383
4547,70,11,2.0,5.93364339271717
4547,70,9,11.0,43.82984767714992
4547,70,6,12.0,4.46776947679487
4547,70,7,5.0,37.62175014170151
4547,70,7,3.0,4.77158670075984
4547,71,5,10.0,15.177453640743298
4547,71,14,1.0,7.678070116971401
4547,71,7,5.0,11.702880143008606
4547,71,21,6.0,6.771172672364058
4547,71,7,13.0,11.04137580957676
4547,71,6,1.0,4.580141390985252
4547,72,7,2.0,16.232066005318554
4547,72,6,4.0,3.336011319451313
4547,72,9,6.0,27.127520242135212
4547,72,6,5.0,14.352862556203322
4547,72,6,9.0,16.066586715038436
4547,73,5,1.0,34.045536259497496
4547,73,12,7.0,8.125685170362088
4547,73,11,3.0,1.5494426701460153
4547,73,8,14.0,36.74011548703465
4547,73,9,5.0,3.072225335299542
4547,74,12,4.0,25.82754503641069
4547,74,7,14.0,33.76442285806759
4547,74,9,5.0,4.483082355584338
4547,74,20,8.0,3.6500023416916436
4547,74,19,14.0,5.662342826966086
4547,74,6,8.0,1.786366144786441
4547,75,6,3.0,4.633571245870922
4547,75,6,14.0,16.019926372973387
4547,75,7,4.0,2.910717773663304
4547,75,8,1.0,4.813123887602945
4547,75,5,6.0,3.523172895904379
4547,76,5,3.0,31.359452524522354
4547,76,9,9.0,2.827372789590755
4547,76,16,9.0,16.161850432773367
4547,76,8,12.0,2.675360948034803
4547,76,21,9.0,26.674800589255085
4547,76,8,2.0,13.398593486462923
4547,77,17,3.0,4.266842259684271
4547,77,16,6.0,1.4663193264996317
4547,77,12,2.0,1.0796951119969007
4547,77,10,4.0,5.304302512456757
4547,77,7,11.0,5.562544699802783
4547,77,6,9.0,10.96132359969461
4547,78,7,4.0,19.412799736053948
4547,78,12,8.0,12.124597325077561
4547,78,7,2.0,14.573191645340327
4547,78,9,9.0,22.003055627676886
4547,78,11,6.0,17.52382123534142
4547,79,16,3.0,1.6193834766779989
4547,79,8,5.0,13.35377908816389
4547,79,5,7.0,11.105940320076414
4547,79,10,3.0,13.680721866261853
4547,79,16,3.0,2.556721742564446
4548,0,7,4.0,6.1608161989738806
4548,0,11,4.0,4.514179687349342
4548,0,8,3.0,3.211388925868705
4548,0,7,2.0,2.1717831712071463
4548,0,5,5.0,6.286649381438977
4548,1,7,4.0,25.73257634705088
4548,1,10,3.0,21.171358141383156
4548,1,8,8.0,7.2386143099729825
4548,1,6,3.0,2.9139504218605867
4548,1,16,8.0,4.117934375964299
4548,1,18,14.0,42.66568495094826
4548,2,6,14.0,10.320966098801977
4548,2,9,7.0,6.588124860348192
4548,2,16,2.0,19.33949480124909
4548,2,6,5.0,13.293435508761446
4548,2,17,6.0,8.947969400496774
4548,3,4,14.0,6.3629141934306075
4548,3,6,10.0,13.112101955823803
4548,3,16,9.0,23.96005681059503
4548,3,9,4.0,4.857332392608297
4548,3,8,12.0,19.018659181109886
4548,4,7,14.0,6.1519873909362905
4548,4,6,2.0,12.712472978446256
4548,4,11,4.0,9.84658579107706
4548,4,9,6.0,14.231592890076815
4548,4,17,3.0,19.4187418905829
4548,5,8,5.0,1.1618038075444164
4548,5,8,7.0,4.892499102093781
4548,5,7,3.0,6.514113952093067
4548,5,16,14.0,6.292064087245311
4548,5,10,3.0,1.1551130570827397
4548,5,6,7.0,14.483520433826406
4548,6,10,7.0,41.00946131453707
4548,6,7,5.0,4.479891991801704
4548,6,14,3.0,4.098021279589348
4548,6,19,18.0,19.95629191096836
4548,7,10,2.0,3.0442498954816593
4548,7,6,5.0,10.248976423942546
4548,7,7,1.0,3.1294581147360123
4548,7,11,8.0,10.54355609825441
4548,7,11,13.0,4.471535231210785
4548,8,16,5.0,15.713023993587331
4548,8,7,7.0,7.430536407264231
4548,8,7,8.0,1.6236532778123538
4548,8,13,8.0,22.339428057749622
4548,8,9,3.0,12.150731034052356
4548,9,13,4.0,12.58506612838257
4548,9,11,14.0,23.967652229605527
4548,9,7,12.0,21.211869062375772
4548,9,10,14.0,37.41964752778752
4548,9,6,7.0,14.417040656337939
4548,9,7,8.0,7.832842704798534
4548,10,6,1.0,9.970514479214616
4548,10,12,8.0,5.13659954655338
4548,10,7,5.0,19.275395350208946
4548,10,6,14.0,21.71351098671761
4548,10,7,14.0,26.2281667736245
4548,10,7,11.0,4.890190651213527
4548,11,6,10.0,2.2629530818420323
4548,11,15,2.0,12.187734351992454
4548,11,8,1.0,12.533847763000464
4548,11,7,9.0,18.945484184292816
4548,11,13,12.0,38.834542945769066
4548,12,8,3.0,14.033433558703488
4548,12,5,2.0,4.178174555622442
4548,12,7,2.0,20.922325817668867
4548,12,9,3.0,1.434686970808967
4548,12,6,1.0,1.3295644718066777
4548,12,19,9.0,4.28732411444227
4548,12,6,5.0,18.90290761164557
4548,13,10,3.0,28.934124119755282
4548,13,7,5.0,1.706908312149061
4548,13,17,3.0,10.75993023267513
4548,13,15,7.0,3.4164960487440794
4548,13,11,4.0,33.020852589277176
4548,13,12,9.0,4.534673343241888
4548,14,6,2.0,4.46624340384425
4548,14,8,11.0,15.21739276397435
4548,14,8,10.0,2.388630186604008
4548,14,7,2.0,9.686351393968492
4548,14,7,8.0,3.0640771505558004
4548,14,9,5.0,15.754843162129951
4548,15,10,2.0,5.032462046537687
4548,15,7,8.0,2.6291113709334093
4548,15,12,11.0,6.381340639045346
4548,15,9,4.0,11.169127327861126
4548,15,5,1.0,1.274022362061192
4548,16,11,4.0,12.238252446127364
4548,16,13,3.0,2.539143901365378
4548,16,7,7.0,14.67012309433371
4548,16,2,3.0,4.8917233267582
4548,16,14,7.0,36.08592010750371
4548,17,6,4.0,3.8315262920898276
4548,17,10,12.0,2.4784306692045632
4548,17,8,2.0,3.461613863854728
4548,17,16,9.0,4.005533042083441
4548,17,6,4.0,4.771217810129013
4548,18,12,6.0,3.992458028752032
4548,18,20,3.0,12.447044387723365
4548,18,14,3.0,12.51351749138336
4548,18,8,9.0,2.558233309046309
4548,18,14,8.0,14.92290250545073
4548,19,13,7.0,4.813081471165229
4548,19,6,4.0,7.251055266296207
4548,19,9,2.0,4.164099290403447
4548,19,16,14.0,7.515432062872594
4548,19,12,8.0,44.075353686019064
4548,20,6,3.0,7.106926437743596
4548,20,8,4.0,7.050205294030934
4548,20,15,3.0,8.646724285836234
4548,20,6,9.0,6.439262173213635
4548,20,6,2.0,2.182582483866675
4548,21,21,9.0,4.205011057980214
4548,21,7,2.0,3.4465842382020093
4548,21,13,10.0,9.843829663743348
4548,21,7,12.0,19.106710934234023
4548,21,8,10.0,34.78042928693357
4548,21,14,4.0,5.762536105100596
4548,22,18,2.0,12.928229917949846
4548,22,5,7.0,3.174701542463142
4548,22,5,14.0,7.530348791916039
4548,22,10,4.0,13.918395723147013
4548,22,15,8.0,5.365428991684169
4548,22,8,8.0,11.366196493653364
4548,23,5,9.0,10.958183062531809
4548,23,15,6.0,47.80087296997862
4548,23,9,5.0,2.067398111895855
4548,23,7,2.0,34.941576009606315
4548,23,6,14.0,20.56724933073767
4548,24,7,1.0,11.325551369978822
4548,24,6,12.0,1.509310461184406
4548,24,21,26.0,22.895752657930817
4548,24,22,3.0,9.817853144445035
4548,25,7,7.0,14.497002678324847
4548,25,7,14.0,2.9806803085631364
4548,25,6,3.0,7.229296887196846
4548,25,16,5.0,34.2671176844485
4548,25,14,3.0,9.694695971369239
4548,26,8,4.0,9.914709828444295
4548,26,11,14.0,3.2974588961975586
4548,26,10,2.0,11.311231109745208
4548,26,9,5.0,38.53939232133214
4548,26,7,6.0,13.707567223377618
4548,27,17,5.0,3.323116874457373
4548,27,13,3.0,3.0731328145118484
4548,27,6,14.0,22.829279504603154
4548,27,21,6.0,4.386160172569133
4548,27,8,4.0,3.4333460968757077
4548,28,16,4.0,8.914234050783385
4548,28,13,9.0,6.141465972065257
4548,28,11,2.0,19.977668197805514
4548,28,8,3.0,3.582337820199865
4548,28,6,4.0,15.690087599564947
4548,29,13,3.0,16.92427561057138
4548,29,9,11.0,30.288488202510177
4548,29,6,9.0,8.344704914943721
4548,29,7,4.0,12.18428042481281
4548,29,16,8.0,9.978685800240033
4548,30,11,3.0,5.723257124471777
4548,30,7,13.0,4.732432907250967
4548,30,7,5.0,11.755886062684265
4548,30,11,14.0,6.836656641605794
4548,30,9,9.0,35.00001577903737
4548,31,7,2.0,8.070688790519934
4548,31,8,6.0,9.249890998558806
4548,31,9,5.0,8.792268217218394
4548,31,6,3.0,2.293301511080921
4548,31,18,7.0,4.108814383777756
4548,32,16,5.0,9.255614135680478
4548,32,8,4.0,8.356481408054352
4548,32,7,11.0,12.721132667334322
4548,32,7,14.0,22.18447204002937
4548,32,8,5.0,3.252399856799254
4548,32,9,6.0,11.518017833469642
4548,32,13,8.0,5.0822294951118625
4548,33,7,2.0,2.1879742301140053
4548,33,8,4.0,13.775867863316654
4548,33,5,4.0,22.148876755355207
4548,33,7,6.0,9.323753613445584
4548,33,9,8.0,3.2039127215709757
4548,33,8,9.0,7.925411744880957
4548,34,16,6.0,11.298614846438443
4548,34,8,5.0,1.8571795510821574
4548,34,9,3.0,21.70903924292071
4548,34,13,14.0,24.01888302718222
4548,34,6,13.0,2.4113366099608267
4548,34,5,7.0,3.6097060403316004
4548,35,12,14.0,6.798561625432114
4548,35,7,7.0,13.646007924880417
4548,35,9,8.0,1.1801597367984955
4548,35,7,1.0,5.716968681823761
4548,35,12,13.0,6.388854000826155
4548,35,21,1.0,1.2382973945056222
4548,36,7,1.0,15.907919235490505
4548,36,6,3.0,9.074385365538298
4548,36,6,4.0,6.56004057616232
4548,36,11,4.0,1.6316429836250699
4548,36,12,9.0,4.9146596182681925
4548,36,7,6.0,33.51528643277185
4548,37,12,10.0,11.836876987784148
4548,37,7,9.0,1.410054607644388
4548,37,9,10.0,6.684028453841911
4548,37,19,3.0,1.580116050371692
4548,37,7,3.0,4.278184893138358
4548,38,6,5.0,2.229885546122408
4548,38,9,6.0,31.80748804971637
4548,38,11,4.0,3.207243826259631
4548,38,6,14.0,1.8980784058887623
4548,38,11,2.0,8.032396999521174
4548,38,12,12.0,39.850931414148874
4548,39,6,12.0,7.380558306537435
4548,39,20,4.0,3.4983086391647675
4548,39,16,6.0,13.480759985389698
4548,39,8,2.0,5.119476152266923
4548,39,13,14.0,10.210280534373124
4548,40,7,10.0,18.034994731189244
4548,40,11,4.0,7.8224684592054095
4548,40,7,14.0,7.642630812997121
4548,40,7,14.0,5.355301151818062
4548,40,8,3.0,5.299789594181851
4548,41,16,2.0,5.4556678140737676
4548,41,16,14.0,38.51950604760254
4548,41,8,9.0,12.656746480942125
4548,41,10,14.0,4.417769005689545
4548,41,19,7.0,5.022072787946984
4548,41,20,4.0,4.540724907810896
4548,41,7,7.0,1.254920094110862
4548,42,6,8.0,29.48560787862674
4548,42,6,7.0,8.226551153878773
4548,42,6,3.0,1.5898142909093944
4548,42,8,3.0,47.71863267321623
4548,42,7,10.0,39.95897689392576
4548,42,14,6.0,18.134300304295266
4548,42,8,4.0,12.105841700789856
4548,43,20,10.0,6.061362219303532
4548,43,12,12.0,25.243809021896688
4548,43,6,2.0,3.112312173233417
4548,43,9,4.0,4.891852287739547
4548,43,12,14.0,34.05024854336249
4548,43,17,4.0,2.3940823184338145
4548,44,7,2.0,4.0544151578832315
4548,44,11,3.0,8.277642434912309
4548,44,7,14.0,11.349124957605639
4548,44,7,9.0,12.724123092725701
4548,44,12,12.0,6.300397434410522
4548,44,16,8.0,3.8748313136914203
4548,45,6,9.0,7.690469513475971
4548,45,13,2.0,11.24087507358085
4548,45,8,12.0,17.064996553930587
4548,45,17,4.0,6.464610940693306
4548,45,7,8.0,2.8558888201812755
4548,46,11,4.0,1.9181296739744125
4548,46,12,4.0,11.297301323600774
4548,46,9,8.0,7.063554535154402
4548,46,16,9.0,35.10810787047261
4548,46,9,3.0,32.58371178947739
4548,46,10,8.0,13.163984156559664
4548,47,14,13.0,11.518029915545263
4548,47,13,14.0,11.09762307375103
4548,47,8,4.0,10.80603614427482
4548,47,9,14.0,8.857475256020525
4548,47,8,7.0,3.083468736752415
4548,48,15,8.0,2.0041294293826044
4548,48,7,2.0,33.14367435078546
4548,48,7,3.0,4.885129410482357
4548,48,6,5.0,4.545799481810918
4548,48,7,2.0,1.9728747153559458
4548,48,6,2.0,3.4234652873940226
4548,49,6,10.0,13.879959781971078
4548,49,13,5.0,31.59527955283005
4548,49,17,6.0,12.626632178883618
4548,49,6,5.0,2.531862099670064
4548,49,16,2.0,15.631191548587445
4548,50,6,1.0,4.025424488257368
4548,50,17,3.0,26.88544016722302
4548,50,7,7.0,6.922127516178352
4548,50,5,3.0,2.1405169733763896
4548,50,8,5.0,10.70699650925739
4548,51,8,10.0,39.06023743137274
4548,51,8,7.0,34.99912314288434
4548,51,6,5.0,11.797604728516657
4548,51,7,8.0,9.676643588274015
4548,51,5,7.0,8.624540926945285
4548,51,12,9.0,2.4305485005490097
4548,52,6,7.0,26.090121858902435
4548,52,7,1.0,10.207981094735771
4548,52,8,4.0,1.2758382639073425
4548,52,8,5.0,40.76318232477302
4548,52,11,4.0,22.77123787036407
4548,53,5,14.0,2.722833912512445
4548,53,8,7.0,9.805685228987238
4548,53,7,14.0,5.25130275176931
4548,53,5,5.0,19.932356317030507
4548,53,20,6.0,4.2046044515761904
4548,53,15,2.0,7.132813234782253
4548,54,10,5.0,32.34101210470141
4548,54,6,3.0,5.756980026061338
4548,54,15,9.0,4.6201717949376295
4548,54,7,5.0,3.824390551782311
4548,54,11,2.0,6.282374249123682
4548,55,7,6.0,11.555184205630677
4548,55,7,2.0,2.490603612173719
4548,55,11,7.0,3.1703096872424443
4548,55,7,5.0,5.1327842546500495
4548,55,15,14.0,21.639722130618686
4548,55,9,6.0,3.4376678962159097
4548,56,8,9.0,16.24399403645314
4548,56,6,6.0,5.011233497409629
4548,56,16,14.0,3.329608627945572
4548,56,7,3.0,3.568867370122107
4548,56,6,3.0,15.018022652488959
4548,57,6,4.0,8.585089974293952
4548,57,15,3.0,2.3090865601891455
4548,57,6,3.0,7.94648117523358
4548,57,17,3.0,12.390526096068324
4548,57,6,13.0,3.32389035565152
4548,58,8,5.0,2.122028560293485
4548,58,8,3.0,5.336823853038037
4548,58,8,7.0,11.031117102610988
4548,58,6,2.0,3.554941381773555
4548,58,13,14.0,34.63308615616474
4548,59,9,11.0,43.489541089907405
4548,59,19,6.0,6.902327401645338
4548,59,11,11.0,19.529459779936044
4548,59,6,11.0,1.8134055637461701
4548,59,5,5.0,4.530691071727366
4548,59,6,4.0,14.508032011217662
4548,60,7,5.0,9.787134435200304
4548,60,5,13.0,2.17628710718713
4548,60,16,2.0,7.465499442477924
4548,60,6,5.0,8.584753442519203
4548,60,6,5.0,10.761999473788613
4548,61,8,6.0,8.288822901505753
4548,61,12,5.0,4.024949352382877
4548,61,9,3.0,2.570870417236741
4548,61,8,7.0,1.0661285275321652
4548,61,13,5.0,11.616323568142148
4548,62,4,14.0,24.300351330681625
4548,62,6,3.0,7.537306420585387
4548,62,10,5.0,8.95426739093234
4548,62,6,3.0,1.350218195134458
4548,62,10,6.0,9.47902083305992
4548,63,8,14.0,6.280531577633545
4548,63,7,1.0,16.21121579588127
4548,63,16,6.0,1.9586912580900069
4548,63,7,10.0,6.358470203328622
4548,63,8,2.0,3.9405585981373474
4548,63,6,5.0,3.508610154118925
4548,64,4,6.0,8.068086016507538
4548,64,13,8.0,3.4011604800600863
4548,64,15,10.0,39.32088567351732
4548,64,9,3.0,22.089681385353835
4548,64,9,9.0,36.26190523157314
4548,65,6,5.0,16.972524155139972
4548,65,11,4.0,14.163028317397956
4548,65,8,12.0,3.349400565858384
4548,65,6,7.0,1.5946313849366303
4548,65,7,6.0,44.169959429507024
4548,66,9,9.0,7.208433978878922
4548,66,6,14.0,26.59192429147057
4548,66,7,14.0,11.83087589591694
4548,66,15,7.0,5.39839167379037
4548,66,6,11.0,6.3220664231034585
4548,67,16,14.0,8.745125788087151
4548,67,7,2.0,5.14839023562614
4548,67,5,4.0,6.410040375130466
4548,67,6,3.0,9.890853259487288
4548,67,9,5.0,7.943946054969775
4548,68,18,8.0,12.082558714600804
4548,68,10,3.0,12.823634463653315
4548,68,15,8.0,1.4385929061963802
4548,68,11,7.0,8.439406214408574
4548,68,12,8.0,4.759105966648073
4548,69,9,2.0,3.1066304168004972
4548,69,12,3.0,1.0289575823315562
4548,69,15,4.0,14.716207318181878
4548,69,7,4.0,6.398023145733963
4548,69,7,14.0,22.875131638455077
4548,70,10,14.0,1.0504543581570398
4548,70,8,13.0,3.515573748926185
4548,70,10,4.0,4.497026142243107
4548,70,6,7.0,21.210510621208854
4548,70,19,3.0,7.1150414780717615
4548,71,9,7.0,11.887075945864629
4548,71,8,14.0,5.720273376947793
4548,71,9,2.0,6.21958687345139
4548,71,9,7.0,41.0229396206336
4548,71,6,9.0,3.4843005370884677
4548,72,7,9.0,4.183079329437873
4548,72,7,12.0,16.495331647253465
4548,72,7,14.0,11.404529784677713
4548,72,16,14.0,1.4671222970489621
4548,72,16,8.0,21.99479132395108
4548,73,7,14.0,0.9504707357702591
4548,73,9,10.0,7.2590248532046555
4548,73,6,8.0,5.603911719481703
4548,73,10,14.0,1.0103583079786695
4548,73,6,8.0,38.42004954255799
4548,73,14,3.0,34.945750503257
4548,74,7,4.0,4.920555563363158
4548,74,13,5.0,9.846521801223586
4548,74,6,9.0,6.388325841309566
4548,74,13,7.0,11.57276257521123
4548,74,8,3.0,3.8418682274992277
4548,75,10,3.0,19.200209204909385
4548,75,6,4.0,7.032274047326815
4548,75,8,5.0,27.487039938776196
4548,75,15,2.0,2.980011980428857
4548,75,5,4.0,3.6746399145002204
4548,76,6,8.0,4.337669775021253
4548,76,7,10.0,12.625717976727714
4548,76,9,3.0,10.882114335096789
4548,76,6,13.0,16.063332627798914
4548,76,13,5.0,2.3111306652839896
4548,76,6,2.0,2.2638368134452027
4548,76,6,4.0,6.588868226537596
4548,77,6,14.0,1.0735878186636585
4548,77,7,14.0,10.150231880416564
4548,77,7,1.0,1.8691411756105591
4548,77,8,2.0,4.756513069249699
4548,77,6,11.0,2.927623610497874
4548,78,5,5.0,39.46722978115926
4548,78,12,2.0,0.867336555211173
4548,78,6,2.0,12.463393707409884
4548,78,7,4.0,5.364801782400131
4548,78,6,6.0,2.705076032898305
4548,79,7,4.0,16.16327620705759
4548,79,10,6.0,15.388906490776108
4548,79,13,14.0,10.91384793344253
4548,79,11,14.0,4.282248299002595
4548,79,8,4.0,17.034889965635102
