cluster,sessionID
2,1_1_178_817_2018-10-31 00:18:46.479605
2,1_1_193_825_2018-10-31 01:16:58.783027
2,1_1_191_785_2018-10-31 11:58:55.406463
1,1_1_194_821_2018-10-31 12:32:41.386834
1,1_1_191_789_2018-10-31 12:39:58.737692
1,1_1_178_823_2018-10-31 12:47:01.790360
0,1_1_191_802_2018-10-31 13:01:23.965870
1,1_1_191_785_2018-10-31 13:11:21.986647
1,1_1_193_819_2018-10-31 13:12:48.125420
0,1_1_194_822_2018-10-31 13:23:36.388440
1,1_1_193_820_2018-10-31 13:28:54.081105
1,1_1_178_828_2018-10-31 13:29:15.853916
0,1_1_193_827_2018-10-31 13:31:56.267401
0,1_1_193_816_2018-10-31 13:32:19.395973
1,1_1_194_826_2018-10-31 13:41:43.304291
1,1_1_179_799_2018-10-31 13:42:41.555854
1,1_1_194_818_2018-10-31 13:44:23.464305
1,1_1_178_817_2018-10-31 13:49:14.453517
0,1_1_193_825_2018-10-31 13:50:19.882238
1,1_1_193_829_2018-10-31 13:53:43.745029
1,1_1_179_797_2018-10-31 13:58:22.552298
1,1_1_179_800_2018-10-31 13:59:44.174557
1,1_1_179_810_2018-10-31 14:01:08.413325
1,1_1_179_809_2018-10-31 14:20:09.524654
0,1_1_179_779_2018-10-31 14:23:44.693650
1,1_1_179_791_2018-10-31 14:25:59.533163
1,1_1_191_780_2018-10-31 14:26:30.281855
0,1_1_179_801_2018-10-31 14:28:27.045643
1,1_1_191_804_2018-10-31 14:30:16.994032
0,1_1_179_794_2018-10-31 14:34:01.005263
1,1_1_179_796_2018-10-31 14:36:49.697075
0,1_1_191_808_2018-10-31 14:37:18.035287
0,1_1_191_803_2018-10-31 14:38:12.055106
1,1_1_191_811_2018-10-31 14:38:45.235523
0,1_1_191_807_2018-10-31 14:38:50.704540
2,1_1_179_798_2018-10-31 14:41:51.323223
1,1_1_179_787_2018-10-31 14:43:02.978857
0,1_1_179_788_2018-10-31 14:43:18.746773
0,1_1_191_778_2018-10-31 14:46:45.278285
1,1_1_191_795_2018-10-31 14:51:28.903075
1,1_1_191_812_2018-10-31 14:53:33.878514
1,1_1_191_805_2018-10-31 14:54:12.905656
0,1_1_191_782_2018-10-31 14:58:45.363122
0,1_1_191_793_2018-10-31 15:13:06.823778
1,1_1_191_792_2018-10-31 15:29:09.179318
0,1_1_179_783_2018-10-31 19:08:07.046430
2,1_1_179_798_2018-10-31 19:43:19.324698
2,1_1_191_782_2018-10-31 20:07:30.523270
2,1_1_193_825_2018-10-31 21:03:50.959013
2,1_1_194_821_2018-10-31 21:46:01.926364
2,1_1_178_823_2018-10-31 22:51:42.024975
2,1_1_193_827_2018-10-31 23:09:54.309339
2,1_1_179_777_2018-10-31 23:15:37.624005
2,1_1_179_797_2018-10-31 23:22:17.348188
2,1_1_193_820_2018-10-31 23:25:58.958027
2,1_1_193_819_2018-11-01 00:08:16.403059
1,1_1_193_827_2018-11-01 12:24:44.795402
0,1_1_178_824_2018-11-01 12:36:34.589955
1,1_1_194_821_2018-11-01 12:40:38.037593
1,1_1_178_823_2018-11-01 12:48:14.268383
1,1_1_191_789_2018-11-01 12:50:56.998469
2,1_1_191_785_2018-11-01 12:52:14.911288
1,1_1_193_819_2018-11-01 13:14:14.368584
1,1_1_194_826_2018-11-01 13:29:46.010449
1,1_1_178_828_2018-11-01 13:30:46.477155
1,1_1_193_829_2018-11-01 13:32:14.329831
0,1_1_191_803_2018-11-01 13:37:50.046321
1,1_1_178_817_2018-11-01 13:46:56.052928
0,1_1_179_799_2018-11-01 13:51:03.507054
1,1_1_179_781_2018-11-01 13:52:43.008358
1,1_1_191_805_2018-11-01 13:54:34.248548
0,1_1_194_822_2018-11-01 14:08:31.705461
1,1_1_194_818_2018-11-01 14:12:06.094746
0,1_1_193_816_2018-11-01 14:14:24.805102
0,1_1_179_809_2018-11-01 14:22:11.152571
1,1_1_191_780_2018-11-01 14:24:00.272332
0,1_1_179_777_2018-11-01 14:25:08.132758
1,1_1_179_787_2018-11-01 14:25:54.032320
1,1_1_179_800_2018-11-01 14:27:50.563536
1,1_1_179_791_2018-11-01 14:29:08.363061
1,1_1_179_797_2018-11-01 14:30:17.432673
1,1_1_191_785_2018-11-01 14:32:12.584896
1,1_1_179_783_2018-11-01 14:34:06.363643
2,1_1_179_813_2018-11-01 14:38:55.836088
1,1_1_179_796_2018-11-01 14:42:00.755721
1,1_1_179_788_2018-11-01 14:42:35.916053
2,1_1_191_808_2018-11-01 14:45:18.179159
1,1_1_191_807_2018-11-01 14:46:03.489706
1,1_1_179_801_2018-11-01 14:46:52.174221
1,1_1_191_802_2018-11-01 14:50:29.571204
0,1_1_179_790_2018-11-01 14:51:36.236088
0,1_1_191_782_2018-11-01 14:56:19.167503
1,1_1_179_779_2018-11-01 14:57:34.059201
1,1_1_191_778_2018-11-01 15:05:16.800371
1,1_1_191_812_2018-11-01 15:14:06.907191
1,1_1_191_795_2018-11-01 15:17:36.686666
0,1_1_191_793_2018-11-01 15:21:49.350932
1,1_1_191_784_2018-11-01 15:24:06.709459
1,1_1_191_792_2018-11-01 15:29:52.793542
1,1_1_191_804_2018-11-01 15:34:03.350219
1,1_1_179_813_2018-11-01 18:22:22.246961
0,1_1_179_777_2018-11-01 18:47:48.340265
1,1_1_191_806_2018-11-01 19:15:08.616303
2,1_1_191_786_2018-11-01 20:11:19.530732
2,1_1_179_801_2018-11-01 21:06:47.711441
2,1_1_191_782_2018-11-01 23:07:00.138467
2,1_1_193_829_2018-11-01 23:16:50.297111
2,1_1_194_826_2018-11-01 23:19:13.607823
1,1_1_178_828_2018-11-02 00:09:26.042994
1,1_1_191_789_2018-11-02 12:43:08.298070
1,1_1_194_821_2018-11-02 12:45:57.121027
1,1_1_178_823_2018-11-02 12:52:33.935026
1,1_1_193_825_2018-11-02 13:01:17.946186
0,1_1_191_802_2018-11-02 13:02:19.325525
1,1_1_193_820_2018-11-02 13:03:44.155650
1,1_1_193_819_2018-11-02 13:13:46.176927
1,1_1_178_828_2018-11-02 13:14:44.996162
0,1_1_194_822_2018-11-02 13:16:30.566312
0,1_1_193_816_2018-11-02 13:19:53.868766
1,1_1_191_807_2018-11-02 13:23:13.913167
1,1_1_193_827_2018-11-02 13:24:02.935344
1,1_1_194_818_2018-11-02 13:26:50.654122
1,1_1_178_817_2018-11-02 13:28:43.875289
1,1_1_179_787_2018-11-02 13:29:01.167772
1,1_1_194_826_2018-11-02 13:51:10.416084
1,1_1_193_829_2018-11-02 13:54:02.026872
1,1_1_179_783_2018-11-02 14:00:13.234977
1,1_1_179_799_2018-11-02 14:04:15.015269
2,1_1_179_797_2018-11-02 14:06:50.215719
1,1_1_179_800_2018-11-02 14:10:26.207026
0,1_1_179_810_2018-11-02 14:10:38.052457
1,1_1_179_815_2018-11-02 14:11:39.396400
0,1_1_191_803_2018-11-02 14:12:10.564064
0,1_1_191_811_2018-11-02 14:24:02.683771
1,1_1_191_785_2018-11-02 14:24:15.554892
1,1_1_179_779_2018-11-02 14:25:42.963415
1,1_1_179_781_2018-11-02 14:28:34.266011
0,1_1_191_795_2018-11-02 14:29:55.107109
1,1_1_179_796_2018-11-02 14:31:14.385565
0,1_1_191_782_2018-11-02 14:33:51.263559
0,1_1_179_809_2018-11-02 14:46:44.617741
1,1_1_191_792_2018-11-02 14:48:18.517304
0,1_1_179_777_2018-11-02 14:50:48.268896
1,1_1_179_813_2018-11-02 14:58:37.684910
1,1_1_191_780_2018-11-02 15:05:06.796433
0,1_1_191_805_2018-11-02 15:13:22.898045
1,1_1_179_790_2018-11-02 15:15:02.572416
1,1_1_191_778_2018-11-02 15:19:05.489104
0,1_1_191_786_2018-11-02 15:19:18.753067
0,1_1_191_812_2018-11-02 15:21:47.909298
0,1_1_191_806_2018-11-02 15:21:50.757981
1,1_1_191_793_2018-11-02 15:22:52.237154
2,1_1_191_784_2018-11-02 15:26:12.792696
0,1_1_178_824_2018-11-02 18:15:43.672017
2,1_1_191_804_2018-11-02 18:39:59.460954
2,1_1_179_781_2018-11-02 18:43:43.779729
0,1_1_179_788_2018-11-02 18:44:02.749293
2,1_1_191_784_2018-11-02 19:06:49.468733
2,1_1_179_801_2018-11-02 19:46:51.930296
2,1_1_179_797_2018-11-02 19:51:15.455300
2,1_1_179_777_2018-11-02 20:29:54.102605
2,1_1_194_821_2018-11-02 21:03:12.165885
2,1_1_193_819_2018-11-02 21:35:21.265209
2,1_1_179_796_2018-11-02 21:54:14.616716
2,1_1_194_826_2018-11-02 22:01:51.475627
2,1_1_179_800_2018-11-02 22:35:42.133165
2,1_1_178_823_2018-11-02 23:47:14.626183
2,1_1_178_828_2018-11-03 00:42:56.117308
2,1_1_178_823_2018-11-03 12:48:33.183431
2,1_1_179_783_2018-11-04 19:23:13.348661
2,1_1_191_785_2018-11-05 13:17:35.275900
0,1_1_179_797_2018-11-05 13:27:01.374378
0,1_1_178_824_2018-11-05 13:30:10.666884
1,1_1_191_789_2018-11-05 13:41:36.474133
1,1_1_178_823_2018-11-05 13:47:15.194638
0,1_1_191_802_2018-11-05 14:03:20.205695
1,1_1_193_825_2018-11-05 14:07:25.291710
1,1_1_193_829_2018-11-05 14:07:35.544481
1,1_1_178_828_2018-11-05 14:08:44.644712
0,1_1_194_826_2018-11-05 14:13:18.177404
1,1_1_193_819_2018-11-05 14:13:58.258065
0,1_1_193_827_2018-11-05 14:14:00.206888
0,1_1_193_816_2018-11-05 14:27:00.947448
1,1_1_179_787_2018-11-05 14:28:34.298985
0,1_1_178_817_2018-11-05 14:29:07.838704
0,1_1_179_810_2018-11-05 14:34:58.085597
0,1_1_179_799_2018-11-05 14:44:35.630308
1,1_1_179_788_2018-11-05 14:45:32.206530
1,1_1_191_780_2018-11-05 14:55:50.387835
1,1_1_179_800_2018-11-05 14:56:32.454690
1,1_1_179_791_2018-11-05 14:56:45.807808
1,1_1_194_818_2018-11-05 14:57:15.735724
1,1_1_194_821_2018-11-05 14:58:17.154661
0,1_1_179_777_2018-11-05 14:59:06.757581
1,1_1_179_796_2018-11-05 15:01:34.457083
0,1_1_179_809_2018-11-05 15:09:27.119051
0,1_1_179_815_2018-11-05 15:09:49.328871
1,1_1_191_785_2018-11-05 15:09:53.866688
0,1_1_179_783_2018-11-05 15:12:19.917756
0,1_1_179_801_2018-11-05 15:15:19.282591
0,1_1_179_794_2018-11-05 15:18:47.527401
1,1_1_179_813_2018-11-05 15:19:50.152118
1,1_1_191_807_2018-11-05 15:28:03.394492
1,1_1_191_782_2018-11-05 15:29:59.918224
0,1_1_179_790_2018-11-05 15:32:19.084127
0,1_1_191_806_2018-11-05 15:40:39.792103
0,1_1_191_786_2018-11-05 15:40:57.917602
0,1_1_191_804_2018-11-05 15:41:00.975586
0,1_1_191_793_2018-11-05 15:41:27.196392
1,1_1_191_778_2018-11-05 15:42:43.963612
1,1_1_191_812_2018-11-05 15:43:35.913828
1,1_1_191_805_2018-11-05 15:46:43.532987
0,1_1_191_811_2018-11-05 15:48:40.100905
1,1_1_191_792_2018-11-05 15:51:18.044124
0,1_1_191_784_2018-11-05 15:55:05.996874
2,1_1_191_808_2018-11-05 16:00:00.834971
0,1_1_191_795_2018-11-05 16:38:05.889336
2,1_1_193_829_2018-11-05 19:50:17.918361
0,1_1_194_826_2018-11-05 19:51:08.418711
2,1_1_179_800_2018-11-05 20:04:46.069243
2,1_1_191_808_2018-11-05 21:19:25.150483
2,1_1_191_804_2018-11-05 22:09:06.647526
2,1_1_194_822_2018-11-05 22:16:07.149695
2,1_1_191_806_2018-11-05 22:41:08.100090
2,1_1_178_828_2018-11-05 22:54:33.826631
2,1_1_193_827_2018-11-05 23:09:40.336259
2,1_1_191_802_2018-11-05 23:18:07.355569
2,1_1_193_820_2018-11-05 23:49:00.875946
2,1_1_178_828_2018-11-06 00:32:02.048494
2,1_1_193_825_2018-11-06 00:41:32.820330
2,1_1_178_823_2018-11-06 00:45:56.341121
2,1_1_193_819_2018-11-06 01:08:35.089055
2,1_1_178_823_2018-11-06 06:40:12.520306
1,1_1_178_824_2018-11-06 13:15:31.037434
1,1_1_194_821_2018-11-06 13:25:09.108653
2,1_1_191_785_2018-11-06 13:26:19.161046
1,1_1_193_825_2018-11-06 13:29:11.710092
1,1_1_191_789_2018-11-06 13:37:36.536912
1,1_1_178_823_2018-11-06 13:48:33.738412
1,1_1_194_826_2018-11-06 13:52:43.719987
0,1_1_179_796_2018-11-06 13:58:58.756982
2,1_1_193_827_2018-11-06 14:01:30.820816
1,1_1_178_828_2018-11-06 14:08:40.558234
1,1_1_193_819_2018-11-06 14:15:00.810119
1,1_1_191_785_2018-11-06 14:18:43.803904
1,1_1_178_817_2018-11-06 14:21:30.160417
1,1_1_193_820_2018-11-06 14:24:38.267575
1,1_1_179_788_2018-11-06 14:27:09.444568
1,1_1_193_816_2018-11-06 14:28:03.959572
1,1_1_179_799_2018-11-06 14:34:53.456838
1,1_1_193_829_2018-11-06 14:41:16.290032
2,1_1_194_822_2018-11-06 14:43:00.111233
0,1_1_179_810_2018-11-06 14:43:37.557025
0,1_1_194_818_2018-11-06 14:47:13.178296
1,1_1_179_815_2018-11-06 14:47:33.210348
0,1_1_191_803_2018-11-06 14:57:55.313619
1,1_1_179_791_2018-11-06 15:03:27.261920
1,1_1_179_813_2018-11-06 15:06:06.067677
1,1_1_191_793_2018-11-06 15:09:59.504969
1,1_1_179_783_2018-11-06 15:10:37.560374
1,1_1_179_781_2018-11-06 15:23:07.320241
1,1_1_179_797_2018-11-06 15:23:12.198592
1,1_1_191_782_2018-11-06 15:27:21.949560
1,1_1_191_780_2018-11-06 15:33:59.682281
0,1_1_179_779_2018-11-06 15:36:50.975012
1,1_1_191_795_2018-11-06 15:37:23.937622
1,1_1_179_809_2018-11-06 15:41:14.062263
0,1_1_191_811_2018-11-06 15:43:00.952875
1,1_1_179_801_2018-11-06 15:46:41.527884
1,1_1_179_800_2018-11-06 15:52:06.011151
1,1_1_179_798_2018-11-06 15:53:37.040360
0,1_1_191_804_2018-11-06 15:56:27.381049
1,1_1_179_787_2018-11-06 15:56:53.985371
1,1_1_191_806_2018-11-06 15:57:08.466745
1,1_1_191_807_2018-11-06 15:58:07.682682
1,1_1_191_802_2018-11-06 15:58:24.323000
1,1_1_191_778_2018-11-06 15:59:17.212733
1,1_1_191_805_2018-11-06 15:59:43.487287
1,1_1_191_812_2018-11-06 16:00:40.025714
2,1_1_191_808_2018-11-06 16:01:23.013025
0,1_1_191_792_2018-11-06 16:08:30.583292
0,1_1_191_784_2018-11-06 16:12:06.796762
2,1_1_193_827_2018-11-06 16:43:24.655820
1,1_1_191_786_2018-11-06 18:25:05.280100
2,1_1_193_827_2018-11-06 19:12:02.449634
1,1_1_194_822_2018-11-06 19:44:21.158205
0,1_1_193_816_2018-11-06 20:31:12.026759
2,1_1_179_779_2018-11-06 20:39:57.413778
2,1_1_179_777_2018-11-06 21:29:09.569832
2,1_1_194_821_2018-11-06 22:05:03.798109
2,1_1_178_828_2018-11-06 23:02:07.306963
2,1_1_193_825_2018-11-06 23:52:10.754403
2,1_1_178_823_2018-11-07 03:02:08.863505
2,1_1_193_819_2018-11-07 05:46:23.754008
0,1_1_178_817_2018-11-07 13:31:30.712020
1,1_1_191_789_2018-11-07 13:39:34.874195
1,1_1_194_821_2018-11-07 13:40:50.841846
0,1_1_179_801_2018-11-07 14:02:23.599710
1,1_1_178_828_2018-11-07 14:03:52.928103
1,1_1_193_829_2018-11-07 14:09:32.334792
1,1_1_179_797_2018-11-07 14:11:00.940520
1,1_1_179_815_2018-11-07 14:13:20.200927
1,1_1_193_819_2018-11-07 14:14:05.090250
2,1_1_193_827_2018-11-07 14:15:33.820060
1,1_1_193_820_2018-11-07 14:17:36.459841
1,1_1_191_807_2018-11-07 14:17:45.563579
0,1_1_191_802_2018-11-07 14:20:21.358116
1,1_1_178_823_2018-11-07 14:27:41.720006
1,1_1_193_816_2018-11-07 14:29:58.250867
1,1_1_194_818_2018-11-07 14:30:26.910815
1,1_1_194_826_2018-11-07 14:42:34.456088
0,1_1_179_799_2018-11-07 14:44:08.897973
1,1_1_194_822_2018-11-07 14:44:34.578137
0,1_1_179_810_2018-11-07 14:45:27.225734
1,1_1_178_824_2018-11-07 14:50:00.829218
1,1_1_179_800_2018-11-07 14:54:21.985077
0,1_1_179_791_2018-11-07 14:54:23.086837
1,1_1_179_809_2018-11-07 14:54:47.554995
1,1_1_193_825_2018-11-07 14:57:33.005250
0,1_1_179_813_2018-11-07 15:04:54.872816
0,1_1_179_777_2018-11-07 15:08:13.035885
0,1_1_179_794_2018-11-07 15:10:22.546371
1,1_1_179_787_2018-11-07 15:12:33.597511
1,1_1_191_780_2018-11-07 15:14:06.301643
1,1_1_179_781_2018-11-07 15:18:07.399062
1,1_1_191_785_2018-11-07 15:26:38.330118
1,1_1_179_783_2018-11-07 15:27:57.693882
1,1_1_179_788_2018-11-07 15:29:37.602775
0,1_1_179_790_2018-11-07 15:33:43.689100
1,1_1_179_779_2018-11-07 15:33:57.689923
0,1_1_191_803_2018-11-07 15:35:28.799596
1,1_1_191_812_2018-11-07 15:42:08.525941
1,1_1_191_782_2018-11-07 15:42:39.679563
0,1_1_191_784_2018-11-07 15:49:26.811400
1,1_1_191_793_2018-11-07 15:49:43.379967
1,1_1_191_792_2018-11-07 15:49:51.550668
0,1_1_191_811_2018-11-07 15:51:00.621849
1,1_1_191_805_2018-11-07 15:51:50.189098
1,1_1_191_808_2018-11-07 15:52:19.790427
1,1_1_191_804_2018-11-07 15:58:05.297123
1,1_1_191_786_2018-11-07 15:59:28.309713
1,1_1_193_827_2018-11-07 16:43:04.501654
1,1_1_193_829_2018-11-07 19:12:42.318400
1,1_1_179_791_2018-11-07 19:33:58.594493
2,1_1_179_777_2018-11-07 19:47:44.563835
2,1_1_179_810_2018-11-07 20:04:03.498981
0,1_1_193_820_2018-11-07 20:12:59.453923
2,1_1_179_813_2018-11-07 21:04:18.359161
2,1_1_179_796_2018-11-07 21:08:46.657606
2,1_1_194_821_2018-11-07 22:29:03.621390
2,1_1_179_800_2018-11-07 23:07:44.558253
2,1_1_178_823_2018-11-07 23:42:32.804551
2,1_1_193_825_2018-11-07 23:55:02.063227
2,1_1_193_820_2018-11-08 00:30:19.230798
2,1_1_178_828_2018-11-08 00:52:15.626170
2,1_1_193_819_2018-11-08 00:52:28.541352
2,1_1_178_823_2018-11-08 01:29:39.899756
2,1_1_178_823_2018-11-08 04:45:11.332890
1,1_1_194_821_2018-11-08 13:33:05.716488
1,1_1_191_789_2018-11-08 13:44:26.666862
1,1_1_178_823_2018-11-08 13:47:09.836321
1,1_1_178_828_2018-11-08 13:58:09.927580
1,1_1_193_827_2018-11-08 13:59:23.767546
1,1_1_179_797_2018-11-08 14:07:47.603590
0,1_1_191_778_2018-11-08 14:10:31.727242
1,1_1_193_819_2018-11-08 14:12:47.471774
0,1_1_193_816_2018-11-08 14:13:28.817072
1,1_1_193_820_2018-11-08 14:19:50.016637
1,1_1_179_787_2018-11-08 14:27:10.105746
1,1_1_191_807_2018-11-08 14:32:39.466333
1,1_1_194_818_2018-11-08 14:34:58.285208
1,1_1_179_815_2018-11-08 14:37:18.169517
2,1_1_193_825_2018-11-08 14:48:19.297284
0,1_1_191_802_2018-11-08 14:55:36.874487
1,1_1_194_826_2018-11-08 14:58:03.987529
1,1_1_191_780_2018-11-08 14:58:31.717044
1,1_1_178_817_2018-11-08 15:04:02.679065
1,1_1_179_810_2018-11-08 15:04:33.110031
0,1_1_191_803_2018-11-08 15:17:00.871617
1,1_1_178_824_2018-11-08 15:21:08.871348
0,1_1_179_800_2018-11-08 15:22:04.750223
1,1_1_191_812_2018-11-08 15:22:10.350573
0,1_1_191_795_2018-11-08 15:22:24.130074
1,1_1_191_785_2018-11-08 15:28:12.511395
0,1_1_179_779_2018-11-08 15:31:43.582114
1,1_1_194_822_2018-11-08 15:32:58.914001
1,1_1_179_781_2018-11-08 15:34:47.740730
0,1_1_179_809_2018-11-08 15:35:38.172055
1,1_1_179_777_2018-11-08 15:35:44.419300
1,1_1_179_798_2018-11-08 15:37:35.887733
0,1_1_179_790_2018-11-08 15:40:27.592030
1,1_1_179_801_2018-11-08 15:41:14.483758
1,1_1_179_796_2018-11-08 15:43:43.700408
1,1_1_191_806_2018-11-08 15:45:17.559037
0,1_1_191_793_2018-11-08 15:48:32.201743
0,1_1_179_794_2018-11-08 15:51:56.662852
1,1_1_179_783_2018-11-08 15:53:10.739544
1,1_1_191_811_2018-11-08 15:55:24.609291
2,1_1_191_808_2018-11-08 15:59:39.539770
1,1_1_179_813_2018-11-08 16:01:43.286963
1,1_1_191_792_2018-11-08 16:03:58.751152
0,1_1_191_804_2018-11-08 16:04:58.891480
1,1_1_191_786_2018-11-08 16:13:07.330768
1,1_1_191_784_2018-11-08 16:25:18.077032
1,1_1_193_825_2018-11-08 17:37:26.814671
0,1_1_193_820_2018-11-08 19:06:47.011413
0,1_1_191_793_2018-11-08 19:28:21.685609
0,1_1_179_799_2018-11-08 19:40:21.545696
2,1_1_179_788_2018-11-08 19:53:20.058015
2,1_1_191_808_2018-11-08 20:32:28.939824
0,1_1_194_821_2018-11-08 22:20:17.682899
2,1_1_193_827_2018-11-08 22:31:13.485889
2,1_1_191_805_2018-11-08 22:35:32.998422
2,1_1_178_823_2018-11-08 23:45:06.232626
2,1_1_191_778_2018-11-08 23:49:01.561193
2,1_1_193_819_2018-11-09 00:25:08.512264
2,1_1_179_787_2018-11-09 00:32:39.379015
2,1_1_179_800_2018-11-09 00:37:15.549338
1,1_1_178_823_2018-11-09 13:47:52.626168
1,1_1_194_826_2018-11-09 14:07:41.483184
1,1_1_194_821_2018-11-09 14:13:13.292940
0,1_1_194_822_2018-11-09 14:16:35.595464
1,1_1_191_807_2018-11-09 14:19:30.581997
1,1_1_193_819_2018-11-09 14:29:53.563143
0,1_1_179_815_2018-11-09 14:53:31.473677
1,1_1_193_820_2018-11-09 15:18:05.240912
0,1_1_179_813_2018-11-09 15:31:54.110189
1,1_1_179_810_2018-11-09 15:33:34.167959
2,1_1_193_825_2018-11-09 15:37:54.259222
1,1_1_178_828_2018-11-09 15:59:24.879538
1,1_1_193_827_2018-11-09 16:07:55.214354
0,1_1_179_798_2018-11-09 16:29:33.392675
2,1_1_178_824_2018-11-09 16:45:02.935817
2,1_1_179_781_2018-11-09 16:45:35.410073
0,1_1_179_809_2018-11-09 17:14:08.952681
2,1_1_193_816_2018-11-09 17:23:29.406911
0,1_1_194_818_2018-11-09 18:35:20.699735
2,1_1_178_824_2018-11-09 18:39:47.305248
2,1_1_179_787_2018-11-09 19:35:07.570927
2,1_1_178_824_2018-11-09 20:06:33.032282
2,1_1_193_816_2018-11-09 20:43:48.432198
0,1_1_179_788_2018-11-09 20:51:59.759582
2,1_1_179_794_2018-11-09 21:20:19.818062
2,1_1_193_825_2018-11-09 21:54:14.510145
0,1_1_194_822_2018-11-09 21:55:56.843636
2,1_1_179_787_2018-11-09 22:06:54.632558
2,1_1_193_816_2018-11-09 23:18:09.058517
2,1_1_194_826_2018-11-09 23:59:11.069088
2,1_1_193_827_2018-11-10 00:32:55.185218
2,1_1_193_816_2018-11-10 00:57:19.604613
2,1_1_193_820_2018-11-10 20:00:37.917453
2,1_1_193_816_2018-11-11 20:07:52.237510
1,1_1_178_824_2018-11-12 13:21:04.317843
1,1_1_193_827_2018-11-12 13:50:54.681784
1,1_1_178_828_2018-11-12 13:54:01.262108
1,1_1_191_785_2018-11-12 13:56:45.771778
1,1_1_191_802_2018-11-12 13:56:49.394134
1,1_1_179_815_2018-11-12 14:00:26.773214
1,1_1_193_820_2018-11-12 14:10:44.992837
1,1_1_193_816_2018-11-12 14:12:40.693185
1,1_1_194_826_2018-11-12 14:20:12.333467
1,1_1_179_787_2018-11-12 14:27:43.685415
1,1_1_193_829_2018-11-12 14:36:15.721628
0,1_1_179_799_2018-11-12 14:40:09.490470
2,1_1_194_821_2018-11-12 14:41:26.717575
0,1_1_194_822_2018-11-12 14:41:48.211035
0,1_1_178_817_2018-11-12 14:46:04.099726
0,1_1_191_780_2018-11-12 14:49:05.797784
1,1_1_179_777_2018-11-12 14:52:03.096347
0,1_1_194_818_2018-11-12 14:53:43.134529
0,1_1_193_819_2018-11-12 14:55:55.904271
1,1_1_193_825_2018-11-12 14:57:56.938823
1,1_1_179_797_2018-11-12 14:58:51.564620
0,1_1_179_791_2018-11-12 15:03:12.454523
2,1_1_179_781_2018-11-12 15:05:59.735045
0,1_1_179_810_2018-11-12 15:06:39.835675
1,1_1_179_794_2018-11-12 15:08:34.423931
1,1_1_179_788_2018-11-12 15:11:16.812711
1,1_1_179_798_2018-11-12 15:14:37.646532
0,1_1_179_809_2018-11-12 15:16:17.796857
1,1_1_179_779_2018-11-12 15:20:33.877185
1,1_1_179_813_2018-11-12 15:20:58.815452
0,1_1_179_801_2018-11-12 15:21:16.597603
0,1_1_191_804_2018-11-12 15:21:41.168103
1,1_1_179_790_2018-11-12 15:25:01.100522
1,1_1_179_800_2018-11-12 15:29:05.348712
1,1_1_191_807_2018-11-12 15:31:23.578745
0,1_1_179_783_2018-11-12 15:31:29.663719
1,1_1_191_812_2018-11-12 15:36:28.159155
2,1_1_191_805_2018-11-12 15:37:32.481303
0,1_1_191_806_2018-11-12 15:48:00.074556
1,1_1_191_803_2018-11-12 15:50:47.918648
1,1_1_191_793_2018-11-12 15:54:25.845636
1,1_1_191_808_2018-11-12 15:54:49.108702
1,1_1_191_811_2018-11-12 16:00:59.314999
1,1_1_191_784_2018-11-12 16:07:36.938435
1,1_1_191_786_2018-11-12 16:12:41.396634
1,1_1_179_796_2018-11-12 16:13:47.255418
1,1_1_191_792_2018-11-12 16:40:29.862070
1,1_1_191_805_2018-11-12 18:07:09.231153
0,1_1_194_821_2018-11-12 18:13:11.513474
0,1_1_179_801_2018-11-12 18:40:40.603068
2,1_1_179_781_2018-11-12 18:50:13.181868
0,1_1_178_817_2018-11-12 19:39:29.617162
2,1_1_179_799_2018-11-12 20:33:34.409705
2,1_1_179_781_2018-11-12 20:41:56.264012
2,1_1_179_783_2018-11-12 21:32:00.222954
2,1_1_179_777_2018-11-12 22:34:29.527460
2,1_1_179_788_2018-11-13 00:20:01.537997
2,1_1_194_822_2018-11-13 00:32:07.438405
2,1_1_193_819_2018-11-13 00:51:57.665996
2,1_1_178_823_2018-11-13 03:07:48.311244
1,1_1_193_827_2018-11-13 13:16:55.263394
1,1_1_194_821_2018-11-13 13:41:24.651936
1,1_1_178_823_2018-11-13 13:43:57.782375
0,1_1_179_790_2018-11-13 13:57:16.233472
1,1_1_191_789_2018-11-13 14:02:58.350296
1,1_1_178_828_2018-11-13 14:11:09.562014
1,1_1_193_820_2018-11-13 14:13:10.311224
1,1_1_193_816_2018-11-13 14:17:08.342180
1,1_1_191_780_2018-11-13 14:18:36.821720
0,1_1_194_826_2018-11-13 14:23:13.123062
1,1_1_193_819_2018-11-13 14:27:32.942116
0,1_1_191_802_2018-11-13 14:33:55.682844
1,1_1_179_791_2018-11-13 14:41:11.832319
0,1_1_179_810_2018-11-13 14:45:14.530082
1,1_1_178_824_2018-11-13 14:46:22.279926
1,1_1_191_785_2018-11-13 14:47:43.292148
0,1_1_179_787_2018-11-13 14:52:20.821481
0,1_1_194_822_2018-11-13 14:57:10.120918
1,1_1_179_797_2018-11-13 15:01:21.992296
0,1_1_194_818_2018-11-13 15:03:41.761189
1,1_1_179_781_2018-11-13 15:10:15.218499
1,1_1_179_799_2018-11-13 15:12:32.382633
1,1_1_179_794_2018-11-13 15:16:18.990600
1,1_1_179_788_2018-11-13 15:21:04.373281
1,1_1_179_815_2018-11-13 15:22:48.200290
1,1_1_179_783_2018-11-13 15:31:17.657123
0,1_1_179_798_2018-11-13 15:32:37.648342
1,1_1_191_807_2018-11-13 15:33:13.048620
1,1_1_179_801_2018-11-13 15:35:08.246597
1,1_1_191_795_2018-11-13 15:40:00.838149
0,1_1_191_812_2018-11-13 15:41:50.945325
1,1_1_179_779_2018-11-13 15:41:54.284767
1,1_1_191_782_2018-11-13 15:42:29.447735
1,1_1_191_806_2018-11-13 15:44:26.575693
1,1_1_179_813_2018-11-13 15:47:06.715214
2,1_1_191_803_2018-11-13 15:55:34.838058
1,1_1_191_811_2018-11-13 15:57:06.696767
1,1_1_191_792_2018-11-13 15:59:11.113315
1,1_1_191_808_2018-11-13 15:59:56.137194
0,1_1_191_784_2018-11-13 16:02:52.965706
0,1_1_191_793_2018-11-13 16:02:53.794530
0,1_1_191_786_2018-11-13 16:03:42.344875
1,1_1_191_804_2018-11-13 16:11:35.945783
2,1_1_178_817_2018-11-13 19:55:51.521765
2,1_1_191_786_2018-11-13 20:10:53.617740
2,1_1_191_780_2018-11-13 20:13:48.293756
0,1_1_191_793_2018-11-13 20:19:24.074228
2,1_1_191_803_2018-11-13 20:22:29.773174
2,1_1_179_800_2018-11-13 20:36:15.715379
2,1_1_193_827_2018-11-13 21:46:07.324459
2,1_1_194_821_2018-11-13 22:44:43.626823
2,1_1_193_820_2018-11-13 23:35:10.928358
2,1_1_193_825_2018-11-13 23:36:51.616997
2,1_1_179_790_2018-11-13 23:40:53.484819
2,1_1_193_819_2018-11-13 23:55:47.686492
2,1_1_179_798_2018-11-14 00:15:41.757757
2,1_1_178_823_2018-11-14 00:22:24.987860
2,1_1_178_828_2018-11-14 01:23:50.392648
1,1_1_193_827_2018-11-14 12:39:28.588814
1,1_1_178_823_2018-11-14 13:44:56.129970
1,1_1_191_789_2018-11-14 13:45:45.859998
1,1_1_194_821_2018-11-14 13:50:28.211310
1,1_1_193_819_2018-11-14 14:04:21.567289
1,1_1_178_824_2018-11-14 14:13:19.152248
1,1_1_193_820_2018-11-14 14:13:37.571429
0,1_1_179_796_2018-11-14 14:16:44.101478
1,1_1_193_829_2018-11-14 14:21:27.420158
1,1_1_191_802_2018-11-14 14:23:33.070416
0,1_1_194_826_2018-11-14 14:24:11.717996
1,1_1_178_828_2018-11-14 14:26:15.690963
0,1_1_179_810_2018-11-14 14:27:49.879170
0,1_1_178_817_2018-11-14 14:32:42.944415
1,1_1_179_799_2018-11-14 14:37:36.191714
0,1_1_193_825_2018-11-14 14:37:54.300293
0,1_1_193_816_2018-11-14 14:42:13.399429
0,1_1_194_818_2018-11-14 14:42:17.489124
1,1_1_179_791_2018-11-14 14:51:33.939900
1,1_1_179_815_2018-11-14 14:54:02.032431
1,1_1_179_797_2018-11-14 14:55:27.244403
1,1_1_194_822_2018-11-14 14:55:47.339224
1,1_1_179_813_2018-11-14 14:56:32.087050
0,1_1_179_783_2018-11-14 15:00:29.288787
0,1_1_191_803_2018-11-14 15:00:43.689844
0,1_1_179_798_2018-11-14 15:01:53.485004
0,1_1_179_788_2018-11-14 15:13:39.670771
1,1_1_179_809_2018-11-14 15:14:53.700019
1,1_1_191_795_2018-11-14 15:22:20.015783
1,1_1_191_785_2018-11-14 15:24:10.046468
0,1_1_179_777_2018-11-14 15:31:25.752466
1,1_1_179_781_2018-11-14 15:40:35.360260
1,1_1_179_779_2018-11-14 15:44:39.790466
1,1_1_179_794_2018-11-14 15:50:55.535302
1,1_1_191_811_2018-11-14 15:52:46.615804
0,1_1_191_792_2018-11-14 15:55:26.496776
1,1_1_179_790_2018-11-14 15:57:59.185783
2,1_1_179_787_2018-11-14 15:59:31.903435
0,1_1_191_812_2018-11-14 16:02:16.234543
1,1_1_191_807_2018-11-14 16:02:37.682361
0,1_1_191_784_2018-11-14 16:09:42.646156
2,1_1_191_806_2018-11-14 16:13:31.584674
1,1_1_191_793_2018-11-14 16:15:02.586953
0,1_1_191_805_2018-11-14 16:17:28.686771
2,1_1_191_780_2018-11-14 16:21:09.765323
1,1_1_191_808_2018-11-14 16:28:37.277318
1,1_1_191_804_2018-11-14 16:30:26.965693
0,1_1_191_786_2018-11-14 16:34:48.230178
0,1_1_191_780_2018-11-14 18:07:49.390436
2,1_1_193_829_2018-11-14 19:16:24.802317
2,1_1_179_801_2018-11-14 19:48:35.326346
2,1_1_194_826_2018-11-14 19:52:50.885955
2,1_1_179_800_2018-11-14 19:56:31.307279
2,1_1_179_787_2018-11-14 19:58:00.162475
2,1_1_193_829_2018-11-14 20:13:56.886892
2,1_1_191_805_2018-11-14 20:25:07.487394
2,1_1_191_806_2018-11-14 21:11:34.335292
2,1_1_191_811_2018-11-14 21:44:48.913575
2,1_1_194_821_2018-11-14 22:31:25.918812
1,1_1_193_820_2018-11-14 23:02:24.228093
2,1_1_193_827_2018-11-14 23:13:00.372673
2,1_1_194_822_2018-11-15 00:43:20.578729
2,1_1_178_823_2018-11-15 02:29:53.337074
1,1_1_178_823_2018-11-15 13:47:05.580982
1,1_1_191_789_2018-11-15 14:00:44.795553
1,1_1_193_819_2018-11-15 14:12:13.384511
1,1_1_194_821_2018-11-15 14:12:20.153044
1,1_1_193_820_2018-11-15 14:14:20.642551
1,1_1_178_828_2018-11-15 14:24:25.433882
1,1_1_194_826_2018-11-15 14:25:53.594588
0,1_1_178_817_2018-11-15 14:33:05.782863
1,1_1_193_827_2018-11-15 14:36:10.595106
1,1_1_191_785_2018-11-15 14:36:32.862371
0,1_1_179_799_2018-11-15 14:39:14.893446
0,1_1_179_810_2018-11-15 14:39:26.199404
1,1_1_194_822_2018-11-15 14:43:18.280747
1,1_1_193_825_2018-11-15 14:43:36.308231
0,1_1_191_802_2018-11-15 14:47:31.230487
0,1_1_179_787_2018-11-15 14:53:54.310368
1,1_1_179_788_2018-11-15 14:56:39.446045
1,1_1_179_791_2018-11-15 14:57:43.911124
1,1_1_179_809_2018-11-15 14:58:43.718024
1,1_1_179_800_2018-11-15 14:58:44.147509
0,1_1_193_816_2018-11-15 15:05:21.924358
0,1_1_178_824_2018-11-15 15:05:54.672098
0,1_1_179_777_2018-11-15 15:15:39.173709
0,1_1_179_781_2018-11-15 15:18:34.532974
2,1_1_193_829_2018-11-15 15:18:42.701490
1,1_1_191_795_2018-11-15 15:20:33.044291
1,1_1_179_783_2018-11-15 15:22:56.972852
0,1_1_191_782_2018-11-15 15:28:32.973220
0,1_1_179_790_2018-11-15 15:31:28.275277
0,1_1_191_812_2018-11-15 15:38:21.574856
1,1_1_179_815_2018-11-15 15:39:01.164418
0,1_1_179_813_2018-11-15 15:41:48.447528
1,1_1_179_794_2018-11-15 15:41:51.305754
1,1_1_191_807_2018-11-15 15:41:53.369109
1,1_1_179_798_2018-11-15 15:42:25.314952
1,1_1_179_779_2018-11-15 15:46:22.276221
1,1_1_191_803_2018-11-15 15:51:07.070263
1,1_1_191_806_2018-11-15 15:57:01.894558
1,1_1_191_792_2018-11-15 15:57:05.133270
1,1_1_191_811_2018-11-15 15:59:28.519027
1,1_1_191_805_2018-11-15 15:59:34.760909
1,1_1_191_808_2018-11-15 16:00:14.261651
1,1_1_179_797_2018-11-15 16:04:03.301096
1,1_1_191_793_2018-11-15 16:06:18.200958
0,1_1_191_784_2018-11-15 16:07:00.833646
1,1_1_191_786_2018-11-15 16:11:08.999421
0,1_1_191_804_2018-11-15 16:11:19.730200
2,1_1_193_820_2018-11-15 19:28:09.386848
1,1_1_179_790_2018-11-15 19:28:33.051206
2,1_1_191_784_2018-11-15 19:50:46.628288
2,1_1_193_829_2018-11-15 20:03:21.865773
2,1_1_179_801_2018-11-15 20:53:32.927457
2,1_1_178_824_2018-11-15 21:06:28.914078
2,1_1_194_821_2018-11-15 22:05:56.570793
2,1_1_179_809_2018-11-15 22:58:18.673037
2,1_1_179_813_2018-11-15 23:29:32.903130
2,1_1_178_823_2018-11-16 00:11:14.111763
2,1_1_178_823_2018-11-16 02:08:16.274395
1,1_1_193_827_2018-11-16 13:26:21.003421
1,1_1_191_789_2018-11-16 13:39:12.318915
1,1_1_178_823_2018-11-16 13:46:01.954595
1,1_1_194_821_2018-11-16 13:56:06.604094
1,1_1_194_826_2018-11-16 13:59:48.757996
1,1_1_193_829_2018-11-16 14:00:20.537126
1,1_1_178_828_2018-11-16 14:01:18.203769
1,1_1_193_820_2018-11-16 14:04:56.908147
0,1_1_194_818_2018-11-16 14:10:04.438368
1,1_1_193_819_2018-11-16 14:13:15.714946
1,1_1_178_817_2018-11-16 14:15:25.090053
2,1_1_179_815_2018-11-16 14:15:48.877486
1,1_1_193_816_2018-11-16 14:17:47.327963
0,1_1_178_824_2018-11-16 14:22:21.088725
1,1_1_191_785_2018-11-16 14:23:24.310449
0,1_1_179_796_2018-11-16 14:24:52.105901
1,1_1_179_787_2018-11-16 14:25:35.560835
1,1_1_179_781_2018-11-16 14:45:28.096027
0,1_1_179_799_2018-11-16 14:53:20.057559
1,1_1_193_825_2018-11-16 14:59:02.059044
0,1_1_179_813_2018-11-16 14:59:46.256033
0,1_1_179_798_2018-11-16 15:03:20.968400
1,1_1_191_795_2018-11-16 15:05:26.068723
1,1_1_179_777_2018-11-16 15:12:33.290432
0,1_1_179_791_2018-11-16 15:14:59.827360
1,1_1_179_783_2018-11-16 15:15:19.596890
0,1_1_179_794_2018-11-16 15:17:06.966767
1,1_1_179_797_2018-11-16 15:23:11.809265
1,1_1_191_802_2018-11-16 15:25:44.937894
0,1_1_179_779_2018-11-16 15:26:32.100129
1,1_1_191_807_2018-11-16 15:27:55.637587
0,1_1_179_790_2018-11-16 15:30:43.682170
1,1_1_179_788_2018-11-16 15:34:41.748665
1,1_1_191_782_2018-11-16 15:37:16.837151
1,1_1_179_810_2018-11-16 15:42:08.954205
0,1_1_191_780_2018-11-16 15:42:35.728040
0,1_1_191_803_2018-11-16 15:46:48.807759
0,1_1_179_809_2018-11-16 15:48:14.507927
1,1_1_179_801_2018-11-16 15:48:59.641985
2,1_1_191_804_2018-11-16 15:49:59.186784
0,1_1_191_786_2018-11-16 15:53:01.318106
1,1_1_191_812_2018-11-16 15:54:03.119661
1,1_1_191_806_2018-11-16 15:59:42.947841
1,1_1_191_792_2018-11-16 16:00:41.837752
1,1_1_191_811_2018-11-16 16:01:10.936784
1,1_1_191_805_2018-11-16 16:03:11.330810
0,1_1_191_784_2018-11-16 16:07:39.861646
0,1_1_191_793_2018-11-16 16:10:38.018793
1,1_1_191_808_2018-11-16 17:18:03.482896
2,1_1_193_829_2018-11-16 19:20:48.767705
2,1_1_179_790_2018-11-16 19:48:11.241997
0,1_1_194_822_2018-11-16 19:49:45.273338
0,1_1_179_796_2018-11-16 20:14:41.812597
2,1_1_191_802_2018-11-16 20:24:23.184117
1,1_1_179_797_2018-11-16 20:32:24.634096
2,1_1_179_809_2018-11-16 20:34:08.393123
2,1_1_191_784_2018-11-16 20:37:48.333721
2,1_1_179_801_2018-11-16 20:48:52.924448
2,1_1_191_804_2018-11-16 20:50:04.084067
2,1_1_179_815_2018-11-16 20:57:25.650417
0,1_1_178_817_2018-11-16 21:19:00.141585
2,1_1_191_812_2018-11-16 21:20:24.385748
2,1_1_193_816_2018-11-16 21:45:07.263636
0,1_1_179_783_2018-11-16 21:48:32.622565
2,1_1_191_780_2018-11-16 22:22:46.497742
2,1_1_194_821_2018-11-16 23:19:45.766703
2,1_1_193_827_2018-11-16 23:22:10.935140
2,1_1_193_820_2018-11-16 23:32:40.189099
2,1_1_178_824_2018-11-17 00:06:21.546127
2,1_1_193_827_2018-11-17 00:07:39.427665
2,1_1_193_819_2018-11-17 02:39:37.766243
2,1_1_178_823_2018-11-17 13:45:02.495776
2,1_1_193_819_2018-11-17 18:05:01.710519
2,1_1_178_828_2018-11-17 20:16:23.247538
2,1_1_178_823_2018-11-17 21:00:52.602303
2,1_1_178_828_2018-11-18 00:32:12.272969
0,1_1_194_826_2018-11-18 15:18:12.837330
2,1_1_178_823_2018-11-18 17:01:16.300000
2,1_1_178_817_2018-11-19 00:02:17.653963
1,1_1_191_789_2018-11-19 13:41:26.308247
1,1_1_178_823_2018-11-19 13:45:44.584365
0,1_1_179_790_2018-11-19 13:56:24.405711
1,1_1_191_785_2018-11-19 14:00:43.582297
1,1_1_193_829_2018-11-19 14:05:09.484106
1,1_1_193_827_2018-11-19 14:12:25.542372
1,1_1_193_819_2018-11-19 14:14:16.743423
0,1_1_193_825_2018-11-19 14:18:36.233282
1,1_1_179_781_2018-11-19 14:32:06.293499
1,1_1_179_815_2018-11-19 14:35:37.621679
1,1_1_193_820_2018-11-19 14:41:34.781382
1,1_1_178_828_2018-11-19 14:54:05.794155
0,1_1_179_799_2018-11-19 15:01:27.708709
0,1_1_179_787_2018-11-19 15:03:00.569215
0,1_1_178_824_2018-11-19 15:03:48.658590
1,1_1_191_812_2018-11-19 15:04:30.778740
1,1_1_193_816_2018-11-19 15:05:50.977973
0,1_1_194_822_2018-11-19 15:08:06.917973
1,1_1_179_791_2018-11-19 15:08:16.187235
1,1_1_179_813_2018-11-19 15:10:06.218999
1,1_1_179_801_2018-11-19 15:18:31.098803
0,1_1_191_782_2018-11-19 15:21:57.152788
1,1_1_179_800_2018-11-19 15:21:58.148746
0,1_1_179_779_2018-11-19 15:29:48.981101
1,1_1_191_780_2018-11-19 15:30:25.434603
1,1_1_191_808_2018-11-19 15:33:00.229433
1,1_1_191_795_2018-11-19 15:33:22.515211
1,1_1_191_807_2018-11-19 15:35:58.042703
0,1_1_194_818_2018-11-19 15:37:04.164359
0,1_1_179_797_2018-11-19 15:44:03.433004
0,1_1_179_777_2018-11-19 15:45:28.702673
0,1_1_179_810_2018-11-19 15:45:50.632509
1,1_1_179_788_2018-11-19 15:48:38.524974
1,1_1_179_783_2018-11-19 15:50:35.086537
1,1_1_179_798_2018-11-19 15:52:09.256422
1,1_1_191_802_2018-11-19 15:59:25.850899
1,1_1_179_796_2018-11-19 15:59:50.630860
1,1_1_179_794_2018-11-19 16:03:02.694850
0,1_1_191_792_2018-11-19 16:07:39.442353
1,1_1_191_805_2018-11-19 16:16:37.292085
1,1_1_191_803_2018-11-19 16:16:59.493483
0,1_1_191_806_2018-11-19 16:19:49.991909
0,1_1_191_778_2018-11-19 16:21:54.455506
0,1_1_191_811_2018-11-19 16:22:39.140888
0,1_1_191_804_2018-11-19 16:28:03.712777
2,1_1_191_793_2018-11-19 16:37:28.871465
0,1_1_191_786_2018-11-19 16:40:51.862161
1,1_1_191_784_2018-11-19 16:43:30.611802
1,1_1_193_829_2018-11-19 18:29:03.089496
1,1_1_193_816_2018-11-19 19:19:33.943358
0,1_1_179_796_2018-11-19 19:22:26.323486
0,1_1_179_790_2018-11-19 19:37:56.119705
2,1_1_179_810_2018-11-19 21:26:03.422845
2,1_1_191_793_2018-11-19 21:57:31.872997
2,1_1_191_811_2018-11-19 22:13:50.181855
2,1_1_194_821_2018-11-19 23:05:05.632296
2,1_1_178_828_2018-11-19 23:51:40.531418
2,1_1_193_827_2018-11-20 00:03:59.282325
2,1_1_178_823_2018-11-20 00:06:43.474039
2,1_1_193_819_2018-11-20 01:51:58.394650
2,1_1_193_819_2018-11-20 03:04:05.270817
1,1_1_194_821_2018-11-20 13:37:37.820302
1,1_1_191_789_2018-11-20 13:42:05.902948
1,1_1_178_823_2018-11-20 13:48:37.172999
1,1_1_193_819_2018-11-20 14:11:02.863150
1,1_1_191_785_2018-11-20 14:11:33.421450
1,1_1_193_827_2018-11-20 14:13:53.442684
1,1_1_179_796_2018-11-20 14:14:08.370014
1,1_1_193_820_2018-11-20 14:16:09.133749
1,1_1_178_828_2018-11-20 14:24:48.081519
1,1_1_178_817_2018-11-20 14:37:06.785738
1,1_1_179_787_2018-11-20 14:41:58.560323
1,1_1_179_799_2018-11-20 14:44:34.942349
1,1_1_194_826_2018-11-20 14:55:55.960749
1,1_1_193_825_2018-11-20 15:01:57.540631
1,1_1_193_829_2018-11-20 15:06:13.490860
1,1_1_179_791_2018-11-20 15:08:00.151492
0,1_1_194_818_2018-11-20 15:09:12.629592
1,1_1_178_824_2018-11-20 15:09:34.773244
2,1_1_191_812_2018-11-20 15:10:09.323769
0,1_1_194_822_2018-11-20 15:11:15.872602
1,1_1_179_815_2018-11-20 15:15:09.880749
0,1_1_193_816_2018-11-20 15:16:44.800251
1,1_1_179_794_2018-11-20 15:19:06.107581
1,1_1_191_780_2018-11-20 15:27:11.983914
0,1_1_179_810_2018-11-20 15:30:55.479212
1,1_1_179_800_2018-11-20 15:32:04.530038
0,1_1_179_783_2018-11-20 15:40:08.446716
0,1_1_179_781_2018-11-20 15:43:13.609039
1,1_1_191_795_2018-11-20 15:49:43.338121
2,1_1_191_778_2018-11-20 15:53:00.911435
0,1_1_179_797_2018-11-20 15:56:35.586621
2,1_1_179_798_2018-11-20 16:00:37.788265
1,1_1_179_777_2018-11-20 16:11:59.980241
0,1_1_191_811_2018-11-20 16:17:51.458943
1,1_1_191_782_2018-11-20 16:17:54.439664
1,1_1_179_813_2018-11-20 16:24:34.625902
1,1_1_179_801_2018-11-20 16:29:23.000306
0,1_1_179_779_2018-11-20 16:37:47.830148
2,1_1_179_790_2018-11-20 16:40:48.071450
0,1_1_191_807_2018-11-20 16:51:36.974087
2,1_1_191_806_2018-11-20 16:58:46.041447
1,1_1_191_802_2018-11-20 17:12:43.473834
2,1_1_191_803_2018-11-20 17:16:04.708189
0,1_1_191_805_2018-11-20 17:19:12.102353
1,1_1_191_784_2018-11-20 17:42:40.631462
1,1_1_191_792_2018-11-20 17:51:26.113970
1,1_1_191_786_2018-11-20 18:14:46.536791
2,1_1_191_808_2018-11-20 18:21:47.148885
2,1_1_191_793_2018-11-20 18:32:44.618725
2,1_1_179_798_2018-11-20 20:14:32.561886
2,1_1_194_822_2018-11-20 20:21:31.696606
2,1_1_191_778_2018-11-20 21:01:10.894309
2,1_1_179_788_2018-11-20 21:01:52.624828
2,1_1_193_816_2018-11-20 21:13:42.565883
2,1_1_179_783_2018-11-20 21:26:48.954335
2,1_1_179_813_2018-11-20 21:51:07.756966
1,1_1_194_821_2018-11-21 13:49:06.998304
1,1_1_178_823_2018-11-21 14:14:44.812207
1,1_1_193_819_2018-11-21 14:15:37.971766
1,1_1_178_828_2018-11-21 14:24:00.642207
0,1_1_178_817_2018-11-21 15:44:40.820396
2,1_1_194_822_2018-11-21 16:14:06.835317
0,1_1_179_810_2018-11-21 16:21:44.597542
2,1_1_178_824_2018-11-21 16:53:23.604384
0,1_1_194_826_2018-11-21 17:11:40.785144
0,1_1_193_829_2018-11-21 17:19:16.244612
2,1_1_193_820_2018-11-21 21:09:55.104725
2,1_1_193_829_2018-11-22 18:31:06.575322
1,1_1_178_823_2018-11-23 13:44:07.381995
2,1_1_178_828_2018-11-23 17:38:32.531959
2,1_1_193_829_2018-11-23 19:13:46.916730
1,1_1_194_826_2018-11-24 09:01:18.207851
1,1_1_194_818_2018-11-24 16:34:17.277173
2,1_1_194_821_2018-11-24 22:27:29.623477
1,1_1_194_826_2018-11-25 08:56:57.703797
1,1_1_194_821_2018-11-25 16:25:44.053539
0,1_1_194_818_2018-11-25 18:58:54.061691
2,1_1_178_817_2018-11-25 20:15:29.418310
2,1_1_178_824_2018-11-25 20:53:24.315841
0,1_1_193_816_2018-11-25 21:24:27.194095
2,1_1_178_828_2018-11-25 22:12:32.688371
2,1_1_178_824_2018-11-26 02:32:56.176069
2,1_1_194_821_2018-11-26 03:49:26.782014
1,1_1_193_827_2018-11-26 12:40:27.973711
1,1_1_191_785_2018-11-26 13:38:52.542769
1,1_1_178_823_2018-11-26 13:45:51.652484
1,1_1_179_800_2018-11-26 14:09:09.263151
1,1_1_193_820_2018-11-26 14:09:52.492847
1,1_1_179_815_2018-11-26 14:18:03.692066
1,1_1_193_819_2018-11-26 14:22:08.302013
1,1_1_179_781_2018-11-26 14:24:20.915403
1,1_1_193_825_2018-11-26 14:29:57.024187
1,1_1_194_821_2018-11-26 14:42:36.812451
1,1_1_179_799_2018-11-26 14:42:57.324508
1,1_1_193_829_2018-11-26 14:44:24.843916
1,1_1_179_810_2018-11-26 14:49:47.044293
0,1_1_178_817_2018-11-26 14:52:20.462940
1,1_1_194_818_2018-11-26 14:58:22.866388
0,1_1_191_793_2018-11-26 15:05:01.686071
1,1_1_191_811_2018-11-26 15:13:44.939242
0,1_1_191_812_2018-11-26 15:17:04.694429
1,1_1_178_824_2018-11-26 15:21:57.216603
1,1_1_179_777_2018-11-26 15:25:59.339626
1,1_1_193_816_2018-11-26 15:26:22.301157
0,1_1_191_802_2018-11-26 15:28:20.323483
0,1_1_191_803_2018-11-26 15:28:57.748993
1,1_1_179_796_2018-11-26 15:30:41.427387
0,1_1_179_798_2018-11-26 15:37:19.391661
0,1_1_194_822_2018-11-26 15:41:42.591842
1,1_1_191_795_2018-11-26 15:45:30.304480
1,1_1_179_791_2018-11-26 15:49:58.384433
1,1_1_179_809_2018-11-26 15:58:23.253542
0,1_1_191_778_2018-11-26 16:02:36.575587
1,1_1_191_808_2018-11-26 16:09:38.116456
1,1_1_191_805_2018-11-26 16:11:41.397355
0,1_1_179_783_2018-11-26 16:16:02.303119
0,1_1_179_813_2018-11-26 16:23:25.111626
0,1_1_179_788_2018-11-26 16:27:26.600358
1,1_1_191_782_2018-11-26 17:18:20.683179
2,1_1_178_817_2018-11-26 19:33:26.747826
0,1_1_191_807_2018-11-26 20:13:53.297660
0,1_1_179_797_2018-11-26 20:31:47.932308
2,1_1_193_820_2018-11-26 20:38:01.967343
2,1_1_191_784_2018-11-26 21:58:15.743030
2,1_1_179_801_2018-11-26 22:37:49.932028
2,1_1_193_825_2018-11-26 23:38:51.386926
2,1_1_178_828_2018-11-27 01:14:12.632293
2,1_1_194_818_2018-11-27 01:48:00.183877
2,1_1_178_823_2018-11-27 06:39:12.483099
1,1_1_191_789_2018-11-27 13:46:02.460618
0,1_1_178_823_2018-11-27 13:46:50.051004
0,1_1_179_801_2018-11-27 13:59:37.794456
1,1_1_191_785_2018-11-27 14:00:12.915131
1,1_1_193_827_2018-11-27 14:00:58.874022
0,1_1_194_822_2018-11-27 14:07:11.995653
1,1_1_193_819_2018-11-27 14:11:01.635849
0,1_1_194_826_2018-11-27 14:24:44.392755
1,1_1_193_820_2018-11-27 14:25:18.306357
1,1_1_178_828_2018-11-27 14:27:40.294211
0,1_1_179_796_2018-11-27 14:33:43.875696
1,1_1_179_810_2018-11-27 14:36:22.438139
0,1_1_194_818_2018-11-27 14:37:25.092274
0,1_1_191_802_2018-11-27 14:46:02.688841
0,1_1_179_799_2018-11-27 14:48:04.977277
0,1_1_179_783_2018-11-27 14:50:31.447509
1,1_1_193_829_2018-11-27 14:52:35.239682
1,1_1_194_821_2018-11-27 14:54:53.413356
1,1_1_178_824_2018-11-27 14:55:52.890208
1,1_1_179_815_2018-11-27 14:58:23.088394
1,1_1_193_816_2018-11-27 14:59:42.108055
1,1_1_179_790_2018-11-27 15:00:01.629222
1,1_1_193_825_2018-11-27 15:00:30.887767
1,1_1_179_791_2018-11-27 15:01:33.767594
1,1_1_179_787_2018-11-27 15:09:21.744404
1,1_1_179_777_2018-11-27 15:12:42.486268
1,1_1_191_812_2018-11-27 15:13:04.103637
1,1_1_179_798_2018-11-27 15:13:29.162681
0,1_1_179_797_2018-11-27 15:15:25.423919
2,1_1_179_781_2018-11-27 15:21:17.013247
1,1_1_179_794_2018-11-27 15:23:31.113077
1,1_1_191_780_2018-11-27 15:26:48.695153
2,1_1_179_788_2018-11-27 15:28:20.453048
1,1_1_191_803_2018-11-27 15:36:06.992919
1,1_1_191_795_2018-11-27 15:41:37.171297
1,1_1_191_778_2018-11-27 15:43:18.182371
1,1_1_179_809_2018-11-27 15:43:44.011115
1,1_1_191_782_2018-11-27 15:44:48.731293
0,1_1_191_808_2018-11-27 15:45:19.472758
1,1_1_179_779_2018-11-27 15:46:29.220683
1,1_1_179_813_2018-11-27 15:46:53.762167
0,1_1_191_811_2018-11-27 15:51:50.439980
1,1_1_191_805_2018-11-27 16:05:23.101241
2,1_1_191_786_2018-11-27 16:05:54.081199
1,1_1_191_807_2018-11-27 16:08:53.960528
0,1_1_191_806_2018-11-27 16:11:26.952796
1,1_1_191_793_2018-11-27 16:11:29.613102
1,1_1_191_784_2018-11-27 16:12:55.265056
2,1_1_191_804_2018-11-27 16:16:39.756420
1,1_1_191_792_2018-11-27 16:18:17.383490
2,1_1_179_781_2018-11-27 17:30:48.850310
2,1_1_179_781_2018-11-27 20:22:13.344631
2,1_1_179_777_2018-11-27 20:46:05.413030
2,1_1_179_788_2018-11-27 20:56:32.242402
2,1_1_191_804_2018-11-27 21:13:55.291959
2,1_1_179_779_2018-11-27 21:18:49.200411
2,1_1_191_786_2018-11-27 21:35:20.670212
0,1_1_193_816_2018-11-27 21:42:18.549747
2,1_1_193_829_2018-11-27 23:18:22.492308
2,1_1_193_827_2018-11-28 00:06:12.062936
2,1_1_178_823_2018-11-28 00:18:44.311698
2,1_1_178_817_2018-11-28 00:35:13.484347
2,1_1_178_828_2018-11-28 01:09:25.132201
1,1_1_193_819_2018-11-28 01:19:33.851553
2,1_1_178_828_2018-11-28 03:33:19.353292
1,1_1_193_827_2018-11-28 13:18:01.117978
1,1_1_191_789_2018-11-28 13:43:52.790422
1,1_1_178_823_2018-11-28 13:45:46.849597
1,1_1_193_820_2018-11-28 13:52:31.471024
1,1_1_193_819_2018-11-28 14:10:17.641416
1,1_1_193_825_2018-11-28 14:15:54.672058
1,1_1_179_810_2018-11-28 14:18:41.500459
1,1_1_178_828_2018-11-28 14:30:14.111009
1,1_1_193_816_2018-11-28 14:37:33.928198
1,1_1_194_818_2018-11-28 14:42:43.864971
1,1_1_179_797_2018-11-28 14:46:38.952809
1,1_1_179_799_2018-11-28 14:46:46.228768
1,1_1_191_802_2018-11-28 15:02:19.617297
1,1_1_179_809_2018-11-28 15:02:32.661739
1,1_1_178_824_2018-11-28 15:05:18.407353
0,1_1_191_803_2018-11-28 15:05:37.599578
1,1_1_179_791_2018-11-28 15:06:28.721147
0,1_1_179_783_2018-11-28 15:06:32.962113
0,1_1_179_796_2018-11-28 15:07:48.801230
0,1_1_179_800_2018-11-28 15:10:37.359282
1,1_1_191_785_2018-11-28 15:11:43.971425
1,1_1_179_788_2018-11-28 15:15:48.361270
0,1_1_179_781_2018-11-28 15:15:57.442798
1,1_1_179_777_2018-11-28 15:16:18.520750
0,1_1_179_790_2018-11-28 15:19:16.158541
2,1_1_191_811_2018-11-28 15:19:27.532189
1,1_1_191_807_2018-11-28 15:21:44.074758
1,1_1_191_780_2018-11-28 15:23:43.060571
0,1_1_179_779_2018-11-28 15:27:39.191299
0,1_1_179_801_2018-11-28 15:35:31.294521
0,1_1_191_812_2018-11-28 15:36:14.820961
2,1_1_179_813_2018-11-28 15:38:40.909848
0,1_1_179_787_2018-11-28 15:45:52.242630
1,1_1_191_782_2018-11-28 15:46:58.373498
0,1_1_179_798_2018-11-28 15:51:03.549298
1,1_1_191_792_2018-11-28 15:51:09.951777
1,1_1_191_778_2018-11-28 15:51:11.455014
1,1_1_191_808_2018-11-28 15:53:51.102543
0,1_1_191_784_2018-11-28 15:53:56.147931
0,1_1_191_793_2018-11-28 15:54:16.695950
0,1_1_191_804_2018-11-28 15:56:09.910426
1,1_1_191_805_2018-11-28 15:57:05.546884
1,1_1_191_786_2018-11-28 15:58:59.845084
1,1_1_179_794_2018-11-28 15:59:22.408373
2,1_1_191_806_2018-11-28 16:28:07.132608
1,1_1_191_811_2018-11-28 17:26:24.956619
0,1_1_179_800_2018-11-28 18:25:33.332229
1,1_1_193_820_2018-11-28 18:42:29.607477
0,1_1_193_829_2018-11-28 19:18:57.704648
1,1_1_179_813_2018-11-28 19:43:47.590909
2,1_1_191_806_2018-11-28 19:52:32.152325
2,1_1_179_781_2018-11-28 20:22:01.021726
2,1_1_194_821_2018-11-28 21:08:19.825092
2,1_1_191_808_2018-11-28 22:05:47.261005
2,1_1_193_816_2018-11-28 22:09:49.637782
2,1_1_194_821_2018-11-28 22:42:26.944532
2,1_1_193_819_2018-11-29 00:05:24.154494
2,1_1_194_826_2018-11-29 00:15:22.578140
2,1_1_178_823_2018-11-29 00:17:24.026185
2,1_1_194_822_2018-11-29 00:43:48.799236
2,1_1_178_828_2018-11-29 00:45:58.049822
1,1_1_193_820_2018-11-29 01:15:22.788591
0,1_1_193_816_2018-11-29 13:31:37.196879
1,1_1_191_789_2018-11-29 13:44:32.085842
1,1_1_178_823_2018-11-29 13:45:58.056137
1,1_1_193_827_2018-11-29 14:06:44.502047
1,1_1_179_810_2018-11-29 14:08:21.965256
1,1_1_178_828_2018-11-29 14:10:07.874638
1,1_1_193_819_2018-11-29 14:12:39.416198
1,1_1_191_785_2018-11-29 14:22:35.875351
0,1_1_179_796_2018-11-29 14:25:14.922147
1,1_1_194_826_2018-11-29 14:26:06.247009
1,1_1_193_820_2018-11-29 14:29:49.445957
1,1_1_179_800_2018-11-29 14:31:48.122040
0,1_1_194_821_2018-11-29 14:38:27.654144
0,1_1_191_802_2018-11-29 14:47:17.091561
1,1_1_179_781_2018-11-29 14:49:28.690650
0,1_1_194_822_2018-11-29 14:54:52.521980
0,1_1_178_817_2018-11-29 14:58:21.091911
0,1_1_191_803_2018-11-29 15:09:09.771221
1,1_1_178_824_2018-11-29 15:17:18.690702
1,1_1_193_825_2018-11-29 15:21:46.659621
1,1_1_193_829_2018-11-29 15:22:02.990475
1,1_1_179_815_2018-11-29 15:23:12.189135
0,1_1_179_799_2018-11-29 15:31:45.862810
1,1_1_191_780_2018-11-29 15:32:10.929929
1,1_1_191_795_2018-11-29 15:38:22.661060
1,1_1_179_783_2018-11-29 15:44:10.712882
1,1_1_179_787_2018-11-29 15:47:37.864778
0,1_1_179_790_2018-11-29 15:50:00.193592
0,1_1_179_777_2018-11-29 15:51:02.034690
2,1_1_179_801_2018-11-29 15:59:13.845058
1,1_1_191_804_2018-11-29 15:59:35.074866
2,1_1_179_798_2018-11-29 16:00:08.273255
1,1_1_179_809_2018-11-29 16:07:25.453354
1,1_1_191_782_2018-11-29 16:11:00.222457
0,1_1_179_788_2018-11-29 16:14:51.344286
1,1_1_191_807_2018-11-29 16:14:59.010624
0,1_1_179_794_2018-11-29 16:16:34.372398
0,1_1_191_784_2018-11-29 16:16:55.024551
0,1_1_191_793_2018-11-29 16:19:06.104090
1,1_1_179_813_2018-11-29 16:21:06.204881
0,1_1_191_786_2018-11-29 16:24:32.214643
1,1_1_191_792_2018-11-29 16:29:07.605546
1,1_1_191_808_2018-11-29 16:30:09.713017
1,1_1_191_806_2018-11-29 16:31:19.500928
0,1_1_191_805_2018-11-29 16:32:48.783666
2,1_1_191_778_2018-11-29 18:26:07.509925
1,1_1_179_815_2018-11-29 19:16:17.915629
2,1_1_179_791_2018-11-29 19:29:06.853175
2,1_1_193_827_2018-11-29 19:56:48.325764
2,1_1_191_786_2018-11-29 20:31:01.456244
2,1_1_191_778_2018-11-29 21:50:46.737482
2,1_1_179_779_2018-11-29 23:02:59.022878
2,1_1_193_819_2018-11-29 23:29:16.015825
2,1_1_194_818_2018-11-29 23:40:25.674574
2,1_1_178_823_2018-11-29 23:52:10.192914
2,1_1_179_800_2018-11-30 00:01:29.691842
2,1_1_179_810_2018-11-30 00:14:49.992373
2,1_1_178_828_2018-11-30 01:09:56.168023
1,1_1_178_823_2018-11-30 01:13:44.537933
2,1_1_179_787_2018-11-30 01:31:06.943831
1,1_1_178_823_2018-11-30 13:52:03.460213
0,1_1_193_827_2018-11-30 13:54:54.368822
0,1_1_194_822_2018-11-30 14:01:55.921811
1,1_1_178_828_2018-11-30 14:03:06.051442
0,1_1_193_819_2018-11-30 14:10:12.816382
1,1_1_193_829_2018-11-30 14:13:51.461645
1,1_1_193_820_2018-11-30 14:18:27.282829
0,1_1_194_826_2018-11-30 14:27:48.071523
1,1_1_179_787_2018-11-30 14:29:27.865594
2,1_1_194_821_2018-11-30 14:34:50.330703
0,1_1_194_818_2018-11-30 14:39:05.932873
1,1_1_191_802_2018-11-30 14:43:44.032744
0,1_1_178_817_2018-11-30 14:46:11.520649
1,1_1_179_799_2018-11-30 14:49:51.693062
2,1_1_179_790_2018-11-30 14:49:58.171923
0,1_1_179_796_2018-11-30 14:53:36.693233
2,1_1_178_824_2018-11-30 14:54:45.914270
0,1_1_179_797_2018-11-30 15:02:08.237721
1,1_1_179_815_2018-11-30 15:08:37.070594
1,1_1_179_781_2018-11-30 15:09:37.758352
0,1_1_179_777_2018-11-30 15:12:20.066055
2,1_1_179_794_2018-11-30 15:14:18.179572
0,1_1_179_791_2018-11-30 15:14:24.287869
1,1_1_179_809_2018-11-30 15:14:44.522526
1,1_1_179_788_2018-11-30 15:16:04.909584
0,1_1_193_816_2018-11-30 15:16:06.547004
1,1_1_179_783_2018-11-30 15:17:22.468551
0,1_1_191_803_2018-11-30 15:20:19.018136
0,1_1_179_801_2018-11-30 15:23:45.815052
1,1_1_191_789_2018-11-30 15:24:53.486119
1,1_1_191_782_2018-11-30 15:26:31.930651
1,1_1_191_785_2018-11-30 15:26:33.616487
0,1_1_191_811_2018-11-30 15:33:46.231279
1,1_1_179_794_2018-11-30 15:37:09.601524
1,1_1_191_795_2018-11-30 15:37:50.329933
1,1_1_179_779_2018-11-30 15:39:19.492682
1,1_1_179_798_2018-11-30 15:43:03.275367
0,1_1_191_780_2018-11-30 15:47:10.855095
1,1_1_179_813_2018-11-30 15:48:19.509943
1,1_1_191_807_2018-11-30 15:48:22.077634
1,1_1_191_806_2018-11-30 15:53:36.988821
0,1_1_191_812_2018-11-30 16:00:44.035034
0,1_1_191_805_2018-11-30 16:01:12.478627
1,1_1_179_790_2018-11-30 16:02:05.148752
0,1_1_191_793_2018-11-30 16:06:17.416779
1,1_1_191_792_2018-11-30 16:10:12.624978
1,1_1_191_778_2018-11-30 16:15:09.647349
0,1_1_191_808_2018-11-30 16:15:39.591424
1,1_1_191_784_2018-11-30 16:17:37.972762
1,1_1_191_786_2018-11-30 16:19:47.762073
1,1_1_191_804_2018-11-30 16:20:35.216455
1,1_1_193_825_2018-11-30 17:30:53.569733
0,1_1_194_821_2018-11-30 17:42:01.570495
2,1_1_193_827_2018-11-30 19:27:49.210532
2,1_1_191_811_2018-11-30 19:45:51.312876
2,1_1_179_815_2018-11-30 20:07:19.344096
2,1_1_191_812_2018-11-30 20:12:40.412889
1,1_1_178_824_2018-11-30 20:18:17.606593
2,1_1_191_780_2018-11-30 20:27:23.706161
2,1_1_193_829_2018-11-30 20:29:39.867277
2,1_1_179_800_2018-11-30 20:53:15.338031
2,1_1_179_781_2018-11-30 20:55:45.130720
2,1_1_191_793_2018-11-30 21:41:34.578562
2,1_1_179_810_2018-11-30 21:45:04.382817
2,1_1_191_808_2018-11-30 21:56:41.983060
2,1_1_193_829_2018-11-30 22:22:41.760061
2,1_1_178_817_2018-11-30 22:58:58.004244
2,1_1_191_778_2018-11-30 23:13:17.905061
2,1_1_179_799_2018-11-30 23:19:47.370008
2,1_1_178_823_2018-12-01 00:07:55.736229
2,1_1_193_820_2018-12-01 01:37:57.732394
2,1_1_193_827_2018-12-01 01:39:25.921824
0,1_1_178_823_2018-12-01 13:46:04.228600
2,1_1_178_823_2018-12-02 01:10:53.731685
2,1_1_193_816_2018-12-02 05:58:49.061242
2,1_1_193_827_2018-12-02 22:13:06.890997
2,1_1_178_817_2018-12-03 05:32:44.759747
0,1_1_194_826_2018-12-03 12:57:15.724843
1,1_1_191_789_2018-12-03 13:41:38.273357
1,1_1_178_823_2018-12-03 13:48:08.892817
1,1_1_191_802_2018-12-03 13:53:56.231438
1,1_1_178_828_2018-12-03 13:57:57.769333
1,1_1_193_827_2018-12-03 14:02:09.546615
1,1_1_193_829_2018-12-03 14:07:45.791920
1,1_1_193_825_2018-12-03 14:15:28.142190
1,1_1_193_819_2018-12-03 14:22:42.413446
0,1_1_179_796_2018-12-03 14:24:09.791436
1,1_1_178_817_2018-12-03 14:27:57.351490
1,1_1_194_821_2018-12-03 14:31:20.191718
0,1_1_179_797_2018-12-03 14:36:56.883652
0,1_1_194_818_2018-12-03 14:37:56.851902
1,1_1_193_816_2018-12-03 14:38:54.851524
0,1_1_191_778_2018-12-03 14:46:37.702312
1,1_1_179_815_2018-12-03 14:48:06.614445
1,1_1_178_824_2018-12-03 14:50:34.802223
1,1_1_179_799_2018-12-03 14:51:50.002224
1,1_1_194_822_2018-12-03 15:00:06.284550
1,1_1_179_800_2018-12-03 15:05:39.863942
0,1_1_179_810_2018-12-03 15:07:28.502588
1,1_1_179_781_2018-12-03 15:11:57.658790
1,1_1_179_791_2018-12-03 15:13:34.939073
0,1_1_179_783_2018-12-03 15:14:47.761452
0,1_1_191_812_2018-12-03 15:15:07.560065
0,1_1_191_803_2018-12-03 15:15:44.652402
0,1_1_179_777_2018-12-03 15:17:51.722028
0,1_1_179_794_2018-12-03 15:21:14.428020
0,1_1_191_782_2018-12-03 15:23:05.057439
1,1_1_179_788_2018-12-03 15:23:15.359343
1,1_1_179_798_2018-12-03 15:24:51.268487
1,1_1_179_809_2018-12-03 15:26:23.498532
1,1_1_191_808_2018-12-03 15:28:30.299959
1,1_1_179_779_2018-12-03 15:28:56.266148
1,1_1_179_801_2018-12-03 15:35:34.637030
1,1_1_179_813_2018-12-03 15:36:56.348286
1,1_1_191_807_2018-12-03 15:40:03.549042
1,1_1_191_780_2018-12-03 15:40:25.106244
0,1_1_191_784_2018-12-03 15:41:29.218329
0,1_1_191_785_2018-12-03 15:42:33.687782
0,1_1_191_811_2018-12-03 15:47:52.918645
1,1_1_191_795_2018-12-03 15:48:57.657690
2,1_1_191_806_2018-12-03 15:54:13.115745
2,1_1_191_792_2018-12-03 15:56:59.978466
1,1_1_191_804_2018-12-03 15:57:46.646489
1,1_1_191_805_2018-12-03 15:57:57.397563
0,1_1_191_793_2018-12-03 15:58:11.196621
1,1_1_191_786_2018-12-03 16:09:10.943236
0,1_1_193_829_2018-12-03 19:06:39.819481
2,1_1_179_783_2018-12-03 19:57:56.197070
0,1_1_191_784_2018-12-03 19:58:13.498346
2,1_1_179_787_2018-12-03 20:23:14.280303
2,1_1_191_782_2018-12-03 20:33:28.919964
2,1_1_194_818_2018-12-03 20:59:36.144736
2,1_1_179_799_2018-12-03 21:56:42.448909
2,1_1_178_823_2018-12-03 22:49:43.775999
2,1_1_191_808_2018-12-03 23:06:08.971490
2,1_1_193_825_2018-12-04 00:07:45.196210
2,1_1_193_819_2018-12-04 00:40:36.235691
2,1_1_194_821_2018-12-04 00:53:15.308290
2,1_1_193_820_2018-12-04 01:06:25.352595
2,1_1_178_823_2018-12-04 06:38:48.002454
0,1_1_194_826_2018-12-04 13:04:52.470557
1,1_1_191_789_2018-12-04 13:45:56.003384
1,1_1_178_823_2018-12-04 13:46:17.867650
1,1_1_193_827_2018-12-04 14:02:32.679739
0,1_1_193_819_2018-12-04 14:11:16.021989
1,1_1_193_820_2018-12-04 14:14:40.961639
1,1_1_191_802_2018-12-04 14:18:33.542432
1,1_1_178_828_2018-12-04 14:25:04.989597
0,1_1_194_821_2018-12-04 14:28:46.111426
0,1_1_179_810_2018-12-04 14:33:26.453090
0,1_1_178_817_2018-12-04 14:33:35.262595
1,1_1_179_799_2018-12-04 14:37:43.005457
1,1_1_179_797_2018-12-04 14:43:06.844734
1,1_1_193_825_2018-12-04 14:46:15.765730
0,1_1_179_794_2018-12-04 14:51:05.175772
1,1_1_178_824_2018-12-04 14:53:46.975773
0,1_1_193_816_2018-12-04 15:01:02.647906
0,1_1_194_818_2018-12-04 15:01:46.726218
1,1_1_194_822_2018-12-04 15:05:17.444645
1,1_1_179_787_2018-12-04 15:08:18.094113
0,1_1_179_783_2018-12-04 15:08:44.913205
1,1_1_179_796_2018-12-04 15:11:42.399190
1,1_1_179_791_2018-12-04 15:15:16.996446
1,1_1_179_781_2018-12-04 15:20:21.260052
0,1_1_191_785_2018-12-04 15:21:55.919547
1,1_1_179_809_2018-12-04 15:25:12.018940
0,1_1_193_829_2018-12-04 15:29:03.475894
0,1_1_179_800_2018-12-04 15:34:33.421680
1,1_1_179_798_2018-12-04 15:37:04.434276
1,1_1_191_782_2018-12-04 15:45:59.870005
0,1_1_191_780_2018-12-04 15:46:23.265928
1,1_1_191_808_2018-12-04 15:46:41.103435
1,1_1_191_795_2018-12-04 15:47:34.290740
1,1_1_179_790_2018-12-04 15:48:47.790639
2,1_1_179_801_2018-12-04 15:49:06.259181
0,1_1_179_779_2018-12-04 15:49:17.743001
1,1_1_191_807_2018-12-04 15:49:45.080248
1,1_1_191_803_2018-12-04 15:52:30.639568
1,1_1_191_778_2018-12-04 15:55:35.511307
1,1_1_179_813_2018-12-04 16:01:09.872247
0,1_1_191_811_2018-12-04 16:02:15.811797
1,1_1_191_806_2018-12-04 16:09:42.284613
1,1_1_191_812_2018-12-04 16:16:00.390929
1,1_1_191_784_2018-12-04 16:23:34.989415
0,1_1_191_804_2018-12-04 16:24:38.002278
0,1_1_191_792_2018-12-04 16:31:48.632796
1,1_1_191_805_2018-12-04 16:32:57.283469
0,1_1_191_786_2018-12-04 16:33:44.028179
1,1_1_191_793_2018-12-04 16:35:37.061293
2,1_1_178_817_2018-12-04 19:16:19.828928
0,1_1_179_779_2018-12-04 19:29:38.864485
0,1_1_179_799_2018-12-04 20:03:05.271734
2,1_1_194_821_2018-12-04 20:30:18.410082
2,1_1_179_801_2018-12-04 20:30:31.483613
2,1_1_179_810_2018-12-04 20:41:14.168997
2,1_1_193_829_2018-12-04 20:47:36.164948
2,1_1_193_819_2018-12-04 21:10:49.043533
2,1_1_179_788_2018-12-04 21:19:41.950570
2,1_1_193_827_2018-12-04 21:21:16.251109
2,1_1_193_820_2018-12-04 23:35:57.929341
2,1_1_178_823_2018-12-04 23:49:05.371914
2,1_1_194_818_2018-12-04 23:51:12.590582
2,1_1_193_825_2018-12-05 00:29:09.458306
2,1_1_178_823_2018-12-05 03:19:11.644466
1,1_1_191_789_2018-12-05 13:48:04.721929
0,1_1_179_815_2018-12-05 13:53:55.082449
1,1_1_178_823_2018-12-05 13:56:47.748909
1,1_1_193_827_2018-12-05 13:57:56.021155
0,1_1_193_816_2018-12-05 14:03:18.320901
0,1_1_179_790_2018-12-05 14:04:53.474144
1,1_1_193_819_2018-12-05 14:11:54.918921
1,1_1_193_829_2018-12-05 14:13:54.629266
1,1_1_193_820_2018-12-05 14:15:47.340633
1,1_1_193_825_2018-12-05 14:20:50.042789
2,1_1_178_824_2018-12-05 14:23:25.315796
1,1_1_194_821_2018-12-05 14:23:53.989259
1,1_1_178_828_2018-12-05 14:24:05.543002
1,1_1_194_822_2018-12-05 14:25:09.179451
1,1_1_178_817_2018-12-05 14:38:37.940916
0,1_1_191_802_2018-12-05 14:44:37.734264
1,1_1_179_799_2018-12-05 14:44:48.694488
1,1_1_194_818_2018-12-05 14:51:07.612125
1,1_1_179_783_2018-12-05 14:52:03.892913
0,1_1_179_781_2018-12-05 14:57:57.006451
1,1_1_191_785_2018-12-05 14:58:40.635848
0,1_1_179_800_2018-12-05 14:59:12.980960
1,1_1_179_797_2018-12-05 15:00:58.169075
0,1_1_179_796_2018-12-05 15:01:35.326170
1,1_1_179_791_2018-12-05 15:02:27.856283
1,1_1_179_777_2018-12-05 15:02:39.485186
1,1_1_191_782_2018-12-05 15:03:29.715829
1,1_1_191_811_2018-12-05 15:06:22.184280
0,1_1_179_788_2018-12-05 15:15:35.144246
1,1_1_179_787_2018-12-05 15:20:10.673019
1,1_1_179_798_2018-12-05 15:21:26.417618
0,1_1_179_801_2018-12-05 15:22:38.573787
1,1_1_179_794_2018-12-05 15:23:09.393939
1,1_1_191_780_2018-12-05 15:23:23.504893
0,1_1_179_779_2018-12-05 15:25:15.435467
1,1_1_179_809_2018-12-05 15:25:23.133540
0,1_1_191_808_2018-12-05 15:27:33.735022
1,1_1_191_795_2018-12-05 15:29:37.625707
1,1_1_191_807_2018-12-05 15:34:30.088235
0,1_1_191_803_2018-12-05 15:35:48.980265
1,1_1_191_778_2018-12-05 15:35:53.534541
0,1_1_191_786_2018-12-05 15:39:44.137380
0,1_1_191_793_2018-12-05 15:39:54.921403
0,1_1_191_806_2018-12-05 15:40:45.278504
1,1_1_191_805_2018-12-05 15:46:18.793166
1,1_1_191_792_2018-12-05 15:50:53.526791
1,1_1_191_784_2018-12-05 15:51:04.183273
1,1_1_191_804_2018-12-05 15:58:05.912741
0,1_1_194_826_2018-12-05 16:07:50.474207
0,1_1_193_829_2018-12-05 18:50:09.040652
0,1_1_193_820_2018-12-05 18:58:59.594968
0,1_1_179_798_2018-12-05 19:45:20.263481
2,1_1_191_793_2018-12-05 19:54:21.205650
2,1_1_178_824_2018-12-05 20:00:40.438268
1,1_1_179_788_2018-12-05 20:14:01.664859
2,1_1_191_805_2018-12-05 20:47:10.949247
2,1_1_191_808_2018-12-05 20:51:09.379973
2,1_1_191_782_2018-12-05 22:02:58.918344
2,1_1_193_819_2018-12-05 23:28:08.178856
2,1_1_178_828_2018-12-05 23:37:37.704376
2,1_1_178_823_2018-12-05 23:39:01.825409
2,1_1_193_827_2018-12-05 23:42:35.989611
2,1_1_178_817_2018-12-05 23:55:11.263005
2,1_1_178_824_2018-12-06 01:31:25.786603
2,1_1_193_827_2018-12-06 02:04:43.682660
1,1_1_178_828_2018-12-06 13:15:19.381895
0,1_1_194_826_2018-12-06 13:41:54.060152
1,1_1_178_823_2018-12-06 13:47:39.205447
1,1_1_191_789_2018-12-06 13:54:34.482156
0,1_1_193_819_2018-12-06 14:13:40.209047
1,1_1_193_820_2018-12-06 14:14:48.098207
1,1_1_179_799_2018-12-06 14:25:42.011959
1,1_1_193_827_2018-12-06 14:31:36.902919
1,1_1_194_821_2018-12-06 14:32:45.561762
1,1_1_179_787_2018-12-06 14:52:59.016023
1,1_1_193_825_2018-12-06 14:55:38.084565
0,1_1_194_818_2018-12-06 14:59:47.174373
1,1_1_178_817_2018-12-06 15:01:24.583401
1,1_1_179_797_2018-12-06 15:01:40.706621
1,1_1_193_829_2018-12-06 15:01:54.253886
1,1_1_179_815_2018-12-06 15:02:20.799000
0,1_1_194_822_2018-12-06 15:06:51.115831
1,1_1_191_795_2018-12-06 15:10:33.945018
1,1_1_191_802_2018-12-06 15:13:39.354279
0,1_1_179_796_2018-12-06 15:16:13.284703
1,1_1_191_803_2018-12-06 15:17:44.615532
1,1_1_179_781_2018-12-06 15:22:18.216737
1,1_1_179_798_2018-12-06 15:26:06.343680
1,1_1_179_800_2018-12-06 15:29:09.688819
1,1_1_179_788_2018-12-06 15:30:18.102516
1,1_1_191_785_2018-12-06 15:30:54.833575
1,1_1_178_824_2018-12-06 15:33:17.033584
1,1_1_179_794_2018-12-06 15:46:14.377842
0,1_1_179_791_2018-12-06 15:48:45.248445
0,1_1_193_816_2018-12-06 15:50:09.530348
0,1_1_179_790_2018-12-06 15:52:20.287760
1,1_1_179_783_2018-12-06 15:53:01.910000
0,1_1_191_782_2018-12-06 15:55:38.090445
1,1_1_191_808_2018-12-06 16:00:17.128665
1,1_1_179_809_2018-12-06 16:02:56.625427
0,1_1_179_779_2018-12-06 16:05:38.870187
0,1_1_179_813_2018-12-06 16:06:24.091767
1,1_1_179_777_2018-12-06 16:08:03.383173
0,1_1_191_780_2018-12-06 16:09:05.746849
1,1_1_191_807_2018-12-06 16:09:09.902580
1,1_1_191_806_2018-12-06 16:14:24.273844
0,1_1_191_793_2018-12-06 16:16:53.226078
1,1_1_191_792_2018-12-06 16:20:22.644391
0,1_1_191_812_2018-12-06 16:20:47.045972
0,1_1_179_801_2018-12-06 16:22:47.645976
1,1_1_191_805_2018-12-06 16:23:40.151117
0,1_1_191_811_2018-12-06 16:29:34.778417
0,1_1_191_784_2018-12-06 16:30:47.621173
2,1_1_191_778_2018-12-06 19:46:27.289965
2,1_1_193_816_2018-12-06 20:26:24.100143
2,1_1_193_829_2018-12-06 20:34:21.614808
2,1_1_179_810_2018-12-06 20:36:52.193028
0,1_1_193_819_2018-12-06 21:08:25.756249
2,1_1_179_799_2018-12-06 22:48:00.557940
2,1_1_178_823_2018-12-06 23:42:49.648193
2,1_1_191_789_2018-12-06 23:58:41.011450
2,1_1_178_828_2018-12-07 00:20:26.825134
2,1_1_194_821_2018-12-07 00:24:38.868643
1,1_1_193_827_2018-12-07 01:13:25.202222
2,1_1_194_821_2018-12-07 06:53:51.341543
1,1_1_178_823_2018-12-07 13:46:43.259104
1,1_1_178_828_2018-12-07 14:09:14.478109
0,1_1_194_826_2018-12-07 14:25:34.037219
0,1_1_193_825_2018-12-07 15:26:49.262260
0,1_1_194_821_2018-12-07 15:34:21.239556
1,1_1_193_820_2018-12-07 15:34:39.569781
0,1_1_193_829_2018-12-07 15:46:32.687676
1,1_1_193_819_2018-12-07 16:02:01.607682
0,1_1_179_798_2018-12-07 16:10:38.060694
2,1_1_193_827_2018-12-07 16:13:04.643247
2,1_1_194_822_2018-12-07 16:29:24.158024
0,1_1_194_818_2018-12-07 16:31:51.250789
0,1_1_178_817_2018-12-07 16:35:26.641666
0,1_1_179_800_2018-12-07 16:49:40.667827
1,1_1_178_824_2018-12-07 16:51:41.154703
2,1_1_193_816_2018-12-07 16:53:08.340421
1,1_1_179_810_2018-12-07 17:08:11.672374
1,1_1_179_781_2018-12-07 17:09:36.473819
2,1_1_179_777_2018-12-07 17:19:57.505604
1,1_1_179_809_2018-12-07 17:34:24.947899
0,1_1_179_813_2018-12-07 18:02:03.126363
0,1_1_179_800_2018-12-07 19:56:35.742415
2,1_1_194_822_2018-12-07 20:36:40.867766
2,1_1_193_827_2018-12-07 20:44:25.018393
2,1_1_193_819_2018-12-07 21:11:41.727233
2,1_1_193_825_2018-12-07 21:41:42.679104
2,1_1_194_821_2018-12-07 22:23:47.654832
2,1_1_179_797_2018-12-07 22:30:38.670972
2,1_1_179_787_2018-12-07 23:41:36.682041
2,1_1_194_818_2018-12-07 23:43:13.763128
2,1_1_193_816_2018-12-07 23:50:19.589484
2,1_1_178_823_2018-12-08 01:08:11.878938
2,1_1_178_823_2018-12-08 19:41:33.993624
2,1_1_193_829_2018-12-08 20:31:22.632133
2,1_1_178_823_2018-12-08 23:01:45.231094
1,1_1_178_828_2018-12-09 16:18:05.531920
1,1_1_194_826_2018-12-10 12:16:01.040793
0,1_1_194_818_2018-12-10 13:28:50.759618
1,1_1_193_827_2018-12-10 13:36:12.305164
1,1_1_191_789_2018-12-10 13:41:18.203866
1,1_1_193_820_2018-12-10 14:08:55.492333
1,1_1_193_819_2018-12-10 14:09:24.903095
1,1_1_178_828_2018-12-10 14:09:57.071413
1,1_1_179_810_2018-12-10 14:17:19.189843
1,1_1_193_829_2018-12-10 14:21:30.579971
1,1_1_178_823_2018-12-10 14:26:52.972738
0,1_1_178_824_2018-12-10 14:27:04.838485
1,1_1_194_822_2018-12-10 14:30:30.630284
0,1_1_179_791_2018-12-10 14:33:34.806501
1,1_1_191_802_2018-12-10 14:38:57.547457
1,1_1_194_821_2018-12-10 14:40:09.189519
1,1_1_179_797_2018-12-10 14:40:49.317237
1,1_1_179_799_2018-12-10 14:44:17.495923
0,1_1_178_817_2018-12-10 14:44:24.811806
0,1_1_193_825_2018-12-10 14:46:47.826709
1,1_1_193_816_2018-12-10 14:56:12.744196
0,1_1_179_815_2018-12-10 15:01:51.925501
0,1_1_179_783_2018-12-10 15:04:15.078524
1,1_1_179_777_2018-12-10 15:11:46.108992
0,1_1_179_796_2018-12-10 15:12:30.679988
0,1_1_179_813_2018-12-10 15:12:58.723940
1,1_1_191_812_2018-12-10 15:18:21.694738
1,1_1_179_788_2018-12-10 15:22:30.495696
1,1_1_179_798_2018-12-10 15:24:39.746541
1,1_1_191_785_2018-12-10 15:26:17.194434
0,1_1_191_795_2018-12-10 15:28:54.126721
0,1_1_179_809_2018-12-10 15:30:39.118350
1,1_1_191_782_2018-12-10 15:31:29.646830
0,1_1_179_787_2018-12-10 15:32:28.418973
1,1_1_179_801_2018-12-10 15:37:59.613926
1,1_1_179_794_2018-12-10 15:38:31.658578
1,1_1_191_808_2018-12-10 15:39:15.321163
1,1_1_179_781_2018-12-10 15:48:27.846767
1,1_1_179_790_2018-12-10 15:49:15.435237
0,1_1_179_779_2018-12-10 15:50:12.325309
1,1_1_191_803_2018-12-10 15:51:26.946500
1,1_1_179_800_2018-12-10 15:52:03.573978
1,1_1_191_811_2018-12-10 15:54:29.675124
1,1_1_191_780_2018-12-10 15:55:04.008085
1,1_1_191_792_2018-12-10 15:55:44.293514
0,1_1_191_805_2018-12-10 16:00:54.036085
0,1_1_191_778_2018-12-10 16:05:11.214880
1,1_1_191_807_2018-12-10 16:06:13.084713
0,1_1_191_806_2018-12-10 16:09:13.177759
1,1_1_191_784_2018-12-10 16:11:56.736353
0,1_1_191_793_2018-12-10 16:16:51.537953
1,1_1_191_804_2018-12-10 16:17:49.888594
1,1_1_191_786_2018-12-10 16:26:10.698817
1,1_1_193_829_2018-12-10 19:27:46.769696
2,1_1_179_787_2018-12-10 20:07:12.552174
2,1_1_194_826_2018-12-10 20:10:25.473642
2,1_1_179_791_2018-12-10 20:52:52.118938
2,1_1_193_827_2018-12-10 20:56:30.481116
2,1_1_179_777_2018-12-10 21:17:39.694699
2,1_1_178_828_2018-12-10 23:23:01.600683
2,1_1_179_787_2018-12-10 23:26:44.241484
2,1_1_178_824_2018-12-11 00:45:11.201110
2,1_1_178_823_2018-12-11 01:11:26.800395
1,1_1_178_828_2018-12-11 13:46:45.734989
1,1_1_191_789_2018-12-11 13:47:56.225293
0,1_1_179_801_2018-12-11 14:00:11.774514
1,1_1_193_820_2018-12-11 14:04:03.393836
1,1_1_193_819_2018-12-11 14:11:22.503419
1,1_1_191_802_2018-12-11 14:20:22.575907
1,1_1_194_821_2018-12-11 14:25:53.544225
1,1_1_178_817_2018-12-11 14:27:15.553538
1,1_1_193_827_2018-12-11 14:28:48.111974
1,1_1_178_824_2018-12-11 14:29:29.639948
1,1_1_193_816_2018-12-11 14:30:19.721648
1,1_1_178_823_2018-12-11 14:34:17.550804
1,1_1_193_829_2018-12-11 14:39:58.710859
1,1_1_193_825_2018-12-11 14:40:48.621317
1,1_1_179_810_2018-12-11 14:45:25.220994
0,1_1_179_796_2018-12-11 14:51:25.479248
1,1_1_179_800_2018-12-11 14:54:15.391142
1,1_1_194_822_2018-12-11 14:55:59.348269
1,1_1_194_818_2018-12-11 14:56:07.340184
1,1_1_179_815_2018-12-11 14:58:22.749466
1,1_1_179_791_2018-12-11 15:03:34.991598
1,1_1_179_777_2018-12-11 15:11:21.683170
1,1_1_179_781_2018-12-11 15:14:06.210880
1,1_1_179_797_2018-12-11 15:14:34.299572
1,1_1_179_809_2018-12-11 15:17:34.210083
1,1_1_179_787_2018-12-11 15:19:19.640522
1,1_1_191_812_2018-12-11 15:23:52.472447
1,1_1_191_785_2018-12-11 15:25:53.200387
0,1_1_179_783_2018-12-11 15:27:10.265944
1,1_1_179_788_2018-12-11 15:32:57.530927
0,1_1_179_794_2018-12-11 15:34:58.251541
0,1_1_179_798_2018-12-11 15:35:15.950839
1,1_1_179_813_2018-12-11 15:37:24.190517
1,1_1_191_795_2018-12-11 15:39:35.770516
1,1_1_191_782_2018-12-11 15:41:47.854388
1,1_1_179_790_2018-12-11 15:42:20.020894
1,1_1_179_779_2018-12-11 15:42:42.867379
0,1_1_191_807_2018-12-11 15:47:30.591037
1,1_1_191_811_2018-12-11 15:55:05.131431
2,1_1_191_806_2018-12-11 16:06:15.153100
0,1_1_191_793_2018-12-11 16:10:56.401381
1,1_1_191_786_2018-12-11 16:11:07.371312
1,1_1_191_784_2018-12-11 16:11:26.986709
1,1_1_191_792_2018-12-11 16:14:54.831938
0,1_1_191_805_2018-12-11 16:19:32.784466
0,1_1_191_804_2018-12-11 16:27:40.781175
1,1_1_191_808_2018-12-11 16:31:07.802607
1,1_1_191_806_2018-12-11 17:43:07.656013
0,1_1_191_803_2018-12-11 17:51:25.989332
2,1_1_178_828_2018-12-11 19:06:56.690778
2,1_1_179_809_2018-12-11 19:51:11.081781
2,1_1_179_783_2018-12-11 20:08:16.440350
2,1_1_191_807_2018-12-11 20:13:17.140488
0,1_1_191_793_2018-12-11 20:36:12.957377
2,1_1_178_828_2018-12-11 20:42:46.248738
2,1_1_191_804_2018-12-11 20:47:14.589967
2,1_1_179_788_2018-12-11 21:08:15.075403
2,1_1_179_799_2018-12-11 22:07:05.966913
2,1_1_191_784_2018-12-11 22:58:51.330033
2,1_1_194_821_2018-12-11 23:03:08.012415
2,1_1_193_819_2018-12-11 23:23:59.172292
2,1_1_179_810_2018-12-11 23:30:02.915964
2,1_1_179_813_2018-12-11 23:31:08.321594
2,1_1_178_823_2018-12-11 23:48:05.383152
2,1_1_193_819_2018-12-12 01:05:11.974593
0,1_1_191_802_2018-12-12 13:25:39.279346
1,1_1_178_823_2018-12-12 13:43:54.569966
1,1_1_191_789_2018-12-12 13:49:23.569354
1,1_1_193_827_2018-12-12 14:01:04.497469
1,1_1_193_820_2018-12-12 14:06:24.764858
1,1_1_193_819_2018-12-12 14:09:40.866495
1,1_1_193_825_2018-12-12 14:15:46.671329
0,1_1_178_828_2018-12-12 14:17:57.316405
1,1_1_194_826_2018-12-12 14:23:20.908725
1,1_1_194_821_2018-12-12 14:25:06.059833
1,1_1_179_787_2018-12-12 14:32:49.049025
0,1_1_193_829_2018-12-12 14:38:01.710486
1,1_1_179_799_2018-12-12 14:41:12.459846
1,1_1_191_785_2018-12-12 14:52:34.802565
0,1_1_194_822_2018-12-12 14:52:53.851154
1,1_1_178_817_2018-12-12 14:53:30.930420
1,1_1_178_824_2018-12-12 14:56:47.843760
0,1_1_194_818_2018-12-12 14:59:04.062816
1,1_1_179_815_2018-12-12 15:01:43.482107
0,1_1_179_791_2018-12-12 15:04:25.643006
0,1_1_193_816_2018-12-12 15:09:04.513442
1,1_1_179_783_2018-12-12 15:12:20.164228
1,1_1_179_809_2018-12-12 15:14:20.503999
0,1_1_179_781_2018-12-12 15:18:06.034839
0,1_1_179_777_2018-12-12 15:19:25.262159
0,1_1_179_796_2018-12-12 15:21:41.683998
1,1_1_191_780_2018-12-12 15:23:27.532058
0,1_1_179_779_2018-12-12 15:23:43.964528
0,1_1_179_801_2018-12-12 15:26:18.174356
1,1_1_191_811_2018-12-12 15:27:29.769579
0,1_1_179_797_2018-12-12 15:27:57.641220
0,1_1_179_788_2018-12-12 15:34:17.006276
0,1_1_179_798_2018-12-12 15:37:04.948991
1,1_1_179_794_2018-12-12 15:38:15.024036
0,1_1_179_790_2018-12-12 15:41:00.856361
1,1_1_179_813_2018-12-12 15:41:08.317753
0,1_1_179_800_2018-12-12 15:42:19.825418
1,1_1_191_795_2018-12-12 15:43:47.246040
1,1_1_191_803_2018-12-12 15:44:31.686964
1,1_1_191_782_2018-12-12 15:46:03.523198
1,1_1_191_792_2018-12-12 15:51:43.769542
1,1_1_191_807_2018-12-12 15:52:07.973098
1,1_1_191_806_2018-12-12 15:59:44.182647
1,1_1_191_804_2018-12-12 16:08:53.396374
1,1_1_191_784_2018-12-12 16:09:48.396078
1,1_1_191_786_2018-12-12 16:09:51.805692
2,1_1_191_778_2018-12-12 16:11:25.406819
1,1_1_191_808_2018-12-12 16:13:46.688537
1,1_1_191_805_2018-12-12 16:14:44.474938
2,1_1_191_802_2018-12-12 19:24:03.619139
1,1_1_194_822_2018-12-12 19:29:44.070065
1,1_1_193_825_2018-12-12 19:35:06.387804
2,1_1_179_798_2018-12-12 19:49:40.886729
0,1_1_191_812_2018-12-12 19:53:36.288957
2,1_1_179_797_2018-12-12 20:02:18.032253
1,1_1_179_781_2018-12-12 20:07:44.575088
2,1_1_179_790_2018-12-12 20:38:00.977478
2,1_1_191_778_2018-12-12 20:57:46.982592
2,1_1_193_816_2018-12-12 23:28:13.741076
2,1_1_193_819_2018-12-12 23:29:01.939020
2,1_1_178_828_2018-12-12 23:47:19.329398
2,1_1_178_828_2018-12-13 01:15:31.899015
2,1_1_191_793_2018-12-13 01:30:42.629758
2,1_1_178_823_2018-12-13 02:39:37.753956
1,1_1_179_799_2018-12-13 13:19:03.316857
1,1_1_191_789_2018-12-13 13:44:23.289837
1,1_1_178_823_2018-12-13 13:47:22.639674
1,1_1_178_828_2018-12-13 13:49:30.830134
1,1_1_193_819_2018-12-13 14:10:49.353071
1,1_1_193_827_2018-12-13 14:15:42.432774
0,1_1_194_822_2018-12-13 14:16:57.925637
1,1_1_193_820_2018-12-13 14:20:43.294722
0,1_1_178_817_2018-12-13 14:23:05.739230
1,1_1_193_829_2018-12-13 14:27:30.279715
1,1_1_179_787_2018-12-13 14:27:37.331585
1,1_1_193_825_2018-12-13 14:54:23.157213
0,1_1_191_780_2018-12-13 14:56:27.396451
1,1_1_178_824_2018-12-13 14:57:06.554315
0,1_1_194_826_2018-12-13 14:57:29.296057
1,1_1_191_802_2018-12-13 14:59:22.386075
1,1_1_194_821_2018-12-13 15:00:17.758521
1,1_1_179_810_2018-12-13 15:02:00.216951
0,1_1_193_816_2018-12-13 15:11:10.315899
1,1_1_179_798_2018-12-13 15:12:19.289472
0,1_1_179_783_2018-12-13 15:17:50.074525
0,1_1_179_797_2018-12-13 15:20:19.997482
1,1_1_179_800_2018-12-13 15:21:46.126160
0,1_1_194_818_2018-12-13 15:22:30.380218
1,1_1_179_781_2018-12-13 15:25:14.830064
1,1_1_191_785_2018-12-13 15:26:43.605108
0,1_1_191_803_2018-12-13 15:30:39.489520
1,1_1_191_812_2018-12-13 15:32:27.716111
1,1_1_179_815_2018-12-13 15:33:14.697250
0,1_1_179_794_2018-12-13 15:38:34.237415
1,1_1_191_795_2018-12-13 15:39:34.298294
1,1_1_191_808_2018-12-13 15:44:00.998089
0,1_1_179_809_2018-12-13 15:58:39.590062
2,1_1_179_777_2018-12-13 16:04:05.084213
0,1_1_179_796_2018-12-13 16:10:09.551191
1,1_1_191_778_2018-12-13 16:10:58.020211
1,1_1_191_805_2018-12-13 16:11:50.539753
0,1_1_179_790_2018-12-13 16:11:52.815011
1,1_1_179_779_2018-12-13 16:14:14.241112
1,1_1_191_782_2018-12-13 16:14:33.200816
2,1_1_191_786_2018-12-13 16:25:17.602860
0,1_1_191_811_2018-12-13 16:25:17.931298
1,1_1_179_788_2018-12-13 16:34:46.639410
1,1_1_191_784_2018-12-13 16:42:26.180753
2,1_1_191_793_2018-12-13 16:55:15.796676
1,1_1_191_792_2018-12-13 16:57:20.228964
0,1_1_191_804_2018-12-13 17:00:46.249079
0,1_1_191_793_2018-12-13 18:37:51.014635
0,1_1_179_794_2018-12-13 19:49:55.283553
0,1_1_179_801_2018-12-13 19:50:00.094046
2,1_1_179_777_2018-12-13 20:27:25.950555
2,1_1_178_828_2018-12-13 20:49:35.539635
2,1_1_194_821_2018-12-13 20:50:13.908737
2,1_1_193_827_2018-12-13 21:17:45.379790
2,1_1_178_817_2018-12-13 21:19:29.608291
2,1_1_178_823_2018-12-13 23:45:42.058296
2,1_1_193_827_2018-12-13 23:58:59.702295
2,1_1_193_820_2018-12-14 00:49:55.203958
1,1_1_178_824_2018-12-14 01:14:09.023892
1,1_1_178_823_2018-12-14 13:42:53.906848
1,1_1_191_789_2018-12-14 13:51:17.163322
1,1_1_193_829_2018-12-14 14:09:53.386453
1,1_1_193_819_2018-12-14 14:10:09.224263
1,1_1_193_827_2018-12-14 14:19:18.677881
1,1_1_178_828_2018-12-14 14:22:52.454565
0,1_1_179_796_2018-12-14 14:24:32.764731
1,1_1_178_817_2018-12-14 14:25:14.993781
1,1_1_193_820_2018-12-14 14:29:42.853689
1,1_1_191_802_2018-12-14 14:39:59.703484
0,1_1_179_810_2018-12-14 14:47:28.274392
0,1_1_191_780_2018-12-14 14:52:20.327504
0,1_1_194_826_2018-12-14 14:53:36.515379
0,1_1_193_825_2018-12-14 14:56:44.211811
0,1_1_193_816_2018-12-14 14:58:05.770811
0,1_1_194_818_2018-12-14 14:58:50.888632
0,1_1_179_799_2018-12-14 15:02:25.739078
0,1_1_178_824_2018-12-14 15:04:50.980237
0,1_1_179_809_2018-12-14 15:05:46.930138
1,1_1_179_791_2018-12-14 15:09:04.218463
2,1_1_194_821_2018-12-14 15:15:51.091903
0,1_1_179_813_2018-12-14 15:24:34.371604
1,1_1_191_785_2018-12-14 15:26:19.509261
1,1_1_179_781_2018-12-14 15:30:21.690843
0,1_1_194_822_2018-12-14 15:30:36.751358
1,1_1_179_777_2018-12-14 15:30:45.018710
1,1_1_179_794_2018-12-14 15:31:48.000384
0,1_1_179_788_2018-12-14 15:31:51.808042
0,1_1_191_803_2018-12-14 15:33:32.321199
0,1_1_179_800_2018-12-14 15:35:56.859403
2,1_1_191_808_2018-12-14 15:38:01.656722
1,1_1_191_795_2018-12-14 15:38:46.118528
1,1_1_191_812_2018-12-14 15:38:57.640480
0,1_1_179_798_2018-12-14 15:39:26.931056
1,1_1_179_783_2018-12-14 15:40:41.433182
0,1_1_191_778_2018-12-14 15:41:20.733553
1,1_1_179_787_2018-12-14 15:43:47.730128
1,1_1_179_797_2018-12-14 15:47:42.893340
1,1_1_191_811_2018-12-14 15:50:36.847220
1,1_1_191_782_2018-12-14 15:54:31.170837
0,1_1_179_801_2018-12-14 15:55:15.914344
1,1_1_191_792_2018-12-14 16:01:18.843173
1,1_1_179_779_2018-12-14 16:02:09.082232
2,1_1_179_790_2018-12-14 16:02:56.802271
1,1_1_191_807_2018-12-14 16:07:56.062987
0,1_1_191_784_2018-12-14 16:09:04.011431
1,1_1_191_806_2018-12-14 16:10:12.970866
0,1_1_191_804_2018-12-14 16:11:42.200633
1,1_1_191_805_2018-12-14 16:12:13.447715
1,1_1_191_793_2018-12-14 16:20:58.302028
0,1_1_191_786_2018-12-14 16:24:56.983526
2,1_1_193_827_2018-12-14 19:16:53.839922
2,1_1_193_829_2018-12-14 19:42:40.678115
2,1_1_194_821_2018-12-14 20:56:20.070653
2,1_1_179_790_2018-12-14 21:13:20.587599
2,1_1_179_815_2018-12-14 21:38:16.951661
2,1_1_179_800_2018-12-14 21:45:35.188565
2,1_1_179_810_2018-12-14 21:55:53.272632
2,1_1_179_813_2018-12-14 22:33:34.985685
2,1_1_193_820_2018-12-14 23:18:37.406205
2,1_1_193_819_2018-12-14 23:52:23.339288
2,1_1_178_823_2018-12-15 01:06:20.651378
2,1_1_194_822_2018-12-15 03:19:23.178757
0,1_1_178_823_2018-12-15 13:48:04.480943
0,1_1_194_826_2018-12-15 16:00:07.706246
2,1_1_178_828_2018-12-15 16:47:33.810766
2,1_1_179_815_2018-12-15 21:37:29.490899
2,1_1_178_828_2018-12-15 22:12:59.697677
2,1_1_194_822_2018-12-16 19:45:36.305438
2,1_1_178_828_2018-12-16 21:50:04.615596
1,1_1_191_789_2018-12-17 13:42:52.776799
0,1_1_179_809_2018-12-17 13:44:46.403791
1,1_1_178_823_2018-12-17 13:48:56.023287
1,1_1_178_828_2018-12-17 14:00:31.183729
1,1_1_193_829_2018-12-17 14:00:54.592057
1,1_1_193_827_2018-12-17 14:07:46.944895
1,1_1_193_819_2018-12-17 14:11:53.333872
0,1_1_191_802_2018-12-17 14:21:04.094524
1,1_1_193_820_2018-12-17 14:26:56.312885
1,1_1_194_822_2018-12-17 14:27:19.552183
1,1_1_194_821_2018-12-17 14:35:57.937768
1,1_1_179_810_2018-12-17 14:36:58.991116
1,1_1_193_825_2018-12-17 14:41:33.339607
1,1_1_179_783_2018-12-17 14:44:27.477811
1,1_1_178_817_2018-12-17 14:52:20.217758
0,1_1_179_799_2018-12-17 14:54:13.459985
0,1_1_178_824_2018-12-17 14:56:03.488455
1,1_1_191_785_2018-12-17 14:58:47.251833
1,1_1_193_816_2018-12-17 15:00:14.869549
0,1_1_179_800_2018-12-17 15:05:43.087533
1,1_1_179_787_2018-12-17 15:08:29.979567
1,1_1_179_798_2018-12-17 15:12:27.958097
1,1_1_179_777_2018-12-17 15:13:53.467538
0,1_1_179_797_2018-12-17 15:15:54.189477
1,1_1_179_815_2018-12-17 15:16:17.127708
1,1_1_191_812_2018-12-17 15:16:28.628501
1,1_1_179_791_2018-12-17 15:16:43.497784
1,1_1_179_788_2018-12-17 15:22:45.479040
0,1_1_179_801_2018-12-17 15:23:44.177040
1,1_1_191_780_2018-12-17 15:23:50.376723
1,1_1_179_794_2018-12-17 15:25:16.557226
0,1_1_191_808_2018-12-17 15:28:20.308482
0,1_1_191_803_2018-12-17 15:29:57.329232
0,1_1_179_779_2018-12-17 15:34:49.443958
0,1_1_179_790_2018-12-17 15:35:44.738242
0,1_1_179_813_2018-12-17 15:37:33.339290
1,1_1_191_795_2018-12-17 15:39:58.671758
0,1_1_191_811_2018-12-17 15:46:32.072031
0,1_1_191_782_2018-12-17 15:47:47.481814
0,1_1_191_793_2018-12-17 15:48:26.662452
1,1_1_191_807_2018-12-17 15:50:52.982908
1,1_1_191_805_2018-12-17 15:56:29.882272
1,1_1_191_784_2018-12-17 15:58:16.783285
0,1_1_191_792_2018-12-17 16:07:52.923822
2,1_1_191_778_2018-12-17 16:08:24.552961
0,1_1_191_806_2018-12-17 16:08:55.570573
0,1_1_191_786_2018-12-17 16:09:56.386746
0,1_1_179_790_2018-12-17 19:55:14.545440
2,1_1_179_794_2018-12-17 20:37:03.184688
2,1_1_179_813_2018-12-17 20:45:11.585563
0,1_1_193_829_2018-12-17 20:55:00.537205
2,1_1_191_778_2018-12-17 21:01:51.854927
2,1_1_179_797_2018-12-17 21:37:45.135729
2,1_1_191_793_2018-12-17 22:30:59.302673
2,1_1_179_791_2018-12-17 22:45:26.428204
2,1_1_191_804_2018-12-17 23:17:40.842183
2,1_1_179_783_2018-12-17 23:18:27.249476
2,1_1_194_818_2018-12-17 23:38:24.127983
2,1_1_193_819_2018-12-17 23:47:09.795285
2,1_1_194_821_2018-12-18 00:18:24.052428
2,1_1_193_827_2018-12-18 00:43:05.170137
2,1_1_178_823_2018-12-18 01:30:56.601596
2,1_1_194_821_2018-12-18 05:54:36.408011
1,1_1_191_789_2018-12-18 13:44:23.524604
1,1_1_178_823_2018-12-18 13:46:16.143113
0,1_1_179_801_2018-12-18 14:01:54.216069
0,1_1_194_826_2018-12-18 14:04:10.909992
1,1_1_178_828_2018-12-18 14:05:11.581586
0,1_1_194_818_2018-12-18 14:05:48.561880
1,1_1_193_819_2018-12-18 14:12:00.519577
1,1_1_193_829_2018-12-18 14:22:26.156648
1,1_1_193_820_2018-12-18 14:24:47.433665
1,1_1_191_785_2018-12-18 14:28:22.190091
1,1_1_179_787_2018-12-18 14:29:56.160000
1,1_1_194_822_2018-12-18 14:30:12.759131
1,1_1_179_810_2018-12-18 14:33:52.859466
2,1_1_194_821_2018-12-18 14:38:15.501583
1,1_1_178_824_2018-12-18 14:47:26.339117
0,1_1_193_816_2018-12-18 14:53:32.569864
1,1_1_179_813_2018-12-18 14:56:02.423833
0,1_1_179_797_2018-12-18 14:56:11.582869
1,1_1_179_800_2018-12-18 14:58:25.323341
0,1_1_179_781_2018-12-18 15:04:30.616373
0,1_1_193_825_2018-12-18 15:08:43.688562
1,1_1_179_798_2018-12-18 15:10:57.245209
0,1_1_179_794_2018-12-18 15:11:48.428043
0,1_1_179_790_2018-12-18 15:15:11.154510
1,1_1_179_809_2018-12-18 15:17:18.291036
0,1_1_179_779_2018-12-18 15:17:32.934999
1,1_1_191_812_2018-12-18 15:20:08.825923
0,1_1_179_815_2018-12-18 15:21:28.062939
1,1_1_191_780_2018-12-18 15:23:16.817785
1,1_1_191_802_2018-12-18 15:26:13.074869
1,1_1_191_806_2018-12-18 15:26:48.875780
1,1_1_191_782_2018-12-18 15:27:49.062105
1,1_1_191_795_2018-12-18 15:28:40.213366
0,1_1_191_807_2018-12-18 15:29:00.008199
0,1_1_191_808_2018-12-18 15:30:21.783825
0,1_1_191_778_2018-12-18 15:30:38.684383
0,1_1_179_788_2018-12-18 15:33:16.353950
1,1_1_191_803_2018-12-18 15:34:59.925419
0,1_1_191_805_2018-12-18 15:36:07.650711
2,1_1_191_804_2018-12-18 15:40:21.392818
0,1_1_191_811_2018-12-18 15:44:46.835491
1,1_1_191_792_2018-12-18 15:47:31.223779
1,1_1_191_786_2018-12-18 15:48:39.114734
0,1_1_191_784_2018-12-18 15:53:48.485044
1,1_1_191_793_2018-12-18 15:54:01.278852
2,1_1_194_821_2018-12-18 19:31:19.083062
0,1_1_193_829_2018-12-18 19:32:14.207184
1,1_1_179_779_2018-12-18 20:05:36.859330
0,1_1_191_804_2018-12-18 20:11:04.923791
2,1_1_179_796_2018-12-18 21:59:32.285196
2,1_1_191_808_2018-12-18 22:45:25.009980
2,1_1_179_783_2018-12-18 23:17:39.694103
2,1_1_179_813_2018-12-18 23:32:40.070388
2,1_1_193_827_2018-12-18 23:33:55.040561
2,1_1_178_828_2018-12-18 23:40:20.326112
2,1_1_178_823_2018-12-19 00:27:01.365896
2,1_1_194_821_2018-12-19 00:55:06.547824
2,1_1_193_820_2018-12-19 02:54:48.474986
2,1_1_178_823_2018-12-19 03:12:55.602867
0,1_1_194_826_2018-12-19 13:15:02.795441
0,1_1_179_799_2018-12-19 13:18:47.984019
1,1_1_193_825_2018-12-19 13:39:47.529566
0,1_1_178_823_2018-12-19 13:43:14.281293
1,1_1_191_789_2018-12-19 13:49:42.867376
0,1_1_179_809_2018-12-19 13:59:47.537320
0,1_1_178_828_2018-12-19 14:11:18.288636
1,1_1_193_819_2018-12-19 14:11:51.849066
1,1_1_193_820_2018-12-19 14:12:24.576985
1,1_1_193_827_2018-12-19 14:19:50.847360
1,1_1_193_829_2018-12-19 14:25:10.783407
1,1_1_194_822_2018-12-19 14:29:05.387036
0,1_1_179_810_2018-12-19 14:36:37.572893
0,1_1_194_821_2018-12-19 14:39:53.944672
0,1_1_194_818_2018-12-19 14:45:55.639402
1,1_1_178_824_2018-12-19 14:52:16.974307
1,1_1_178_817_2018-12-19 14:53:57.213447
0,1_1_179_783_2018-12-19 14:57:07.405672
0,1_1_193_816_2018-12-19 14:57:28.772723
0,1_1_179_813_2018-12-19 14:59:27.180117
1,1_1_179_777_2018-12-19 15:01:26.637138
1,1_1_179_796_2018-12-19 15:02:28.395880
1,1_1_179_788_2018-12-19 15:05:18.765539
1,1_1_179_797_2018-12-19 15:05:58.025486
0,1_1_179_791_2018-12-19 15:06:43.236087
1,1_1_191_811_2018-12-19 15:09:13.766601
1,1_1_179_794_2018-12-19 15:16:59.304264
1,1_1_179_798_2018-12-19 15:19:17.662174
1,1_1_179_801_2018-12-19 15:21:06.666191
1,1_1_191_785_2018-12-19 15:23:28.043315
1,1_1_191_812_2018-12-19 15:27:25.996305
0,1_1_179_787_2018-12-19 15:28:06.842316
0,1_1_191_803_2018-12-19 15:36:21.957415
2,1_1_179_779_2018-12-19 15:36:31.804767
1,1_1_191_795_2018-12-19 15:36:52.046986
1,1_1_179_790_2018-12-19 15:37:26.973339
1,1_1_191_805_2018-12-19 15:42:21.601239
1,1_1_191_780_2018-12-19 15:45:20.507148
1,1_1_191_792_2018-12-19 15:51:31.441771
1,1_1_191_782_2018-12-19 15:59:59.644302
0,1_1_191_807_2018-12-19 16:00:34.757034
2,1_1_191_778_2018-12-19 16:07:03.487554
1,1_1_191_808_2018-12-19 16:09:17.970050
1,1_1_191_784_2018-12-19 16:16:31.577172
0,1_1_191_793_2018-12-19 16:17:47.509402
1,1_1_191_804_2018-12-19 16:30:20.131647
0,1_1_179_800_2018-12-19 17:07:45.917998
0,1_1_191_778_2018-12-19 19:02:40.753364
0,1_1_179_783_2018-12-19 19:09:31.557049
0,1_1_178_828_2018-12-19 19:37:39.205403
1,1_1_179_781_2018-12-19 19:47:26.403180
1,1_1_179_794_2018-12-19 20:11:13.645210
2,1_1_179_787_2018-12-19 20:18:56.256462
2,1_1_194_818_2018-12-19 20:40:43.303350
2,1_1_193_825_2018-12-19 22:43:16.640415
2,1_1_194_822_2018-12-19 22:57:54.208518
2,1_1_178_823_2018-12-19 22:59:23.964726
2,1_1_194_818_2018-12-19 23:21:53.744876
2,1_1_194_821_2018-12-20 00:08:20.514558
2,1_1_179_779_2018-12-20 00:08:29.736446
2,1_1_193_827_2018-12-20 00:48:54.564875
1,1_1_193_819_2018-12-20 01:04:54.084532
2,1_1_193_820_2018-12-20 01:18:39.142458
1,1_1_193_827_2018-12-20 13:05:57.036434
1,1_1_191_789_2018-12-20 13:43:12.813640
1,1_1_178_823_2018-12-20 13:45:04.004270
1,1_1_178_828_2018-12-20 13:57:06.564452
0,1_1_194_826_2018-12-20 13:58:35.135616
1,1_1_193_819_2018-12-20 14:11:12.024800
1,1_1_193_820_2018-12-20 14:11:17.119628
0,1_1_178_824_2018-12-20 14:15:41.025599
1,1_1_193_829_2018-12-20 14:20:18.331246
1,1_1_179_787_2018-12-20 14:28:44.162112
1,1_1_194_822_2018-12-20 14:31:03.335061
1,1_1_193_825_2018-12-20 14:31:24.526898
1,1_1_194_821_2018-12-20 14:39:39.644520
1,1_1_179_797_2018-12-20 14:39:40.555416
1,1_1_178_817_2018-12-20 14:39:57.165448
0,1_1_179_815_2018-12-20 14:50:55.342525
1,1_1_179_798_2018-12-20 14:56:34.586524
1,1_1_191_812_2018-12-20 15:02:20.204843
0,1_1_179_779_2018-12-20 15:07:06.475353
0,1_1_193_816_2018-12-20 15:07:31.494283
1,1_1_179_777_2018-12-20 15:18:14.657268
0,1_1_179_794_2018-12-20 15:19:44.487151
0,1_1_194_818_2018-12-20 15:23:37.288018
0,1_1_179_813_2018-12-20 15:25:58.989865
0,1_1_179_810_2018-12-20 15:29:32.986833
0,1_1_191_803_2018-12-20 15:30:50.362425
1,1_1_191_785_2018-12-20 15:34:23.350989
2,1_1_191_808_2018-12-20 15:36:03.378801
1,1_1_179_788_2018-12-20 15:36:22.660122
2,1_1_191_795_2018-12-20 15:38:30.011883
1,1_1_191_782_2018-12-20 15:40:01.199386
1,1_1_179_791_2018-12-20 15:40:08.798075
0,1_1_179_800_2018-12-20 15:40:27.059926
1,1_1_179_781_2018-12-20 15:47:22.708326
0,1_1_179_783_2018-12-20 15:49:47.687926
0,1_1_191_811_2018-12-20 15:49:56.938120
2,1_1_179_796_2018-12-20 15:53:57.494329
0,1_1_179_809_2018-12-20 15:57:13.097259
2,1_1_179_801_2018-12-20 15:59:20.078333
0,1_1_179_790_2018-12-20 16:00:37.817111
1,1_1_191_802_2018-12-20 16:02:12.206266
2,1_1_191_792_2018-12-20 16:03:04.952161
1,1_1_191_805_2018-12-20 16:04:09.586636
1,1_1_191_780_2018-12-20 16:07:39.845655
0,1_1_191_806_2018-12-20 16:15:03.695538
1,1_1_191_804_2018-12-20 16:24:01.485324
1,1_1_191_784_2018-12-20 16:25:07.606673
0,1_1_191_793_2018-12-20 16:48:11.787701
2,1_1_191_786_2018-12-20 16:57:47.396590
0,1_1_179_801_2018-12-20 17:36:48.031668
1,1_1_191_792_2018-12-20 19:03:02.565070
1,1_1_194_818_2018-12-20 19:15:31.866272
1,1_1_193_827_2018-12-20 19:55:03.538254
2,1_1_191_806_2018-12-20 20:11:14.566212
0,1_1_179_810_2018-12-20 20:19:47.038889
0,1_1_179_801_2018-12-20 20:34:08.093180
2,1_1_179_779_2018-12-20 20:41:32.705234
2,1_1_191_808_2018-12-20 20:53:21.015475
0,1_1_179_794_2018-12-20 21:23:43.883804
0,1_1_191_795_2018-12-20 21:29:09.204809
2,1_1_191_778_2018-12-20 21:29:58.794091
2,1_1_191_786_2018-12-20 22:09:49.632198
2,1_1_178_824_2018-12-20 23:17:43.583990
2,1_1_179_796_2018-12-20 23:33:10.830792
2,1_1_193_825_2018-12-20 23:33:23.109057
2,1_1_193_820_2018-12-20 23:36:46.562255
2,1_1_178_823_2018-12-20 23:42:48.149531
2,1_1_178_817_2018-12-21 01:31:40.893154
0,1_1_194_826_2018-12-21 13:29:36.907220
0,1_1_178_823_2018-12-21 13:44:39.842935
1,1_1_194_822_2018-12-21 13:47:02.884047
1,1_1_193_825_2018-12-21 14:48:12.796699
0,1_1_193_827_2018-12-21 14:59:30.064843
0,1_1_179_800_2018-12-21 15:01:26.026205
1,1_1_194_821_2018-12-21 15:41:37.400312
0,1_1_178_828_2018-12-21 15:54:00.951176
2,1_1_193_820_2018-12-21 16:01:14.210272
1,1_1_179_809_2018-12-21 17:08:16.513644
0,1_1_193_829_2018-12-21 18:49:30.195674
2,1_1_193_819_2018-12-21 19:13:49.744560
2,1_1_178_824_2018-12-21 19:45:26.262986
2,1_1_193_827_2018-12-21 19:59:46.684549
0,1_1_179_798_2018-12-21 20:04:48.560432
2,1_1_193_820_2018-12-21 21:11:49.146091
2,1_1_193_819_2018-12-21 22:16:10.750637
2,1_1_179_787_2018-12-22 00:06:26.081175
1,1_1_194_821_2018-12-24 13:32:36.932592
2,1_1_178_824_2018-12-25 19:22:50.701057
1,1_1_194_821_2018-12-26 07:34:43.116838
1,1_1_178_828_2018-12-26 11:53:40.735531
1,1_1_191_789_2018-12-26 13:51:29.414436
1,1_1_194_822_2018-12-26 14:10:47.897949
1,1_1_178_817_2018-12-26 14:25:41.495406
1,1_1_193_827_2018-12-26 14:26:48.136593
1,1_1_193_820_2018-12-26 14:31:21.186012
0,1_1_179_799_2018-12-26 14:47:48.575664
0,1_1_193_825_2018-12-26 14:51:11.205927
1,1_1_178_823_2018-12-26 14:53:26.120138
0,1_1_179_797_2018-12-26 14:57:14.595697
1,1_1_193_819_2018-12-26 15:11:08.987806
0,1_1_179_800_2018-12-26 15:21:57.782568
1,1_1_179_815_2018-12-26 15:42:46.771916
0,1_1_179_783_2018-12-26 15:55:09.460630
2,1_1_179_781_2018-12-26 16:04:51.253366
1,1_1_191_785_2018-12-26 16:08:56.199030
0,1_1_178_824_2018-12-26 16:28:54.725184
0,1_1_194_818_2018-12-26 16:49:04.189072
0,1_1_179_809_2018-12-26 17:04:40.379423
0,1_1_179_798_2018-12-26 17:14:30.682182
1,1_1_191_795_2018-12-26 17:45:06.908931
0,1_1_179_813_2018-12-26 17:56:52.177660
0,1_1_193_816_2018-12-26 18:20:51.021391
0,1_1_194_821_2018-12-26 18:41:44.616526
2,1_1_194_826_2018-12-26 18:47:50.573700
2,1_1_193_829_2018-12-26 18:59:00.755841
2,1_1_178_828_2018-12-26 21:54:02.551922
2,1_1_193_829_2018-12-26 21:56:04.893500
2,1_1_194_822_2018-12-26 21:59:30.355797
2,1_1_193_819_2018-12-27 00:37:53.154350
2,1_1_179_787_2018-12-27 01:45:49.440678
2,1_1_178_823_2018-12-27 02:11:49.441387
2,1_1_193_819_2018-12-27 02:45:10.105195
1,1_1_178_828_2018-12-27 11:57:05.563297
1,1_1_193_829_2018-12-27 13:19:14.794949
1,1_1_194_821_2018-12-27 13:48:32.995716
0,1_1_179_799_2018-12-27 13:50:52.123950
1,1_1_178_817_2018-12-27 14:25:44.661374
1,1_1_193_827_2018-12-27 14:30:55.607892
1,1_1_178_823_2018-12-27 14:35:45.619405
0,1_1_194_818_2018-12-27 14:52:36.810838
0,1_1_179_797_2018-12-27 14:57:17.952048
0,1_1_193_820_2018-12-27 15:05:25.528482
0,1_1_193_819_2018-12-27 15:24:16.554308
2,1_1_178_824_2018-12-27 15:29:19.551443
0,1_1_179_783_2018-12-27 15:29:20.422903
0,1_1_179_815_2018-12-27 15:30:33.571520
1,1_1_179_798_2018-12-27 15:40:07.890363
0,1_1_194_826_2018-12-27 15:41:06.595879
1,1_1_191_785_2018-12-27 15:44:45.715844
0,1_1_191_812_2018-12-27 15:58:26.711356
1,1_1_194_822_2018-12-27 16:05:55.817963
0,1_1_193_816_2018-12-27 16:06:35.804706
0,1_1_179_800_2018-12-27 16:07:59.836672
2,1_1_179_791_2018-12-27 16:20:12.086682
1,1_1_193_825_2018-12-27 16:52:40.939155
1,1_1_179_809_2018-12-27 17:07:21.364601
0,1_1_179_781_2018-12-27 17:08:48.557965
0,1_1_179_794_2018-12-27 17:42:20.746667
2,1_1_179_796_2018-12-27 17:42:24.414581
1,1_1_191_795_2018-12-27 17:43:07.982185
0,1_1_179_788_2018-12-27 17:49:37.179379
2,1_1_179_787_2018-12-27 18:15:58.597614
0,1_1_178_824_2018-12-27 19:21:25.776664
2,1_1_193_816_2018-12-27 20:19:58.926824
2,1_1_179_777_2018-12-27 21:26:46.576525
2,1_1_179_813_2018-12-27 21:29:39.562863
2,1_1_178_828_2018-12-27 22:02:30.932242
2,1_1_179_800_2018-12-27 22:07:15.546010
2,1_1_194_821_2018-12-27 22:36:59.833657
2,1_1_194_826_2018-12-27 23:40:33.857047
2,1_1_178_823_2018-12-28 00:40:39.118283
1,1_1_191_789_2018-12-28 14:00:29.013668
0,1_1_179_801_2018-12-28 14:02:52.382204
1,1_1_193_827_2018-12-28 14:21:11.687898
1,1_1_193_820_2018-12-28 14:30:16.653344
0,1_1_179_813_2018-12-28 15:03:00.328152
0,1_1_194_818_2018-12-28 15:13:33.266872
1,1_1_191_812_2018-12-28 15:20:36.766222
0,1_1_178_824_2018-12-28 15:23:33.368180
0,1_1_179_810_2018-12-28 16:02:24.044542
1,1_1_193_819_2018-12-28 16:05:22.521644
0,1_1_179_800_2018-12-28 16:18:14.317089
1,1_1_178_828_2018-12-28 16:30:46.018844
0,1_1_179_781_2018-12-28 16:46:04.474710
0,1_1_191_808_2018-12-28 16:49:19.406349
0,1_1_179_798_2018-12-28 17:00:03.796283
1,1_1_178_823_2018-12-28 17:02:51.747217
2,1_1_194_822_2018-12-28 17:03:51.016772
0,1_1_194_821_2018-12-28 17:12:48.105588
1,1_1_178_817_2018-12-28 17:16:53.166786
2,1_1_194_826_2018-12-28 17:32:53.253170
1,1_1_191_795_2018-12-28 17:48:38.139289
1,1_1_193_816_2018-12-28 17:49:38.402201
0,1_1_191_782_2018-12-28 18:03:19.674845
1,1_1_193_825_2018-12-28 18:09:15.167101
0,1_1_179_777_2018-12-28 18:59:18.870824
2,1_1_194_822_2018-12-28 19:43:03.409556
2,1_1_178_824_2018-12-28 21:53:55.056377
2,1_1_193_820_2018-12-28 21:54:35.473216
2,1_1_193_829_2018-12-29 00:24:01.272280
2,1_1_178_828_2018-12-31 14:41:35.236050
0,1_1_194_826_2018-12-31 15:02:34.275910
0,1_1_193_829_2018-12-31 15:51:56.365478
1,1_1_178_828_2018-12-31 16:08:21.010452
2,1_1_193_829_2019-01-02 01:00:51.413435
1,1_1_191_789_2019-01-02 13:39:11.359003
0,1_1_178_823_2019-01-02 13:44:26.828039
1,1_1_193_829_2019-01-02 13:47:38.465648
1,1_1_193_819_2019-01-02 13:53:40.716472
0,1_1_179_810_2019-01-02 14:01:59.476493
0,1_1_178_817_2019-01-02 14:12:35.410680
1,1_1_194_822_2019-01-02 14:24:48.630357
1,1_1_178_828_2019-01-02 14:27:15.716341
1,1_1_179_797_2019-01-02 14:28:20.046014
0,1_1_194_821_2019-01-02 14:30:12.151466
1,1_1_193_827_2019-01-02 14:30:56.351247
1,1_1_191_802_2019-01-02 14:36:05.980696
1,1_1_193_820_2019-01-02 14:36:55.819216
1,1_1_178_824_2019-01-02 14:43:58.239415
1,1_1_193_816_2019-01-02 14:46:13.449348
0,1_1_179_813_2019-01-02 14:55:59.667345
0,1_1_179_801_2019-01-02 14:59:43.809451
1,1_1_179_791_2019-01-02 15:04:24.191880
0,1_1_179_777_2019-01-02 15:06:43.141701
1,1_1_179_783_2019-01-02 15:08:48.531899
1,1_1_179_796_2019-01-02 15:15:49.744361
0,1_1_179_787_2019-01-02 15:20:20.793151
0,1_1_179_809_2019-01-02 15:20:44.746005
1,1_1_191_795_2019-01-02 15:32:12.823864
1,1_1_191_785_2019-01-02 15:35:47.835873
1,1_1_179_815_2019-01-02 15:36:25.767043
1,1_1_179_794_2019-01-02 15:37:02.584236
1,1_1_179_781_2019-01-02 15:44:04.453856
1,1_1_179_790_2019-01-02 15:44:28.391394
1,1_1_179_798_2019-01-02 15:59:17.865343
0,1_1_179_788_2019-01-02 16:02:47.146796
1,1_1_179_799_2019-01-02 16:05:06.924497
0,1_1_191_782_2019-01-02 16:07:13.172811
0,1_1_191_803_2019-01-02 16:08:10.073889
1,1_1_191_778_2019-01-02 16:12:01.555337
1,1_1_191_812_2019-01-02 16:19:36.152804
2,1_1_191_811_2019-01-02 16:28:46.949228
0,1_1_191_806_2019-01-02 16:34:17.988918
1,1_1_191_807_2019-01-02 16:34:47.080412
1,1_1_191_784_2019-01-02 16:40:51.683549
0,1_1_191_808_2019-01-02 16:51:09.511333
1,1_1_191_786_2019-01-02 16:58:45.265225
0,1_1_193_825_2019-01-02 17:01:24.905001
1,1_1_191_792_2019-01-02 17:08:04.197241
1,1_1_191_793_2019-01-02 17:17:11.455196
0,1_1_191_805_2019-01-02 17:37:12.247753
1,1_1_191_804_2019-01-02 17:39:08.535534
0,1_1_179_779_2019-01-02 17:47:27.374322
2,1_1_193_829_2019-01-02 19:09:35.501314
0,1_1_191_811_2019-01-02 20:10:42.556729
0,1_1_191_805_2019-01-02 20:13:46.760383
1,1_1_191_780_2019-01-02 20:26:34.209929
0,1_1_178_817_2019-01-02 20:30:41.492924
2,1_1_179_779_2019-01-02 20:46:10.051897
2,1_1_179_810_2019-01-02 20:59:22.327640
2,1_1_193_829_2019-01-02 21:03:44.427356
2,1_1_193_819_2019-01-02 22:01:59.643730
2,1_1_194_826_2019-01-02 22:11:05.822916
2,1_1_193_825_2019-01-02 22:52:47.644703
2,1_1_193_827_2019-01-02 23:25:47.797705
2,1_1_178_823_2019-01-02 23:29:57.811010
2,1_1_194_818_2019-01-02 23:31:31.694566
2,1_1_178_828_2019-01-03 00:02:48.533895
2,1_1_194_822_2019-01-03 00:13:01.165702
2,1_1_178_823_2019-01-03 01:50:38.809813
1,1_1_178_823_2019-01-03 13:00:41.673237
0,1_1_194_826_2019-01-03 13:30:46.907090
1,1_1_191_789_2019-01-03 13:47:15.815591
1,1_1_193_819_2019-01-03 13:49:39.556251
1,1_1_193_820_2019-01-03 13:55:28.764165
1,1_1_178_828_2019-01-03 14:05:34.622266
1,1_1_193_827_2019-01-03 14:10:36.274861
1,1_1_179_797_2019-01-03 14:25:26.264458
1,1_1_193_825_2019-01-03 14:26:48.518278
1,1_1_178_817_2019-01-03 14:27:01.109908
1,1_1_194_821_2019-01-03 14:28:20.864746
0,1_1_194_822_2019-01-03 14:31:37.737433
1,1_1_194_818_2019-01-03 14:42:01.069456
0,1_1_179_801_2019-01-03 14:50:16.057165
1,1_1_193_816_2019-01-03 14:59:29.173771
1,1_1_179_788_2019-01-03 15:00:19.825648
1,1_1_179_787_2019-01-03 15:01:28.987051
0,1_1_178_824_2019-01-03 15:02:16.583270
1,1_1_191_802_2019-01-03 15:03:05.325893
0,1_1_179_783_2019-01-03 15:18:19.544141
1,1_1_179_798_2019-01-03 15:18:42.604698
0,1_1_179_799_2019-01-03 15:18:52.634046
1,1_1_179_781_2019-01-03 15:24:49.232329
1,1_1_179_791_2019-01-03 15:25:20.481690
0,1_1_179_779_2019-01-03 15:25:43.212018
1,1_1_179_794_2019-01-03 15:41:45.747462
1,1_1_179_809_2019-01-03 15:43:55.108145
1,1_1_179_777_2019-01-03 15:45:23.210861
1,1_1_191_782_2019-01-03 15:48:41.328318
0,1_1_179_800_2019-01-03 15:55:27.929395
1,1_1_179_813_2019-01-03 15:55:49.119458
2,1_1_179_796_2019-01-03 16:01:51.050677
1,1_1_191_780_2019-01-03 16:07:00.101252
0,1_1_179_790_2019-01-03 16:11:55.300221
0,1_1_191_803_2019-01-03 16:19:15.188635
0,1_1_191_795_2019-01-03 16:19:40.937639
0,1_1_191_778_2019-01-03 16:23:23.229037
1,1_1_191_805_2019-01-03 16:25:00.768348
0,1_1_191_812_2019-01-03 16:32:24.264406
0,1_1_191_808_2019-01-03 16:34:15.920774
1,1_1_191_792_2019-01-03 16:36:40.298817
1,1_1_191_784_2019-01-03 16:50:10.780495
0,1_1_179_815_2019-01-03 17:09:09.692495
1,1_1_191_806_2019-01-03 17:20:01.415594
1,1_1_191_811_2019-01-03 17:22:26.127402
1,1_1_191_793_2019-01-03 17:28:16.898128
2,1_1_191_804_2019-01-03 17:29:43.327204
0,1_1_179_796_2019-01-03 19:20:04.390247
0,1_1_191_804_2019-01-03 19:42:01.213290
2,1_1_194_822_2019-01-03 21:16:12.706976
0,1_1_179_800_2019-01-03 21:20:26.511033
2,1_1_193_829_2019-01-03 21:25:04.140067
2,1_1_179_790_2019-01-03 21:31:27.081343
2,1_1_191_795_2019-01-03 21:32:34.338999
2,1_1_193_820_2019-01-03 21:48:29.859660
2,1_1_193_827_2019-01-03 23:21:22.966977
2,1_1_193_825_2019-01-03 23:24:30.311550
2,1_1_193_819_2019-01-03 23:48:22.751471
2,1_1_178_817_2019-01-04 00:09:19.267262
2,1_1_193_829_2019-01-04 01:36:28.914068
1,1_1_178_823_2019-01-04 13:45:08.485276
1,1_1_178_828_2019-01-04 14:12:47.711837
1,1_1_193_827_2019-01-04 15:02:05.156587
1,1_1_194_821_2019-01-04 15:18:23.256715
2,1_1_193_820_2019-01-04 15:47:19.310089
2,1_1_194_826_2019-01-04 15:58:36.673235
1,1_1_179_800_2019-01-04 16:06:21.568186
1,1_1_193_825_2019-01-04 16:11:01.160187
0,1_1_194_822_2019-01-04 16:20:15.341213
0,1_1_193_819_2019-01-04 16:28:11.699537
1,1_1_178_824_2019-01-04 16:28:37.381209
0,1_1_179_810_2019-01-04 16:41:41.127998
0,1_1_179_794_2019-01-04 16:48:13.133581
0,1_1_179_798_2019-01-04 16:58:08.855951
1,1_1_179_797_2019-01-04 17:10:16.642510
1,1_1_191_789_2019-01-04 17:33:47.051325
2,1_1_193_816_2019-01-04 17:34:16.806495
1,1_1_194_818_2019-01-04 17:44:59.202604
2,1_1_193_829_2019-01-04 18:10:34.619136
0,1_1_179_809_2019-01-04 18:11:52.992423
2,1_1_179_788_2019-01-04 18:30:54.108407
1,1_1_191_785_2019-01-04 18:37:24.880163
0,1_1_179_815_2019-01-04 18:46:37.327766
2,1_1_179_787_2019-01-04 19:07:22.537597
2,1_1_194_826_2019-01-04 19:42:38.290725
2,1_1_193_820_2019-01-04 20:28:13.574698
2,1_1_194_826_2019-01-04 21:03:29.295080
2,1_1_193_816_2019-01-04 22:04:36.837111
2,1_1_179_781_2019-01-04 22:20:13.308787
0,1_1_178_823_2019-01-05 13:46:06.967905
0,1_1_194_826_2019-01-05 18:00:41.813942
0,1_1_194_821_2019-01-05 18:07:02.495710
0,1_1_194_818_2019-01-06 17:38:03.923178
0,1_1_194_826_2019-01-07 12:50:00.893439
1,1_1_193_827_2019-01-07 13:30:05.938737
1,1_1_178_823_2019-01-07 13:32:45.532990
1,1_1_191_789_2019-01-07 13:50:47.839132
1,1_1_179_781_2019-01-07 13:53:28.618714
1,1_1_193_829_2019-01-07 13:57:08.439765
1,1_1_179_810_2019-01-07 13:58:01.871486
1,1_1_193_819_2019-01-07 14:13:34.312410
1,1_1_194_821_2019-01-07 14:14:11.497095
1,1_1_193_820_2019-01-07 14:20:12.331435
1,1_1_178_817_2019-01-07 14:26:22.201507
0,1_1_179_777_2019-01-07 14:28:28.165028
0,1_1_194_822_2019-01-07 14:31:16.585451
1,1_1_179_787_2019-01-07 14:31:44.873817
1,1_1_193_825_2019-01-07 14:35:53.084913
1,1_1_193_816_2019-01-07 14:45:00.219123
1,1_1_178_824_2019-01-07 14:51:41.711415
1,1_1_179_791_2019-01-07 14:55:16.827541
2,1_1_179_815_2019-01-07 14:57:42.882873
1,1_1_179_798_2019-01-07 15:04:15.248739
1,1_1_179_809_2019-01-07 15:07:13.224718
1,1_1_179_800_2019-01-07 15:08:40.195212
0,1_1_179_813_2019-01-07 15:09:40.568549
0,1_1_179_797_2019-01-07 15:10:10.786673
0,1_1_191_812_2019-01-07 15:13:45.046455
1,1_1_191_795_2019-01-07 15:13:56.982520
0,1_1_191_811_2019-01-07 15:18:01.576990
1,1_1_179_788_2019-01-07 15:18:48.258003
1,1_1_179_779_2019-01-07 15:19:59.574094
0,1_1_179_790_2019-01-07 15:26:11.017922
1,1_1_178_828_2019-01-07 15:28:14.585225
1,1_1_191_785_2019-01-07 15:29:29.028053
1,1_1_191_782_2019-01-07 15:31:42.140534
0,1_1_179_801_2019-01-07 15:32:21.251073
0,1_1_179_794_2019-01-07 15:39:41.427329
0,1_1_191_803_2019-01-07 15:39:47.366007
1,1_1_191_808_2019-01-07 15:42:59.046209
1,1_1_191_802_2019-01-07 15:43:51.052016
1,1_1_191_806_2019-01-07 15:46:08.424958
1,1_1_191_805_2019-01-07 15:49:18.036345
0,1_1_191_807_2019-01-07 15:49:31.063337
1,1_1_191_793_2019-01-07 15:52:41.130449
1,1_1_191_780_2019-01-07 15:53:02.097244
1,1_1_191_784_2019-01-07 15:53:35.867254
0,1_1_191_792_2019-01-07 15:54:05.763683
0,1_1_191_786_2019-01-07 15:56:40.854527
2,1_1_191_804_2019-01-07 16:00:07.733676
1,1_1_179_815_2019-01-07 18:49:02.278803
0,1_1_194_818_2019-01-07 19:24:03.506859
0,1_1_191_804_2019-01-07 20:34:08.266157
0,1_1_179_799_2019-01-07 20:44:34.738689
2,1_1_194_822_2019-01-07 20:44:43.222737
2,1_1_179_790_2019-01-07 20:58:27.562563
2,1_1_178_823_2019-01-07 22:17:52.863506
2,1_1_191_778_2019-01-07 22:41:02.139237
2,1_1_178_828_2019-01-07 23:13:50.150267
2,1_1_193_827_2019-01-07 23:30:19.787926
2,1_1_193_829_2019-01-07 23:49:17.383260
2,1_1_179_799_2019-01-07 23:54:11.634098
2,1_1_179_810_2019-01-08 00:26:49.856016
2,1_1_194_821_2019-01-08 00:42:04.445459
2,1_1_178_817_2019-01-08 00:59:42.277127
2,1_1_193_819_2019-01-08 01:10:28.925433
2,1_1_194_826_2019-01-08 01:59:12.330508
1,1_1_193_827_2019-01-08 13:36:58.969988
1,1_1_178_823_2019-01-08 13:44:02.257475
1,1_1_193_819_2019-01-08 13:49:07.542704
1,1_1_191_789_2019-01-08 13:51:11.397221
1,1_1_178_828_2019-01-08 13:59:23.402477
1,1_1_193_829_2019-01-08 14:00:40.080459
0,1_1_194_826_2019-01-08 14:08:25.495319
1,1_1_193_820_2019-01-08 14:11:27.901478
1,1_1_193_825_2019-01-08 14:18:59.863800
0,1_1_179_796_2019-01-08 14:22:26.064090
1,1_1_194_821_2019-01-08 14:24:57.286224
1,1_1_178_817_2019-01-08 14:28:31.516470
1,1_1_179_787_2019-01-08 14:30:45.115806
1,1_1_178_824_2019-01-08 14:33:32.981382
1,1_1_194_822_2019-01-08 14:36:43.110843
0,1_1_179_791_2019-01-08 14:39:10.652707
1,1_1_179_788_2019-01-08 14:45:03.135962
0,1_1_179_797_2019-01-08 14:46:51.262665
1,1_1_194_818_2019-01-08 14:46:53.087470
1,1_1_193_816_2019-01-08 14:49:23.842211
1,1_1_179_799_2019-01-08 14:54:54.559391
1,1_1_191_802_2019-01-08 14:55:57.886951
0,1_1_179_800_2019-01-08 14:58:36.786574
0,1_1_179_813_2019-01-08 14:59:05.550157
0,1_1_179_809_2019-01-08 14:59:51.070399
1,1_1_179_781_2019-01-08 15:02:37.602248
1,1_1_179_798_2019-01-08 15:05:41.929275
0,1_1_191_803_2019-01-08 15:06:29.011771
0,1_1_179_801_2019-01-08 15:11:39.949074
0,1_1_179_794_2019-01-08 15:13:20.825137
0,1_1_179_777_2019-01-08 15:15:24.742997
1,1_1_191_785_2019-01-08 15:17:58.975049
1,1_1_179_815_2019-01-08 15:18:55.394773
0,1_1_179_790_2019-01-08 15:21:11.353977
1,1_1_191_812_2019-01-08 15:23:08.193342
1,1_1_191_780_2019-01-08 15:25:42.300034
1,1_1_191_806_2019-01-08 15:33:15.076316
0,1_1_191_807_2019-01-08 15:33:28.699662
1,1_1_191_795_2019-01-08 15:35:48.627025
0,1_1_179_779_2019-01-08 15:37:55.220621
0,1_1_191_805_2019-01-08 15:41:32.291794
2,1_1_191_808_2019-01-08 15:41:59.304988
1,1_1_191_792_2019-01-08 15:42:39.803296
0,1_1_191_811_2019-01-08 15:43:26.299313
0,1_1_191_778_2019-01-08 15:44:38.023241
0,1_1_191_804_2019-01-08 15:50:28.174134
0,1_1_191_784_2019-01-08 15:51:01.754366
0,1_1_191_793_2019-01-08 15:51:33.850791
1,1_1_191_786_2019-01-08 15:54:41.912065
1,1_1_191_782_2019-01-08 16:38:05.579200
1,1_1_193_825_2019-01-08 18:29:41.280948
2,1_1_193_829_2019-01-08 19:46:47.361266
2,1_1_179_801_2019-01-08 19:52:06.893705
0,1_1_179_800_2019-01-08 20:09:16.284479
2,1_1_179_783_2019-01-08 20:26:03.533297
0,1_1_191_808_2019-01-08 20:38:50.995694
2,1_1_193_819_2019-01-08 21:53:06.506565
2,1_1_193_829_2019-01-08 22:40:11.514911
2,1_1_194_826_2019-01-08 22:50:02.527132
2,1_1_193_827_2019-01-08 23:20:24.725973
2,1_1_179_810_2019-01-08 23:22:03.536943
2,1_1_178_823_2019-01-08 23:41:36.112391
2,1_1_179_815_2019-01-09 00:24:46.624289
2,1_1_193_820_2019-01-09 00:58:43.259408
1,1_1_179_810_2019-01-09 12:15:16.856543
1,1_1_193_827_2019-01-09 13:20:56.736547
1,1_1_191_789_2019-01-09 13:45:17.056824
1,1_1_178_823_2019-01-09 13:48:05.948961
1,1_1_193_819_2019-01-09 13:49:38.306296
0,1_1_194_818_2019-01-09 13:56:53.579100
0,1_1_194_826_2019-01-09 13:57:15.406573
1,1_1_193_829_2019-01-09 13:57:53.602610
1,1_1_179_800_2019-01-09 14:02:50.895333
1,1_1_178_828_2019-01-09 14:10:44.187709
1,1_1_193_820_2019-01-09 14:13:14.154082
1,1_1_178_817_2019-01-09 14:22:16.304710
1,1_1_194_822_2019-01-09 14:24:37.786068
1,1_1_193_825_2019-01-09 14:25:33.216106
1,1_1_178_824_2019-01-09 14:27:21.759268
0,1_1_194_821_2019-01-09 14:28:37.495736
1,1_1_179_787_2019-01-09 14:29:49.540404
0,1_1_193_816_2019-01-09 14:32:26.781638
1,1_1_179_791_2019-01-09 14:34:10.650128
1,1_1_191_802_2019-01-09 14:36:58.776084
1,1_1_179_797_2019-01-09 14:38:18.514740
0,1_1_179_801_2019-01-09 14:46:18.655330
1,1_1_179_815_2019-01-09 14:51:08.225718
1,1_1_179_796_2019-01-09 14:52:46.275855
1,1_1_179_799_2019-01-09 14:53:43.485131
1,1_1_179_777_2019-01-09 14:53:58.952008
1,1_1_179_809_2019-01-09 14:54:40.783884
0,1_1_179_783_2019-01-09 14:55:18.148225
0,1_1_191_780_2019-01-09 15:00:48.084822
1,1_1_179_781_2019-01-09 15:01:53.365557
1,1_1_179_788_2019-01-09 15:07:07.563119
1,1_1_179_790_2019-01-09 15:09:17.908129
0,1_1_179_798_2019-01-09 15:10:25.664806
0,1_1_179_794_2019-01-09 15:12:21.319059
0,1_1_179_779_2019-01-09 15:16:22.611390
1,1_1_191_807_2019-01-09 15:16:46.938832
2,1_1_191_803_2019-01-09 15:26:02.332359
1,1_1_191_782_2019-01-09 15:26:53.389231
1,1_1_191_812_2019-01-09 15:29:57.568589
0,1_1_191_811_2019-01-09 15:31:58.167800
0,1_1_191_778_2019-01-09 15:32:29.045055
1,1_1_191_805_2019-01-09 15:34:41.796470
1,1_1_179_813_2019-01-09 15:34:56.869761
0,1_1_191_795_2019-01-09 15:36:26.878953
1,1_1_191_784_2019-01-09 15:36:34.414929
0,1_1_191_804_2019-01-09 15:36:40.172525
1,1_1_191_792_2019-01-09 15:37:56.068161
1,1_1_191_793_2019-01-09 15:41:46.099175
0,1_1_191_786_2019-01-09 15:51:51.808745
1,1_1_191_808_2019-01-09 17:19:30.343507
2,1_1_191_803_2019-01-09 18:10:02.256985
1,1_1_193_829_2019-01-09 19:05:08.255908
0,1_1_191_782_2019-01-09 19:51:22.507929
2,1_1_179_799_2019-01-09 20:01:47.042489
0,1_1_193_816_2019-01-09 20:23:53.484856
2,1_1_191_803_2019-01-09 21:15:50.404463
2,1_1_193_820_2019-01-09 23:13:10.259051
2,1_1_193_827_2019-01-09 23:19:51.081876
2,1_1_194_826_2019-01-09 23:24:54.681924
2,1_1_178_823_2019-01-09 23:25:12.703501
2,1_1_193_819_2019-01-09 23:37:19.604013
2,1_1_179_800_2019-01-09 23:41:04.811772
2,1_1_179_798_2019-01-10 00:20:33.174483
2,1_1_178_828_2019-01-10 01:03:38.520467
2,1_1_194_821_2019-01-10 02:49:16.597433
0,1_1_193_827_2019-01-10 12:50:55.312696
1,1_1_178_823_2019-01-10 13:43:53.049730
1,1_1_193_829_2019-01-10 14:01:21.722721
1,1_1_179_815_2019-01-10 14:01:24.766936
1,1_1_179_799_2019-01-10 14:05:31.500842
2,1_1_191_789_2019-01-10 14:09:58.386271
1,1_1_178_828_2019-01-10 14:10:55.627349
1,1_1_193_819_2019-01-10 14:10:58.417384
0,1_1_194_822_2019-01-10 14:12:00.910385
1,1_1_178_817_2019-01-10 14:18:23.136295
1,1_1_193_820_2019-01-10 14:23:32.034137
0,1_1_194_821_2019-01-10 14:25:27.895181
0,1_1_194_826_2019-01-10 14:25:33.055674
1,1_1_178_824_2019-01-10 14:26:05.727861
1,1_1_179_787_2019-01-10 14:32:02.682308
0,1_1_194_818_2019-01-10 14:32:56.426792
1,1_1_193_816_2019-01-10 14:45:22.864626
1,1_1_193_825_2019-01-10 14:50:22.187879
1,1_1_179_796_2019-01-10 14:52:22.358134
1,1_1_179_781_2019-01-10 14:53:56.232702
0,1_1_179_777_2019-01-10 14:56:35.688126
0,1_1_179_797_2019-01-10 15:06:28.667312
1,1_1_179_788_2019-01-10 15:07:19.816615
0,1_1_179_801_2019-01-10 15:10:05.176560
1,1_1_191_807_2019-01-10 15:13:13.257434
0,1_1_179_791_2019-01-10 15:16:00.190968
0,1_1_179_800_2019-01-10 15:16:16.269694
1,1_1_191_802_2019-01-10 15:22:53.088764
1,1_1_191_785_2019-01-10 15:24:40.061013
0,1_1_179_790_2019-01-10 15:30:14.816040
0,1_1_191_803_2019-01-10 15:31:32.590518
1,1_1_191_782_2019-01-10 15:33:38.747723
0,1_1_191_811_2019-01-10 15:35:21.417421
1,1_1_179_813_2019-01-10 15:36:07.308230
1,1_1_179_794_2019-01-10 15:36:07.408386
1,1_1_179_779_2019-01-10 15:37:43.264748
1,1_1_191_778_2019-01-10 15:40:18.500857
1,1_1_191_806_2019-01-10 15:40:20.456561
1,1_1_191_795_2019-01-10 15:40:42.325512
0,1_1_191_780_2019-01-10 15:41:32.472295
1,1_1_191_805_2019-01-10 15:43:52.895810
0,1_1_191_793_2019-01-10 15:47:48.935959
1,1_1_191_792_2019-01-10 15:48:18.658342
1,1_1_191_786_2019-01-10 15:49:49.362622
1,1_1_191_812_2019-01-10 15:52:17.226754
1,1_1_191_808_2019-01-10 15:52:20.391917
0,1_1_191_784_2019-01-10 15:53:22.886949
1,1_1_191_804_2019-01-10 16:09:45.978371
1,1_1_191_789_2019-01-10 16:28:37.539733
1,1_1_179_798_2019-01-10 17:23:02.185858
0,1_1_179_815_2019-01-10 18:05:14.357487
2,1_1_193_829_2019-01-10 19:46:06.043250
0,1_1_194_821_2019-01-10 19:58:42.918072
1,1_1_179_809_2019-01-10 20:09:02.692064
0,1_1_179_783_2019-01-10 20:20:40.066980
2,1_1_179_813_2019-01-10 20:23:08.174476
2,1_1_179_777_2019-01-10 22:39:17.628366
2,1_1_194_822_2019-01-10 23:53:28.127857
2,1_1_178_823_2019-01-11 00:06:19.099336
2,1_1_178_824_2019-01-11 00:28:21.640658
2,1_1_178_828_2019-01-11 01:23:48.061816
2,1_1_194_821_2019-01-11 01:30:27.505615
2,1_1_193_819_2019-01-11 03:07:05.283793
1,1_1_179_797_2019-01-11 12:52:25.294486
0,1_1_194_826_2019-01-11 13:11:15.814380
1,1_1_194_821_2019-01-11 13:14:23.930744
1,1_1_193_827_2019-01-11 13:41:44.668150
1,1_1_178_823_2019-01-11 13:43:09.211168
1,1_1_191_789_2019-01-11 13:50:28.106932
1,1_1_178_817_2019-01-11 13:55:07.216582
1,1_1_179_810_2019-01-11 14:00:12.333298
1,1_1_193_819_2019-01-11 14:11:45.087511
0,1_1_194_822_2019-01-11 14:12:20.345865
1,1_1_179_799_2019-01-11 14:20:14.340790
1,1_1_193_820_2019-01-11 14:20:30.323867
0,1_1_178_828_2019-01-11 14:25:45.847518
0,1_1_194_818_2019-01-11 14:27:32.744711
1,1_1_179_787_2019-01-11 14:31:22.618244
0,1_1_193_829_2019-01-11 14:38:19.061409
0,1_1_179_796_2019-01-11 14:38:53.897228
0,1_1_191_802_2019-01-11 14:47:52.491098
0,1_1_193_816_2019-01-11 14:48:23.682740
0,1_1_178_824_2019-01-11 14:49:35.523379
0,1_1_179_800_2019-01-11 14:52:13.683413
1,1_1_179_777_2019-01-11 14:52:18.623062
0,1_1_179_783_2019-01-11 14:53:27.277302
1,1_1_191_785_2019-01-11 14:55:06.255484
0,1_1_193_825_2019-01-11 15:00:32.332469
0,1_1_179_788_2019-01-11 15:01:45.197943
1,1_1_179_779_2019-01-11 15:04:01.914816
0,1_1_179_791_2019-01-11 15:07:46.903263
1,1_1_179_809_2019-01-11 15:15:23.976836
1,1_1_179_794_2019-01-11 15:15:41.412931
1,1_1_179_798_2019-01-11 15:16:59.922976
0,1_1_191_803_2019-01-11 15:19:15.035948
1,1_1_179_801_2019-01-11 15:20:00.138148
0,1_1_179_813_2019-01-11 15:20:44.828481
0,1_1_191_807_2019-01-11 15:21:40.750431
1,1_1_191_782_2019-01-11 15:21:56.796579
0,1_1_191_808_2019-01-11 15:23:13.980197
1,1_1_191_780_2019-01-11 15:25:36.855307
1,1_1_191_812_2019-01-11 15:26:19.920735
1,1_1_179_790_2019-01-11 15:26:33.903564
0,1_1_179_815_2019-01-11 15:27:58.325457
1,1_1_191_778_2019-01-11 15:28:28.832014
1,1_1_191_795_2019-01-11 15:29:39.582606
0,1_1_191_804_2019-01-11 15:33:26.433027
0,1_1_191_793_2019-01-11 15:40:26.633376
1,1_1_191_792_2019-01-11 15:42:05.780505
1,1_1_191_806_2019-01-11 15:43:54.833297
0,1_1_191_786_2019-01-11 15:43:57.681277
1,1_1_191_784_2019-01-11 15:44:50.224319
0,1_1_179_810_2019-01-11 19:30:02.218255
2,1_1_179_813_2019-01-11 19:37:25.085984
2,1_1_179_798_2019-01-11 20:04:48.238061
0,1_1_193_829_2019-01-11 20:17:36.591322
2,1_1_178_824_2019-01-11 20:22:19.003081
0,1_1_191_805_2019-01-11 20:31:24.547508
0,1_1_191_811_2019-01-11 21:10:30.892528
2,1_1_179_815_2019-01-11 21:38:51.488952
1,1_1_194_821_2019-01-11 21:46:01.696379
2,1_1_193_827_2019-01-11 22:31:06.484641
2,1_1_193_820_2019-01-11 22:44:15.511915
2,1_1_191_795_2019-01-11 23:03:21.622204
2,1_1_191_808_2019-01-11 23:06:39.371603
2,1_1_179_799_2019-01-11 23:09:36.170823
2,1_1_194_826_2019-01-11 23:19:14.669551
2,1_1_178_828_2019-01-11 23:58:05.364372
2,1_1_193_816_2019-01-12 00:10:20.412539
2,1_1_191_802_2019-01-12 00:13:57.341327
2,1_1_194_818_2019-01-12 00:15:10.150252
2,1_1_178_823_2019-01-12 00:27:27.111035
2,1_1_194_822_2019-01-12 00:29:03.551904
2,1_1_193_819_2019-01-12 00:33:07.579881
2,1_1_178_823_2019-01-12 00:46:49.621788
2,1_1_191_785_2019-01-12 01:25:32.910715
0,1_1_178_823_2019-01-12 13:47:01.128765
0,1_1_194_822_2019-01-12 17:13:04.797781
2,1_1_194_821_2019-01-12 21:33:00.874364
2,1_1_194_821_2019-01-13 15:29:40.594845
0,1_1_194_826_2019-01-13 17:00:27.273721
1,1_1_193_827_2019-01-14 13:17:44.206416
0,1_1_179_815_2019-01-14 13:42:20.614469
1,1_1_178_823_2019-01-14 13:45:05.023052
1,1_1_193_829_2019-01-14 13:48:56.532686
1,1_1_191_789_2019-01-14 13:49:32.504156
1,1_1_178_828_2019-01-14 13:55:36.328598
1,1_1_179_799_2019-01-14 14:05:35.390579
1,1_1_193_820_2019-01-14 14:07:16.890716
0,1_1_193_819_2019-01-14 14:08:25.188174
1,1_1_193_816_2019-01-14 14:12:54.391854
2,1_1_194_822_2019-01-14 14:14:17.386929
0,1_1_179_810_2019-01-14 14:14:28.230692
1,1_1_178_817_2019-01-14 14:21:01.744258
1,1_1_191_802_2019-01-14 14:22:26.586874
0,1_1_179_777_2019-01-14 14:23:33.263072
1,1_1_193_825_2019-01-14 14:25:30.007209
1,1_1_179_791_2019-01-14 14:27:41.101120
0,1_1_194_821_2019-01-14 14:31:48.288747
1,1_1_179_787_2019-01-14 14:34:21.849376
1,1_1_194_826_2019-01-14 14:36:56.347177
1,1_1_178_824_2019-01-14 14:43:18.080752
0,1_1_194_818_2019-01-14 14:43:24.357962
1,1_1_179_781_2019-01-14 14:44:57.158350
0,1_1_179_809_2019-01-14 14:47:45.700198
0,1_1_179_796_2019-01-14 14:48:43.380454
1,1_1_179_783_2019-01-14 14:52:58.406121
0,1_1_191_780_2019-01-14 14:53:16.062491
1,1_1_179_800_2019-01-14 14:53:54.842693
1,1_1_179_794_2019-01-14 14:55:14.263727
0,1_1_179_797_2019-01-14 14:56:31.056067
1,1_1_179_788_2019-01-14 15:01:46.096224
1,1_1_179_798_2019-01-14 15:04:46.786408
1,1_1_179_790_2019-01-14 15:06:42.748241
1,1_1_179_801_2019-01-14 15:07:07.077061
0,1_1_179_779_2019-01-14 15:09:36.476587
1,1_1_191_812_2019-01-14 15:13:02.548142
1,1_1_179_813_2019-01-14 15:19:59.889217
0,1_1_191_811_2019-01-14 15:20:37.767074
1,1_1_191_782_2019-01-14 15:20:51.900580
1,1_1_191_807_2019-01-14 15:21:53.762206
1,1_1_191_805_2019-01-14 15:23:04.857415
1,1_1_191_785_2019-01-14 15:23:50.644656
0,1_1_191_808_2019-01-14 15:24:50.055969
0,1_1_191_786_2019-01-14 15:28:01.691014
0,1_1_191_778_2019-01-14 15:30:38.786552
0,1_1_191_795_2019-01-14 15:30:43.844450
0,1_1_191_806_2019-01-14 15:35:58.725418
1,1_1_191_792_2019-01-14 15:40:48.717936
0,1_1_191_793_2019-01-14 15:44:17.729603
1,1_1_191_784_2019-01-14 15:44:56.685726
0,1_1_191_804_2019-01-14 15:46:45.096234
0,1_1_194_822_2019-01-14 16:34:07.145973
0,1_1_193_829_2019-01-14 19:23:10.737921
0,1_1_191_807_2019-01-14 19:45:43.512337
2,1_1_179_794_2019-01-14 20:34:35.860387
2,1_1_179_790_2019-01-14 22:15:59.326976
2,1_1_193_820_2019-01-14 22:36:52.567994
0,1_1_179_799_2019-01-14 22:44:15.748071
2,1_1_193_829_2019-01-14 23:04:34.636055
2,1_1_193_816_2019-01-14 23:24:08.709140
2,1_1_191_803_2019-01-15 00:08:14.685836
2,1_1_194_818_2019-01-15 00:47:42.411619
2,1_1_178_828_2019-01-15 01:06:30.446748
2,1_1_178_823_2019-01-15 08:05:54.543512
1,1_1_193_827_2019-01-15 13:16:01.316826
0,1_1_179_791_2019-01-15 13:23:18.565391
1,1_1_178_823_2019-01-15 13:46:58.544890
1,1_1_193_829_2019-01-15 13:48:08.352327
1,1_1_191_789_2019-01-15 13:48:33.236840
0,1_1_194_826_2019-01-15 14:07:38.054425
1,1_1_193_819_2019-01-15 14:08:05.421119
1,1_1_179_796_2019-01-15 14:14:29.665076
1,1_1_179_810_2019-01-15 14:20:10.252153
1,1_1_178_817_2019-01-15 14:23:14.283655
1,1_1_193_820_2019-01-15 14:24:00.993423
1,1_1_179_788_2019-01-15 14:27:05.633378
0,1_1_179_800_2019-01-15 14:28:13.615223
0,1_1_178_828_2019-01-15 14:32:42.144827
1,1_1_179_787_2019-01-15 14:34:36.722857
0,1_1_194_822_2019-01-15 14:35:14.124586
1,1_1_179_815_2019-01-15 14:38:45.340522
1,1_1_191_802_2019-01-15 14:39:34.573920
1,1_1_178_824_2019-01-15 14:46:38.014957
0,1_1_179_797_2019-01-15 14:48:49.392449
1,1_1_193_825_2019-01-15 14:51:49.611280
0,1_1_193_816_2019-01-15 14:53:09.631313
0,1_1_194_818_2019-01-15 14:54:41.442784
1,1_1_194_821_2019-01-15 14:55:02.821748
0,1_1_179_809_2019-01-15 14:56:13.259488
0,1_1_179_813_2019-01-15 14:57:43.573578
1,1_1_179_783_2019-01-15 15:02:33.390892
1,1_1_191_804_2019-01-15 15:03:35.749995
1,1_1_179_777_2019-01-15 15:04:19.398675
1,1_1_179_781_2019-01-15 15:05:29.740704
1,1_1_191_780_2019-01-15 15:05:44.409332
1,1_1_179_801_2019-01-15 15:11:08.570348
0,1_1_179_790_2019-01-15 15:15:42.341172
1,1_1_179_798_2019-01-15 15:16:59.677757
1,1_1_191_785_2019-01-15 15:21:00.783226
0,1_1_179_794_2019-01-15 15:23:16.458352
0,1_1_191_793_2019-01-15 15:24:35.215349
0,1_1_179_779_2019-01-15 15:27:07.899402
2,1_1_191_782_2019-01-15 15:27:53.128295
1,1_1_191_807_2019-01-15 15:29:22.113643
1,1_1_191_812_2019-01-15 15:31:44.928846
0,1_1_191_805_2019-01-15 15:32:51.304056
0,1_1_191_808_2019-01-15 15:32:57.819518
0,1_1_191_806_2019-01-15 15:33:16.309723
1,1_1_191_778_2019-01-15 15:36:01.920504
1,1_1_191_792_2019-01-15 15:36:12.680330
1,1_1_191_795_2019-01-15 15:36:18.377000
0,1_1_191_811_2019-01-15 15:36:23.520840
1,1_1_191_784_2019-01-15 15:42:08.548588
1,1_1_191_786_2019-01-15 15:42:20.108264
2,1_1_191_782_2019-01-15 17:36:28.876720
2,1_1_193_829_2019-01-15 19:24:24.615695
0,1_1_179_799_2019-01-15 19:38:03.219428
2,1_1_191_782_2019-01-15 20:02:52.765594
0,1_1_178_828_2019-01-15 20:05:17.963412
0,1_1_179_794_2019-01-15 20:06:20.980075
2,1_1_191_792_2019-01-15 20:51:08.274020
2,1_1_179_796_2019-01-15 22:39:35.316382
2,1_1_193_819_2019-01-15 22:46:32.216537
2,1_1_194_821_2019-01-15 22:47:04.475292
2,1_1_193_827_2019-01-16 00:09:29.992247
2,1_1_178_823_2019-01-16 00:16:57.349033
2,1_1_193_820_2019-01-16 01:06:05.409105
2,1_1_193_819_2019-01-16 01:30:20.385783
1,1_1_178_828_2019-01-16 13:41:36.156881
1,1_1_191_789_2019-01-16 13:49:00.627588
0,1_1_178_823_2019-01-16 13:50:34.446968
1,1_1_193_829_2019-01-16 13:56:07.998056
0,1_1_194_826_2019-01-16 13:59:28.874842
1,1_1_193_819_2019-01-16 14:12:12.045781
1,1_1_178_817_2019-01-16 14:23:05.694596
0,1_1_194_822_2019-01-16 14:27:09.073012
1,1_1_193_827_2019-01-16 14:28:50.344001
1,1_1_193_820_2019-01-16 14:30:03.167286
1,1_1_194_821_2019-01-16 14:35:43.754806
0,1_1_179_800_2019-01-16 14:38:43.886395
1,1_1_193_816_2019-01-16 14:39:37.514222
0,1_1_178_824_2019-01-16 14:42:48.412216
1,1_1_179_791_2019-01-16 14:46:26.871516
1,1_1_179_809_2019-01-16 14:49:54.353410
0,1_1_179_799_2019-01-16 14:49:59.474278
1,1_1_193_825_2019-01-16 14:55:17.879920
0,1_1_191_802_2019-01-16 14:57:18.256362
1,1_1_179_815_2019-01-16 14:57:43.831592
0,1_1_179_777_2019-01-16 14:57:48.091751
1,1_1_179_796_2019-01-16 14:57:57.820365
0,1_1_194_818_2019-01-16 14:59:12.613137
0,1_1_179_797_2019-01-16 15:00:45.881669
1,1_1_191_811_2019-01-16 15:07:05.583577
1,1_1_191_785_2019-01-16 15:07:24.452249
0,1_1_179_788_2019-01-16 15:08:20.681479
0,1_1_179_781_2019-01-16 15:11:55.252593
0,1_1_179_783_2019-01-16 15:12:08.241089
0,1_1_179_779_2019-01-16 15:13:24.152928
1,1_1_179_794_2019-01-16 15:16:26.243257
0,1_1_179_790_2019-01-16 15:18:47.290325
1,1_1_179_798_2019-01-16 15:19:13.502581
1,1_1_179_787_2019-01-16 15:24:11.349669
0,1_1_179_801_2019-01-16 15:24:34.914397
0,1_1_191_792_2019-01-16 15:26:13.349777
0,1_1_191_803_2019-01-16 15:26:43.979735
2,1_1_191_804_2019-01-16 15:28:36.616839
1,1_1_191_808_2019-01-16 15:29:40.007746
0,1_1_179_813_2019-01-16 15:30:45.173925
1,1_1_191_795_2019-01-16 15:30:46.106231
0,1_1_191_778_2019-01-16 15:35:30.294331
1,1_1_191_807_2019-01-16 15:38:13.100554
1,1_1_191_780_2019-01-16 15:38:14.192194
1,1_1_191_805_2019-01-16 15:40:03.962395
0,1_1_191_782_2019-01-16 15:41:51.852243
0,1_1_191_806_2019-01-16 15:44:43.663194
1,1_1_191_812_2019-01-16 15:48:01.597656
1,1_1_191_784_2019-01-16 15:50:30.742426
1,1_1_191_793_2019-01-16 15:51:02.790499
1,1_1_191_786_2019-01-16 16:02:05.420371
1,1_1_191_804_2019-01-16 17:29:35.628018
1,1_1_178_824_2019-01-16 18:13:14.399650
2,1_1_193_829_2019-01-16 19:31:48.781892
2,1_1_179_790_2019-01-16 19:39:00.308933
2,1_1_191_792_2019-01-16 20:18:21.993672
1,1_1_179_796_2019-01-16 21:13:26.776411
2,1_1_193_829_2019-01-16 21:50:11.851883
2,1_1_191_786_2019-01-16 22:48:54.012589
2,1_1_178_828_2019-01-16 23:33:53.293762
2,1_1_194_821_2019-01-17 00:22:49.520734
2,1_1_178_817_2019-01-17 00:55:50.044181
2,1_1_178_823_2019-01-17 01:16:38.738717
2,1_1_193_819_2019-01-17 02:23:23.478873
1,1_1_194_821_2019-01-17 13:48:06.517102
1,1_1_191_789_2019-01-17 13:58:43.734964
1,1_1_178_823_2019-01-17 14:04:25.158371
1,1_1_193_820_2019-01-17 14:17:57.620719
1,1_1_179_799_2019-01-17 14:23:23.309970
1,1_1_194_822_2019-01-17 14:28:00.129054
0,1_1_179_791_2019-01-17 14:36:19.275305
0,1_1_194_826_2019-01-17 14:37:41.866660
1,1_1_178_828_2019-01-17 14:48:19.519310
1,1_1_193_819_2019-01-17 14:49:05.826471
0,1_1_194_818_2019-01-17 14:50:15.932731
0,1_1_179_815_2019-01-17 14:52:55.912973
1,1_1_178_817_2019-01-17 14:56:03.016628
1,1_1_193_829_2019-01-17 14:57:55.157905
0,1_1_179_810_2019-01-17 15:04:08.434759
0,1_1_179_783_2019-01-17 15:04:46.787169
1,1_1_178_824_2019-01-17 15:05:15.343989
1,1_1_193_825_2019-01-17 15:09:59.823207
0,1_1_191_802_2019-01-17 15:10:02.746410
0,1_1_179_800_2019-01-17 15:10:30.692185
1,1_1_191_778_2019-01-17 15:14:45.033857
0,1_1_179_787_2019-01-17 15:18:04.930991
1,1_1_193_816_2019-01-17 15:18:38.003617
1,1_1_179_809_2019-01-17 15:18:39.631592
1,1_1_179_790_2019-01-17 15:23:30.819192
0,1_1_179_779_2019-01-17 15:25:05.485858
0,1_1_191_795_2019-01-17 15:25:22.092340
1,1_1_179_777_2019-01-17 15:25:45.863270
1,1_1_191_782_2019-01-17 15:28:51.033440
1,1_1_179_788_2019-01-17 15:29:06.299238
0,1_1_191_785_2019-01-17 15:31:34.111514
1,1_1_179_781_2019-01-17 15:31:48.642020
1,1_1_191_780_2019-01-17 15:31:55.360385
0,1_1_179_813_2019-01-17 15:37:28.356162
0,1_1_179_801_2019-01-17 15:39:41.282721
0,1_1_179_798_2019-01-17 15:45:25.867936
1,1_1_179_797_2019-01-17 15:46:51.706795
0,1_1_191_808_2019-01-17 15:47:50.955951
0,1_1_179_794_2019-01-17 15:54:03.760149
1,1_1_191_807_2019-01-17 16:00:55.676311
1,1_1_191_784_2019-01-17 16:01:36.319793
1,1_1_191_803_2019-01-17 16:01:49.165608
0,1_1_191_805_2019-01-17 16:03:10.528718
1,1_1_191_792_2019-01-17 16:04:11.070764
1,1_1_191_806_2019-01-17 16:05:17.268059
1,1_1_179_796_2019-01-17 16:05:57.259780
0,1_1_191_812_2019-01-17 16:07:39.438174
0,1_1_191_786_2019-01-17 16:08:03.397977
1,1_1_191_804_2019-01-17 16:08:55.998752
0,1_1_191_811_2019-01-17 16:13:49.106713
0,1_1_191_793_2019-01-17 16:19:44.443694
0,1_1_191_786_2019-01-17 19:33:18.199152
2,1_1_191_795_2019-01-17 20:09:05.708954
2,1_1_179_810_2019-01-17 20:35:05.549436
0,1_1_179_813_2019-01-17 20:39:02.338163
1,1_1_191_808_2019-01-17 20:51:44.396198
2,1_1_191_785_2019-01-17 21:04:37.414641
2,1_1_179_797_2019-01-17 21:42:50.435634
2,1_1_194_821_2019-01-17 23:01:11.204193
2,1_1_191_780_2019-01-17 23:15:01.253414
2,1_1_179_783_2019-01-17 23:39:10.318088
2,1_1_178_823_2019-01-17 23:41:55.511818
2,1_1_191_795_2019-01-17 23:59:21.873207
2,1_1_193_827_2019-01-18 00:24:00.481537
2,1_1_178_828_2019-01-18 01:08:13.472914
2,1_1_178_823_2019-01-18 07:28:18.314194
1,1_1_178_823_2019-01-18 13:44:26.728865
1,1_1_194_821_2019-01-18 13:52:49.701567
1,1_1_194_826_2019-01-18 14:02:25.081860
1,1_1_179_799_2019-01-18 14:11:42.022108
0,1_1_178_828_2019-01-18 15:00:28.250379
1,1_1_193_827_2019-01-18 15:32:39.188795
0,1_1_193_829_2019-01-18 15:40:39.570198
1,1_1_193_819_2019-01-18 15:45:45.816383
1,1_1_178_817_2019-01-18 15:48:58.572143
1,1_1_179_781_2019-01-18 15:49:39.862066
1,1_1_193_820_2019-01-18 15:50:53.190178
1,1_1_179_777_2019-01-18 15:53:32.056204
0,1_1_194_822_2019-01-18 15:53:54.080788
1,1_1_194_818_2019-01-18 16:16:29.421363
2,1_1_178_824_2019-01-18 16:20:22.298528
0,1_1_193_825_2019-01-18 16:22:29.817144
0,1_1_179_788_2019-01-18 16:25:35.897606
1,1_1_193_816_2019-01-18 16:26:48.068138
0,1_1_179_783_2019-01-18 16:30:33.126857
2,1_1_179_791_2019-01-18 16:44:11.247695
1,1_1_179_809_2019-01-18 17:03:04.427955
0,1_1_179_794_2019-01-18 17:04:55.408390
0,1_1_179_779_2019-01-18 17:07:37.175403
2,1_1_179_796_2019-01-18 17:12:11.627378
2,1_1_179_815_2019-01-18 18:01:01.681754
1,1_1_178_824_2019-01-18 18:15:34.203012
0,1_1_179_791_2019-01-18 18:28:21.195810
2,1_1_193_825_2019-01-18 18:55:55.173787
2,1_1_179_810_2019-01-18 19:05:14.535344
2,1_1_178_828_2019-01-18 19:39:48.048237
2,1_1_179_797_2019-01-18 21:20:41.545266
2,1_1_178_828_2019-01-18 21:27:58.394865
2,1_1_179_801_2019-01-18 21:35:24.148156
2,1_1_194_821_2019-01-18 22:43:30.416301
2,1_1_193_825_2019-01-18 23:58:42.274174
2,1_1_194_821_2019-01-19 03:00:38.228516
2,1_1_194_818_2019-01-19 06:51:11.558162
0,1_1_194_818_2019-01-19 15:21:18.717318
0,1_1_194_822_2019-01-19 17:46:36.029640
2,1_1_178_817_2019-01-19 21:42:57.938687
2,1_1_194_818_2019-01-20 00:20:52.227343
2,1_1_194_822_2019-01-20 01:20:34.289729
2,1_1_194_818_2019-01-20 04:36:05.089060
0,1_1_178_823_2019-01-21 15:18:51.098102
2,1_1_194_818_2019-01-21 17:06:26.696316
2,1_1_193_819_2019-01-21 17:35:52.411084
0,1_1_179_813_2019-01-21 18:04:40.143371
0,1_1_193_829_2019-01-21 18:34:04.372961
2,1_1_194_822_2019-01-21 23:31:51.888631
0,1_1_178_828_2019-01-22 13:17:40.154170
1,1_1_178_823_2019-01-22 13:36:03.210684
1,1_1_191_789_2019-01-22 13:46:30.713981
0,1_1_179_796_2019-01-22 13:49:56.543834
1,1_1_193_819_2019-01-22 13:50:34.690698
0,1_1_194_822_2019-01-22 14:04:15.999791
0,1_1_194_818_2019-01-22 14:05:17.641729
1,1_1_193_829_2019-01-22 14:06:13.261041
1,1_1_193_820_2019-01-22 14:10:26.189037
1,1_1_179_799_2019-01-22 14:16:10.702226
1,1_1_193_827_2019-01-22 14:20:33.560649
1,1_1_178_817_2019-01-22 14:25:22.920468
1,1_1_194_821_2019-01-22 14:26:33.553689
0,1_1_178_824_2019-01-22 14:28:58.825333
1,1_1_179_787_2019-01-22 14:29:37.099813
1,1_1_191_802_2019-01-22 14:30:29.127893
1,1_1_179_810_2019-01-22 14:32:32.543125
1,1_1_193_816_2019-01-22 14:34:31.870903
0,1_1_179_788_2019-01-22 14:36:43.737462
0,1_1_193_825_2019-01-22 14:37:06.650670
1,1_1_179_791_2019-01-22 14:39:21.531656
0,1_1_191_780_2019-01-22 14:50:06.496062
1,1_1_179_815_2019-01-22 14:52:22.886689
1,1_1_179_781_2019-01-22 14:55:57.687525
1,1_1_179_783_2019-01-22 14:56:36.826181
0,1_1_191_812_2019-01-22 15:04:34.543926
1,1_1_179_800_2019-01-22 15:05:21.438814
0,1_1_179_801_2019-01-22 15:09:47.685913
0,1_1_179_777_2019-01-22 15:11:17.938451
1,1_1_179_798_2019-01-22 15:14:18.318670
0,1_1_179_790_2019-01-22 15:15:56.439058
1,1_1_191_782_2019-01-22 15:17:38.528816
0,1_1_179_794_2019-01-22 15:20:31.973740
0,1_1_191_795_2019-01-22 15:24:43.481637
1,1_1_191_778_2019-01-22 15:26:19.072654
1,1_1_191_785_2019-01-22 15:27:15.990184
0,1_1_191_784_2019-01-22 15:28:04.570148
0,1_1_191_803_2019-01-22 15:33:57.092373
1,1_1_191_792_2019-01-22 15:33:57.826696
1,1_1_191_804_2019-01-22 15:41:46.642251
1,1_1_191_806_2019-01-22 15:49:42.790332
1,1_1_191_805_2019-01-22 15:51:21.849918
1,1_1_191_808_2019-01-22 16:00:31.941032
0,1_1_191_793_2019-01-22 16:09:00.073500
1,1_1_191_811_2019-01-22 16:10:19.684389
0,1_1_191_786_2019-01-22 16:16:48.212450
1,1_1_191_807_2019-01-22 17:41:40.520881
1,1_1_193_829_2019-01-22 18:55:47.617616
0,1_1_179_799_2019-01-22 19:09:17.953926
1,1_1_179_794_2019-01-22 19:50:36.151364
2,1_1_191_786_2019-01-22 20:01:44.948387
2,1_1_178_824_2019-01-22 20:56:05.310375
2,1_1_193_816_2019-01-22 22:05:44.509951
2,1_1_178_828_2019-01-22 23:06:12.827018
2,1_1_193_827_2019-01-22 23:24:06.767166
2,1_1_194_818_2019-01-23 00:01:39.079712
2,1_1_194_821_2019-01-23 00:30:20.271387
2,1_1_194_822_2019-01-23 01:25:17.266612
0,1_1_194_826_2019-01-23 13:28:52.581499
1,1_1_179_796_2019-01-23 13:45:24.078107
1,1_1_191_789_2019-01-23 13:48:28.755889
1,1_1_193_827_2019-01-23 13:49:28.999088
1,1_1_178_823_2019-01-23 13:53:54.460972
1,1_1_178_828_2019-01-23 14:01:24.446192
1,1_1_194_821_2019-01-23 14:07:34.306117
1,1_1_193_819_2019-01-23 14:10:39.724838
1,1_1_178_817_2019-01-23 14:11:36.167112
2,1_1_179_799_2019-01-23 14:12:15.743083
1,1_1_193_820_2019-01-23 14:22:49.810102
1,1_1_194_822_2019-01-23 14:25:26.324516
1,1_1_179_787_2019-01-23 14:25:35.926851
0,1_1_178_824_2019-01-23 14:25:44.932177
0,1_1_194_818_2019-01-23 14:31:33.329059
0,1_1_179_788_2019-01-23 14:41:27.755837
1,1_1_193_816_2019-01-23 14:44:30.604179
0,1_1_179_800_2019-01-23 14:44:39.714033
0,1_1_179_809_2019-01-23 14:45:22.590242
0,1_1_193_825_2019-01-23 14:48:28.689638
1,1_1_179_781_2019-01-23 14:51:17.297089
1,1_1_193_829_2019-01-23 14:57:02.097504
1,1_1_191_802_2019-01-23 14:59:22.707666
0,1_1_179_813_2019-01-23 14:59:42.004145
0,1_1_179_777_2019-01-23 15:02:09.295363
1,1_1_179_783_2019-01-23 15:02:31.465080
1,1_1_179_791_2019-01-23 15:02:39.813976
0,1_1_179_797_2019-01-23 15:05:02.112689
1,1_1_191_782_2019-01-23 15:09:37.152712
1,1_1_179_794_2019-01-23 15:15:12.289758
0,1_1_179_790_2019-01-23 15:20:24.247225
1,1_1_191_803_2019-01-23 15:21:23.617009
0,1_1_179_801_2019-01-23 15:21:44.898633
1,1_1_191_785_2019-01-23 15:22:08.110489
0,1_1_191_780_2019-01-23 15:23:39.627904
0,1_1_179_798_2019-01-23 15:24:25.889646
0,1_1_191_807_2019-01-23 15:25:22.617907
0,1_1_191_795_2019-01-23 15:27:19.678176
1,1_1_191_812_2019-01-23 15:30:58.029136
1,1_1_191_792_2019-01-23 15:32:34.845721
1,1_1_191_778_2019-01-23 15:33:04.718656
0,1_1_191_784_2019-01-23 15:35:41.401295
1,1_1_191_793_2019-01-23 15:35:41.771373
1,1_1_191_806_2019-01-23 15:36:25.886954
0,1_1_179_815_2019-01-23 15:36:50.398115
0,1_1_191_808_2019-01-23 15:43:42.462990
0,1_1_191_786_2019-01-23 15:46:18.931050
1,1_1_191_804_2019-01-23 15:46:49.686124
1,1_1_191_805_2019-01-23 15:51:02.991111
0,1_1_191_811_2019-01-23 16:01:31.278849
1,1_1_179_799_2019-01-23 16:45:59.340298
1,1_1_194_822_2019-01-23 19:17:09.733977
2,1_1_191_780_2019-01-23 19:48:59.986619
2,1_1_179_798_2019-01-23 19:57:38.677899
2,1_1_194_818_2019-01-23 20:15:15.074822
2,1_1_179_779_2019-01-23 20:22:55.904465
2,1_1_191_808_2019-01-23 21:33:30.556916
2,1_1_178_828_2019-01-23 22:37:54.138963
2,1_1_194_821_2019-01-23 22:45:10.919708
0,1_1_194_826_2019-01-23 22:58:26.212179
2,1_1_193_819_2019-01-23 23:42:07.588009
2,1_1_178_817_2019-01-24 00:26:38.958711
2,1_1_193_827_2019-01-24 00:28:19.927249
2,1_1_193_820_2019-01-24 00:33:23.291026
2,1_1_194_818_2019-01-24 03:14:12.581444
1,1_1_178_823_2019-01-24 13:45:13.539307
1,1_1_194_821_2019-01-24 13:55:28.760342
1,1_1_193_829_2019-01-24 14:02:38.334276
0,1_1_194_822_2019-01-24 14:04:07.585972
1,1_1_179_799_2019-01-24 14:07:50.244138
1,1_1_193_819_2019-01-24 14:12:13.591066
1,1_1_178_828_2019-01-24 14:15:00.196556
1,1_1_191_778_2019-01-24 14:15:15.192813
1,1_1_191_789_2019-01-24 14:16:51.111758
1,1_1_193_827_2019-01-24 14:22:14.596990
0,1_1_179_810_2019-01-24 14:24:49.471073
1,1_1_193_820_2019-01-24 14:27:14.822838
1,1_1_178_817_2019-01-24 14:27:58.949339
0,1_1_194_826_2019-01-24 14:36:23.211891
0,1_1_179_783_2019-01-24 14:42:05.329828
0,1_1_179_809_2019-01-24 14:45:13.426022
1,1_1_179_815_2019-01-24 14:47:03.121052
0,1_1_191_802_2019-01-24 14:48:04.733821
1,1_1_178_824_2019-01-24 14:54:29.842209
1,1_1_179_797_2019-01-24 14:55:30.101622
0,1_1_179_781_2019-01-24 14:57:50.700354
1,1_1_179_796_2019-01-24 14:58:06.003331
1,1_1_193_816_2019-01-24 14:59:56.329615
0,1_1_194_818_2019-01-24 15:01:45.350082
0,1_1_179_801_2019-01-24 15:04:01.347596
1,1_1_191_785_2019-01-24 15:05:07.084266
1,1_1_179_777_2019-01-24 15:13:53.667461
0,1_1_193_825_2019-01-24 15:17:21.187452
1,1_1_179_787_2019-01-24 15:19:34.300150
1,1_1_179_788_2019-01-24 15:20:40.770963
1,1_1_191_812_2019-01-24 15:20:59.118543
1,1_1_179_794_2019-01-24 15:21:41.924463
1,1_1_179_798_2019-01-24 15:22:23.327001
0,1_1_179_779_2019-01-24 15:26:19.581506
1,1_1_191_782_2019-01-24 15:28:34.788783
0,1_1_191_795_2019-01-24 15:29:09.223720
1,1_1_191_807_2019-01-24 15:33:38.508736
0,1_1_179_813_2019-01-24 15:34:57.817522
0,1_1_191_811_2019-01-24 15:36:13.987245
1,1_1_191_808_2019-01-24 15:36:47.999066
1,1_1_191_780_2019-01-24 15:39:36.778635
1,1_1_191_793_2019-01-24 15:40:32.960235
1,1_1_191_805_2019-01-24 15:41:01.917830
1,1_1_191_804_2019-01-24 15:43:59.937582
1,1_1_191_806_2019-01-24 15:44:45.848357
1,1_1_191_786_2019-01-24 15:46:22.223809
1,1_1_191_792_2019-01-24 15:48:56.001313
0,1_1_194_826_2019-01-24 19:27:04.645851
2,1_1_193_829_2019-01-24 19:44:25.503622
2,1_1_191_795_2019-01-24 19:46:48.822729
0,1_1_191_784_2019-01-24 20:12:11.304818
2,1_1_193_829_2019-01-24 22:14:14.196020
2,1_1_194_821_2019-01-24 22:27:02.884059
2,1_1_179_794_2019-01-24 22:57:14.648403
2,1_1_193_819_2019-01-24 23:36:27.872725
2,1_1_178_828_2019-01-24 23:59:20.349329
2,1_1_193_827_2019-01-25 00:16:53.600555
2,1_1_191_811_2019-01-25 00:20:20.902813
2,1_1_178_823_2019-01-25 00:55:55.812315
1,1_1_178_823_2019-01-25 13:42:19.552987
0,1_1_179_813_2019-01-25 13:48:10.101064
1,1_1_193_827_2019-01-25 13:53:36.317382
0,1_1_191_778_2019-01-25 13:55:48.846624
1,1_1_193_829_2019-01-25 13:57:37.980259
1,1_1_194_821_2019-01-25 13:57:50.486290
1,1_1_194_826_2019-01-25 14:01:10.408481
1,1_1_178_828_2019-01-25 14:04:05.495436
0,1_1_193_820_2019-01-25 14:05:57.094076
1,1_1_193_819_2019-01-25 14:09:58.865429
0,1_1_194_822_2019-01-25 14:10:13.894566
1,1_1_179_799_2019-01-25 14:15:35.396889
0,1_1_194_818_2019-01-25 14:26:52.529268
1,1_1_193_825_2019-01-25 14:30:19.244113
0,1_1_178_817_2019-01-25 14:36:38.511693
1,1_1_178_824_2019-01-25 14:39:18.532387
0,1_1_179_810_2019-01-25 14:39:39.254054
1,1_1_193_816_2019-01-25 14:47:50.907744
1,1_1_179_815_2019-01-25 14:49:25.293899
0,1_1_191_802_2019-01-25 14:51:02.355771
0,1_1_179_781_2019-01-25 14:51:04.381206
0,1_1_179_783_2019-01-25 14:52:47.528689
1,1_1_191_785_2019-01-25 14:56:38.851446
0,1_1_179_800_2019-01-25 15:00:05.302066
0,1_1_179_791_2019-01-25 15:00:13.023735
0,1_1_179_777_2019-01-25 15:01:08.302433
0,1_1_179_796_2019-01-25 15:02:17.921580
0,1_1_179_797_2019-01-25 15:05:57.361107
1,1_1_179_788_2019-01-25 15:05:58.501269
1,1_1_191_812_2019-01-25 15:06:07.912348
0,1_1_179_794_2019-01-25 15:06:35.260246
0,1_1_179_798_2019-01-25 15:14:14.964073
1,1_1_179_787_2019-01-25 15:23:46.061297
1,1_1_191_780_2019-01-25 15:24:26.001326
0,1_1_179_801_2019-01-25 15:25:01.764416
1,1_1_191_808_2019-01-25 15:27:35.771558
1,1_1_191_789_2019-01-25 15:28:26.640484
1,1_1_179_779_2019-01-25 15:28:33.572144
1,1_1_191_792_2019-01-25 15:30:24.732910
1,1_1_191_782_2019-01-25 15:34:02.176941
1,1_1_179_790_2019-01-25 15:34:11.316151
1,1_1_191_806_2019-01-25 15:34:17.962166
1,1_1_191_805_2019-01-25 15:36:05.705042
0,1_1_191_803_2019-01-25 15:39:37.842202
0,1_1_191_807_2019-01-25 15:42:41.709173
1,1_1_191_795_2019-01-25 15:43:43.421330
0,1_1_191_811_2019-01-25 15:44:11.454810
0,1_1_191_793_2019-01-25 15:45:24.435072
0,1_1_191_786_2019-01-25 15:48:39.662059
1,1_1_191_804_2019-01-25 15:49:58.301514
0,1_1_179_800_2019-01-25 18:05:33.843883
0,1_1_179_809_2019-01-25 18:56:17.701835
0,1_1_193_825_2019-01-25 19:12:48.180197
2,1_1_193_820_2019-01-25 19:41:14.311894
1,1_1_193_829_2019-01-25 19:45:00.237186
0,1_1_191_793_2019-01-25 19:52:49.093867
2,1_1_179_801_2019-01-25 20:14:28.667237
0,1_1_191_807_2019-01-25 20:22:48.525133
0,1_1_179_781_2019-01-25 20:28:59.242518
0,1_1_179_813_2019-01-25 20:55:10.236580
2,1_1_194_821_2019-01-25 21:44:01.491986
2,1_1_191_780_2019-01-25 21:48:35.110916
2,1_1_193_819_2019-01-25 22:51:20.083231
2,1_1_179_796_2019-01-25 22:54:43.569323
2,1_1_194_826_2019-01-25 23:26:51.736915
2,1_1_194_818_2019-01-26 00:08:46.961409
2,1_1_178_823_2019-01-26 00:35:25.815374
2,1_1_178_817_2019-01-26 01:15:57.174431
1,1_1_178_823_2019-01-26 14:58:14.434764
2,1_1_194_818_2019-01-26 19:24:38.939808
2,1_1_178_817_2019-01-26 23:14:45.845640
1,1_1_194_821_2019-01-27 15:19:47.601265
2,1_1_178_823_2019-01-27 21:21:00.061050
0,1_1_194_826_2019-01-28 13:29:17.678766
1,1_1_178_823_2019-01-28 13:46:45.768360
0,1_1_194_821_2019-01-28 13:54:52.031339
0,1_1_191_778_2019-01-28 13:55:05.918214
1,1_1_178_828_2019-01-28 14:07:57.607733
0,1_1_194_822_2019-01-28 14:08:38.592039
0,1_1_193_825_2019-01-28 14:09:32.789396
1,1_1_178_817_2019-01-28 14:14:40.255293
1,1_1_179_799_2019-01-28 14:16:11.620784
1,1_1_193_827_2019-01-28 14:18:47.352230
1,1_1_193_819_2019-01-28 14:19:08.587569
0,1_1_179_810_2019-01-28 14:22:12.509179
1,1_1_193_820_2019-01-28 14:30:14.074842
1,1_1_179_787_2019-01-28 14:31:39.438009
0,1_1_194_818_2019-01-28 14:32:21.779355
1,1_1_191_802_2019-01-28 14:43:52.348045
1,1_1_191_789_2019-01-28 14:45:10.016937
1,1_1_179_791_2019-01-28 14:45:52.495501
0,1_1_179_796_2019-01-28 14:46:46.966922
1,1_1_179_794_2019-01-28 14:48:06.947837
0,1_1_191_811_2019-01-28 14:52:01.718294
0,1_1_191_803_2019-01-28 14:57:33.777118
0,1_1_178_824_2019-01-28 15:01:39.421532
1,1_1_193_816_2019-01-28 15:03:00.347931
0,1_1_179_790_2019-01-28 15:05:17.006283
0,1_1_193_829_2019-01-28 15:06:40.879637
1,1_1_179_788_2019-01-28 15:07:50.287412
1,1_1_191_782_2019-01-28 15:07:56.508779
1,1_1_179_800_2019-01-28 15:12:41.122685
1,1_1_191_812_2019-01-28 15:12:44.839026
1,1_1_179_798_2019-01-28 15:12:58.075327
1,1_1_179_783_2019-01-28 15:13:08.740343
0,1_1_179_797_2019-01-28 15:14:00.256904
1,1_1_179_809_2019-01-28 15:14:00.836846
0,1_1_179_781_2019-01-28 15:14:05.938306
0,1_1_179_777_2019-01-28 15:16:55.421141
1,1_1_179_801_2019-01-28 15:18:55.341255
1,1_1_191_785_2019-01-28 15:19:40.642041
1,1_1_191_807_2019-01-28 15:19:48.181539
0,1_1_179_779_2019-01-28 15:21:27.879863
1,1_1_179_813_2019-01-28 15:21:44.594970
0,1_1_191_784_2019-01-28 15:25:44.911800
1,1_1_191_780_2019-01-28 15:25:55.382144
0,1_1_191_806_2019-01-28 15:31:06.327132
0,1_1_191_805_2019-01-28 15:34:43.010160
1,1_1_191_792_2019-01-28 15:35:40.013650
1,1_1_191_808_2019-01-28 15:36:38.303325
1,1_1_191_793_2019-01-28 15:37:34.475497
1,1_1_191_786_2019-01-28 15:41:36.286478
1,1_1_191_804_2019-01-28 15:43:07.897151
1,1_1_194_821_2019-01-28 17:46:46.583221
0,1_1_194_818_2019-01-28 19:47:45.218019
2,1_1_179_779_2019-01-28 19:54:09.617501
2,1_1_179_791_2019-01-28 21:02:20.522701
2,1_1_179_799_2019-01-28 21:36:06.364672
2,1_1_179_801_2019-01-28 21:39:23.960374
2,1_1_194_826_2019-01-28 22:25:09.946542
2,1_1_178_817_2019-01-28 23:07:46.916070
2,1_1_179_799_2019-01-28 23:16:51.491587
2,1_1_193_825_2019-01-28 23:23:16.539452
2,1_1_193_829_2019-01-29 00:10:06.105271
2,1_1_179_801_2019-01-29 00:14:16.149553
2,1_1_191_778_2019-01-29 00:50:35.202970
0,1_1_194_826_2019-01-29 13:09:31.367964
1,1_1_178_828_2019-01-29 13:41:29.262986
1,1_1_178_823_2019-01-29 13:44:27.441529
1,1_1_191_789_2019-01-29 13:52:29.650365
1,1_1_193_829_2019-01-29 14:06:34.441872
0,1_1_179_810_2019-01-29 14:07:21.211698
1,1_1_179_799_2019-01-29 14:12:23.270352
0,1_1_178_817_2019-01-29 14:13:52.508626
1,1_1_193_827_2019-01-29 14:18:07.413136
1,1_1_193_816_2019-01-29 14:23:39.751641
1,1_1_179_800_2019-01-29 14:28:17.140016
1,1_1_193_819_2019-01-29 14:28:54.933477
0,1_1_194_821_2019-01-29 14:30:07.952990
0,1_1_193_820_2019-01-29 14:44:25.011834
2,1_1_178_824_2019-01-29 14:47:43.259638
0,1_1_179_791_2019-01-29 14:52:02.541831
0,1_1_179_788_2019-01-29 14:52:13.048535
1,1_1_179_815_2019-01-29 14:53:32.360803
0,1_1_194_822_2019-01-29 15:00:19.853449
1,1_1_179_787_2019-01-29 15:00:41.003675
1,1_1_193_825_2019-01-29 15:04:08.183386
1,1_1_179_777_2019-01-29 15:05:28.980407
0,1_1_179_813_2019-01-29 15:08:00.783297
2,1_1_179_797_2019-01-29 15:08:36.076738
1,1_1_191_812_2019-01-29 15:12:24.706973
0,1_1_191_803_2019-01-29 15:14:30.036233
1,1_1_179_809_2019-01-29 15:15:23.096507
0,1_1_179_801_2019-01-29 15:18:04.285445
1,1_1_191_802_2019-01-29 15:20:19.039732
0,1_1_179_779_2019-01-29 15:20:36.641711
1,1_1_179_783_2019-01-29 15:21:25.036729
1,1_1_179_794_2019-01-29 15:22:03.877439
1,1_1_191_785_2019-01-29 15:29:27.446383
2,1_1_191_804_2019-01-29 15:30:43.128568
1,1_1_179_798_2019-01-29 15:31:28.136776
1,1_1_191_792_2019-01-29 15:33:10.239401
0,1_1_191_811_2019-01-29 15:35:59.716141
0,1_1_191_807_2019-01-29 15:36:16.552669
1,1_1_191_780_2019-01-29 15:38:15.859836
0,1_1_191_808_2019-01-29 15:38:24.003841
1,1_1_191_795_2019-01-29 15:38:34.976201
1,1_1_191_805_2019-01-29 15:39:01.148884
1,1_1_191_782_2019-01-29 15:42:05.314331
0,1_1_191_806_2019-01-29 15:42:31.287647
1,1_1_191_778_2019-01-29 15:43:08.635392
1,1_1_191_786_2019-01-29 15:44:37.108702
0,1_1_191_793_2019-01-29 15:46:10.575512
0,1_1_191_784_2019-01-29 15:52:16.786091
0,1_1_179_796_2019-01-29 17:36:53.068552
2,1_1_191_808_2019-01-29 19:26:26.088558
0,1_1_193_829_2019-01-29 19:27:40.351984
2,1_1_191_804_2019-01-29 19:33:04.247856
0,1_1_179_797_2019-01-29 19:57:58.910586
0,1_1_178_824_2019-01-29 20:06:51.052767
2,1_1_194_821_2019-01-29 22:03:34.499333
2,1_1_178_828_2019-01-29 22:10:33.753381
2,1_1_191_806_2019-01-29 22:13:06.617527
0,1_1_179_809_2019-01-29 23:23:14.594267
2,1_1_193_827_2019-01-29 23:47:44.984510
2,1_1_178_823_2019-01-29 23:52:00.397502
2,1_1_178_817_2019-01-29 23:52:49.631845
2,1_1_191_811_2019-01-29 23:59:47.414177
2,1_1_193_816_2019-01-30 00:00:42.974416
2,1_1_193_819_2019-01-30 00:09:03.051148
2,1_1_194_818_2019-01-30 00:32:43.141136
2,1_1_194_821_2019-01-30 00:35:17.676976
2,1_1_193_825_2019-01-30 01:37:30.983477
1,1_1_194_826_2019-01-30 13:33:48.964937
1,1_1_178_823_2019-01-30 13:43:04.186129
1,1_1_178_828_2019-01-30 13:51:51.868610
1,1_1_193_819_2019-01-30 13:52:39.088141
0,1_1_179_799_2019-01-30 13:54:43.283968
1,1_1_191_789_2019-01-30 13:59:27.474779
0,1_1_179_810_2019-01-30 14:01:33.616674
1,1_1_178_817_2019-01-30 14:09:04.074865
1,1_1_193_820_2019-01-30 14:12:09.815257
1,1_1_194_821_2019-01-30 14:18:10.514079
1,1_1_193_827_2019-01-30 14:21:23.810949
1,1_1_179_791_2019-01-30 14:23:27.729906
1,1_1_193_825_2019-01-30 14:27:11.760291
0,1_1_194_822_2019-01-30 14:27:25.411485
1,1_1_179_787_2019-01-30 14:32:45.507498
1,1_1_191_802_2019-01-30 14:36:30.482963
0,1_1_193_816_2019-01-30 14:37:23.239034
1,1_1_193_829_2019-01-30 14:38:28.800725
1,1_1_178_824_2019-01-30 14:53:18.736847
1,1_1_179_813_2019-01-30 14:54:20.688005
1,1_1_194_818_2019-01-30 14:58:44.939950
0,1_1_179_783_2019-01-30 14:59:36.538656
1,1_1_179_815_2019-01-30 15:00:49.781150
1,1_1_179_796_2019-01-30 15:01:48.679350
1,1_1_179_777_2019-01-30 15:04:40.872258
1,1_1_179_781_2019-01-30 15:04:57.188769
0,1_1_179_809_2019-01-30 15:05:07.878899
1,1_1_179_797_2019-01-30 15:11:21.187585
1,1_1_179_779_2019-01-30 15:15:09.518755
1,1_1_179_794_2019-01-30 15:15:29.460789
0,1_1_191_803_2019-01-30 15:21:50.740736
1,1_1_191_785_2019-01-30 15:23:08.880031
0,1_1_179_798_2019-01-30 15:24:07.119193
0,1_1_179_788_2019-01-30 15:25:03.982676
0,1_1_179_790_2019-01-30 15:26:02.151253
1,1_1_191_792_2019-01-30 15:30:20.803272
1,1_1_179_801_2019-01-30 15:30:48.851473
0,1_1_191_780_2019-01-30 15:33:15.938183
1,1_1_191_806_2019-01-30 15:34:45.739375
1,1_1_191_782_2019-01-30 15:35:22.893081
1,1_1_191_778_2019-01-30 15:35:31.660857
0,1_1_191_807_2019-01-30 15:36:16.101612
2,1_1_191_811_2019-01-30 15:38:12.090353
2,1_1_191_805_2019-01-30 15:38:17.290286
1,1_1_191_784_2019-01-30 15:41:49.820303
0,1_1_191_793_2019-01-30 15:42:50.302382
0,1_1_191_786_2019-01-30 15:44:08.960298
1,1_1_191_804_2019-01-30 15:45:37.351750
1,1_1_191_808_2019-01-30 16:43:14.430315
0,1_1_194_822_2019-01-30 20:03:25.898397
2,1_1_191_786_2019-01-30 20:17:34.683702
2,1_1_191_811_2019-01-30 20:26:31.938282
2,1_1_179_783_2019-01-30 20:26:53.121897
0,1_1_191_805_2019-01-30 20:48:13.383148
2,1_1_191_784_2019-01-30 20:57:48.669826
2,1_1_179_777_2019-01-30 22:05:24.787104
2,1_1_193_819_2019-01-30 23:16:45.554855
2,1_1_178_828_2019-01-30 23:36:51.704905
2,1_1_193_820_2019-01-30 23:45:39.966625
2,1_1_193_825_2019-01-31 00:20:16.233192
2,1_1_178_823_2019-01-31 00:21:27.451486
2,1_1_178_817_2019-01-31 00:41:56.489275
0,1_1_179_800_2019-01-31 13:40:51.283317
1,1_1_178_823_2019-01-31 13:43:03.590784
0,1_1_179_813_2019-01-31 13:45:18.705364
1,1_1_178_828_2019-01-31 13:53:02.576495
1,1_1_191_789_2019-01-31 13:55:07.365336
0,1_1_194_826_2019-01-31 13:55:32.860548
0,1_1_193_827_2019-01-31 13:56:25.901512
1,1_1_193_829_2019-01-31 13:57:20.974841
1,1_1_178_817_2019-01-31 14:02:29.223802
2,1_1_193_819_2019-01-31 14:02:33.317548
0,1_1_179_791_2019-01-31 14:04:51.913477
0,1_1_194_821_2019-01-31 14:05:18.862060
0,1_1_179_810_2019-01-31 14:10:52.311810
0,1_1_193_820_2019-01-31 14:11:57.715629
0,1_1_179_799_2019-01-31 14:15:01.169109
1,1_1_179_787_2019-01-31 14:22:10.417018
0,1_1_194_818_2019-01-31 14:34:31.822209
0,1_1_193_825_2019-01-31 14:37:18.259690
0,1_1_191_803_2019-01-31 14:37:34.228864
1,1_1_178_824_2019-01-31 14:46:10.689644
0,1_1_193_816_2019-01-31 14:49:51.599082
1,1_1_194_822_2019-01-31 14:53:57.109910
1,1_1_179_781_2019-01-31 14:55:17.335321
1,1_1_179_777_2019-01-31 14:55:28.156909
0,1_1_179_779_2019-01-31 14:56:06.648347
1,1_1_179_796_2019-01-31 14:56:56.609749
1,1_1_191_795_2019-01-31 15:00:46.038766
0,1_1_179_801_2019-01-31 15:05:15.798045
1,1_1_179_809_2019-01-31 15:05:42.878091
1,1_1_191_802_2019-01-31 15:13:09.113647
0,1_1_179_783_2019-01-31 15:15:18.393957
1,1_1_179_798_2019-01-31 15:15:23.008033
1,1_1_179_794_2019-01-31 15:16:51.818190
0,1_1_179_797_2019-01-31 15:18:18.319752
1,1_1_179_790_2019-01-31 15:20:42.830459
1,1_1_191_805_2019-01-31 15:21:39.681382
1,1_1_191_778_2019-01-31 15:24:25.117649
1,1_1_179_788_2019-01-31 15:24:25.127558
1,1_1_191_807_2019-01-31 15:29:01.970220
1,1_1_191_782_2019-01-31 15:29:23.931671
1,1_1_191_785_2019-01-31 15:30:17.929766
1,1_1_191_812_2019-01-31 15:31:38.661112
1,1_1_191_780_2019-01-31 15:33:47.061966
0,1_1_191_806_2019-01-31 15:34:32.930913
1,1_1_191_784_2019-01-31 15:34:47.970042
1,1_1_191_792_2019-01-31 15:39:08.742537
0,1_1_191_808_2019-01-31 15:40:44.749763
0,1_1_191_793_2019-01-31 15:40:54.613453
0,1_1_191_804_2019-01-31 15:46:28.466192
1,1_1_191_786_2019-01-31 15:48:16.708767
0,1_1_193_819_2019-01-31 17:58:48.266077
1,1_1_178_828_2019-01-31 18:48:55.550658
2,1_1_193_829_2019-01-31 19:10:51.315572
0,1_1_193_816_2019-01-31 20:04:03.968787
1,1_1_179_810_2019-01-31 20:15:31.070420
2,1_1_191_808_2019-01-31 21:12:09.405407
2,1_1_191_780_2019-01-31 21:25:21.751274
2,1_1_193_820_2019-01-31 21:28:31.299974
2,1_1_179_796_2019-01-31 22:17:07.260955
2,1_1_179_797_2019-01-31 22:56:56.207505
2,1_1_179_800_2019-01-31 23:10:25.014894
2,1_1_179_813_2019-01-31 23:36:32.781563
2,1_1_194_821_2019-02-01 00:14:55.267615
2,1_1_178_823_2019-02-01 00:24:47.709469
2,1_1_179_787_2019-02-01 01:28:20.936050
2,1_1_194_818_2019-02-01 02:07:24.404035
2,1_1_178_823_2019-02-01 04:35:01.703600
2,1_1_194_818_2019-02-01 07:33:10.108834
1,1_1_178_823_2019-02-01 13:42:58.878097
1,1_1_194_826_2019-02-01 14:33:10.395263
0,1_1_178_817_2019-02-01 14:35:30.554392
2,1_1_193_819_2019-02-01 15:01:39.164574
0,1_1_193_820_2019-02-01 15:17:14.180020
1,1_1_191_789_2019-02-01 15:22:12.906756
1,1_1_178_828_2019-02-01 15:42:55.216646
0,1_1_194_818_2019-02-01 15:50:01.523710
1,1_1_178_824_2019-02-01 15:53:40.885334
0,1_1_193_825_2019-02-01 15:59:43.071885
1,1_1_193_816_2019-02-01 16:00:55.240974
0,1_1_194_821_2019-02-01 16:06:39.621185
2,1_1_193_829_2019-02-01 16:09:28.751161
0,1_1_194_822_2019-02-01 16:28:54.992861
0,1_1_179_783_2019-02-01 16:30:25.996875
0,1_1_179_777_2019-02-01 16:32:11.739933
0,1_1_179_799_2019-02-01 16:38:43.529999
0,1_1_179_787_2019-02-01 16:50:59.329846
2,1_1_179_810_2019-02-01 17:12:39.129512
2,1_1_179_790_2019-02-01 17:31:20.549735
2,1_1_193_829_2019-02-01 17:52:23.598141
2,1_1_179_815_2019-02-01 17:53:09.235790
0,1_1_179_800_2019-02-01 18:18:28.192793
0,1_1_179_801_2019-02-01 18:25:03.301104
0,1_1_179_781_2019-02-01 18:29:38.889357
0,1_1_179_791_2019-02-01 18:50:01.761536
2,1_1_179_810_2019-02-01 19:06:28.502382
2,1_1_193_819_2019-02-01 19:38:25.180015
2,1_1_179_777_2019-02-01 19:43:46.857989
2,1_1_194_818_2019-02-01 20:03:00.820019
2,1_1_179_815_2019-02-01 20:07:43.767474
0,1_1_194_822_2019-02-01 20:36:07.766147
2,1_1_179_798_2019-02-01 20:40:56.984616
2,1_1_193_829_2019-02-01 20:51:17.879429
2,1_1_193_827_2019-02-01 21:17:02.872364
2,1_1_179_810_2019-02-01 21:23:12.973541
2,1_1_179_781_2019-02-01 22:12:02.374559
2,1_1_194_821_2019-02-01 23:47:43.353746
0,1_1_194_826_2019-02-02 17:54:04.291003
2,1_1_194_821_2019-02-02 19:47:47.579830
1,1_1_191_812_2019-02-03 16:48:39.262267
2,1_1_194_826_2019-02-04 12:34:43.593723
1,1_1_193_825_2019-02-04 13:44:19.420573
1,1_1_178_823_2019-02-04 13:50:07.341450
1,1_1_191_789_2019-02-04 13:56:25.661123
0,1_1_179_800_2019-02-04 13:58:57.212301
1,1_1_194_826_2019-02-04 14:01:28.860399
0,1_1_193_827_2019-02-04 14:02:29.111869
0,1_1_193_816_2019-02-04 14:11:32.401312
1,1_1_193_819_2019-02-04 14:14:11.221923
1,1_1_178_828_2019-02-04 14:17:27.121859
0,1_1_178_817_2019-02-04 14:21:16.981926
1,1_1_194_818_2019-02-04 14:23:54.550001
1,1_1_193_820_2019-02-04 14:24:14.019139
0,1_1_179_777_2019-02-04 14:24:39.572535
0,1_1_194_821_2019-02-04 14:27:08.115125
1,1_1_194_822_2019-02-04 14:28:58.181745
1,1_1_193_829_2019-02-04 14:30:54.361397
1,1_1_179_799_2019-02-04 14:39:35.121062
1,1_1_179_787_2019-02-04 14:43:28.271185
1,1_1_191_802_2019-02-04 14:46:59.360695
0,1_1_179_781_2019-02-04 14:47:17.538755
0,1_1_179_797_2019-02-04 14:50:56.571059
1,1_1_179_815_2019-02-04 14:52:19.390686
0,1_1_179_783_2019-02-04 14:54:23.502524
1,1_1_179_791_2019-02-04 14:55:39.230396
1,1_1_179_809_2019-02-04 14:59:09.600727
1,1_1_179_796_2019-02-04 15:00:27.979053
0,1_1_191_780_2019-02-04 15:02:52.433159
0,1_1_179_801_2019-02-04 15:04:11.931068
0,1_1_179_788_2019-02-04 15:04:35.922271
0,1_1_191_812_2019-02-04 15:12:41.451141
0,1_1_191_803_2019-02-04 15:17:22.700508
1,1_1_191_805_2019-02-04 15:22:00.531042
0,1_1_191_795_2019-02-04 15:22:14.931125
1,1_1_179_790_2019-02-04 15:22:17.448148
1,1_1_179_798_2019-02-04 15:22:55.931504
0,1_1_179_779_2019-02-04 15:32:13.140626
1,1_1_191_785_2019-02-04 15:33:28.779613
1,1_1_191_807_2019-02-04 15:37:14.279753
1,1_1_179_813_2019-02-04 15:37:15.358350
1,1_1_191_782_2019-02-04 15:37:51.134269
1,1_1_191_806_2019-02-04 15:39:00.581268
1,1_1_191_778_2019-02-04 15:42:01.510667
2,1_1_191_808_2019-02-04 15:47:43.334204
1,1_1_191_811_2019-02-04 15:48:29.557484
0,1_1_191_793_2019-02-04 15:48:33.755644
0,1_1_191_792_2019-02-04 15:50:41.418127
0,1_1_191_804_2019-02-04 15:51:25.913367
1,1_1_191_786_2019-02-04 15:51:47.890256
1,1_1_191_784_2019-02-04 15:53:28.975069
1,1_1_194_826_2019-02-04 18:32:12.376123
0,1_1_179_794_2019-02-04 18:53:06.315319
0,1_1_191_808_2019-02-04 19:58:21.056781
0,1_1_179_788_2019-02-04 20:59:11.960943
2,1_1_179_790_2019-02-04 21:07:00.810602
2,1_1_179_800_2019-02-04 21:22:01.391884
2,1_1_191_804_2019-02-04 22:26:05.531945
2,1_1_193_827_2019-02-04 23:19:11.934009
2,1_1_193_819_2019-02-04 23:29:41.514172
2,1_1_178_828_2019-02-05 00:07:06.609318
2,1_1_178_823_2019-02-05 00:07:16.588417
2,1_1_191_793_2019-02-05 00:08:00.261535
2,1_1_178_817_2019-02-05 00:17:38.464354
2,1_1_193_829_2019-02-05 00:24:33.981322
2,1_1_193_820_2019-02-05 01:08:30.579834
2,1_1_178_823_2019-02-05 02:21:19.188975
1,1_1_193_827_2019-02-05 13:00:16.762135
1,1_1_178_823_2019-02-05 13:51:04.090334
0,1_1_179_800_2019-02-05 13:52:03.001690
1,1_1_178_828_2019-02-05 13:55:10.895203
1,1_1_191_789_2019-02-05 13:57:04.792659
0,1_1_179_791_2019-02-05 14:03:53.312858
1,1_1_193_819_2019-02-05 14:10:49.557083
2,1_1_194_818_2019-02-05 14:14:01.445419
1,1_1_194_821_2019-02-05 14:15:14.161008
1,1_1_194_822_2019-02-05 14:22:12.135636
1,1_1_193_820_2019-02-05 14:28:04.442883
0,1_1_194_826_2019-02-05 14:28:19.923258
1,1_1_179_787_2019-02-05 14:31:02.851907
1,1_1_179_794_2019-02-05 14:34:24.274503
1,1_1_179_810_2019-02-05 14:42:18.831930
1,1_1_193_829_2019-02-05 14:43:30.054016
0,1_1_191_795_2019-02-05 14:43:52.823043
0,1_1_179_799_2019-02-05 14:44:30.762019
1,1_1_178_817_2019-02-05 14:44:42.784588
0,1_1_179_798_2019-02-05 14:45:41.302156
1,1_1_193_825_2019-02-05 14:46:30.531479
0,1_1_179_797_2019-02-05 14:47:50.841771
1,1_1_179_781_2019-02-05 14:53:50.863727
1,1_1_193_816_2019-02-05 14:56:15.584803
0,1_1_178_824_2019-02-05 14:58:47.533771
0,1_1_179_813_2019-02-05 15:02:19.032269
1,1_1_179_796_2019-02-05 15:03:08.116063
0,1_1_179_809_2019-02-05 15:03:52.266706
0,1_1_179_790_2019-02-05 15:08:00.542886
1,1_1_191_802_2019-02-05 15:08:27.543671
1,1_1_179_788_2019-02-05 15:10:54.683783
0,1_1_191_803_2019-02-05 15:11:58.752757
0,1_1_179_779_2019-02-05 15:12:26.843196
1,1_1_179_801_2019-02-05 15:17:19.923697
0,1_1_191_806_2019-02-05 15:21:07.690846
1,1_1_191_780_2019-02-05 15:24:08.453593
0,1_1_191_804_2019-02-05 15:26:12.202226
0,1_1_191_807_2019-02-05 15:26:19.122989
1,1_1_191_785_2019-02-05 15:29:19.992811
0,1_1_191_808_2019-02-05 15:30:34.233453
0,1_1_191_778_2019-02-05 15:32:02.451873
1,1_1_191_812_2019-02-05 15:33:49.832893
0,1_1_191_811_2019-02-05 15:39:31.401781
1,1_1_191_805_2019-02-05 15:41:14.051687
1,1_1_179_777_2019-02-05 15:42:29.799712
0,1_1_191_784_2019-02-05 15:42:38.243297
0,1_1_191_786_2019-02-05 15:43:28.901679
1,1_1_191_792_2019-02-05 15:43:51.362257
1,1_1_191_793_2019-02-05 15:44:01.315003
2,1_1_194_818_2019-02-05 15:58:26.887200
1,1_1_194_818_2019-02-05 19:34:31.987256
2,1_1_178_823_2019-02-05 22:16:31.661881
2,1_1_191_811_2019-02-05 22:25:42.595913
2,1_1_191_793_2019-02-05 22:49:40.883485
2,1_1_194_821_2019-02-05 23:44:16.154979
2,1_1_178_828_2019-02-05 23:52:07.969120
2,1_1_179_815_2019-02-06 00:02:49.880574
2,1_1_193_820_2019-02-06 00:25:01.658790
2,1_1_194_822_2019-02-06 00:36:05.381169
1,1_1_178_823_2019-02-06 13:47:10.785502
1,1_1_191_789_2019-02-06 13:55:41.766590
0,1_1_179_800_2019-02-06 13:57:41.386319
1,1_1_193_819_2019-02-06 14:11:04.236431
1,1_1_193_827_2019-02-06 14:18:34.767382
0,1_1_193_820_2019-02-06 14:25:34.036595
1,1_1_178_828_2019-02-06 14:26:37.994829
1,1_1_179_810_2019-02-06 14:27:54.755387
1,1_1_178_824_2019-02-06 14:30:18.647592
0,1_1_193_829_2019-02-06 14:30:36.287964
0,1_1_178_817_2019-02-06 14:33:04.403973
1,1_1_179_787_2019-02-06 14:33:35.643925
1,1_1_194_826_2019-02-06 14:51:57.920232
1,1_1_194_822_2019-02-06 14:52:24.037657
1,1_1_194_821_2019-02-06 14:56:55.814325
2,1_1_179_783_2019-02-06 15:01:48.027437
1,1_1_179_781_2019-02-06 15:05:43.216949
0,1_1_179_777_2019-02-06 15:06:39.423507
0,1_1_179_796_2019-02-06 15:08:02.936745
1,1_1_179_799_2019-02-06 15:11:22.359905
1,1_1_179_798_2019-02-06 15:11:37.696342
1,1_1_179_794_2019-02-06 15:15:29.876761
0,1_1_179_797_2019-02-06 15:16:16.185390
0,1_1_179_813_2019-02-06 15:18:15.523882
1,1_1_179_801_2019-02-06 15:19:45.368769
1,1_1_191_812_2019-02-06 15:21:16.560099
1,1_1_179_809_2019-02-06 15:22:46.569892
1,1_1_191_807_2019-02-06 15:24:55.360109
0,1_1_193_825_2019-02-06 15:25:03.231115
0,1_1_191_802_2019-02-06 15:25:39.558669
0,1_1_179_788_2019-02-06 15:29:41.727015
0,1_1_179_790_2019-02-06 15:34:04.457172
0,1_1_179_779_2019-02-06 15:34:34.628137
0,1_1_191_782_2019-02-06 15:35:38.185787
0,1_1_191_780_2019-02-06 15:36:05.065635
1,1_1_191_778_2019-02-06 15:36:23.958280
0,1_1_191_806_2019-02-06 15:37:47.537914
1,1_1_191_808_2019-02-06 15:37:50.686552
0,1_1_191_804_2019-02-06 15:39:16.026376
0,1_1_191_793_2019-02-06 15:39:24.727797
2,1_1_191_811_2019-02-06 15:43:05.900790
2,1_1_191_784_2019-02-06 15:47:09.697417
0,1_1_191_786_2019-02-06 15:47:16.826734
1,1_1_191_792_2019-02-06 15:48:11.087185
0,1_1_191_805_2019-02-06 15:54:01.671009
0,1_1_179_783_2019-02-06 16:43:00.698385
0,1_1_191_811_2019-02-06 19:15:34.091419
0,1_1_191_780_2019-02-06 19:44:16.915773
1,1_1_191_782_2019-02-06 19:52:22.545741
2,1_1_179_809_2019-02-06 19:58:41.210193
0,1_1_193_829_2019-02-06 20:04:07.070475
2,1_1_179_799_2019-02-06 20:27:48.638981
2,1_1_191_784_2019-02-06 20:47:38.420302
0,1_1_191_806_2019-02-06 20:55:12.825429
2,1_1_193_820_2019-02-06 21:26:33.967104
2,1_1_179_800_2019-02-06 22:12:18.982229
2,1_1_178_824_2019-02-06 22:18:52.854564
2,1_1_193_827_2019-02-06 23:14:48.826990
2,1_1_193_819_2019-02-06 23:47:04.076045
2,1_1_179_787_2019-02-07 00:40:55.286005
0,1_1_193_827_2019-02-07 13:33:13.429595
1,1_1_178_823_2019-02-07 13:46:30.292977
0,1_1_178_828_2019-02-07 13:50:10.554188
0,1_1_179_800_2019-02-07 13:53:24.882547
0,1_1_194_826_2019-02-07 14:03:56.325165
1,1_1_193_819_2019-02-07 14:09:01.228781
1,1_1_191_789_2019-02-07 14:09:52.695290
0,1_1_179_791_2019-02-07 14:10:02.237002
0,1_1_179_810_2019-02-07 14:13:34.704562
0,1_1_193_820_2019-02-07 14:27:39.673391
1,1_1_194_821_2019-02-07 14:27:57.350103
1,1_1_193_829_2019-02-07 14:29:20.539904
0,1_1_178_817_2019-02-07 14:30:02.340107
1,1_1_179_787_2019-02-07 14:31:01.172666
0,1_1_194_818_2019-02-07 14:31:47.480514
1,1_1_194_822_2019-02-07 14:32:21.690751
1,1_1_178_824_2019-02-07 14:33:22.721118
0,1_1_193_825_2019-02-07 14:41:31.119031
1,1_1_191_802_2019-02-07 14:47:29.602882
1,1_1_193_816_2019-02-07 14:54:36.219971
0,1_1_179_797_2019-02-07 14:54:39.124541
0,1_1_179_777_2019-02-07 15:04:04.673781
0,1_1_179_788_2019-02-07 15:04:28.753483
0,1_1_179_783_2019-02-07 15:04:48.954823
1,1_1_179_794_2019-02-07 15:06:52.854841
0,1_1_179_798_2019-02-07 15:08:12.925101
0,1_1_179_801_2019-02-07 15:11:04.905882
0,1_1_179_790_2019-02-07 15:14:02.181580
1,1_1_191_808_2019-02-07 15:14:11.255156
1,1_1_191_812_2019-02-07 15:17:17.307235
1,1_1_191_780_2019-02-07 15:19:03.813744
0,1_1_179_779_2019-02-07 15:19:51.692703
0,1_1_191_785_2019-02-07 15:21:41.592810
0,1_1_179_799_2019-02-07 15:22:47.983207
1,1_1_191_807_2019-02-07 15:26:48.693119
0,1_1_179_813_2019-02-07 15:28:37.545364
1,1_1_191_805_2019-02-07 15:29:54.742959
0,1_1_191_804_2019-02-07 15:31:54.023658
1,1_1_179_809_2019-02-07 15:32:32.773517
1,1_1_191_784_2019-02-07 15:37:41.695524
0,1_1_191_792_2019-02-07 15:38:11.873379
1,1_1_191_778_2019-02-07 15:40:14.994764
1,1_1_191_811_2019-02-07 15:40:20.184839
1,1_1_191_786_2019-02-07 15:40:37.881661
1,1_1_191_782_2019-02-07 15:41:40.213278
1,1_1_191_793_2019-02-07 15:42:49.125500
0,1_1_191_803_2019-02-07 15:48:51.603287
1,1_1_178_828_2019-02-07 17:36:02.494903
0,1_1_179_796_2019-02-07 18:57:28.251287
0,1_1_179_798_2019-02-07 19:30:35.961398
2,1_1_179_794_2019-02-07 20:38:17.622255
2,1_1_178_817_2019-02-07 22:18:15.314490
2,1_1_193_827_2019-02-07 22:32:34.037293
2,1_1_179_799_2019-02-07 22:55:39.269578
2,1_1_193_819_2019-02-07 23:06:23.746472
2,1_1_179_788_2019-02-07 23:12:28.498555
2,1_1_178_823_2019-02-07 23:43:35.262914
2,1_1_193_820_2019-02-07 23:46:07.339506
2,1_1_179_815_2019-02-08 00:03:32.314844
2,1_1_179_799_2019-02-08 00:10:08.015165
2,1_1_193_829_2019-02-08 00:19:27.209268
2,1_1_194_821_2019-02-08 00:43:41.257905
2,1_1_178_828_2019-02-08 01:33:27.456211
1,1_1_178_817_2019-02-08 13:14:53.380047
1,1_1_194_826_2019-02-08 13:37:00.077440
1,1_1_178_823_2019-02-08 13:43:00.849273
0,1_1_179_796_2019-02-08 13:53:29.110064
0,1_1_193_825_2019-02-08 14:04:57.890361
1,1_1_178_828_2019-02-08 14:05:28.546514
0,1_1_179_797_2019-02-08 14:11:01.805569
1,1_1_194_822_2019-02-08 14:11:55.807626
1,1_1_194_821_2019-02-08 14:15:24.262569
0,1_1_193_827_2019-02-08 14:21:20.908783
0,1_1_178_824_2019-02-08 14:22:03.996588
0,1_1_194_818_2019-02-08 14:22:19.717111
1,1_1_193_820_2019-02-08 14:26:01.180343
0,1_1_193_819_2019-02-08 14:28:18.895412
1,1_1_191_802_2019-02-08 14:29:45.374541
1,1_1_179_815_2019-02-08 14:31:08.633590
1,1_1_193_829_2019-02-08 14:36:56.344860
0,1_1_193_816_2019-02-08 14:40:36.196852
0,1_1_179_800_2019-02-08 14:42:20.170037
0,1_1_179_798_2019-02-08 14:51:35.628270
1,1_1_179_781_2019-02-08 14:54:31.815023
0,1_1_179_799_2019-02-08 14:57:34.952395
0,1_1_179_777_2019-02-08 15:01:37.838452
1,1_1_179_791_2019-02-08 15:03:01.778426
0,1_1_179_783_2019-02-08 15:04:20.861105
1,1_1_179_788_2019-02-08 15:08:25.550271
0,1_1_179_809_2019-02-08 15:08:25.690485
1,1_1_179_794_2019-02-08 15:09:06.258096
1,1_1_191_812_2019-02-08 15:11:36.221001
0,1_1_191_780_2019-02-08 15:12:36.929184
0,1_1_179_801_2019-02-08 15:16:04.168713
1,1_1_191_789_2019-02-08 15:16:08.649550
0,1_1_179_787_2019-02-08 15:16:23.420860
1,1_1_179_779_2019-02-08 15:21:30.076670
0,1_1_191_803_2019-02-08 15:25:04.297027
1,1_1_179_790_2019-02-08 15:30:19.128203
0,1_1_191_795_2019-02-08 15:30:20.217916
0,1_1_179_813_2019-02-08 15:31:14.597351
0,1_1_191_807_2019-02-08 15:32:18.625162
0,1_1_191_806_2019-02-08 15:34:13.705674
1,1_1_191_805_2019-02-08 15:34:21.913771
1,1_1_191_808_2019-02-08 15:36:38.222436
0,1_1_191_778_2019-02-08 15:37:45.012832
0,1_1_191_793_2019-02-08 15:39:43.624496
0,1_1_191_786_2019-02-08 15:40:26.152472
0,1_1_191_804_2019-02-08 15:42:39.835061
1,1_1_191_785_2019-02-08 15:46:34.784425
1,1_1_191_784_2019-02-08 15:47:32.364998
1,1_1_191_792_2019-02-08 15:48:06.715971
0,1_1_191_811_2019-02-08 15:57:52.078687
0,1_1_193_825_2019-02-08 18:44:58.347873
0,1_1_179_813_2019-02-08 19:23:40.837884
0,1_1_194_818_2019-02-08 19:25:14.043279
0,1_1_191_806_2019-02-08 19:43:47.395512
0,1_1_191_795_2019-02-08 19:51:00.796418
1,1_1_178_828_2019-02-08 19:51:51.739002
2,1_1_179_798_2019-02-08 19:55:01.846246
0,1_1_179_783_2019-02-08 19:56:25.674016
0,1_1_191_804_2019-02-08 19:57:49.476710
2,1_1_178_817_2019-02-08 20:07:28.551437
2,1_1_193_816_2019-02-08 20:48:59.534360
2,1_1_191_778_2019-02-08 21:44:19.753309
2,1_1_179_790_2019-02-08 22:35:35.105612
2,1_1_179_794_2019-02-08 22:39:51.306169
2,1_1_193_820_2019-02-08 22:52:23.370108
2,1_1_178_824_2019-02-08 23:18:35.269464
2,1_1_193_819_2019-02-08 23:23:35.342209
2,1_1_191_812_2019-02-08 23:32:55.515287
2,1_1_179_791_2019-02-08 23:38:16.454707
2,1_1_179_796_2019-02-08 23:38:32.850871
2,1_1_179_800_2019-02-08 23:59:52.701320
2,1_1_179_787_2019-02-09 00:00:14.584780
2,1_1_194_822_2019-02-09 00:14:59.108294
1,1_1_178_823_2019-02-09 13:44:30.547493
2,1_1_194_822_2019-02-09 17:17:04.160907
2,1_1_194_821_2019-02-09 17:43:15.767641
0,1_1_178_828_2019-02-09 18:01:54.460991
2,1_1_193_825_2019-02-09 19:45:49.678536
2,1_1_191_795_2019-02-09 21:48:33.497201
2,1_1_194_818_2019-02-10 02:06:42.598798
2,1_1_179_810_2019-02-10 21:10:19.003093
2,1_1_193_827_2019-02-10 23:11:16.674883
1,1_1_178_823_2019-02-11 13:46:11.298819
0,1_1_193_827_2019-02-11 13:50:02.849316
1,1_1_191_789_2019-02-11 13:51:40.380364
1,1_1_178_828_2019-02-11 13:54:01.438921
1,1_1_179_797_2019-02-11 13:56:40.688038
0,1_1_179_800_2019-02-11 13:57:07.543512
0,1_1_193_825_2019-02-11 14:05:35.257368
0,1_1_193_819_2019-02-11 14:10:47.869778
1,1_1_193_820_2019-02-11 14:10:48.678071
1,1_1_179_796_2019-02-11 14:16:58.121105
1,1_1_179_810_2019-02-11 14:19:17.269531
0,1_1_193_829_2019-02-11 14:22:18.387319
1,1_1_194_822_2019-02-11 14:22:52.539627
1,1_1_179_787_2019-02-11 14:29:47.128656
1,1_1_179_798_2019-02-11 14:43:50.249352
0,1_1_179_799_2019-02-11 14:49:14.420685
0,1_1_178_824_2019-02-11 14:49:16.118180
1,1_1_191_802_2019-02-11 14:50:33.329629
1,1_1_179_781_2019-02-11 14:52:50.839746
1,1_1_179_791_2019-02-11 14:58:39.367800
1,1_1_179_794_2019-02-11 15:00:20.411662
1,1_1_193_816_2019-02-11 15:04:05.537242
1,1_1_178_817_2019-02-11 15:05:10.778955
1,1_1_194_821_2019-02-11 15:05:52.760321
0,1_1_179_783_2019-02-11 15:08:51.627617
0,1_1_179_801_2019-02-11 15:08:53.962247
1,1_1_179_777_2019-02-11 15:10:10.616643
1,1_1_191_782_2019-02-11 15:10:29.618995
0,1_1_179_809_2019-02-11 15:10:33.217742
0,1_1_191_803_2019-02-11 15:11:29.737851
0,1_1_179_790_2019-02-11 15:16:38.219905
1,1_1_191_795_2019-02-11 15:21:21.467765
0,1_1_179_788_2019-02-11 15:22:09.817059
0,1_1_191_812_2019-02-11 15:22:28.559666
0,1_1_179_779_2019-02-11 15:23:35.605570
1,1_1_191_805_2019-02-11 15:24:51.915199
1,1_1_191_785_2019-02-11 15:27:06.347071
1,1_1_179_813_2019-02-11 15:28:47.219528
1,1_1_191_807_2019-02-11 15:30:13.428730
1,1_1_179_815_2019-02-11 15:31:20.937381
1,1_1_191_778_2019-02-11 15:35:15.078965
1,1_1_191_780_2019-02-11 15:36:21.456528
1,1_1_191_806_2019-02-11 15:41:10.858785
0,1_1_191_811_2019-02-11 15:41:14.177971
1,1_1_191_784_2019-02-11 15:45:21.364828
0,1_1_191_792_2019-02-11 15:45:32.139795
1,1_1_191_793_2019-02-11 15:46:23.651905
0,1_1_191_804_2019-02-11 15:48:56.812409
1,1_1_191_786_2019-02-11 15:50:13.982078
0,1_1_194_818_2019-02-11 16:01:11.789346
0,1_1_193_829_2019-02-11 19:40:31.632190
2,1_1_179_779_2019-02-11 20:07:04.013876
2,1_1_179_794_2019-02-11 20:30:57.815834
2,1_1_178_828_2019-02-11 22:08:46.737141
2,1_1_193_825_2019-02-11 22:10:45.076832
2,1_1_194_818_2019-02-11 22:22:19.690673
2,1_1_179_810_2019-02-11 22:33:10.984988
2,1_1_193_820_2019-02-11 22:50:55.113623
2,1_1_179_800_2019-02-11 23:10:16.073306
2,1_1_179_801_2019-02-11 23:35:20.880517
2,1_1_191_804_2019-02-11 23:41:26.127746
2,1_1_178_823_2019-02-11 23:42:28.586378
2,1_1_194_822_2019-02-12 00:09:07.132279
2,1_1_193_827_2019-02-12 00:15:41.734988
2,1_1_194_821_2019-02-12 00:20:35.645445
2,1_1_193_819_2019-02-12 00:24:17.564370
2,1_1_179_809_2019-02-12 00:28:13.644135
2,1_1_178_823_2019-02-12 04:18:47.120791
1,1_1_178_828_2019-02-12 13:05:52.716632
1,1_1_193_827_2019-02-12 13:36:10.737708
0,1_1_194_826_2019-02-12 13:45:37.688493
1,1_1_178_823_2019-02-12 13:47:13.576495
0,1_1_178_817_2019-02-12 13:51:48.146825
1,1_1_191_789_2019-02-12 13:52:07.585625
1,1_1_193_820_2019-02-12 13:52:24.725897
1,1_1_179_799_2019-02-12 14:01:41.276819
0,1_1_193_819_2019-02-12 14:04:56.097680
1,1_1_178_824_2019-02-12 14:10:34.036233
0,1_1_193_825_2019-02-12 14:17:08.205525
0,1_1_194_821_2019-02-12 14:24:49.155452
1,1_1_179_810_2019-02-12 14:25:18.804605
0,1_1_193_816_2019-02-12 14:25:51.446912
0,1_1_179_788_2019-02-12 14:25:56.726047
1,1_1_179_787_2019-02-12 14:26:01.739582
0,1_1_194_822_2019-02-12 14:27:12.295258
1,1_1_191_802_2019-02-12 14:29:24.686326
0,1_1_191_803_2019-02-12 14:34:22.543376
1,1_1_193_829_2019-02-12 14:35:05.759384
1,1_1_179_791_2019-02-12 14:40:15.215110
2,1_1_179_781_2019-02-12 14:55:19.879044
1,1_1_179_777_2019-02-12 14:55:42.496296
0,1_1_179_801_2019-02-12 14:56:21.054208
1,1_1_179_796_2019-02-12 14:58:04.408927
0,1_1_179_813_2019-02-12 14:59:01.396580
1,1_1_179_783_2019-02-12 15:01:21.907116
1,1_1_179_815_2019-02-12 15:02:18.704910
0,1_1_179_800_2019-02-12 15:03:20.828081
0,1_1_179_809_2019-02-12 15:04:06.417761
1,1_1_179_794_2019-02-12 15:04:43.840719
1,1_1_179_797_2019-02-12 15:04:50.360235
1,1_1_179_798_2019-02-12 15:05:30.579020
0,1_1_191_785_2019-02-12 15:06:00.798530
1,1_1_179_790_2019-02-12 15:13:36.687398
0,1_1_191_795_2019-02-12 15:16:01.291992
1,1_1_191_782_2019-02-12 15:16:23.791977
0,1_1_179_779_2019-02-12 15:16:29.499223
0,1_1_191_778_2019-02-12 15:20:47.938578
1,1_1_191_807_2019-02-12 15:21:55.939154
1,1_1_191_780_2019-02-12 15:23:24.629610
1,1_1_191_806_2019-02-12 15:26:27.097981
0,1_1_191_812_2019-02-12 15:27:43.185991
1,1_1_191_805_2019-02-12 15:28:16.069174
1,1_1_191_792_2019-02-12 15:30:33.427271
1,1_1_191_784_2019-02-12 15:31:32.658886
1,1_1_191_808_2019-02-12 15:38:13.568511
0,1_1_191_804_2019-02-12 15:40:04.419701
0,1_1_191_793_2019-02-12 15:40:04.907943
1,1_1_191_786_2019-02-12 15:40:53.518312
1,1_1_179_781_2019-02-12 17:27:30.385063
0,1_1_191_811_2019-02-12 17:33:16.548677
0,1_1_193_827_2019-02-12 19:27:56.910719
0,1_1_193_819_2019-02-12 19:28:00.394934
2,1_1_178_817_2019-02-12 19:46:31.672004
2,1_1_179_800_2019-02-12 20:29:24.709318
2,1_1_179_790_2019-02-12 20:30:42.242428
2,1_1_178_817_2019-02-12 21:27:28.736776
2,1_1_194_822_2019-02-12 22:39:39.654895
2,1_1_191_782_2019-02-12 23:01:12.053429
2,1_1_178_824_2019-02-12 23:52:16.505528
2,1_1_178_823_2019-02-12 23:57:07.088229
2,1_1_179_810_2019-02-13 00:12:40.252451
2,1_1_193_829_2019-02-13 00:12:47.602178
2,1_1_193_816_2019-02-13 00:25:10.275911
2,1_1_194_821_2019-02-13 00:27:09.233275
2,1_1_179_800_2019-02-13 01:09:27.941518
2,1_1_193_825_2019-02-13 01:09:46.931111
2,1_1_178_817_2019-02-13 01:46:58.229098
1,1_1_194_826_2019-02-13 12:38:29.100587
1,1_1_178_828_2019-02-13 13:47:14.942354
1,1_1_178_823_2019-02-13 13:48:04.132796
0,1_1_179_800_2019-02-13 13:48:54.061861
1,1_1_191_789_2019-02-13 13:50:01.427379
1,1_1_193_819_2019-02-13 13:54:56.403366
1,1_1_194_822_2019-02-13 13:59:36.893123
0,1_1_193_825_2019-02-13 14:10:37.824668
0,1_1_193_829_2019-02-13 14:11:02.284416
1,1_1_193_820_2019-02-13 14:11:23.183680
1,1_1_193_827_2019-02-13 14:22:08.484980
1,1_1_178_817_2019-02-13 14:22:39.494593
1,1_1_179_787_2019-02-13 14:30:44.924365
1,1_1_194_821_2019-02-13 14:39:55.052135
0,1_1_178_824_2019-02-13 14:40:37.882514
0,1_1_179_796_2019-02-13 14:49:43.584149
0,1_1_191_793_2019-02-13 14:50:53.348139
1,1_1_179_815_2019-02-13 14:51:59.947489
0,1_1_179_798_2019-02-13 14:53:05.746995
0,1_1_179_799_2019-02-13 14:53:37.706405
1,1_1_193_816_2019-02-13 14:55:59.892418
1,1_1_191_802_2019-02-13 14:58:49.037297
1,1_1_179_791_2019-02-13 14:58:49.775261
0,1_1_179_810_2019-02-13 15:00:10.933812
1,1_1_179_794_2019-02-13 15:00:19.318127
1,1_1_179_781_2019-02-13 15:01:01.998861
1,1_1_179_777_2019-02-13 15:01:16.377372
0,1_1_179_809_2019-02-13 15:02:03.597406
0,1_1_191_795_2019-02-13 15:02:28.888408
0,1_1_179_797_2019-02-13 15:04:33.949293
1,1_1_179_783_2019-02-13 15:04:38.641441
1,1_1_179_788_2019-02-13 15:05:05.686927
0,1_1_191_803_2019-02-13 15:05:57.224296
1,1_1_191_808_2019-02-13 15:08:39.618256
0,1_1_179_801_2019-02-13 15:13:05.867848
1,1_1_191_780_2019-02-13 15:14:40.038064
1,1_1_179_813_2019-02-13 15:17:04.650179
1,1_1_179_779_2019-02-13 15:17:45.343871
0,1_1_191_807_2019-02-13 15:18:18.536528
1,1_1_179_790_2019-02-13 15:20:37.958832
1,1_1_191_806_2019-02-13 15:22:10.045448
1,1_1_191_778_2019-02-13 15:22:42.287435
0,1_1_191_805_2019-02-13 15:24:26.896829
1,1_1_191_792_2019-02-13 15:27:47.747097
1,1_1_191_782_2019-02-13 15:30:34.508039
1,1_1_191_812_2019-02-13 15:31:11.655550
1,1_1_191_784_2019-02-13 15:31:28.286957
0,1_1_191_811_2019-02-13 15:31:46.108165
1,1_1_191_786_2019-02-13 15:32:56.060414
0,1_1_191_804_2019-02-13 15:34:05.288362
1,1_1_191_785_2019-02-13 15:34:14.867900
0,1_1_179_798_2019-02-13 19:40:10.718387
0,1_1_193_819_2019-02-13 20:11:16.490090
2,1_1_191_805_2019-02-13 20:34:15.139390
2,1_1_191_805_2019-02-13 21:45:50.385921
2,1_1_191_778_2019-02-13 22:05:30.754736
2,1_1_178_823_2019-02-13 22:08:55.790006
2,1_1_193_827_2019-02-13 22:50:49.048506
2,1_1_179_779_2019-02-13 23:31:46.352848
2,1_1_194_821_2019-02-14 00:29:38.570494
2,1_1_178_823_2019-02-14 03:22:52.191185
1,1_1_178_823_2019-02-14 13:52:23.588830
1,1_1_191_789_2019-02-14 13:53:33.999077
0,1_1_179_790_2019-02-14 13:55:34.428227
1,1_1_194_821_2019-02-14 14:01:13.617153
1,1_1_193_819_2019-02-14 14:06:17.340400
0,1_1_179_800_2019-02-14 14:10:34.217074
0,1_1_193_825_2019-02-14 14:11:08.757555
1,1_1_194_822_2019-02-14 14:13:35.858709
1,1_1_193_827_2019-02-14 14:16:12.938875
1,1_1_193_820_2019-02-14 14:22:52.276380
1,1_1_179_810_2019-02-14 14:26:28.028406
0,1_1_178_824_2019-02-14 14:27:28.736241
0,1_1_194_818_2019-02-14 14:29:05.017989
0,1_1_178_817_2019-02-14 14:30:00.114684
0,1_1_179_787_2019-02-14 14:30:17.209754
1,1_1_179_797_2019-02-14 14:30:24.300318
1,1_1_193_816_2019-02-14 14:31:13.787001
0,1_1_194_826_2019-02-14 14:37:48.828903
1,1_1_193_829_2019-02-14 14:43:39.737152
0,1_1_179_799_2019-02-14 14:49:38.076898
1,1_1_179_791_2019-02-14 14:54:24.998611
1,1_1_179_798_2019-02-14 14:55:51.417482
1,1_1_179_781_2019-02-14 14:55:57.807790
1,1_1_179_783_2019-02-14 14:58:20.767387
0,1_1_179_794_2019-02-14 15:02:25.246170
0,1_1_179_796_2019-02-14 15:08:29.965598
1,1_1_191_778_2019-02-14 15:11:59.956296
1,1_1_179_788_2019-02-14 15:12:47.149120
1,1_1_179_809_2019-02-14 15:13:32.740406
1,1_1_179_779_2019-02-14 15:14:19.226768
1,1_1_179_813_2019-02-14 15:16:01.035641
1,1_1_191_803_2019-02-14 15:16:58.506544
1,1_1_191_792_2019-02-14 15:18:00.537295
1,1_1_191_802_2019-02-14 15:20:29.196312
1,1_1_191_811_2019-02-14 15:22:10.594419
1,1_1_191_805_2019-02-14 15:25:21.396947
1,1_1_191_785_2019-02-14 15:28:39.565933
0,1_1_191_795_2019-02-14 15:30:38.607966
1,1_1_191_782_2019-02-14 15:33:39.049271
1,1_1_191_807_2019-02-14 15:36:48.660995
0,1_1_191_806_2019-02-14 15:44:52.677342
1,1_1_191_780_2019-02-14 15:45:23.506418
1,1_1_191_786_2019-02-14 15:48:29.287907
1,1_1_191_808_2019-02-14 15:50:05.566165
1,1_1_191_804_2019-02-14 15:50:38.018004
0,1_1_191_812_2019-02-14 15:50:53.418174
0,1_1_191_793_2019-02-14 15:56:01.869179
1,1_1_191_784_2019-02-14 15:59:10.827005
0,1_1_179_801_2019-02-14 16:51:32.789649
2,1_1_191_795_2019-02-14 20:00:26.790676
1,1_1_178_817_2019-02-14 20:01:36.601984
2,1_1_191_792_2019-02-14 21:09:54.712674
2,1_1_194_818_2019-02-14 21:11:37.478037
0,1_1_179_787_2019-02-14 21:26:44.441242
2,1_1_193_819_2019-02-14 22:35:45.244838
2,1_1_179_797_2019-02-14 22:37:04.732953
2,1_1_193_829_2019-02-14 22:43:50.164855
2,1_1_179_777_2019-02-14 23:18:06.346157
2,1_1_193_825_2019-02-14 23:25:51.863049
2,1_1_193_819_2019-02-14 23:45:26.270072
2,1_1_193_820_2019-02-15 00:15:01.580855
2,1_1_193_816_2019-02-15 00:45:07.606170
2,1_1_178_823_2019-02-15 04:22:17.615343
1,1_1_178_823_2019-02-15 13:47:07.455642
1,1_1_178_828_2019-02-15 13:57:52.683394
1,1_1_193_819_2019-02-15 14:52:38.852609
1,1_1_191_802_2019-02-15 15:04:11.973851
1,1_1_193_820_2019-02-15 15:33:24.024423
0,1_1_194_821_2019-02-15 15:35:51.608136
0,1_1_193_827_2019-02-15 15:46:03.065206
0,1_1_178_817_2019-02-15 16:10:20.657467
0,1_1_178_824_2019-02-15 16:24:29.959993
1,1_1_194_822_2019-02-15 16:28:49.516172
1,1_1_194_826_2019-02-15 16:40:57.046081
1,1_1_193_825_2019-02-15 16:46:39.856350
2,1_1_179_798_2019-02-15 16:54:28.255722
2,1_1_194_818_2019-02-15 16:55:04.486191
2,1_1_193_816_2019-02-15 17:05:45.837428
2,1_1_193_829_2019-02-15 17:09:24.665357
0,1_1_179_810_2019-02-15 17:24:26.037130
1,1_1_179_815_2019-02-15 17:29:16.886104
1,1_1_179_788_2019-02-15 17:41:09.544102
0,1_1_179_800_2019-02-15 18:16:00.063031
0,1_1_179_779_2019-02-15 18:21:06.474301
1,1_1_179_777_2019-02-15 18:25:53.365539
2,1_1_179_794_2019-02-15 18:39:05.615961
0,1_1_179_809_2019-02-15 19:23:11.844880
2,1_1_194_818_2019-02-15 20:34:14.504464
2,1_1_179_783_2019-02-15 20:50:01.982361
2,1_1_179_798_2019-02-15 21:56:47.313766
2,1_1_179_798_2019-02-15 22:07:02.282236
2,1_1_178_828_2019-02-15 22:07:38.515355
2,1_1_193_825_2019-02-15 22:19:15.346140
2,1_1_194_821_2019-02-15 23:12:43.056461
2,1_1_193_820_2019-02-15 23:17:28.988353
2,1_1_178_824_2019-02-16 01:19:46.383553
2,1_1_194_818_2019-02-16 18:26:44.915097
2,1_1_193_825_2019-02-17 00:39:16.159291
2,1_1_178_817_2019-02-17 20:17:27.522132
1,1_1_193_819_2019-02-18 17:17:14.679438
2,1_1_194_821_2019-02-18 18:11:13.600870
2,1_1_194_821_2019-02-18 21:48:37.160364
2,1_1_193_829_2019-02-18 23:49:49.871712
2,1_1_178_828_2019-02-19 00:31:15.470515
0,1_1_194_826_2019-02-19 13:27:08.778718
1,1_1_191_789_2019-02-19 13:44:33.261281
1,1_1_178_823_2019-02-19 13:48:18.835664
0,1_1_179_796_2019-02-19 13:51:00.759650
0,1_1_179_801_2019-02-19 13:54:03.751326
1,1_1_178_828_2019-02-19 14:01:47.407675
1,1_1_194_822_2019-02-19 14:04:33.656456
0,1_1_193_825_2019-02-19 14:05:54.000882
0,1_1_179_800_2019-02-19 14:08:49.187629
1,1_1_193_819_2019-02-19 14:12:38.859213
1,1_1_193_829_2019-02-19 14:17:41.611590
1,1_1_193_827_2019-02-19 14:24:21.728246
0,1_1_179_810_2019-02-19 14:27:25.830862
1,1_1_194_821_2019-02-19 14:28:22.169273
0,1_1_178_817_2019-02-19 14:29:28.170729
1,1_1_193_820_2019-02-19 14:29:51.048058
0,1_1_179_788_2019-02-19 14:30:46.076795
0,1_1_194_818_2019-02-19 14:31:54.888921
0,1_1_178_824_2019-02-19 14:32:58.440807
1,1_1_191_795_2019-02-19 14:33:13.597751
1,1_1_193_816_2019-02-19 14:35:20.767949
0,1_1_179_799_2019-02-19 14:35:50.490877
1,1_1_179_791_2019-02-19 14:40:57.360073
1,1_1_179_781_2019-02-19 14:45:23.420258
0,1_1_191_782_2019-02-19 14:51:05.990065
2,1_1_191_808_2019-02-19 14:51:42.180310
1,1_1_179_815_2019-02-19 14:52:08.860469
0,1_1_179_783_2019-02-19 14:55:44.141164
0,1_1_179_813_2019-02-19 14:58:22.087210
1,1_1_179_777_2019-02-19 14:59:23.101122
1,1_1_179_809_2019-02-19 15:00:36.200242
1,1_1_179_798_2019-02-19 15:00:50.091773
1,1_1_191_802_2019-02-19 15:07:15.281465
0,1_1_179_797_2019-02-19 15:11:31.471200
0,1_1_191_803_2019-02-19 15:13:17.199015
0,1_1_179_794_2019-02-19 15:18:16.039826
1,1_1_179_790_2019-02-19 15:19:05.300167
1,1_1_191_785_2019-02-19 15:24:20.261388
0,1_1_179_779_2019-02-19 15:25:35.926213
0,1_1_179_787_2019-02-19 15:27:17.114229
1,1_1_191_805_2019-02-19 15:28:50.212902
1,1_1_191_807_2019-02-19 15:33:42.241131
0,1_1_191_778_2019-02-19 15:36:29.342351
1,1_1_191_792_2019-02-19 15:45:50.235263
1,1_1_191_806_2019-02-19 15:47:24.559591
1,1_1_191_811_2019-02-19 15:47:26.233360
1,1_1_191_780_2019-02-19 15:49:45.492116
0,1_1_191_812_2019-02-19 15:52:09.334559
0,1_1_191_804_2019-02-19 15:53:05.254231
1,1_1_191_793_2019-02-19 15:53:45.035273
0,1_1_191_784_2019-02-19 16:05:15.565497
1,1_1_193_829_2019-02-19 18:45:51.247810
0,1_1_191_808_2019-02-19 19:10:56.097338
2,1_1_193_827_2019-02-19 21:14:54.883320
2,1_1_193_820_2019-02-19 21:58:49.729079
2,1_1_178_828_2019-02-19 22:11:17.379007
2,1_1_179_800_2019-02-19 22:33:42.870039
2,1_1_178_824_2019-02-19 22:44:42.210915
2,1_1_194_826_2019-02-19 22:46:11.879529
2,1_1_193_825_2019-02-19 23:22:07.790684
2,1_1_193_819_2019-02-19 23:27:21.963836
2,1_1_179_801_2019-02-19 23:40:10.727937
2,1_1_178_828_2019-02-20 00:14:30.071758
2,1_1_193_827_2019-02-20 00:22:41.309660
2,1_1_193_829_2019-02-20 00:51:44.849814
2,1_1_178_823_2019-02-20 01:06:10.508144
0,1_1_194_821_2019-02-20 03:46:21.476003
2,1_1_178_824_2019-02-20 11:57:37.746701
0,1_1_194_826_2019-02-20 13:17:56.370720
0,1_1_193_829_2019-02-20 13:53:50.029429
1,1_1_191_789_2019-02-20 13:55:38.703036
1,1_1_193_819_2019-02-20 13:56:56.359036
0,1_1_179_800_2019-02-20 14:05:04.123961
0,1_1_179_799_2019-02-20 14:05:10.033914
1,1_1_193_820_2019-02-20 14:10:43.906840
0,1_1_194_822_2019-02-20 14:14:00.704432
1,1_1_193_827_2019-02-20 14:17:11.365086
1,1_1_178_828_2019-02-20 14:22:00.763471
0,1_1_179_777_2019-02-20 14:24:05.922360
0,1_1_193_825_2019-02-20 14:33:24.560469
0,1_1_194_821_2019-02-20 14:39:00.111568
0,1_1_179_796_2019-02-20 14:40:08.020875
0,1_1_179_781_2019-02-20 14:40:31.037335
1,1_1_193_816_2019-02-20 14:41:45.350114
1,1_1_179_791_2019-02-20 14:43:38.189830
1,1_1_178_817_2019-02-20 14:44:17.649368
0,1_1_191_802_2019-02-20 14:46:13.819777
1,1_1_179_788_2019-02-20 14:48:42.139979
1,1_1_179_815_2019-02-20 14:54:18.506976
0,1_1_194_818_2019-02-20 14:54:57.189159
1,1_1_191_785_2019-02-20 15:00:29.218912
0,1_1_191_812_2019-02-20 15:03:29.080591
0,1_1_179_783_2019-02-20 15:04:11.975419
0,1_1_179_810_2019-02-20 15:09:26.788116
0,1_1_179_794_2019-02-20 15:09:55.869942
1,1_1_179_809_2019-02-20 15:10:49.787017
0,1_1_179_813_2019-02-20 15:12:20.960917
0,1_1_179_797_2019-02-20 15:12:53.592131
0,1_1_179_787_2019-02-20 15:13:28.860073
1,1_1_179_801_2019-02-20 15:17:09.680194
0,1_1_191_803_2019-02-20 15:17:32.491269
0,1_1_179_790_2019-02-20 15:20:07.661646
1,1_1_191_780_2019-02-20 15:21:24.970094
0,1_1_179_779_2019-02-20 15:24:28.701860
1,1_1_191_778_2019-02-20 15:25:42.988634
1,1_1_191_782_2019-02-20 15:28:51.326281
1,1_1_191_795_2019-02-20 15:29:45.571319
1,1_1_191_807_2019-02-20 15:30:12.500992
1,1_1_191_806_2019-02-20 15:30:38.801375
0,1_1_191_792_2019-02-20 15:36:45.712531
1,1_1_191_804_2019-02-20 15:37:07.271951
0,1_1_191_784_2019-02-20 15:37:07.849723
0,1_1_178_824_2019-02-20 15:37:58.867054
1,1_1_191_808_2019-02-20 15:38:39.003238
1,1_1_191_786_2019-02-20 15:41:38.360735
0,1_1_191_811_2019-02-20 15:42:22.452469
0,1_1_191_793_2019-02-20 15:47:22.300668
0,1_1_191_805_2019-02-20 15:50:53.513688
0,1_1_179_798_2019-02-20 17:17:26.595698
2,1_1_178_823_2019-02-20 18:54:25.461409
0,1_1_179_781_2019-02-20 19:29:06.520649
0,1_1_193_819_2019-02-20 20:09:27.944564
2,1_1_193_829_2019-02-20 20:57:36.952878
0,1_1_179_790_2019-02-20 20:59:13.611592
2,1_1_193_825_2019-02-20 21:02:01.504778
2,1_1_179_800_2019-02-20 21:14:44.119527
2,1_1_191_805_2019-02-20 21:48:42.281733
2,1_1_178_824_2019-02-20 22:14:44.404501
2,1_1_194_818_2019-02-20 22:38:24.412961
2,1_1_179_799_2019-02-20 22:56:57.993772
2,1_1_191_778_2019-02-20 22:59:52.945765
2,1_1_178_828_2019-02-20 23:15:15.221469
0,1_1_191_789_2019-02-20 23:43:00.304671
2,1_1_193_820_2019-02-20 23:55:08.063968
2,1_1_178_823_2019-02-21 00:11:50.822120
2,1_1_194_822_2019-02-21 00:45:46.280022
1,1_1_193_819_2019-02-21 01:34:18.469487
2,1_1_191_795_2019-02-21 02:18:35.488858
2,1_1_194_821_2019-02-21 13:48:29.113325
1,1_1_194_822_2019-02-21 13:59:41.310370
0,1_1_179_800_2019-02-21 14:01:34.690883
0,1_1_193_819_2019-02-21 14:09:39.754618
2,1_1_178_823_2019-02-21 14:10:58.291920
0,1_1_193_827_2019-02-21 14:13:53.634110
0,1_1_193_825_2019-02-21 14:14:52.525695
1,1_1_178_828_2019-02-21 14:16:13.523050
1,1_1_193_820_2019-02-21 14:16:22.322748
1,1_1_193_816_2019-02-21 14:22:30.197277
0,1_1_194_826_2019-02-21 14:29:27.101605
0,1_1_179_796_2019-02-21 14:30:24.034639
0,1_1_178_817_2019-02-21 14:33:50.081529
1,1_1_178_824_2019-02-21 14:44:37.712997
1,1_1_179_815_2019-02-21 14:50:29.532660
1,1_1_179_791_2019-02-21 14:54:19.700965
1,1_1_194_818_2019-02-21 14:54:28.740192
1,1_1_179_777_2019-02-21 14:57:26.681866
1,1_1_179_781_2019-02-21 15:02:50.098987
1,1_1_191_812_2019-02-21 15:07:00.948181
1,1_1_179_788_2019-02-21 15:09:03.858591
1,1_1_191_802_2019-02-21 15:09:04.771094
1,1_1_179_809_2019-02-21 15:11:24.465254
0,1_1_179_783_2019-02-21 15:15:17.549127
1,1_1_191_792_2019-02-21 15:15:48.427392
0,1_1_179_797_2019-02-21 15:17:16.940009
1,1_1_179_798_2019-02-21 15:22:26.198241
1,1_1_191_785_2019-02-21 15:24:27.142598
0,1_1_191_795_2019-02-21 15:25:12.717853
1,1_1_178_823_2019-02-21 15:26:28.519489
1,1_1_179_787_2019-02-21 15:37:02.742859
1,1_1_191_782_2019-02-21 15:38:37.813967
0,1_1_191_780_2019-02-21 15:43:24.452046
1,1_1_191_808_2019-02-21 15:43:53.630449
1,1_1_191_784_2019-02-21 15:43:57.441379
1,1_1_179_794_2019-02-21 15:44:27.113575
0,1_1_179_790_2019-02-21 15:48:45.423497
0,1_1_191_811_2019-02-21 15:49:16.325216
1,1_1_179_779_2019-02-21 15:49:45.724013
1,1_1_179_813_2019-02-21 15:58:03.115121
0,1_1_191_793_2019-02-21 15:58:12.235327
0,1_1_191_807_2019-02-21 16:01:31.227180
1,1_1_191_805_2019-02-21 16:05:15.664041
1,1_1_191_778_2019-02-21 16:05:43.013366
1,1_1_191_806_2019-02-21 16:06:13.548396
0,1_1_191_803_2019-02-21 16:06:31.338857
0,1_1_191_786_2019-02-21 16:11:38.341733
0,1_1_191_804_2019-02-21 16:12:11.242859
1,1_1_193_819_2019-02-21 17:30:14.596698
0,1_1_193_829_2019-02-21 18:21:07.448530
0,1_1_194_822_2019-02-21 19:41:28.572068
0,1_1_178_817_2019-02-21 19:54:20.461933
0,1_1_178_828_2019-02-21 20:21:43.503251
2,1_1_191_804_2019-02-21 20:34:45.936078
0,1_1_193_816_2019-02-21 20:37:39.379211
2,1_1_191_780_2019-02-21 20:59:30.875685
2,1_1_179_800_2019-02-21 21:46:15.119222
2,1_1_193_825_2019-02-21 23:16:59.042889
2,1_1_179_783_2019-02-21 23:34:19.012223
2,1_1_178_823_2019-02-21 23:36:57.561472
2,1_1_193_827_2019-02-21 23:46:52.188718
2,1_1_179_801_2019-02-22 00:07:25.554887
2,1_1_193_829_2019-02-22 00:31:13.111232
2,1_1_194_821_2019-02-22 00:52:49.061303
2,1_1_193_820_2019-02-22 01:07:49.970909
2,1_1_178_823_2019-02-22 02:02:49.605220
0,1_1_194_826_2019-02-22 13:07:12.569600
1,1_1_178_823_2019-02-22 13:44:43.488466
0,1_1_193_825_2019-02-22 13:50:49.794843
1,1_1_191_789_2019-02-22 13:51:41.774593
0,1_1_178_828_2019-02-22 13:52:42.626282
0,1_1_193_820_2019-02-22 13:57:26.634360
0,1_1_179_797_2019-02-22 14:03:50.764150
0,1_1_193_827_2019-02-22 14:06:47.238586
0,1_1_194_821_2019-02-22 14:12:23.027669
0,1_1_193_819_2019-02-22 14:12:40.117222
1,1_1_194_822_2019-02-22 14:13:16.607796
1,1_1_193_829_2019-02-22 14:13:26.105669
1,1_1_193_816_2019-02-22 14:23:36.900982
0,1_1_194_818_2019-02-22 14:25:49.942381
0,1_1_178_817_2019-02-22 14:27:40.291741
0,1_1_179_799_2019-02-22 14:37:48.459937
1,1_1_179_810_2019-02-22 14:39:23.929197
0,1_1_178_824_2019-02-22 14:42:58.201762
0,1_1_191_802_2019-02-22 14:44:42.551037
1,1_1_179_794_2019-02-22 14:47:14.141488
1,1_1_179_815_2019-02-22 14:54:33.309320
1,1_1_179_781_2019-02-22 14:57:18.206899
0,1_1_179_777_2019-02-22 14:59:08.058732
0,1_1_179_813_2019-02-22 14:59:11.668086
0,1_1_179_800_2019-02-22 15:03:02.688818
0,1_1_179_809_2019-02-22 15:03:26.854081
0,1_1_179_796_2019-02-22 15:04:24.659078
0,1_1_179_791_2019-02-22 15:06:35.932987
0,1_1_179_783_2019-02-22 15:07:44.130241
1,1_1_191_785_2019-02-22 15:08:52.451420
0,1_1_179_787_2019-02-22 15:10:33.870270
1,1_1_179_788_2019-02-22 15:10:38.730746
1,1_1_191_812_2019-02-22 15:12:59.001964
1,1_1_191_792_2019-02-22 15:13:57.830222
1,1_1_179_801_2019-02-22 15:16:40.635692
1,1_1_179_790_2019-02-22 15:17:44.961045
1,1_1_179_779_2019-02-22 15:19:32.578572
1,1_1_191_780_2019-02-22 15:21:15.701276
0,1_1_191_782_2019-02-22 15:22:00.083327
1,1_1_191_795_2019-02-22 15:30:42.872625
1,1_1_191_804_2019-02-22 15:33:21.543144
0,1_1_191_811_2019-02-22 15:34:28.983212
1,1_1_191_808_2019-02-22 15:34:37.035833
2,1_1_191_793_2019-02-22 15:35:23.990685
2,1_1_191_806_2019-02-22 15:43:36.680501
0,1_1_191_786_2019-02-22 15:45:48.772787
0,1_1_191_807_2019-02-22 15:47:10.963823
2,1_1_191_805_2019-02-22 15:56:38.710844
2,1_1_191_778_2019-02-22 15:56:58.465482
0,1_1_191_784_2019-02-22 16:02:59.336622
2,1_1_191_803_2019-02-22 17:23:28.937194
2,1_1_178_828_2019-02-22 17:46:43.136067
0,1_1_193_820_2019-02-22 17:54:17.044283
0,1_1_191_778_2019-02-22 18:07:17.323369
0,1_1_191_803_2019-02-22 18:32:03.016491
1,1_1_191_805_2019-02-22 18:48:51.273417
0,1_1_178_828_2019-02-22 19:32:47.975708
2,1_1_178_824_2019-02-22 19:39:26.604973
2,1_1_191_811_2019-02-22 19:44:54.880629
0,1_1_194_822_2019-02-22 19:48:22.288084
2,1_1_191_806_2019-02-22 19:49:30.819058
2,1_1_193_825_2019-02-22 19:51:04.589823
2,1_1_179_787_2019-02-22 20:02:53.899299
2,1_1_191_793_2019-02-22 20:03:02.320827
2,1_1_193_819_2019-02-22 20:21:42.984055
2,1_1_179_813_2019-02-22 22:05:22.837019
2,1_1_179_794_2019-02-22 22:08:27.852515
2,1_1_179_799_2019-02-22 23:02:05.360508
2,1_1_178_823_2019-02-22 23:22:30.152092
2,1_1_193_829_2019-02-22 23:23:56.936419
2,1_1_178_823_2019-02-23 00:08:55.715073
2,1_1_194_818_2019-02-23 00:08:59.583673
2,1_1_193_819_2019-02-23 01:34:04.580839
2,1_1_178_828_2019-02-23 02:28:12.278632
2,1_1_194_821_2019-02-23 03:42:03.678115
2,1_1_178_823_2019-02-23 13:54:53.533547
1,1_1_178_828_2019-02-23 14:45:57.968537
0,1_1_194_821_2019-02-23 17:11:01.185559
0,1_1_194_826_2019-02-23 17:39:10.198123
2,1_1_193_827_2019-02-23 21:44:01.654335
2,1_1_178_817_2019-02-24 21:46:17.015552
2,1_1_193_829_2019-02-24 22:10:56.665508
1,1_1_178_823_2019-02-25 13:44:37.387644
0,1_1_179_781_2019-02-25 13:49:01.811487
1,1_1_191_789_2019-02-25 13:57:12.528526
0,1_1_179_800_2019-02-25 14:08:47.224876
0,1_1_179_810_2019-02-25 14:11:06.480113
1,1_1_193_819_2019-02-25 14:11:53.959689
0,1_1_178_828_2019-02-25 14:13:19.002163
1,1_1_194_821_2019-02-25 14:13:20.754424
1,1_1_193_820_2019-02-25 14:14:10.240241
1,1_1_179_788_2019-02-25 14:17:49.440833
1,1_1_178_817_2019-02-25 14:22:50.197329
1,1_1_193_827_2019-02-25 14:26:50.925133
0,1_1_194_822_2019-02-25 14:27:26.785580
0,1_1_193_816_2019-02-25 14:34:14.064446
0,1_1_178_824_2019-02-25 14:38:07.829739
1,1_1_193_829_2019-02-25 14:44:11.449475
1,1_1_193_825_2019-02-25 14:44:51.994268
1,1_1_179_796_2019-02-25 14:48:56.358577
0,1_1_179_787_2019-02-25 14:50:33.921397
1,1_1_194_818_2019-02-25 14:51:34.385597
1,1_1_179_777_2019-02-25 14:56:19.237218
1,1_1_179_791_2019-02-25 15:01:46.274514
2,1_1_179_798_2019-02-25 15:02:16.344344
0,1_1_191_778_2019-02-25 15:06:55.859103
1,1_1_179_794_2019-02-25 15:07:50.251897
0,1_1_179_801_2019-02-25 15:09:10.706228
0,1_1_191_803_2019-02-25 15:09:52.029421
1,1_1_179_799_2019-02-25 15:09:59.634499
1,1_1_191_802_2019-02-25 15:10:09.383603
0,1_1_191_812_2019-02-25 15:11:54.514285
0,1_1_179_809_2019-02-25 15:12:12.920825
0,1_1_179_797_2019-02-25 15:16:21.251487
0,1_1_191_805_2019-02-25 15:21:04.845028
0,1_1_191_795_2019-02-25 15:23:26.069996
0,1_1_179_790_2019-02-25 15:24:37.919431
1,1_1_191_785_2019-02-25 15:25:27.772221
0,1_1_191_811_2019-02-25 15:26:51.250714
1,1_1_191_792_2019-02-25 15:28:21.485009
0,1_1_191_782_2019-02-25 15:29:36.483553
0,1_1_179_779_2019-02-25 15:31:32.180989
1,1_1_191_807_2019-02-25 15:33:53.785921
2,1_1_191_808_2019-02-25 15:36:48.789411
1,1_1_191_806_2019-02-25 15:39:17.167414
0,1_1_179_813_2019-02-25 15:40:44.562750
2,1_1_191_786_2019-02-25 15:41:50.265196
0,1_1_191_784_2019-02-25 15:42:40.643894
0,1_1_191_804_2019-02-25 15:46:05.050958
1,1_1_191_793_2019-02-25 15:46:17.390891
0,1_1_179_815_2019-02-25 15:47:05.144214
1,1_1_179_798_2019-02-25 16:15:33.710352
0,1_1_194_826_2019-02-25 17:31:23.968666
1,1_1_191_786_2019-02-25 19:27:53.278867
2,1_1_179_781_2019-02-25 19:47:51.928977
2,1_1_191_780_2019-02-25 20:18:19.671894
2,1_1_179_815_2019-02-25 20:36:47.092297
0,1_1_193_825_2019-02-25 20:44:22.566185
0,1_1_179_783_2019-02-25 20:45:25.915461
2,1_1_191_808_2019-02-25 20:53:12.059797
2,1_1_179_800_2019-02-25 20:53:26.457389
2,1_1_193_829_2019-02-25 22:27:30.253844
2,1_1_191_782_2019-02-25 22:31:02.887171
2,1_1_194_821_2019-02-25 22:50:25.474568
2,1_1_191_793_2019-02-25 22:57:58.955418
2,1_1_193_819_2019-02-25 23:25:22.251783
2,1_1_178_828_2019-02-25 23:28:33.822247
2,1_1_194_826_2019-02-25 23:28:53.403632
2,1_1_179_813_2019-02-25 23:37:02.507863
2,1_1_178_823_2019-02-26 00:09:52.710403
2,1_1_193_827_2019-02-26 00:12:49.779467
2,1_1_193_819_2019-02-26 01:42:26.613971
1,1_1_178_823_2019-02-26 13:44:32.621833
0,1_1_194_826_2019-02-26 13:46:46.326471
1,1_1_193_819_2019-02-26 13:53:53.719758
0,1_1_179_800_2019-02-26 14:00:56.996189
0,1_1_193_827_2019-02-26 14:02:16.302895
0,1_1_194_821_2019-02-26 14:09:58.974209
1,1_1_178_828_2019-02-26 14:10:01.607402
1,1_1_193_820_2019-02-26 14:11:31.952782
1,1_1_191_808_2019-02-26 14:17:41.201398
1,1_1_178_817_2019-02-26 14:25:09.733078
1,1_1_179_787_2019-02-26 14:26:38.736432
1,1_1_194_822_2019-02-26 14:26:46.692507
0,1_1_178_824_2019-02-26 14:27:28.025849
1,1_1_193_825_2019-02-26 14:32:06.530700
0,1_1_193_829_2019-02-26 14:34:54.473262
0,1_1_193_816_2019-02-26 14:37:58.037083
1,1_1_179_788_2019-02-26 14:39:51.625918
0,1_1_179_801_2019-02-26 14:41:11.646241
0,1_1_179_815_2019-02-26 14:41:27.559392
1,1_1_179_796_2019-02-26 14:48:36.727141
0,1_1_179_799_2019-02-26 14:49:26.206513
1,1_1_179_791_2019-02-26 14:52:37.575022
1,1_1_179_783_2019-02-26 14:56:28.848879
1,1_1_179_781_2019-02-26 14:58:30.207245
0,1_1_191_811_2019-02-26 14:59:55.257662
0,1_1_179_810_2019-02-26 15:00:28.646784
0,1_1_179_813_2019-02-26 15:00:40.236032
1,1_1_179_777_2019-02-26 15:01:53.006221
0,1_1_179_809_2019-02-26 15:04:30.799693
1,1_1_191_802_2019-02-26 15:05:26.767994
0,1_1_179_794_2019-02-26 15:05:39.424404
0,1_1_179_798_2019-02-26 15:10:04.941669
0,1_1_179_797_2019-02-26 15:10:43.648996
1,1_1_191_812_2019-02-26 15:10:58.748659
1,1_1_191_782_2019-02-26 15:11:43.118270
0,1_1_179_779_2019-02-26 15:16:50.540354
0,1_1_179_790_2019-02-26 15:18:27.021702
1,1_1_191_785_2019-02-26 15:21:23.080277
1,1_1_191_807_2019-02-26 15:24:51.341770
0,1_1_191_778_2019-02-26 15:25:34.960003
1,1_1_191_805_2019-02-26 15:28:40.820631
0,1_1_191_780_2019-02-26 15:38:29.698233
1,1_1_191_792_2019-02-26 15:41:36.067573
1,1_1_191_793_2019-02-26 15:45:09.095011
1,1_1_191_804_2019-02-26 15:46:20.194760
0,1_1_191_784_2019-02-26 15:47:11.685158
0,1_1_191_789_2019-02-26 15:47:24.665563
1,1_1_191_795_2019-02-26 15:51:00.885477
0,1_1_191_786_2019-02-26 16:10:35.458840
1,1_1_179_815_2019-02-26 17:31:45.865490
1,1_1_191_806_2019-02-26 18:56:49.840955
1,1_1_179_798_2019-02-26 19:23:35.975342
2,1_1_194_821_2019-02-26 20:29:32.330963
2,1_1_191_803_2019-02-26 20:48:08.907686
2,1_1_193_819_2019-02-26 22:34:23.616002
2,1_1_194_822_2019-02-26 22:44:53.174959
2,1_1_191_778_2019-02-26 22:46:48.727555
2,1_1_193_829_2019-02-26 22:56:54.794862
2,1_1_191_803_2019-02-26 23:00:41.067989
2,1_1_191_808_2019-02-26 23:09:19.819656
2,1_1_193_816_2019-02-26 23:19:46.893576
2,1_1_193_827_2019-02-26 23:34:23.551536
2,1_1_193_820_2019-02-26 23:54:21.687399
2,1_1_194_818_2019-02-27 00:15:22.527362
2,1_1_194_821_2019-02-27 00:21:30.834890
2,1_1_178_823_2019-02-27 00:41:50.931424
2,1_1_193_819_2019-02-27 01:42:41.422248
2,1_1_178_828_2019-02-27 04:51:41.572366
2,1_1_178_823_2019-02-27 13:14:19.356110
0,1_1_194_826_2019-02-27 13:29:37.314214
1,1_1_178_828_2019-02-27 13:47:14.029884
0,1_1_193_825_2019-02-27 13:54:46.914025
0,1_1_179_799_2019-02-27 13:55:46.944088
0,1_1_193_827_2019-02-27 14:01:20.496020
1,1_1_194_822_2019-02-27 14:06:13.116220
1,1_1_194_821_2019-02-27 14:07:48.616045
1,1_1_193_820_2019-02-27 14:07:58.864666
0,1_1_179_800_2019-02-27 14:09:29.115819
1,1_1_193_819_2019-02-27 14:15:29.456760
1,1_1_179_787_2019-02-27 14:21:38.627079
1,1_1_178_817_2019-02-27 14:27:14.918143
0,1_1_178_824_2019-02-27 14:31:35.322519
0,1_1_193_829_2019-02-27 14:34:33.892914
1,1_1_193_816_2019-02-27 14:36:31.232878
1,1_1_179_783_2019-02-27 14:37:18.014450
0,1_1_179_781_2019-02-27 14:40:18.042810
1,1_1_178_823_2019-02-27 14:41:01.053696
1,1_1_179_810_2019-02-27 14:45:25.427324
0,1_1_179_788_2019-02-27 14:46:41.908607
0,1_1_179_801_2019-02-27 14:47:14.081222
0,1_1_179_797_2019-02-27 14:54:49.520275
1,1_1_179_791_2019-02-27 14:55:18.528489
2,1_1_179_794_2019-02-27 14:56:07.599280
1,1_1_179_796_2019-02-27 14:56:09.428366
1,1_1_179_809_2019-02-27 14:56:48.930532
1,1_1_179_798_2019-02-27 14:58:59.190419
0,1_1_179_815_2019-02-27 15:00:49.896705
1,1_1_191_802_2019-02-27 15:07:00.723127
0,1_1_179_790_2019-02-27 15:10:14.275286
1,1_1_179_779_2019-02-27 15:14:32.455765
1,1_1_191_778_2019-02-27 15:17:03.391774
0,1_1_191_811_2019-02-27 15:21:03.962773
0,1_1_191_793_2019-02-27 15:24:17.153235
1,1_1_191_785_2019-02-27 15:25:30.909837
1,1_1_191_780_2019-02-27 15:26:24.179923
1,1_1_191_782_2019-02-27 15:28:03.815561
0,1_1_191_795_2019-02-27 15:29:03.939452
0,1_1_191_784_2019-02-27 15:29:23.371553
0,1_1_191_807_2019-02-27 15:30:25.547761
1,1_1_191_812_2019-02-27 15:30:36.907915
1,1_1_191_803_2019-02-27 15:32:44.820240
1,1_1_191_805_2019-02-27 15:36:45.046313
2,1_1_191_808_2019-02-27 15:38:42.114926
1,1_1_191_792_2019-02-27 15:43:45.940770
0,1_1_191_786_2019-02-27 15:44:06.691027
0,1_1_191_806_2019-02-27 15:46:13.035707
0,1_1_191_804_2019-02-27 15:47:15.133267
1,1_1_191_789_2019-02-27 15:50:10.249231
2,1_1_179_794_2019-02-27 19:22:03.578173
0,1_1_179_813_2019-02-27 19:33:14.221418
2,1_1_179_790_2019-02-27 19:41:09.811871
2,1_1_191_795_2019-02-27 19:46:43.500128
1,1_1_191_786_2019-02-27 20:16:32.738150
0,1_1_191_808_2019-02-27 20:20:31.380965
2,1_1_191_804_2019-02-27 20:46:48.662241
2,1_1_191_778_2019-02-27 20:53:55.887082
2,1_1_193_816_2019-02-27 21:14:00.188992
2,1_1_193_825_2019-02-27 21:25:49.280794
2,1_1_178_823_2019-02-27 22:03:33.274188
2,1_1_194_826_2019-02-27 23:27:21.493813
2,1_1_178_828_2019-02-28 00:05:43.473138
2,1_1_194_818_2019-02-28 00:47:24.983775
2,1_1_178_823_2019-02-28 01:08:53.835831
0,1_1_194_826_2019-02-28 13:47:52.249143
1,1_1_178_823_2019-02-28 13:51:56.540324
2,1_1_178_828_2019-02-28 13:56:57.008614
1,1_1_191_789_2019-02-28 13:59:10.489040
0,1_1_193_825_2019-02-28 14:03:02.928316
1,1_1_178_817_2019-02-28 14:07:08.347484
1,1_1_193_819_2019-02-28 14:12:11.556107
0,1_1_179_800_2019-02-28 14:13:01.438314
1,1_1_193_820_2019-02-28 14:18:17.000182
1,1_1_193_827_2019-02-28 14:26:29.233677
0,1_1_179_799_2019-02-28 14:29:48.247972
0,1_1_194_822_2019-02-28 14:30:22.985525
1,1_1_194_821_2019-02-28 14:31:50.435694
1,1_1_179_815_2019-02-28 14:33:26.267864
1,1_1_191_803_2019-02-28 14:41:14.918262
1,1_1_193_816_2019-02-28 14:41:57.806501
1,1_1_179_788_2019-02-28 14:52:21.181671
1,1_1_193_829_2019-02-28 14:57:08.506259
0,1_1_191_802_2019-02-28 14:58:32.138834
1,1_1_191_782_2019-02-28 14:59:48.755159
1,1_1_179_796_2019-02-28 15:00:29.271847
1,1_1_178_824_2019-02-28 15:00:48.030823
0,1_1_179_810_2019-02-28 15:02:09.228711
1,1_1_191_785_2019-02-28 15:03:53.882085
1,1_1_194_818_2019-02-28 15:04:38.828835
0,1_1_179_783_2019-02-28 15:05:51.583993
1,1_1_191_795_2019-02-28 15:10:59.519367
0,1_1_179_787_2019-02-28 15:11:29.118976
1,1_1_191_812_2019-02-28 15:13:43.360757
0,1_1_179_801_2019-02-28 15:14:05.739743
1,1_1_179_791_2019-02-28 15:15:08.080080
0,1_1_191_807_2019-02-28 15:15:26.250644
0,1_1_179_794_2019-02-28 15:17:35.720105
0,1_1_179_797_2019-02-28 15:18:03.959994
1,1_1_191_780_2019-02-28 15:18:38.591329
0,1_1_179_777_2019-02-28 15:21:25.370964
1,1_1_179_798_2019-02-28 15:21:58.250774
0,1_1_191_778_2019-02-28 15:22:41.679842
1,1_1_191_806_2019-02-28 15:22:45.317476
0,1_1_179_813_2019-02-28 15:24:10.163752
1,1_1_191_792_2019-02-28 15:25:42.098554
1,1_1_191_805_2019-02-28 15:27:36.626051
0,1_1_179_779_2019-02-28 15:38:34.794755
0,1_1_179_809_2019-02-28 15:40:17.049970
1,1_1_179_790_2019-02-28 15:40:22.931919
1,1_1_191_811_2019-02-28 15:43:11.811324
0,1_1_191_786_2019-02-28 15:48:37.948381
2,1_1_191_804_2019-02-28 15:50:51.670901
1,1_1_191_808_2019-02-28 15:50:58.120282
1,1_1_191_793_2019-02-28 15:55:11.212259
1,1_1_191_784_2019-02-28 16:26:04.004019
1,1_1_178_828_2019-02-28 17:34:44.555805
0,1_1_179_779_2019-02-28 19:44:12.925860
2,1_1_179_796_2019-02-28 19:56:14.199803
0,1_1_179_781_2019-02-28 20:15:11.057264
1,1_1_191_804_2019-02-28 20:20:00.636108
0,1_1_179_800_2019-02-28 21:17:53.887109
2,1_1_191_778_2019-02-28 22:31:18.856770
2,1_1_191_807_2019-02-28 22:42:06.927412
2,1_1_193_825_2019-02-28 22:57:55.985003
2,1_1_179_783_2019-02-28 23:20:25.155614
2,1_1_193_819_2019-02-28 23:34:08.200714
2,1_1_178_823_2019-02-28 23:44:29.475772
2,1_1_193_827_2019-02-28 23:44:44.877971
2,1_1_193_820_2019-03-01 00:14:22.761174
2,1_1_194_822_2019-03-01 00:29:10.381785
2,1_1_194_818_2019-03-01 01:09:48.186539
2,1_1_178_823_2019-03-01 01:35:48.989557
2,1_1_194_818_2019-03-01 06:10:01.087015
1,1_1_178_823_2019-03-01 13:43:23.711219
1,1_1_178_828_2019-03-01 13:52:32.843507
1,1_1_194_826_2019-03-01 14:00:16.732472
0,1_1_193_819_2019-03-01 14:47:23.093636
1,1_1_179_788_2019-03-01 14:52:53.202181
1,1_1_194_821_2019-03-01 15:12:13.584935
1,1_1_193_820_2019-03-01 15:30:27.531336
1,1_1_179_815_2019-03-01 15:35:45.761878
2,1_1_193_827_2019-03-01 15:39:10.759104
1,1_1_193_816_2019-03-01 15:39:53.199361
0,1_1_178_817_2019-03-01 15:44:11.961898
1,1_1_193_829_2019-03-01 15:46:23.150543
0,1_1_194_818_2019-03-01 16:04:20.298056
2,1_1_193_825_2019-03-01 16:05:04.329875
0,1_1_178_824_2019-03-01 16:05:08.874074
2,1_1_179_800_2019-03-01 16:11:38.047593
2,1_1_193_827_2019-03-01 16:17:12.508551
1,1_1_194_822_2019-03-01 16:20:50.979156
2,1_1_179_810_2019-03-01 16:21:40.529610
0,1_1_179_777_2019-03-01 16:21:53.739328
0,1_1_179_791_2019-03-01 16:28:17.329191
2,1_1_179_809_2019-03-01 16:30:31.052754
1,1_1_179_781_2019-03-01 16:45:51.411857
2,1_1_179_787_2019-03-01 17:04:18.453087
2,1_1_179_783_2019-03-01 17:09:20.033932
2,1_1_179_813_2019-03-01 17:12:35.931817
2,1_1_179_796_2019-03-01 17:12:57.022145
2,1_1_179_798_2019-03-01 17:31:26.565436
2,1_1_179_794_2019-03-01 17:39:43.152995
0,1_1_179_790_2019-03-01 17:40:34.141041
0,1_1_179_799_2019-03-01 17:59:03.405532
0,1_1_179_797_2019-03-01 18:10:04.096317
0,1_1_179_783_2019-03-01 18:14:09.336728
2,1_1_179_809_2019-03-01 18:34:50.855597
2,1_1_179_810_2019-03-01 18:41:45.977287
1,1_1_193_827_2019-03-01 19:14:40.137016
2,1_1_191_795_2019-03-01 19:48:16.206798
0,1_1_178_817_2019-03-01 19:50:49.261831
2,1_1_193_819_2019-03-01 20:35:12.879755
0,1_1_193_816_2019-03-01 20:42:20.114835
2,1_1_179_787_2019-03-01 21:11:19.315634
2,1_1_179_796_2019-03-01 22:18:21.302655
2,1_1_193_825_2019-03-01 23:06:04.095266
1,1_1_194_821_2019-03-02 17:24:06.168203
2,1_1_178_828_2019-03-02 18:13:13.214662
2,1_1_179_799_2019-03-02 18:47:04.306174
2,1_1_178_828_2019-03-02 20:35:36.670069
0,1_1_193_816_2019-03-03 19:16:01.350270
0,1_1_194_826_2019-03-04 12:57:43.484320
0,1_1_193_827_2019-03-04 13:42:34.052432
1,1_1_178_823_2019-03-04 13:43:29.371916
1,1_1_178_828_2019-03-04 13:54:14.494081
1,1_1_191_789_2019-03-04 14:02:03.759310
0,1_1_193_825_2019-03-04 14:06:45.357940
1,1_1_193_819_2019-03-04 14:11:17.189617
0,1_1_179_810_2019-03-04 14:15:47.426032
0,1_1_179_800_2019-03-04 14:19:18.267268
1,1_1_193_820_2019-03-04 14:24:21.876409
1,1_1_179_777_2019-03-04 14:27:34.007736
0,1_1_193_816_2019-03-04 14:32:48.765112
2,1_1_179_783_2019-03-04 14:36:13.272672
0,1_1_178_817_2019-03-04 14:37:33.926977
0,1_1_194_822_2019-03-04 14:37:39.111174
0,1_1_179_799_2019-03-04 14:42:21.294420
0,1_1_194_818_2019-03-04 14:45:53.315226
1,1_1_179_788_2019-03-04 14:52:50.196493
1,1_1_179_796_2019-03-04 14:56:26.827419
0,1_1_179_813_2019-03-04 14:56:37.302958
1,1_1_191_802_2019-03-04 14:57:55.597265
0,1_1_194_821_2019-03-04 14:57:57.195545
1,1_1_178_824_2019-03-04 14:58:26.036459
1,1_1_193_829_2019-03-04 14:59:14.654804
0,1_1_179_809_2019-03-04 14:59:58.735912
1,1_1_179_815_2019-03-04 15:00:20.775381
1,1_1_179_791_2019-03-04 15:00:30.706966
1,1_1_179_781_2019-03-04 15:00:56.064983
0,1_1_191_780_2019-03-04 15:05:48.010380
1,1_1_179_797_2019-03-04 15:05:52.705847
1,1_1_179_787_2019-03-04 15:08:52.777336
0,1_1_179_798_2019-03-04 15:09:17.746552
0,1_1_179_794_2019-03-04 15:12:58.153511
0,1_1_179_801_2019-03-04 15:17:45.974157
0,1_1_191_812_2019-03-04 15:19:32.165912
0,1_1_191_807_2019-03-04 15:21:37.374470
1,1_1_191_805_2019-03-04 15:22:18.586219
1,1_1_179_790_2019-03-04 15:22:57.615549
1,1_1_191_785_2019-03-04 15:23:26.420346
1,1_1_179_779_2019-03-04 15:24:30.646784
1,1_1_191_778_2019-03-04 15:26:42.217789
0,1_1_191_806_2019-03-04 15:29:47.196156
0,1_1_191_811_2019-03-04 15:30:42.524713
1,1_1_191_793_2019-03-04 15:31:18.988881
1,1_1_191_795_2019-03-04 15:37:36.273045
0,1_1_191_782_2019-03-04 15:37:36.520654
0,1_1_191_786_2019-03-04 15:42:01.096865
1,1_1_191_784_2019-03-04 15:45:38.789485
1,1_1_191_808_2019-03-04 15:47:38.376753
0,1_1_191_804_2019-03-04 15:48:32.136316
0,1_1_191_792_2019-03-04 15:48:56.598592
0,1_1_179_783_2019-03-04 16:25:54.213937
2,1_1_193_816_2019-03-04 19:47:01.019575
1,1_1_194_818_2019-03-04 19:54:10.877382
2,1_1_191_803_2019-03-04 20:14:14.759176
0,1_1_179_796_2019-03-04 20:24:54.250518
0,1_1_179_794_2019-03-04 20:45:18.084978
2,1_1_191_806_2019-03-04 21:21:13.733820
2,1_1_193_829_2019-03-04 23:00:43.793513
2,1_1_193_816_2019-03-04 23:21:23.529443
2,1_1_178_828_2019-03-04 23:55:23.769324
2,1_1_193_825_2019-03-05 00:12:50.047503
2,1_1_191_785_2019-03-05 00:14:11.100766
2,1_1_194_826_2019-03-05 00:42:27.179580
2,1_1_178_823_2019-03-05 02:07:05.774479
0,1_1_194_826_2019-03-05 13:04:24.969701
1,1_1_178_823_2019-03-05 13:30:04.830182
0,1_1_179_777_2019-03-05 13:43:24.850847
1,1_1_178_828_2019-03-05 13:45:45.880382
0,1_1_193_827_2019-03-05 13:47:13.121363
1,1_1_191_789_2019-03-05 13:53:47.021496
1,1_1_193_819_2019-03-05 14:09:49.671696
0,1_1_179_800_2019-03-05 14:12:47.811423
0,1_1_178_817_2019-03-05 14:14:45.800377
1,1_1_193_820_2019-03-05 14:19:17.910072
2,1_1_179_813_2019-03-05 14:19:46.170537
1,1_1_179_787_2019-03-05 14:25:35.372957
0,1_1_179_791_2019-03-05 14:28:38.891739
0,1_1_194_818_2019-03-05 14:29:11.734353
0,1_1_179_799_2019-03-05 14:30:16.339223
1,1_1_179_788_2019-03-05 14:32:25.010180
1,1_1_193_829_2019-03-05 14:36:18.461105
0,1_1_191_785_2019-03-05 14:36:51.960450
1,1_1_179_796_2019-03-05 14:40:36.640321
0,1_1_193_825_2019-03-05 14:45:38.845127
1,1_1_194_821_2019-03-05 14:50:07.860663
0,1_1_193_816_2019-03-05 14:53:02.339539
0,1_1_179_810_2019-03-05 14:54:59.007241
1,1_1_194_822_2019-03-05 14:57:05.251291
0,1_1_191_802_2019-03-05 15:02:03.603714
0,1_1_178_824_2019-03-05 15:04:23.698937
0,1_1_179_801_2019-03-05 15:06:28.059316
1,1_1_191_782_2019-03-05 15:07:35.009855
1,1_1_179_781_2019-03-05 15:09:59.215127
0,1_1_179_809_2019-03-05 15:17:10.489839
1,1_1_191_812_2019-03-05 15:18:28.751269
0,1_1_179_797_2019-03-05 15:18:32.809037
1,1_1_191_780_2019-03-05 15:20:57.767527
1,1_1_179_794_2019-03-05 15:22:13.319893
1,1_1_191_803_2019-03-05 15:23:56.150517
1,1_1_191_778_2019-03-05 15:24:36.200258
0,1_1_179_790_2019-03-05 15:26:22.243286
1,1_1_191_805_2019-03-05 15:28:48.118862
1,1_1_191_795_2019-03-05 15:28:59.175197
1,1_1_179_798_2019-03-05 15:30:30.747844
0,1_1_191_806_2019-03-05 15:33:26.917416
1,1_1_191_808_2019-03-05 15:49:51.845856
1,1_1_191_807_2019-03-05 15:49:54.800872
0,1_1_191_793_2019-03-05 15:50:29.304825
1,1_1_191_792_2019-03-05 15:54:55.117425
1,1_1_191_786_2019-03-05 15:55:16.465719
0,1_1_191_804_2019-03-05 15:58:03.250429
0,1_1_191_811_2019-03-05 15:58:09.743774
1,1_1_179_779_2019-03-05 15:58:27.857021
0,1_1_191_784_2019-03-05 16:24:31.298583
1,1_1_179_813_2019-03-05 17:38:50.342467
0,1_1_179_777_2019-03-05 19:08:47.146094
1,1_1_191_806_2019-03-05 19:44:12.516595
2,1_1_194_818_2019-03-05 19:47:44.139993
2,1_1_179_783_2019-03-05 20:18:59.532278
2,1_1_178_817_2019-03-05 20:40:05.848034
2,1_1_191_811_2019-03-05 21:30:21.690134
2,1_1_178_823_2019-03-05 22:04:24.294696
2,1_1_179_788_2019-03-05 23:15:13.954267
2,1_1_193_827_2019-03-05 23:22:29.607626
2,1_1_193_819_2019-03-05 23:38:28.095737
2,1_1_194_818_2019-03-06 00:09:51.332803
2,1_1_194_821_2019-03-06 00:24:56.827975
2,1_1_194_826_2019-03-06 00:46:34.953542
2,1_1_178_828_2019-03-06 00:48:43.418884
2,1_1_178_823_2019-03-06 05:52:29.448185
0,1_1_194_826_2019-03-06 13:28:34.799545
0,1_1_179_797_2019-03-06 13:29:42.495609
1,1_1_193_827_2019-03-06 13:39:07.871382
0,1_1_193_825_2019-03-06 13:41:35.239712
1,1_1_178_823_2019-03-06 13:41:45.638986
1,1_1_191_789_2019-03-06 13:48:59.408980
1,1_1_178_828_2019-03-06 13:55:40.868575
1,1_1_193_820_2019-03-06 13:58:40.128548
1,1_1_179_815_2019-03-06 13:58:47.730088
1,1_1_194_822_2019-03-06 14:06:50.428272
1,1_1_193_819_2019-03-06 14:11:39.359439
1,1_1_179_787_2019-03-06 14:26:41.616206
0,1_1_179_799_2019-03-06 14:27:46.686734
1,1_1_193_829_2019-03-06 14:28:40.355971
0,1_1_179_791_2019-03-06 14:37:26.334908
1,1_1_194_821_2019-03-06 14:44:28.603045
0,1_1_193_816_2019-03-06 14:53:33.419339
1,1_1_178_817_2019-03-06 14:56:55.057709
0,1_1_178_824_2019-03-06 15:03:39.610330
1,1_1_191_802_2019-03-06 15:06:23.530316
1,1_1_179_781_2019-03-06 15:11:41.087745
0,1_1_179_783_2019-03-06 15:12:12.169433
1,1_1_179_796_2019-03-06 15:14:25.698811
0,1_1_194_818_2019-03-06 15:14:34.330282
1,1_1_179_777_2019-03-06 15:16:59.420348
1,1_1_179_788_2019-03-06 15:18:32.209951
1,1_1_179_794_2019-03-06 15:21:41.482857
1,1_1_191_812_2019-03-06 15:23:35.730032
1,1_1_179_810_2019-03-06 15:29:46.796369
1,1_1_191_785_2019-03-06 15:30:15.303984
1,1_1_191_782_2019-03-06 15:33:17.085990
1,1_1_191_792_2019-03-06 15:34:05.864548
0,1_1_191_811_2019-03-06 15:34:07.054354
1,1_1_179_798_2019-03-06 15:34:31.267496
1,1_1_191_795_2019-03-06 15:35:44.329614
0,1_1_191_784_2019-03-06 15:37:21.625451
0,1_1_179_809_2019-03-06 15:39:37.606694
1,1_1_179_790_2019-03-06 15:40:05.729320
1,1_1_191_778_2019-03-06 15:41:21.125767
0,1_1_179_779_2019-03-06 15:41:23.238579
0,1_1_179_813_2019-03-06 15:43:22.226223
1,1_1_191_780_2019-03-06 15:44:35.874540
0,1_1_191_807_2019-03-06 15:45:49.605312
1,1_1_191_803_2019-03-06 15:49:04.715949
0,1_1_191_806_2019-03-06 15:50:54.325600
1,1_1_191_793_2019-03-06 15:54:56.928541
1,1_1_191_804_2019-03-06 15:58:34.536558
2,1_1_191_808_2019-03-06 16:03:34.754502
1,1_1_191_805_2019-03-06 16:05:02.856138
0,1_1_191_786_2019-03-06 16:08:04.505595
0,1_1_191_808_2019-03-06 16:18:49.028274
1,1_1_178_824_2019-03-06 19:13:49.563472
1,1_1_179_796_2019-03-06 19:56:23.106484
0,1_1_193_825_2019-03-06 21:18:34.490495
2,1_1_178_823_2019-03-06 22:11:56.879692
2,1_1_191_806_2019-03-06 22:37:03.396027
2,1_1_179_781_2019-03-06 23:06:04.689627
2,1_1_179_815_2019-03-06 23:34:08.281073
2,1_1_194_818_2019-03-06 23:41:52.012427
2,1_1_178_828_2019-03-07 00:57:58.820943
2,1_1_193_827_2019-03-07 01:01:19.853781
2,1_1_178_823_2019-03-07 01:13:21.006184
2,1_1_193_820_2019-03-07 03:57:18.754963
0,1_1_194_826_2019-03-07 13:22:23.867754
2,1_1_194_818_2019-03-07 13:39:43.225174
1,1_1_178_823_2019-03-07 13:51:12.429277
1,1_1_191_789_2019-03-07 13:51:17.292135
1,1_1_193_819_2019-03-07 13:56:36.071986
0,1_1_179_801_2019-03-07 14:03:44.552653
0,1_1_193_825_2019-03-07 14:06:36.060538
1,1_1_193_820_2019-03-07 14:09:57.471521
0,1_1_179_800_2019-03-07 14:11:08.645412
0,1_1_194_822_2019-03-07 14:12:48.610344
1,1_1_193_827_2019-03-07 14:14:43.052547
1,1_1_178_828_2019-03-07 14:18:27.990974
1,1_1_193_816_2019-03-07 14:21:18.217203
1,1_1_179_787_2019-03-07 14:25:22.306591
0,1_1_194_818_2019-03-07 14:25:29.805171
0,1_1_178_817_2019-03-07 14:32:40.108932
0,1_1_179_810_2019-03-07 14:35:42.643512
1,1_1_179_798_2019-03-07 14:36:27.672322
0,1_1_179_799_2019-03-07 14:38:48.799345
1,1_1_194_821_2019-03-07 14:42:29.880284
1,1_1_178_824_2019-03-07 14:49:11.502442
1,1_1_179_815_2019-03-07 14:54:37.032168
0,1_1_193_829_2019-03-07 14:54:55.702698
1,1_1_179_783_2019-03-07 14:56:34.163570
1,1_1_179_777_2019-03-07 14:58:07.580730
0,1_1_179_791_2019-03-07 15:03:45.875641
1,1_1_179_796_2019-03-07 15:04:45.994377
1,1_1_191_802_2019-03-07 15:09:52.116138
0,1_1_179_809_2019-03-07 15:17:32.842341
0,1_1_179_788_2019-03-07 15:19:39.246406
0,1_1_179_779_2019-03-07 15:20:10.201672
1,1_1_191_805_2019-03-07 15:20:10.594458
1,1_1_179_797_2019-03-07 15:22:04.394873
1,1_1_191_782_2019-03-07 15:24:07.115554
1,1_1_191_785_2019-03-07 15:24:59.626042
0,1_1_179_813_2019-03-07 15:25:22.097532
0,1_1_191_778_2019-03-07 15:29:59.382847
1,1_1_191_795_2019-03-07 15:30:32.086020
1,1_1_191_812_2019-03-07 15:30:32.944657
0,1_1_191_807_2019-03-07 15:32:44.622632
1,1_1_191_792_2019-03-07 15:34:33.293824
1,1_1_191_780_2019-03-07 15:36:36.237959
1,1_1_179_794_2019-03-07 15:39:09.205299
0,1_1_191_808_2019-03-07 15:40:19.205268
1,1_1_191_803_2019-03-07 15:42:21.904915
0,1_1_191_806_2019-03-07 15:42:36.775076
1,1_1_191_793_2019-03-07 15:44:14.175217
1,1_1_191_784_2019-03-07 15:44:46.464444
1,1_1_191_804_2019-03-07 15:58:10.607625
0,1_1_191_786_2019-03-07 15:59:23.497833
2,1_1_191_778_2019-03-07 19:41:59.896125
2,1_1_193_825_2019-03-07 20:41:39.328117
0,1_1_191_778_2019-03-07 20:44:11.814766
2,1_1_191_807_2019-03-07 20:52:51.539356
1,1_1_191_806_2019-03-07 21:04:53.723500
2,1_1_191_808_2019-03-07 21:34:23.318435
2,1_1_191_793_2019-03-07 21:34:45.655541
2,1_1_193_819_2019-03-07 22:30:00.353735
2,1_1_179_800_2019-03-07 22:50:27.719804
2,1_1_193_820_2019-03-07 23:38:48.015331
2,1_1_178_823_2019-03-07 23:40:59.873418
2,1_1_179_787_2019-03-08 00:06:05.707856
2,1_1_179_801_2019-03-08 00:18:21.815820
2,1_1_194_818_2019-03-08 00:54:17.954742
2,1_1_194_821_2019-03-08 01:03:13.357152
1,1_1_178_828_2019-03-08 01:10:07.558071
2,1_1_194_826_2019-03-08 01:19:00.684701
0,1_1_193_827_2019-03-08 13:26:14.104195
0,1_1_193_825_2019-03-08 13:39:59.534649
1,1_1_178_828_2019-03-08 13:45:49.204244
1,1_1_178_823_2019-03-08 13:45:56.528199
0,1_1_194_821_2019-03-08 13:51:11.713321
1,1_1_191_789_2019-03-08 13:53:38.998233
2,1_1_193_819_2019-03-08 14:09:35.646135
0,1_1_194_826_2019-03-08 14:10:04.187720
1,1_1_194_822_2019-03-08 14:14:11.165604
0,1_1_178_817_2019-03-08 14:14:39.651773
0,1_1_179_800_2019-03-08 14:15:12.663837
0,1_1_179_810_2019-03-08 14:21:22.595634
0,1_1_194_818_2019-03-08 14:26:36.188599
1,1_1_193_820_2019-03-08 14:26:45.825062
1,1_1_193_816_2019-03-08 14:30:09.884603
0,1_1_193_829_2019-03-08 14:32:07.336974
0,1_1_179_799_2019-03-08 14:34:48.502422
0,1_1_179_781_2019-03-08 14:39:44.592429
1,1_1_191_802_2019-03-08 14:45:10.093750
1,1_1_179_815_2019-03-08 14:50:04.883241
1,1_1_179_783_2019-03-08 14:53:16.713221
2,1_1_179_791_2019-03-08 14:56:52.795965
0,1_1_191_778_2019-03-08 14:58:16.053228
0,1_1_179_777_2019-03-08 15:00:55.790419
0,1_1_179_809_2019-03-08 15:03:40.636390
0,1_1_193_819_2019-03-08 15:05:44.774662
0,1_1_179_796_2019-03-08 15:06:23.934611
0,1_1_179_813_2019-03-08 15:08:01.233247
1,1_1_191_782_2019-03-08 15:09:23.720070
1,1_1_179_788_2019-03-08 15:09:32.729163
0,1_1_191_795_2019-03-08 15:13:22.754036
0,1_1_191_806_2019-03-08 15:19:09.005101
1,1_1_179_794_2019-03-08 15:19:10.862573
0,1_1_191_780_2019-03-08 15:19:41.226462
1,1_1_179_787_2019-03-08 15:21:03.164217
0,1_1_179_798_2019-03-08 15:21:11.262555
1,1_1_191_807_2019-03-08 15:22:28.947561
1,1_1_191_792_2019-03-08 15:23:54.645272
0,1_1_191_784_2019-03-08 15:24:59.878121
0,1_1_191_811_2019-03-08 15:25:54.108412
1,1_1_191_808_2019-03-08 15:26:15.159433
1,1_1_191_803_2019-03-08 15:26:39.239195
1,1_1_179_790_2019-03-08 15:30:21.815477
1,1_1_179_797_2019-03-08 15:30:36.143463
0,1_1_179_801_2019-03-08 15:35:25.685495
1,1_1_191_812_2019-03-08 15:38:09.485787
1,1_1_191_785_2019-03-08 15:38:38.918357
1,1_1_191_805_2019-03-08 15:40:19.745862
0,1_1_191_793_2019-03-08 15:43:23.305462
0,1_1_191_804_2019-03-08 15:49:20.623226
1,1_1_191_786_2019-03-08 15:49:22.145253
1,1_1_179_779_2019-03-08 19:16:56.304772
2,1_1_179_791_2019-03-08 19:23:18.874044
2,1_1_191_811_2019-03-08 19:27:23.976385
2,1_1_179_809_2019-03-08 19:34:43.864697
0,1_1_193_825_2019-03-08 19:50:01.471378
2,1_1_191_806_2019-03-08 19:59:08.084273
0,1_1_179_800_2019-03-08 20:11:11.174894
2,1_1_191_795_2019-03-08 20:29:05.624804
2,1_1_179_797_2019-03-08 21:06:32.786760
2,1_1_194_821_2019-03-08 21:33:42.108946
2,1_1_179_798_2019-03-08 22:05:26.452269
2,1_1_178_817_2019-03-08 22:13:15.294712
2,1_1_194_822_2019-03-08 22:28:05.166116
2,1_1_179_799_2019-03-08 22:32:25.303736
2,1_1_191_808_2019-03-08 22:48:31.782573
2,1_1_178_823_2019-03-08 23:25:13.331257
2,1_1_194_818_2019-03-08 23:42:02.668472
2,1_1_193_829_2019-03-09 00:21:58.640433
2,1_1_178_823_2019-03-09 01:55:49.175339
2,1_1_193_816_2019-03-09 02:02:21.528301
0,1_1_178_823_2019-03-09 13:47:14.510964
2,1_1_194_821_2019-03-09 18:15:48.242209
2,1_1_193_820_2019-03-09 19:52:42.956861
2,1_1_178_828_2019-03-10 00:25:11.345032
0,1_1_193_820_2019-03-10 17:19:20.954235
2,1_1_194_821_2019-03-10 20:10:32.359674
2,1_1_194_818_2019-03-10 23:05:30.154944
0,1_1_178_828_2019-03-11 11:58:48.544085
0,1_1_194_826_2019-03-11 12:01:06.604183
0,1_1_179_810_2019-03-11 12:30:16.035640
0,1_1_193_827_2019-03-11 12:31:09.534415
1,1_1_178_823_2019-03-11 12:45:24.744903
0,1_1_193_825_2019-03-11 12:50:57.913264
1,1_1_191_789_2019-03-11 12:53:44.505993
1,1_1_193_819_2019-03-11 12:56:58.375377
2,1_1_193_820_2019-03-11 13:13:10.646819
0,1_1_179_800_2019-03-11 13:14:57.514489
1,1_1_194_822_2019-03-11 13:22:08.756825
1,1_1_179_787_2019-03-11 13:29:33.875745
0,1_1_179_777_2019-03-11 13:29:35.514552
1,1_1_193_816_2019-03-11 13:29:35.573191
0,1_1_194_818_2019-03-11 13:35:24.344873
1,1_1_179_788_2019-03-11 13:42:31.947710
0,1_1_194_821_2019-03-11 13:44:44.015793
0,1_1_178_817_2019-03-11 13:48:44.563774
1,1_1_178_824_2019-03-11 13:51:27.375170
1,1_1_179_783_2019-03-11 13:52:06.787150
0,1_1_179_799_2019-03-11 13:52:14.735328
1,1_1_193_829_2019-03-11 13:52:16.016153
0,1_1_179_791_2019-03-11 13:54:29.665350
0,1_1_179_796_2019-03-11 13:55:57.753614
1,1_1_179_815_2019-03-11 13:58:02.466976
1,1_1_179_809_2019-03-11 14:00:11.725407
0,1_1_179_790_2019-03-11 14:02:20.333608
1,1_1_191_802_2019-03-11 14:06:27.845904
0,1_1_179_797_2019-03-11 14:07:44.883923
1,1_1_179_781_2019-03-11 14:11:08.235751
0,1_1_179_801_2019-03-11 14:11:24.757084
0,1_1_179_798_2019-03-11 14:12:48.741334
0,1_1_179_779_2019-03-11 14:14:52.344495
0,1_1_191_803_2019-03-11 14:16:12.293468
1,1_1_191_805_2019-03-11 14:16:21.183452
0,1_1_179_813_2019-03-11 14:17:45.184546
1,1_1_191_778_2019-03-11 14:18:27.916868
1,1_1_191_808_2019-03-11 14:23:25.704169
0,1_1_191_812_2019-03-11 14:23:27.262286
1,1_1_191_785_2019-03-11 14:24:28.246572
1,1_1_191_782_2019-03-11 14:25:45.343493
1,1_1_191_807_2019-03-11 14:27:39.534745
1,1_1_191_795_2019-03-11 14:28:30.264688
0,1_1_191_811_2019-03-11 14:29:24.233285
0,1_1_191_806_2019-03-11 14:33:48.357116
1,1_1_191_780_2019-03-11 14:34:32.095762
0,1_1_191_793_2019-03-11 14:35:34.124207
0,1_1_191_792_2019-03-11 14:41:56.381554
1,1_1_191_784_2019-03-11 14:45:45.901888
1,1_1_191_786_2019-03-11 14:47:29.263529
1,1_1_191_804_2019-03-11 14:56:24.793495
1,1_1_193_820_2019-03-11 18:06:41.669594
0,1_1_193_827_2019-03-11 18:38:10.016811
2,1_1_191_806_2019-03-11 19:15:24.394158
2,1_1_193_819_2019-03-11 21:01:21.047448
2,1_1_193_829_2019-03-11 22:06:09.872501
2,1_1_179_781_2019-03-11 22:09:43.815179
2,1_1_178_823_2019-03-11 22:38:17.174908
2,1_1_193_820_2019-03-11 22:44:22.847885
2,1_1_194_822_2019-03-11 22:49:44.266364
2,1_1_191_786_2019-03-11 22:53:50.028106
2,1_1_193_825_2019-03-11 23:19:02.684651
2,1_1_178_824_2019-03-12 00:48:53.485364
2,1_1_193_820_2019-03-12 00:55:40.367315
2,1_1_178_828_2019-03-12 01:10:29.916065
2,1_1_178_824_2019-03-12 02:15:50.865551
0,1_1_194_826_2019-03-12 11:57:05.736993
1,1_1_193_819_2019-03-12 12:22:17.093756
0,1_1_193_827_2019-03-12 12:45:12.198139
1,1_1_178_823_2019-03-12 12:46:58.644010
1,1_1_179_781_2019-03-12 12:55:55.574519
1,1_1_194_822_2019-03-12 12:58:37.725691
1,1_1_193_820_2019-03-12 13:14:37.055285
0,1_1_193_825_2019-03-12 13:14:59.724929
0,1_1_179_800_2019-03-12 13:15:32.916904
1,1_1_191_789_2019-03-12 13:15:40.675506
1,1_1_193_829_2019-03-12 13:21:50.614673
1,1_1_178_828_2019-03-12 13:25:26.275633
0,1_1_194_818_2019-03-12 13:27:42.706233
0,1_1_179_794_2019-03-12 13:32:13.467219
1,1_1_178_817_2019-03-12 13:38:48.565177
0,1_1_179_799_2019-03-12 13:39:38.329650
1,1_1_179_788_2019-03-12 13:52:47.056396
1,1_1_194_821_2019-03-12 13:53:15.848185
0,1_1_193_816_2019-03-12 13:54:36.146687
1,1_1_178_824_2019-03-12 13:55:18.835396
1,1_1_179_797_2019-03-12 13:59:19.894451
1,1_1_179_777_2019-03-12 14:00:10.299322
1,1_1_191_802_2019-03-12 14:01:12.364636
0,1_1_179_810_2019-03-12 14:03:14.943532
1,1_1_179_813_2019-03-12 14:12:45.163443
1,1_1_179_815_2019-03-12 14:14:15.556256
0,1_1_179_809_2019-03-12 14:15:48.633460
0,1_1_179_790_2019-03-12 14:17:14.494422
1,1_1_179_787_2019-03-12 14:18:09.073540
0,1_1_179_801_2019-03-12 14:19:01.776170
0,1_1_191_782_2019-03-12 14:22:35.535856
1,1_1_179_798_2019-03-12 14:23:27.255403
1,1_1_191_785_2019-03-12 14:23:36.614988
1,1_1_191_778_2019-03-12 14:25:13.871459
1,1_1_191_792_2019-03-12 14:26:02.162591
0,1_1_191_795_2019-03-12 14:26:17.885567
1,1_1_191_807_2019-03-12 14:30:39.905739
1,1_1_179_796_2019-03-12 14:33:11.682000
1,1_1_179_779_2019-03-12 14:34:42.415958
1,1_1_179_783_2019-03-12 14:38:28.397120
1,1_1_191_803_2019-03-12 14:38:51.066651
0,1_1_191_780_2019-03-12 14:41:01.584729
1,1_1_191_812_2019-03-12 14:47:25.266017
1,1_1_191_805_2019-03-12 14:47:48.009277
1,1_1_191_811_2019-03-12 14:51:55.844214
0,1_1_191_786_2019-03-12 14:53:47.331842
1,1_1_191_784_2019-03-12 14:56:55.376492
0,1_1_191_804_2019-03-12 15:06:03.476853
1,1_1_191_808_2019-03-12 15:23:18.884174
1,1_1_191_793_2019-03-12 15:24:47.331452
0,1_1_179_781_2019-03-12 18:18:39.983750
0,1_1_191_795_2019-03-12 18:44:20.773544
2,1_1_191_793_2019-03-12 20:14:15.853922
1,1_1_193_825_2019-03-12 20:35:14.866304
0,1_1_179_788_2019-03-12 20:38:25.074359
2,1_1_191_804_2019-03-12 21:18:35.476173
2,1_1_193_819_2019-03-12 21:43:28.184972
2,1_1_179_800_2019-03-12 21:57:33.335101
2,1_1_194_822_2019-03-12 22:07:42.423091
2,1_1_193_827_2019-03-12 22:25:16.518856
2,1_1_178_828_2019-03-12 22:56:15.598122
2,1_1_193_820_2019-03-12 23:33:31.514625
2,1_1_178_823_2019-03-13 00:26:07.202344
2,1_1_178_823_2019-03-13 02:04:31.304532
0,1_1_194_826_2019-03-13 12:07:00.403811
1,1_1_193_827_2019-03-13 12:31:08.342221
1,1_1_178_823_2019-03-13 12:43:25.215266
1,1_1_191_789_2019-03-13 12:53:32.565506
1,1_1_179_799_2019-03-13 12:56:37.366309
0,1_1_179_790_2019-03-13 13:01:38.615235
1,1_1_193_819_2019-03-13 13:01:40.645628
1,1_1_193_820_2019-03-13 13:21:50.105967
0,1_1_179_800_2019-03-13 13:23:17.364331
1,1_1_178_828_2019-03-13 13:24:15.085274
1,1_1_178_824_2019-03-13 13:26:51.634442
1,1_1_178_817_2019-03-13 13:28:05.542575
0,1_1_194_821_2019-03-13 13:29:37.476751
0,1_1_194_818_2019-03-13 13:31:38.690864
0,1_1_179_777_2019-03-13 13:37:45.606447
1,1_1_179_796_2019-03-13 13:38:36.499320
1,1_1_194_822_2019-03-13 13:40:19.751033
1,1_1_193_829_2019-03-13 13:41:35.793965
1,1_1_179_783_2019-03-13 13:46:19.344349
1,1_1_193_816_2019-03-13 13:48:09.757412
1,1_1_179_791_2019-03-13 13:54:20.597771
0,1_1_193_825_2019-03-13 13:54:23.631877
1,1_1_179_794_2019-03-13 13:54:28.603991
0,1_1_191_802_2019-03-13 13:54:57.635071
1,1_1_179_781_2019-03-13 13:56:51.732809
0,1_1_179_797_2019-03-13 14:03:11.983178
0,1_1_179_788_2019-03-13 14:05:28.073339
0,1_1_179_809_2019-03-13 14:06:24.482322
0,1_1_179_810_2019-03-13 14:06:31.154229
0,1_1_179_813_2019-03-13 14:10:18.842932
1,1_1_179_798_2019-03-13 14:15:50.215609
0,1_1_179_787_2019-03-13 14:17:17.253411
1,1_1_191_778_2019-03-13 14:18:51.603928
1,1_1_179_801_2019-03-13 14:19:29.352703
1,1_1_191_795_2019-03-13 14:21:25.412385
0,1_1_191_803_2019-03-13 14:21:38.082469
1,1_1_191_785_2019-03-13 14:21:41.683115
1,1_1_191_780_2019-03-13 14:22:37.642587
1,1_1_191_805_2019-03-13 14:25:07.913213
1,1_1_191_792_2019-03-13 14:32:36.104727
0,1_1_191_782_2019-03-13 14:33:01.671409
1,1_1_191_806_2019-03-13 14:33:42.373456
1,1_1_191_812_2019-03-13 14:34:36.312931
2,1_1_191_807_2019-03-13 14:35:18.983324
1,1_1_191_811_2019-03-13 14:37:52.303889
1,1_1_191_793_2019-03-13 14:40:56.560006
0,1_1_191_808_2019-03-13 14:41:20.201312
0,1_1_191_786_2019-03-13 14:42:48.271173
0,1_1_191_804_2019-03-13 14:45:21.784482
1,1_1_191_784_2019-03-13 14:58:53.222953
1,1_1_191_807_2019-03-13 17:48:36.432657
1,1_1_179_800_2019-03-13 18:22:19.384763
1,1_1_179_791_2019-03-13 18:42:00.671573
2,1_1_179_790_2019-03-13 19:36:19.639550
2,1_1_178_823_2019-03-13 21:42:50.478610
0,1_1_193_816_2019-03-13 22:12:22.565489
2,1_1_194_826_2019-03-13 22:22:05.536813
2,1_1_178_824_2019-03-13 22:27:12.251617
2,1_1_193_829_2019-03-13 22:48:14.108717
2,1_1_193_825_2019-03-13 22:56:15.886474
2,1_1_193_820_2019-03-13 23:28:07.294880
1,1_1_193_819_2019-03-13 23:52:28.819018
2,1_1_194_818_2019-03-14 00:20:08.913087
0,1_1_178_828_2019-03-14 12:23:57.295755
1,1_1_178_824_2019-03-14 12:38:14.635952
0,1_1_193_827_2019-03-14 12:46:02.264639
1,1_1_194_826_2019-03-14 12:54:09.404924
0,1_1_193_825_2019-03-14 12:57:58.135415
1,1_1_193_820_2019-03-14 13:00:21.215089
2,1_1_194_822_2019-03-14 13:01:02.983404
0,1_1_179_799_2019-03-14 13:05:25.453202
1,1_1_191_789_2019-03-14 13:09:26.276644
0,1_1_179_800_2019-03-14 13:12:50.483218
0,1_1_178_823_2019-03-14 13:29:38.773014
0,1_1_179_810_2019-03-14 13:36:05.755300
1,1_1_179_781_2019-03-14 13:36:17.793748
1,1_1_179_797_2019-03-14 13:39:09.084758
0,1_1_191_802_2019-03-14 13:42:32.824079
1,1_1_194_821_2019-03-14 13:49:02.922914
1,1_1_193_819_2019-03-14 13:50:55.415517
1,1_1_179_796_2019-03-14 13:54:06.065925
0,1_1_179_809_2019-03-14 14:00:17.391816
1,1_1_178_817_2019-03-14 14:02:06.075080
1,1_1_179_788_2019-03-14 14:05:59.985308
1,1_1_191_778_2019-03-14 14:06:19.052477
0,1_1_179_791_2019-03-14 14:11:36.423907
0,1_1_193_816_2019-03-14 14:13:38.504150
1,1_1_179_798_2019-03-14 14:17:05.196792
1,1_1_194_822_2019-03-14 14:17:10.213589
1,1_1_179_794_2019-03-14 14:18:50.115846
1,1_1_191_812_2019-03-14 14:19:45.387265
0,1_1_179_777_2019-03-14 14:19:58.420759
0,1_1_191_782_2019-03-14 14:20:00.926652
0,1_1_191_811_2019-03-14 14:22:33.988273
1,1_1_179_813_2019-03-14 14:23:14.692093
0,1_1_193_829_2019-03-14 14:24:32.005389
0,1_1_179_779_2019-03-14 14:26:17.820328
1,1_1_191_785_2019-03-14 14:28:54.731454
2,1_1_179_787_2019-03-14 14:31:47.585033
1,1_1_191_803_2019-03-14 14:32:51.104933
0,1_1_191_795_2019-03-14 14:36:20.912709
0,1_1_191_807_2019-03-14 14:38:47.094242
1,1_1_191_806_2019-03-14 14:41:21.365260
0,1_1_179_801_2019-03-14 14:47:12.195165
0,1_1_191_780_2019-03-14 14:47:46.444171
0,1_1_179_783_2019-03-14 14:48:50.454962
0,1_1_191_808_2019-03-14 14:54:43.435429
1,1_1_191_793_2019-03-14 14:55:58.493825
0,1_1_179_790_2019-03-14 14:56:11.045313
1,1_1_191_805_2019-03-14 14:57:30.034600
1,1_1_191_792_2019-03-14 14:57:45.304915
1,1_1_179_815_2019-03-14 14:58:50.624093
1,1_1_191_784_2019-03-14 15:04:51.542001
1,1_1_191_804_2019-03-14 15:10:34.824629
1,1_1_191_786_2019-03-14 15:17:16.556757
0,1_1_179_787_2019-03-14 18:30:51.649075
0,1_1_178_823_2019-03-14 18:47:08.024465
0,1_1_193_827_2019-03-14 19:14:35.348459
2,1_1_191_811_2019-03-14 19:47:48.436345
2,1_1_194_826_2019-03-14 19:54:02.252900
1,1_1_191_808_2019-03-14 19:59:43.943382
0,1_1_179_796_2019-03-14 20:35:11.866577
2,1_1_179_800_2019-03-14 21:13:44.327429
2,1_1_178_828_2019-03-14 21:17:39.495996
2,1_1_179_783_2019-03-14 21:35:51.016396
2,1_1_193_820_2019-03-14 21:57:53.934359
2,1_1_179_813_2019-03-14 22:13:30.132080
2,1_1_179_781_2019-03-14 22:13:46.382812
2,1_1_179_799_2019-03-14 22:22:34.659705
2,1_1_191_793_2019-03-14 22:27:46.614830
2,1_1_179_799_2019-03-14 23:03:33.817562
2,1_1_194_818_2019-03-14 23:18:35.884982
2,1_1_178_824_2019-03-14 23:18:47.834884
2,1_1_193_825_2019-03-14 23:19:24.979283
2,1_1_194_821_2019-03-14 23:48:25.614231
2,1_1_178_828_2019-03-15 00:30:54.653138
2,1_1_178_824_2019-03-15 02:29:15.854947
2,1_1_193_820_2019-03-15 03:11:28.655286
1,1_1_178_823_2019-03-15 12:46:17.368712
1,1_1_194_826_2019-03-15 13:06:21.898660
1,1_1_193_819_2019-03-15 13:16:02.203927
0,1_1_193_825_2019-03-15 14:16:27.257981
1,1_1_194_821_2019-03-15 14:17:48.448032
1,1_1_193_820_2019-03-15 14:19:13.560427
0,1_1_178_817_2019-03-15 14:38:59.979329
1,1_1_178_824_2019-03-15 14:42:09.728561
0,1_1_179_810_2019-03-15 14:51:01.241331
2,1_1_179_781_2019-03-15 14:52:40.071789
1,1_1_179_815_2019-03-15 14:59:41.658951
1,1_1_193_827_2019-03-15 15:09:12.278707
2,1_1_194_818_2019-03-15 15:14:04.899957
1,1_1_179_800_2019-03-15 15:28:04.086952
1,1_1_178_828_2019-03-15 15:31:00.271058
2,1_1_179_796_2019-03-15 15:55:00.479313
2,1_1_194_822_2019-03-15 16:04:40.876815
0,1_1_179_783_2019-03-15 16:07:15.441008
0,1_1_193_829_2019-03-15 16:08:25.310484
0,1_1_193_816_2019-03-15 16:13:10.336285
1,1_1_179_777_2019-03-15 16:29:20.728275
0,1_1_179_809_2019-03-15 16:33:46.178718
0,1_1_179_781_2019-03-15 17:32:43.618497
1,1_1_179_791_2019-03-15 17:39:35.928909
2,1_1_179_787_2019-03-15 17:55:42.938787
2,1_1_194_818_2019-03-15 17:56:06.630283
0,1_1_194_822_2019-03-15 19:33:00.879477
2,1_1_193_819_2019-03-15 21:05:49.857975
2,1_1_193_827_2019-03-15 21:09:15.171913
2,1_1_194_821_2019-03-15 21:54:08.481291
2,1_1_178_817_2019-03-15 23:13:03.740090
2,1_1_178_824_2019-03-16 00:32:08.659504
1,1_1_194_821_2019-03-16 14:38:13.792746
0,1_1_193_829_2019-03-16 17:01:09.013494
1,1_1_178_817_2019-03-16 18:11:47.318435
0,1_1_194_826_2019-03-16 18:42:53.590972
2,1_1_179_815_2019-03-17 07:23:52.910536
0,1_1_193_820_2019-03-17 17:29:21.370123
2,1_1_193_825_2019-03-17 18:42:58.091764
1,1_1_194_826_2019-03-18 11:50:49.260607
0,1_1_179_810_2019-03-18 12:30:53.671778
1,1_1_178_823_2019-03-18 12:54:16.631021
0,1_1_193_825_2019-03-18 12:55:34.783288
1,1_1_193_819_2019-03-18 13:09:38.361925
0,1_1_179_800_2019-03-18 13:20:18.873641
0,1_1_179_796_2019-03-18 13:27:40.751631
1,1_1_178_828_2019-03-18 13:30:40.793191
1,1_1_193_820_2019-03-18 13:44:08.586832
1,1_1_194_822_2019-03-18 13:45:34.167267
2,1_1_179_815_2019-03-18 13:49:01.163606
0,1_1_179_799_2019-03-18 13:50:14.194445
0,1_1_179_777_2019-03-18 13:50:26.094345
0,1_1_179_797_2019-03-18 13:52:11.694930
0,1_1_178_824_2019-03-18 13:52:19.951761
1,1_1_194_821_2019-03-18 13:56:03.583275
1,1_1_194_818_2019-03-18 13:58:15.932954
0,1_1_179_813_2019-03-18 13:58:27.971802
1,1_1_178_817_2019-03-18 13:59:26.280701
1,1_1_193_816_2019-03-18 14:00:02.107933
1,1_1_179_788_2019-03-18 14:03:28.585531
1,1_1_191_802_2019-03-18 14:04:01.112059
1,1_1_179_791_2019-03-18 14:04:24.963596
1,1_1_193_829_2019-03-18 14:05:38.254048
1,1_1_179_783_2019-03-18 14:07:19.523511
0,1_1_179_794_2019-03-18 14:09:25.383064
1,1_1_179_809_2019-03-18 14:11:57.014043
1,1_1_179_798_2019-03-18 14:12:22.520786
0,1_1_179_801_2019-03-18 14:12:51.897318
0,1_1_179_787_2019-03-18 14:15:09.049496
1,1_1_179_779_2019-03-18 14:15:16.104961
1,1_1_191_782_2019-03-18 14:18:52.750841
0,1_1_179_790_2019-03-18 14:19:43.813183
1,1_1_191_812_2019-03-18 14:22:57.282818
0,1_1_191_803_2019-03-18 14:23:17.411282
2,1_1_191_793_2019-03-18 14:26:24.230975
0,1_1_191_811_2019-03-18 14:26:50.326470
1,1_1_191_780_2019-03-18 14:30:16.821778
0,1_1_191_795_2019-03-18 14:32:55.733090
0,1_1_191_789_2019-03-18 14:33:11.333417
1,1_1_191_807_2019-03-18 14:33:17.231843
1,1_1_191_778_2019-03-18 14:34:38.433298
0,1_1_191_805_2019-03-18 14:37:57.712422
1,1_1_191_784_2019-03-18 14:44:05.374548
0,1_1_191_786_2019-03-18 14:47:13.880274
0,1_1_191_792_2019-03-18 14:51:39.181581
1,1_1_191_804_2019-03-18 14:51:59.182155
0,1_1_191_808_2019-03-18 14:52:08.482893
1,1_1_191_806_2019-03-18 14:53:27.043615
0,1_1_191_793_2019-03-18 15:45:17.051734
0,1_1_179_815_2019-03-18 17:31:59.955169
0,1_1_179_790_2019-03-18 18:22:40.466815
0,1_1_191_811_2019-03-18 18:44:09.963319
0,1_1_194_821_2019-03-18 19:14:39.953660
0,1_1_191_804_2019-03-18 19:44:07.394855
2,1_1_179_794_2019-03-18 20:11:22.608357
1,1_1_179_779_2019-03-18 20:36:51.341028
2,1_1_193_825_2019-03-18 20:51:13.371744
2,1_1_179_800_2019-03-18 21:01:42.733124
2,1_1_178_823_2019-03-18 21:22:33.800263
2,1_1_193_816_2019-03-18 21:29:56.163280
2,1_1_179_801_2019-03-18 21:44:31.862009
2,1_1_191_808_2019-03-18 21:47:17.058366
2,1_1_193_829_2019-03-18 22:16:27.512141
2,1_1_193_819_2019-03-18 22:35:11.573454
2,1_1_178_828_2019-03-18 22:51:03.003262
2,1_1_194_818_2019-03-18 23:24:44.650395
2,1_1_193_820_2019-03-18 23:45:06.093224
2,1_1_178_823_2019-03-19 05:38:25.738751
1,1_1_194_826_2019-03-19 11:48:27.243614
1,1_1_193_827_2019-03-19 12:20:38.464258
0,1_1_179_799_2019-03-19 12:49:29.411071
1,1_1_179_815_2019-03-19 12:49:54.940852
1,1_1_191_789_2019-03-19 12:53:49.508134
1,1_1_193_820_2019-03-19 13:00:39.750207
0,1_1_193_825_2019-03-19 13:07:08.072431
1,1_1_193_819_2019-03-19 13:10:40.830836
0,1_1_179_800_2019-03-19 13:12:29.874194
0,1_1_193_829_2019-03-19 13:13:44.221207
1,1_1_178_828_2019-03-19 13:20:18.180004
1,1_1_194_818_2019-03-19 13:40:39.343980
1,1_1_179_783_2019-03-19 13:47:41.321241
1,1_1_178_823_2019-03-19 14:02:10.810911
0,1_1_179_810_2019-03-19 14:03:45.036843
1,1_1_178_824_2019-03-19 14:05:54.811366
1,1_1_179_797_2019-03-19 14:11:06.292418
1,1_1_179_796_2019-03-19 14:13:27.281371
1,1_1_179_798_2019-03-19 14:15:55.599616
1,1_1_179_791_2019-03-19 14:15:58.112794
1,1_1_191_802_2019-03-19 14:16:57.321624
1,1_1_191_785_2019-03-19 14:18:18.911292
0,1_1_179_801_2019-03-19 14:19:10.151015
0,1_1_179_779_2019-03-19 14:20:31.032604
1,1_1_179_777_2019-03-19 14:23:07.681875
0,1_1_179_794_2019-03-19 14:24:03.871295
1,1_1_179_809_2019-03-19 14:24:25.289924
1,1_1_179_781_2019-03-19 14:30:30.342106
1,1_1_191_795_2019-03-19 14:32:55.152288
0,1_1_194_822_2019-03-19 14:34:10.093391
0,1_1_179_787_2019-03-19 14:34:15.222421
1,1_1_191_780_2019-03-19 14:35:04.183213
1,1_1_191_805_2019-03-19 14:35:23.634032
1,1_1_179_788_2019-03-19 14:40:08.060921
1,1_1_191_812_2019-03-19 14:42:59.095954
0,1_1_179_790_2019-03-19 14:44:13.862855
0,1_1_178_817_2019-03-19 14:47:14.342382
1,1_1_179_813_2019-03-19 14:48:34.453230
0,1_1_191_782_2019-03-19 14:52:37.819128
1,1_1_191_804_2019-03-19 14:52:42.479939
0,1_1_191_811_2019-03-19 14:53:02.562729
1,1_1_191_807_2019-03-19 14:56:31.642138
1,1_1_191_808_2019-03-19 14:57:30.571688
1,1_1_191_806_2019-03-19 14:58:53.332631
1,1_1_191_792_2019-03-19 14:58:56.561063
0,1_1_191_793_2019-03-19 14:59:10.552998
1,1_1_191_786_2019-03-19 15:36:44.601082
0,1_1_193_820_2019-03-19 17:14:46.846254
1,1_1_191_808_2019-03-19 19:49:30.838605
2,1_1_193_816_2019-03-19 20:43:53.546024
2,1_1_193_816_2019-03-19 21:15:48.665093
2,1_1_179_800_2019-03-19 21:36:22.990680
2,1_1_194_818_2019-03-19 21:42:36.164061
2,1_1_193_825_2019-03-19 21:59:54.986831
2,1_1_179_815_2019-03-19 22:53:02.005918
2,1_1_194_821_2019-03-19 22:53:45.962311
2,1_1_178_828_2019-03-19 23:06:05.407122
2,1_1_193_827_2019-03-19 23:08:35.073580
2,1_1_193_829_2019-03-19 23:23:25.592949
2,1_1_193_816_2019-03-19 23:28:56.463494
2,1_1_179_810_2019-03-19 23:40:20.271331
2,1_1_179_796_2019-03-19 23:50:57.849065
2,1_1_193_820_2019-03-20 02:58:46.953744
1,1_1_194_826_2019-03-20 11:47:16.063637
1,1_1_194_822_2019-03-20 12:00:16.862693
0,1_1_193_825_2019-03-20 12:41:34.863370
1,1_1_191_789_2019-03-20 12:42:51.381464
1,1_1_178_823_2019-03-20 12:58:59.277654
0,1_1_179_800_2019-03-20 13:09:16.650903
0,1_1_193_820_2019-03-20 13:13:56.882181
1,1_1_193_827_2019-03-20 13:15:00.813633
1,1_1_193_819_2019-03-20 13:15:11.982807
2,1_1_193_829_2019-03-20 13:15:53.410437
1,1_1_178_828_2019-03-20 13:19:38.642392
0,1_1_179_799_2019-03-20 13:24:18.258209
1,1_1_179_787_2019-03-20 13:24:29.573909
0,1_1_193_816_2019-03-20 13:30:04.912286
0,1_1_179_796_2019-03-20 13:34:34.052049
1,1_1_194_821_2019-03-20 13:37:59.390403
1,1_1_178_817_2019-03-20 13:44:58.093182
0,1_1_191_802_2019-03-20 13:45:29.562735
1,1_1_179_797_2019-03-20 13:46:16.111279
0,1_1_179_801_2019-03-20 13:48:37.543525
1,1_1_194_818_2019-03-20 13:54:26.454227
1,1_1_178_824_2019-03-20 13:56:46.093152
1,1_1_179_781_2019-03-20 13:58:42.451022
1,1_1_179_815_2019-03-20 13:59:15.676786
1,1_1_191_778_2019-03-20 13:59:54.192871
1,1_1_179_791_2019-03-20 14:05:46.813774
0,1_1_179_810_2019-03-20 14:10:34.322421
0,1_1_179_779_2019-03-20 14:11:27.229466
1,1_1_179_783_2019-03-20 14:13:53.372762
1,1_1_179_777_2019-03-20 14:15:14.201491
0,1_1_179_788_2019-03-20 14:16:25.862598
2,1_1_179_809_2019-03-20 14:17:03.389349
1,1_1_191_785_2019-03-20 14:19:45.175800
0,1_1_179_794_2019-03-20 14:19:51.336224
0,1_1_191_803_2019-03-20 14:22:05.125866
0,1_1_179_798_2019-03-20 14:22:49.502134
1,1_1_191_805_2019-03-20 14:25:24.084612
1,1_1_191_795_2019-03-20 14:26:51.851484
1,1_1_191_812_2019-03-20 14:31:09.370247
1,1_1_179_790_2019-03-20 14:35:41.670716
1,1_1_191_782_2019-03-20 14:36:24.091606
0,1_1_191_780_2019-03-20 14:37:53.174155
1,1_1_179_813_2019-03-20 14:39:42.222000
0,1_1_191_792_2019-03-20 14:45:40.573710
1,1_1_191_811_2019-03-20 14:46:48.085181
2,1_1_191_808_2019-03-20 14:50:44.181739
1,1_1_191_806_2019-03-20 14:54:20.654047
1,1_1_191_793_2019-03-20 14:58:19.023635
2,1_1_191_804_2019-03-20 14:59:28.014145
0,1_1_191_784_2019-03-20 15:06:16.797597
1,1_1_191_786_2019-03-20 15:15:19.342362
0,1_1_179_809_2019-03-20 15:24:14.687545
1,1_1_193_829_2019-03-20 18:01:31.469690
0,1_1_191_808_2019-03-20 18:22:28.923819
2,1_1_194_826_2019-03-20 18:58:57.942659
2,1_1_191_804_2019-03-20 19:06:48.681050
0,1_1_191_807_2019-03-20 19:21:23.737816
2,1_1_193_825_2019-03-20 20:58:06.532366
2,1_1_178_823_2019-03-20 21:15:54.844544
2,1_1_191_806_2019-03-20 22:23:50.712288
2,1_1_179_815_2019-03-20 22:27:20.992067
2,1_1_194_826_2019-03-20 22:30:42.692909
2,1_1_193_827_2019-03-20 23:34:45.107796
2,1_1_193_819_2019-03-21 00:01:16.801269
2,1_1_178_823_2019-03-21 03:12:12.778610
1,1_1_194_826_2019-03-21 12:21:40.290882
1,1_1_193_827_2019-03-21 12:41:10.762397
1,1_1_191_789_2019-03-21 12:42:23.895020
0,1_1_193_825_2019-03-21 12:52:32.712091
1,1_1_179_799_2019-03-21 12:55:51.942533
1,1_1_193_820_2019-03-21 13:02:29.172623
1,1_1_178_823_2019-03-21 13:10:24.250059
1,1_1_193_829_2019-03-21 13:10:41.212779
1,1_1_193_819_2019-03-21 13:10:55.160035
1,1_1_178_828_2019-03-21 13:14:23.010830
1,1_1_194_822_2019-03-21 13:18:10.319913
0,1_1_179_800_2019-03-21 13:28:26.863637
0,1_1_179_796_2019-03-21 13:32:43.210114
0,1_1_179_810_2019-03-21 13:47:26.061908
1,1_1_178_817_2019-03-21 13:54:32.552262
1,1_1_178_824_2019-03-21 13:57:52.133020
1,1_1_191_802_2019-03-21 14:00:39.691675
1,1_1_191_795_2019-03-21 14:02:56.643265
0,1_1_179_797_2019-03-21 14:03:39.844566
0,1_1_179_783_2019-03-21 14:08:25.931270
1,1_1_194_821_2019-03-21 14:08:51.061388
0,1_1_179_815_2019-03-21 14:09:23.913382
1,1_1_179_809_2019-03-21 14:09:37.412403
1,1_1_191_812_2019-03-21 14:10:15.801390
1,1_1_193_816_2019-03-21 14:12:18.373403
0,1_1_179_777_2019-03-21 14:14:25.621526
1,1_1_179_801_2019-03-21 14:20:01.042938
1,1_1_179_798_2019-03-21 14:22:29.803785
1,1_1_191_785_2019-03-21 14:23:05.681480
1,1_1_179_787_2019-03-21 14:24:22.788751
1,1_1_179_794_2019-03-21 14:25:15.069638
1,1_1_179_781_2019-03-21 14:29:02.422524
0,1_1_179_790_2019-03-21 14:32:43.819056
0,1_1_179_788_2019-03-21 14:33:11.123040
0,1_1_191_803_2019-03-21 14:35:32.259225
1,1_1_191_782_2019-03-21 14:35:36.284453
1,1_1_191_807_2019-03-21 14:38:54.091541
0,1_1_179_779_2019-03-21 14:43:06.502165
1,1_1_191_780_2019-03-21 14:45:33.749999
1,1_1_191_778_2019-03-21 14:47:19.151804
1,1_1_191_808_2019-03-21 14:47:53.982320
1,1_1_191_806_2019-03-21 14:49:43.821941
1,1_1_191_793_2019-03-21 14:50:33.631115
1,1_1_191_792_2019-03-21 14:52:02.661680
1,1_1_191_811_2019-03-21 14:53:02.270071
1,1_1_191_805_2019-03-21 14:53:02.415839
0,1_1_191_786_2019-03-21 14:55:16.669605
0,1_1_191_784_2019-03-21 14:56:01.612281
2,1_1_191_804_2019-03-21 15:00:34.695126
2,1_1_191_804_2019-03-21 18:45:51.194852
2,1_1_191_808_2019-03-21 19:43:19.148521
0,1_1_179_791_2019-03-21 19:54:19.351513
2,1_1_193_816_2019-03-21 21:10:36.693158
1,1_1_178_823_2019-03-21 21:24:10.310891
2,1_1_191_807_2019-03-21 21:36:36.710626
2,1_1_193_829_2019-03-21 22:05:57.570870
2,1_1_179_810_2019-03-21 22:10:12.013572
2,1_1_178_828_2019-03-21 22:22:20.255026
2,1_1_193_827_2019-03-21 22:27:01.574131
2,1_1_194_818_2019-03-21 22:52:43.395249
2,1_1_194_822_2019-03-22 00:08:03.525989
2,1_1_194_818_2019-03-22 00:25:35.514334
2,1_1_178_828_2019-03-22 01:40:45.183632
0,1_1_193_827_2019-03-22 12:40:03.143107
1,1_1_178_823_2019-03-22 12:55:53.302995
1,1_1_191_789_2019-03-22 12:58:17.205730
0,1_1_179_801_2019-03-22 13:01:04.217153
0,1_1_179_799_2019-03-22 13:02:30.063007
1,1_1_193_819_2019-03-22 13:11:21.816165
1,1_1_193_820_2019-03-22 13:18:22.317665
2,1_1_193_825_2019-03-22 13:18:52.145217
1,1_1_193_829_2019-03-22 13:19:55.805340
1,1_1_179_810_2019-03-22 13:34:20.893116
1,1_1_179_797_2019-03-22 13:36:43.556376
2,1_1_193_816_2019-03-22 13:36:57.799046
0,1_1_179_791_2019-03-22 13:38:45.881640
0,1_1_179_781_2019-03-22 13:39:46.265713
0,1_1_191_802_2019-03-22 13:45:01.495453
1,1_1_191_782_2019-03-22 13:48:38.148322
1,1_1_191_785_2019-03-22 13:50:39.582658
1,1_1_194_822_2019-03-22 13:53:02.385243
1,1_1_178_828_2019-03-22 13:55:05.975890
1,1_1_178_817_2019-03-22 13:57:05.393760
1,1_1_179_800_2019-03-22 13:57:32.215062
0,1_1_194_821_2019-03-22 14:01:13.333658
1,1_1_179_815_2019-03-22 14:07:51.319932
0,1_1_179_788_2019-03-22 14:09:40.712614
0,1_1_179_809_2019-03-22 14:11:11.235832
0,1_1_179_796_2019-03-22 14:12:03.173351
0,1_1_178_824_2019-03-22 14:15:50.782082
1,1_1_191_806_2019-03-22 14:16:09.073548
2,1_1_191_807_2019-03-22 14:18:23.501756
0,1_1_179_790_2019-03-22 14:18:28.311316
0,1_1_179_798_2019-03-22 14:20:59.190044
0,1_1_179_783_2019-03-22 14:22:36.813607
1,1_1_191_803_2019-03-22 14:23:06.640577
1,1_1_179_777_2019-03-22 14:25:02.913636
0,1_1_179_779_2019-03-22 14:27:40.351514
0,1_1_191_795_2019-03-22 14:30:15.024811
1,1_1_179_787_2019-03-22 14:31:31.561611
0,1_1_179_794_2019-03-22 14:32:07.192184
1,1_1_191_780_2019-03-22 14:33:20.100326
1,1_1_191_778_2019-03-22 14:33:59.230977
1,1_1_191_812_2019-03-22 14:36:39.313719
0,1_1_191_784_2019-03-22 14:38:32.910906
0,1_1_191_793_2019-03-22 14:39:42.925125
0,1_1_191_804_2019-03-22 14:40:28.240784
0,1_1_179_813_2019-03-22 14:40:52.022833
1,1_1_191_811_2019-03-22 14:42:23.747106
1,1_1_191_792_2019-03-22 14:42:34.984304
1,1_1_191_808_2019-03-22 14:50:23.051477
0,1_1_191_786_2019-03-22 14:53:45.311329
0,1_1_193_825_2019-03-22 15:03:17.733351
2,1_1_193_816_2019-03-22 17:01:17.385983
0,1_1_194_818_2019-03-22 18:03:51.578300
0,1_1_191_807_2019-03-22 18:20:40.629336
0,1_1_191_793_2019-03-22 18:29:31.352722
0,1_1_191_805_2019-03-22 18:56:17.953060
2,1_1_191_795_2019-03-22 19:01:14.433443
2,1_1_179_783_2019-03-22 19:06:20.773470
0,1_1_179_801_2019-03-22 19:13:28.001657
2,1_1_193_816_2019-03-22 19:26:22.380054
2,1_1_179_813_2019-03-22 19:36:05.475535
2,1_1_191_803_2019-03-22 20:02:12.448523
2,1_1_178_823_2019-03-22 21:01:46.233086
2,1_1_194_821_2019-03-22 21:06:13.834328
2,1_1_193_829_2019-03-22 21:37:18.452815
2,1_1_193_827_2019-03-22 21:47:16.787249
2,1_1_193_820_2019-03-22 22:50:09.958260
2,1_1_191_793_2019-03-22 23:03:51.684423
2,1_1_193_819_2019-03-22 23:41:32.744742
2,1_1_178_828_2019-03-23 00:07:52.771525
2,1_1_178_817_2019-03-23 00:10:23.502830
0,1_1_194_826_2019-03-23 14:04:18.456929
0,1_1_178_824_2019-03-23 17:12:14.424692
0,1_1_178_817_2019-03-23 18:02:46.628965
2,1_1_194_821_2019-03-24 02:11:17.722387
0,1_1_178_823_2019-03-24 17:28:01.404672
1,1_1_194_818_2019-03-24 17:42:53.278971
2,1_1_191_789_2019-03-24 20:14:31.300797
2,1_1_193_827_2019-03-24 21:50:28.550539
2,1_1_194_821_2019-03-25 01:02:58.982319
0,1_1_194_826_2019-03-25 11:55:17.716264
0,1_1_193_825_2019-03-25 12:44:45.268869
1,1_1_191_789_2019-03-25 12:45:12.918006
1,1_1_178_823_2019-03-25 12:52:05.947939
0,1_1_179_800_2019-03-25 13:08:03.658952
1,1_1_193_819_2019-03-25 13:12:30.339130
0,1_1_179_777_2019-03-25 13:17:09.170135
1,1_1_178_828_2019-03-25 13:26:15.387240
0,1_1_193_827_2019-03-25 13:27:34.180401
1,1_1_193_820_2019-03-25 13:30:06.400881
1,1_1_194_821_2019-03-25 13:39:00.238327
0,1_1_179_801_2019-03-25 13:39:01.588549
1,1_1_194_822_2019-03-25 13:40:01.260347
0,1_1_193_829_2019-03-25 13:53:58.099590
0,1_1_179_799_2019-03-25 13:57:36.395966
1,1_1_179_797_2019-03-25 13:57:42.921177
1,1_1_178_824_2019-03-25 13:57:52.158020
1,1_1_179_781_2019-03-25 13:58:03.610956
0,1_1_191_811_2019-03-25 13:59:33.753682
1,1_1_178_817_2019-03-25 14:00:00.430903
0,1_1_179_796_2019-03-25 14:00:00.493312
0,1_1_193_816_2019-03-25 14:02:41.442939
0,1_1_179_788_2019-03-25 14:05:57.060983
1,1_1_191_802_2019-03-25 14:07:04.850459
0,1_1_179_810_2019-03-25 14:09:57.856735
0,1_1_179_809_2019-03-25 14:10:49.347905
1,1_1_179_791_2019-03-25 14:17:17.347266
0,1_1_179_794_2019-03-25 14:19:11.069715
1,1_1_191_805_2019-03-25 14:21:00.668289
1,1_1_191_785_2019-03-25 14:21:48.967247
0,1_1_191_795_2019-03-25 14:22:35.730739
0,1_1_191_778_2019-03-25 14:22:53.357783
1,1_1_179_798_2019-03-25 14:23:28.930036
1,1_1_179_815_2019-03-25 14:23:36.081588
0,1_1_191_803_2019-03-25 14:23:51.820916
1,1_1_179_790_2019-03-25 14:24:06.429297
0,1_1_191_812_2019-03-25 14:26:15.328591
0,1_1_191_780_2019-03-25 14:28:50.511613
0,1_1_179_787_2019-03-25 14:31:02.078160
2,1_1_179_779_2019-03-25 14:33:39.550005
1,1_1_179_813_2019-03-25 14:33:52.935593
0,1_1_191_784_2019-03-25 14:37:28.708793
1,1_1_191_807_2019-03-25 14:37:55.224946
0,1_1_191_782_2019-03-25 14:40:29.670987
1,1_1_191_792_2019-03-25 14:42:38.470371
2,1_1_191_808_2019-03-25 14:46:24.747537
1,1_1_191_793_2019-03-25 14:47:38.539802
1,1_1_191_804_2019-03-25 14:48:43.789693
1,1_1_191_806_2019-03-25 14:59:19.298891
1,1_1_191_786_2019-03-25 15:20:58.737484
2,1_1_194_822_2019-03-25 18:39:58.371160
0,1_1_179_779_2019-03-25 18:45:58.888557
1,1_1_191_808_2019-03-25 18:48:34.011995
2,1_1_193_827_2019-03-25 18:52:05.163394
0,1_1_194_818_2019-03-25 18:59:35.669351
2,1_1_191_795_2019-03-25 19:04:52.644515
2,1_1_178_823_2019-03-25 21:36:32.499032
2,1_1_193_825_2019-03-25 21:40:29.640094
2,1_1_191_784_2019-03-25 22:10:19.786407
2,1_1_193_827_2019-03-25 22:33:13.503191
2,1_1_178_828_2019-03-25 22:44:03.698413
2,1_1_193_825_2019-03-25 22:50:06.676177
2,1_1_191_803_2019-03-25 23:09:32.917307
2,1_1_193_820_2019-03-25 23:21:00.846855
2,1_1_193_829_2019-03-25 23:29:38.410077
2,1_1_194_821_2019-03-25 23:30:14.321137
2,1_1_193_819_2019-03-25 23:55:57.230341
2,1_1_194_822_2019-03-25 23:56:48.271433
2,1_1_178_828_2019-03-26 00:53:38.724431
2,1_1_193_820_2019-03-26 01:20:48.892838
2,1_1_193_825_2019-03-26 01:32:00.676063
2,1_1_193_819_2019-03-26 05:35:38.535713
1,1_1_178_823_2019-03-26 12:42:41.906911
1,1_1_193_827_2019-03-26 12:45:15.785719
0,1_1_193_825_2019-03-26 12:51:50.512904
1,1_1_193_819_2019-03-26 12:55:25.096657
1,1_1_191_789_2019-03-26 12:57:37.813566
1,1_1_193_820_2019-03-26 13:13:13.357942
0,1_1_179_791_2019-03-26 13:13:30.217694
0,1_1_179_800_2019-03-26 13:21:47.114896
1,1_1_178_828_2019-03-26 13:24:36.657198
1,1_1_191_802_2019-03-26 13:24:46.848768
1,1_1_178_817_2019-03-26 13:29:11.639941
1,1_1_193_829_2019-03-26 13:31:57.177986
0,1_1_194_821_2019-03-26 13:35:27.167382
1,1_1_179_799_2019-03-26 13:38:18.087991
1,1_1_194_822_2019-03-26 13:38:22.435328
0,1_1_179_801_2019-03-26 13:41:27.458396
0,1_1_179_798_2019-03-26 13:43:17.488691
0,1_1_179_781_2019-03-26 13:49:22.978178
1,1_1_179_797_2019-03-26 13:51:35.979663
1,1_1_179_777_2019-03-26 13:53:15.730087
0,1_1_191_780_2019-03-26 13:53:34.048380
1,1_1_194_826_2019-03-26 14:07:30.043090
0,1_1_179_810_2019-03-26 14:08:22.530182
1,1_1_179_809_2019-03-26 14:09:30.034246
0,1_1_179_783_2019-03-26 14:14:30.970324
1,1_1_179_815_2019-03-26 14:17:13.649027
1,1_1_179_787_2019-03-26 14:17:37.599342
1,1_1_191_785_2019-03-26 14:21:32.880389
0,1_1_191_778_2019-03-26 14:21:38.679881
0,1_1_179_796_2019-03-26 14:23:15.153115
0,1_1_191_803_2019-03-26 14:23:35.306877
1,1_1_179_788_2019-03-26 14:25:23.989788
1,1_1_191_805_2019-03-26 14:28:53.069366
1,1_1_191_811_2019-03-26 14:37:51.068860
1,1_1_179_794_2019-03-26 14:38:15.978069
1,1_1_191_807_2019-03-26 14:40:44.018898
0,1_1_191_812_2019-03-26 14:42:59.997968
1,1_1_191_795_2019-03-26 14:47:36.278436
1,1_1_191_792_2019-03-26 14:47:53.767520
0,1_1_191_793_2019-03-26 14:50:43.402152
1,1_1_191_808_2019-03-26 14:54:01.207550
0,1_1_179_790_2019-03-26 14:56:01.535775
0,1_1_179_779_2019-03-26 14:56:10.194932
0,1_1_179_813_2019-03-26 15:00:12.908677
0,1_1_191_804_2019-03-26 15:03:45.977442
1,1_1_191_786_2019-03-26 15:05:48.085641
0,1_1_191_806_2019-03-26 15:08:49.876020
1,1_1_191_784_2019-03-26 15:10:34.543595
1,1_1_179_813_2019-03-26 17:44:24.785964
0,1_1_194_821_2019-03-26 18:06:34.441969
0,1_1_191_793_2019-03-26 18:32:50.857598
0,1_1_191_782_2019-03-26 18:57:21.392071
2,1_1_179_800_2019-03-26 19:01:32.365714
2,1_1_193_825_2019-03-26 19:51:39.646578
2,1_1_194_822_2019-03-26 19:53:12.056539
2,1_1_179_781_2019-03-26 20:15:18.391379
2,1_1_193_819_2019-03-26 20:49:56.569132
2,1_1_191_808_2019-03-26 21:00:10.601030
2,1_1_191_784_2019-03-26 21:53:27.009908
0,1_1_179_781_2019-03-26 22:06:10.408289
2,1_1_193_820_2019-03-26 22:25:38.564679
2,1_1_193_819_2019-03-26 22:48:25.545691
2,1_1_178_823_2019-03-26 22:51:40.275122
2,1_1_193_829_2019-03-26 23:26:00.619288
2,1_1_194_822_2019-03-27 01:24:44.746941
2,1_1_178_823_2019-03-27 07:09:10.643463
1,1_1_193_827_2019-03-27 12:30:40.238643
1,1_1_178_823_2019-03-27 12:47:32.954545
1,1_1_193_819_2019-03-27 12:51:04.406171
1,1_1_191_789_2019-03-27 12:53:25.653360
2,1_1_193_820_2019-03-27 13:09:59.962036
0,1_1_179_800_2019-03-27 13:19:28.898631
1,1_1_193_829_2019-03-27 13:20:50.363884
0,1_1_193_816_2019-03-27 13:24:11.783384
1,1_1_178_828_2019-03-27 13:25:15.904460
2,1_1_193_825_2019-03-27 13:36:06.133641
1,1_1_193_820_2019-03-27 13:39:21.461301
0,1_1_179_799_2019-03-27 13:39:25.243685
2,1_1_194_821_2019-03-27 13:43:23.702560
1,1_1_179_815_2019-03-27 13:47:59.942874
1,1_1_191_802_2019-03-27 13:50:43.242985
1,1_1_179_797_2019-03-27 13:50:48.292815
0,1_1_194_818_2019-03-27 13:52:39.472977
0,1_1_178_824_2019-03-27 13:54:13.453573
1,1_1_194_822_2019-03-27 13:54:39.643782
1,1_1_178_817_2019-03-27 13:59:51.300428
0,1_1_194_826_2019-03-27 14:04:00.772199
0,1_1_179_796_2019-03-27 14:04:31.689730
0,1_1_179_801_2019-03-27 14:12:39.451739
1,1_1_179_783_2019-03-27 14:16:13.402073
0,1_1_179_810_2019-03-27 14:16:18.562016
0,1_1_179_788_2019-03-27 14:17:04.129673
0,1_1_179_777_2019-03-27 14:23:31.634178
1,1_1_191_785_2019-03-27 14:23:54.483653
1,1_1_179_791_2019-03-27 14:25:24.796349
1,1_1_191_805_2019-03-27 14:25:39.400980
0,1_1_179_794_2019-03-27 14:27:33.302979
0,1_1_179_798_2019-03-27 14:31:37.886142
0,1_1_191_807_2019-03-27 14:33:21.942500
1,1_1_179_809_2019-03-27 14:33:47.593774
0,1_1_179_790_2019-03-27 14:36:46.894234
0,1_1_191_795_2019-03-27 14:40:38.037620
1,1_1_179_779_2019-03-27 14:43:33.582220
0,1_1_179_787_2019-03-27 14:46:42.933788
0,1_1_191_778_2019-03-27 14:47:23.612090
0,1_1_191_808_2019-03-27 14:48:21.773481
1,1_1_191_782_2019-03-27 14:48:25.811842
0,1_1_191_812_2019-03-27 14:49:45.552594
0,1_1_191_811_2019-03-27 14:51:46.415193
1,1_1_191_804_2019-03-27 14:52:12.307800
0,1_1_191_792_2019-03-27 14:52:25.632909
2,1_1_193_825_2019-03-27 14:52:48.833719
0,1_1_191_793_2019-03-27 14:56:22.304954
1,1_1_191_784_2019-03-27 15:01:42.226230
1,1_1_191_803_2019-03-27 15:02:08.033108
0,1_1_191_780_2019-03-27 15:03:46.334016
0,1_1_191_786_2019-03-27 15:04:28.454132
2,1_1_191_806_2019-03-27 15:07:34.153958
1,1_1_194_821_2019-03-27 17:30:47.455348
2,1_1_191_780_2019-03-27 17:43:37.985717
1,1_1_193_825_2019-03-27 19:04:45.292315
0,1_1_194_826_2019-03-27 19:08:14.044764
1,1_1_191_808_2019-03-27 19:32:29.161121
0,1_1_191_780_2019-03-27 19:37:11.598669
2,1_1_191_804_2019-03-27 19:42:06.569854
0,1_1_179_787_2019-03-27 19:57:22.335780
0,1_1_191_806_2019-03-27 20:09:41.281024
2,1_1_179_800_2019-03-27 20:17:39.274391
1,1_1_193_819_2019-03-27 21:23:37.533434
2,1_1_178_824_2019-03-27 22:46:16.993374
2,1_1_178_823_2019-03-27 23:19:10.429923
2,1_1_178_828_2019-03-27 23:25:33.956194
2,1_1_193_820_2019-03-27 23:55:29.070254
2,1_1_194_821_2019-03-28 01:03:45.414760
1,1_1_178_823_2019-03-28 12:42:40.692052
0,1_1_193_825_2019-03-28 12:45:39.213589
0,1_1_179_799_2019-03-28 12:49:42.384502
1,1_1_178_828_2019-03-28 12:52:53.189407
1,1_1_193_827_2019-03-28 12:55:49.213830
1,1_1_191_789_2019-03-28 12:58:44.934451
0,1_1_194_826_2019-03-28 13:02:31.833910
1,1_1_193_819_2019-03-28 13:14:42.383549
1,1_1_193_820_2019-03-28 13:18:43.643300
1,1_1_194_821_2019-03-28 13:20:28.153772
1,1_1_193_829_2019-03-28 13:25:33.163391
0,1_1_193_816_2019-03-28 13:28:00.115360
1,1_1_179_810_2019-03-28 13:29:36.003499
1,1_1_178_817_2019-03-28 13:29:41.782766
0,1_1_179_800_2019-03-28 13:29:47.270603
0,1_1_194_822_2019-03-28 13:30:25.204902
1,1_1_178_824_2019-03-28 13:36:28.494306
0,1_1_179_796_2019-03-28 13:41:20.386438
1,1_1_179_797_2019-03-28 13:43:02.674604
0,1_1_191_802_2019-03-28 13:48:56.711896
1,1_1_194_818_2019-03-28 13:50:40.784150
1,1_1_179_783_2019-03-28 13:52:58.103206
0,1_1_179_781_2019-03-28 13:53:14.414499
0,1_1_179_777_2019-03-28 13:55:04.303008
1,1_1_179_815_2019-03-28 13:56:51.612705
1,1_1_179_788_2019-03-28 13:57:34.261318
0,1_1_179_809_2019-03-28 13:57:51.352947
0,1_1_179_790_2019-03-28 13:59:12.623175
1,1_1_191_795_2019-03-28 13:59:38.189719
0,1_1_179_801_2019-03-28 14:07:28.071911
1,1_1_179_798_2019-03-28 14:12:35.312789
1,1_1_179_794_2019-03-28 14:14:44.463791
1,1_1_179_787_2019-03-28 14:16:09.949474
1,1_1_179_779_2019-03-28 14:16:29.934091
1,1_1_191_785_2019-03-28 14:18:38.683175
1,1_1_191_780_2019-03-28 14:22:50.742920
1,1_1_179_813_2019-03-28 14:25:51.113608
0,1_1_191_804_2019-03-28 14:26:50.907829
0,1_1_191_782_2019-03-28 14:31:20.724024
0,1_1_191_778_2019-03-28 14:32:49.053686
0,1_1_191_812_2019-03-28 14:34:42.811482
1,1_1_191_805_2019-03-28 14:35:45.662014
1,1_1_191_803_2019-03-28 14:37:17.711494
1,1_1_191_807_2019-03-28 14:40:30.754481
2,1_1_191_811_2019-03-28 14:41:43.443127
1,1_1_191_808_2019-03-28 14:44:01.095524
0,1_1_191_806_2019-03-28 14:45:25.316049
1,1_1_191_792_2019-03-28 14:46:19.082930
0,1_1_191_784_2019-03-28 14:46:59.193554
1,1_1_191_793_2019-03-28 14:50:03.523436
1,1_1_191_786_2019-03-28 14:56:34.993247
2,1_1_191_811_2019-03-28 18:28:23.255001
0,1_1_191_778_2019-03-28 18:49:48.941433
0,1_1_191_795_2019-03-28 19:11:00.969068
1,1_1_191_806_2019-03-28 19:16:00.946535
1,1_1_194_826_2019-03-28 19:22:52.351487
0,1_1_179_777_2019-03-28 19:40:32.210608
2,1_1_179_779_2019-03-28 19:47:42.934717
2,1_1_178_823_2019-03-28 19:59:14.432861
2,1_1_179_800_2019-03-28 20:40:14.787253
2,1_1_191_812_2019-03-28 21:11:16.818274
0,1_1_191_782_2019-03-28 21:17:45.809681
2,1_1_191_807_2019-03-28 21:58:43.214432
2,1_1_193_819_2019-03-28 22:28:49.858846
2,1_1_178_828_2019-03-28 23:19:03.732733
2,1_1_178_823_2019-03-28 23:21:28.013514
2,1_1_193_829_2019-03-28 23:41:52.461052
2,1_1_193_816_2019-03-29 00:33:43.052671
2,1_1_193_827_2019-03-29 01:03:27.822008
2,1_1_178_823_2019-03-29 02:09:00.392021
2,1_1_178_828_2019-03-29 02:51:27.913525
2,1_1_194_822_2019-03-29 04:09:43.241951
1,1_1_178_823_2019-03-29 12:49:54.232889
1,1_1_193_819_2019-03-29 12:54:19.983851
1,1_1_194_826_2019-03-29 12:57:28.002969
0,1_1_179_810_2019-03-29 13:16:07.211551
0,1_1_194_821_2019-03-29 14:13:39.675173
1,1_1_193_825_2019-03-29 14:14:42.263284
2,1_1_193_820_2019-03-29 14:27:21.281680
2,1_1_193_827_2019-03-29 14:36:45.152678
1,1_1_191_789_2019-03-29 14:38:54.551741
1,1_1_193_829_2019-03-29 14:47:22.342951
0,1_1_178_828_2019-03-29 14:58:23.617145
1,1_1_193_816_2019-03-29 15:03:49.282313
1,1_1_194_818_2019-03-29 15:06:39.534019
1,1_1_179_781_2019-03-29 15:26:29.647612
1,1_1_194_822_2019-03-29 15:27:27.288588
2,1_1_179_815_2019-03-29 15:37:20.593168
0,1_1_179_800_2019-03-29 15:54:55.987869
2,1_1_178_817_2019-03-29 15:58:58.286253
2,1_1_178_824_2019-03-29 16:10:08.683119
2,1_1_179_791_2019-03-29 16:18:01.880865
0,1_1_179_783_2019-03-29 16:20:01.036568
1,1_1_179_796_2019-03-29 16:22:14.567114
1,1_1_179_777_2019-03-29 16:36:37.414670
2,1_1_179_809_2019-03-29 16:39:56.384500
0,1_1_179_797_2019-03-29 16:42:59.564406
0,1_1_179_788_2019-03-29 16:48:55.843157
0,1_1_179_799_2019-03-29 16:54:49.239801
1,1_1_193_820_2019-03-29 17:00:58.561494
2,1_1_179_787_2019-03-29 17:27:44.273545
0,1_1_191_803_2019-03-29 17:47:17.252514
0,1_1_178_824_2019-03-29 17:55:29.468861
0,1_1_179_801_2019-03-29 18:06:04.540358
2,1_1_179_798_2019-03-29 18:16:19.401913
2,1_1_193_819_2019-03-29 19:03:18.943183
2,1_1_194_821_2019-03-29 19:34:53.612294
2,1_1_179_787_2019-03-29 19:57:01.463562
0,1_1_193_827_2019-03-29 20:11:49.722776
2,1_1_178_817_2019-03-29 20:30:40.882739
2,1_1_193_816_2019-03-29 20:38:00.385738
2,1_1_179_779_2019-03-29 20:58:38.743001
2,1_1_193_829_2019-03-30 00:32:10.128651
1,1_1_194_821_2019-03-30 14:46:10.005070
0,1_1_194_826_2019-03-30 15:33:34.555118
1,1_1_194_822_2019-03-30 17:33:52.832461
2,1_1_194_818_2019-03-30 18:36:53.096686
0,1_1_193_829_2019-03-30 20:26:19.214400
0,1_1_193_829_2019-03-31 18:27:53.545101
2,1_1_179_779_2019-03-31 20:28:10.142233
0,1_1_194_826_2019-04-01 11:56:18.174523
0,1_1_178_828_2019-04-01 12:29:07.569016
2,1_1_178_823_2019-04-01 12:52:09.715265
0,1_1_193_827_2019-04-01 13:08:54.835475
1,1_1_194_822_2019-04-01 13:10:18.602662
1,1_1_193_819_2019-04-01 13:11:38.448212
0,1_1_179_791_2019-04-01 13:14:34.093707
0,1_1_179_800_2019-04-01 13:15:54.922344
1,1_1_193_820_2019-04-01 13:19:41.413980
0,1_1_194_818_2019-04-01 13:20:02.280433
1,1_1_179_787_2019-04-01 13:24:58.041730
1,1_1_193_829_2019-04-01 13:29:22.572922
1,1_1_194_821_2019-04-01 13:31:52.723172
1,1_1_193_825_2019-04-01 13:37:30.584720
0,1_1_179_796_2019-04-01 13:41:46.494038
1,1_1_179_783_2019-04-01 13:44:01.447296
0,1_1_179_797_2019-04-01 13:46:57.330475
0,1_1_178_817_2019-04-01 13:47:54.842419
1,1_1_191_802_2019-04-01 13:48:36.442666
1,1_1_179_815_2019-04-01 13:51:55.262686
1,1_1_193_816_2019-04-01 13:55:42.266554
1,1_1_178_824_2019-04-01 13:56:42.476654
0,1_1_179_777_2019-04-01 13:58:10.043545
1,1_1_178_823_2019-04-01 13:58:57.402382
1,1_1_179_799_2019-04-01 13:59:40.063623
1,1_1_191_789_2019-04-01 14:00:02.194685
1,1_1_179_801_2019-04-01 14:01:17.562652
0,1_1_191_812_2019-04-01 14:02:14.910248
2,1_1_179_809_2019-04-01 14:05:57.832081
0,1_1_179_788_2019-04-01 14:07:07.465190
1,1_1_179_790_2019-04-01 14:08:27.762605
0,1_1_179_810_2019-04-01 14:10:43.542662
1,1_1_191_795_2019-04-01 14:13:34.848205
2,1_1_179_779_2019-04-01 14:14:31.523942
1,1_1_179_813_2019-04-01 14:17:37.160179
0,1_1_191_785_2019-04-01 14:19:05.060813
0,1_1_191_782_2019-04-01 14:19:33.854278
1,1_1_191_805_2019-04-01 14:20:52.892423
0,1_1_191_807_2019-04-01 14:21:32.872392
0,1_1_191_804_2019-04-01 14:22:49.864425
0,1_1_191_780_2019-04-01 14:29:38.861264
0,1_1_191_778_2019-04-01 14:30:59.241132
0,1_1_191_806_2019-04-01 14:31:46.450304
0,1_1_191_792_2019-04-01 14:31:55.970785
0,1_1_191_808_2019-04-01 14:33:28.351746
1,1_1_191_811_2019-04-01 14:35:41.319824
1,1_1_191_784_2019-04-01 14:36:11.773103
1,1_1_191_803_2019-04-01 14:37:22.974168
1,1_1_191_793_2019-04-01 14:38:52.383834
1,1_1_191_786_2019-04-01 14:38:56.772025
0,1_1_179_779_2019-04-01 17:03:11.310942
0,1_1_179_797_2019-04-01 18:27:43.818310
0,1_1_191_806_2019-04-01 18:45:21.411058
0,1_1_179_781_2019-04-01 18:55:47.545463
1,1_1_179_809_2019-04-01 19:04:59.918291
0,1_1_191_782_2019-04-01 19:16:29.903829
2,1_1_193_827_2019-04-01 20:50:57.650508
2,1_1_191_778_2019-04-01 21:20:06.098831
2,1_1_178_823_2019-04-01 21:28:07.873348
2,1_1_178_828_2019-04-01 21:37:03.514355
2,1_1_191_804_2019-04-01 22:15:27.157339
2,1_1_193_825_2019-04-01 23:00:49.143304
2,1_1_193_819_2019-04-01 23:27:22.650155
2,1_1_178_823_2019-04-02 02:05:09.631784
0,1_1_194_826_2019-04-02 11:51:54.103145
1,1_1_178_823_2019-04-02 12:41:03.383335
2,1_1_179_815_2019-04-02 12:43:09.302650
1,1_1_193_819_2019-04-02 12:56:31.552777
1,1_1_193_827_2019-04-02 13:08:26.773171
0,1_1_179_800_2019-04-02 13:10:35.584075
1,1_1_179_799_2019-04-02 13:11:51.593705
1,1_1_193_820_2019-04-02 13:11:56.211897
1,1_1_178_828_2019-04-02 13:22:37.872821
1,1_1_193_829_2019-04-02 13:25:25.320498
1,1_1_178_817_2019-04-02 13:32:00.630699
0,1_1_193_825_2019-04-02 13:33:14.125358
1,1_1_191_789_2019-04-02 13:39:05.392534
1,1_1_191_802_2019-04-02 13:40:47.533690
0,1_1_179_796_2019-04-02 13:41:58.101723
0,1_1_191_780_2019-04-02 13:46:33.662767
2,1_1_178_824_2019-04-02 13:51:18.422193
1,1_1_194_821_2019-04-02 13:52:06.261462
1,1_1_193_816_2019-04-02 13:55:10.473557
0,1_1_194_818_2019-04-02 13:56:17.124846
1,1_1_179_797_2019-04-02 13:57:23.739160
0,1_1_179_810_2019-04-02 13:58:10.204987
1,1_1_179_781_2019-04-02 13:58:15.404705
1,1_1_191_785_2019-04-02 14:00:53.173352
1,1_1_179_777_2019-04-02 14:03:08.793908
0,1_1_179_788_2019-04-02 14:14:09.880280
1,1_1_179_791_2019-04-02 14:14:51.293417
0,1_1_179_809_2019-04-02 14:17:31.083295
1,1_1_191_805_2019-04-02 14:21:35.884576
1,1_1_179_794_2019-04-02 14:23:38.753620
1,1_1_179_787_2019-04-02 14:27:09.455753
0,1_1_179_783_2019-04-02 14:29:24.424161
1,1_1_191_782_2019-04-02 14:29:44.601469
0,1_1_191_778_2019-04-02 14:29:48.658238
1,1_1_191_795_2019-04-02 14:30:11.242587
1,1_1_179_790_2019-04-02 14:31:00.291793
1,1_1_191_803_2019-04-02 14:36:27.295245
1,1_1_179_798_2019-04-02 14:38:48.715224
1,1_1_191_811_2019-04-02 14:40:28.352652
0,1_1_179_779_2019-04-02 14:45:07.914505
0,1_1_179_801_2019-04-02 14:48:23.190958
0,1_1_191_812_2019-04-02 14:54:19.811508
0,1_1_191_804_2019-04-02 15:04:24.404409
1,1_1_191_784_2019-04-02 15:05:09.428826
0,1_1_179_813_2019-04-02 15:13:06.894640
1,1_1_191_807_2019-04-02 15:22:37.195390
0,1_1_191_806_2019-04-02 15:22:55.644006
1,1_1_191_786_2019-04-02 15:23:43.823725
1,1_1_191_792_2019-04-02 15:33:12.916978
1,1_1_178_824_2019-04-02 15:46:31.894625
0,1_1_191_793_2019-04-02 15:58:32.343789
0,1_1_191_808_2019-04-02 16:21:06.822538
1,1_1_179_815_2019-04-02 16:22:03.750162
0,1_1_191_804_2019-04-02 19:14:58.052489
1,1_1_193_825_2019-04-02 19:19:49.149964
2,1_1_179_799_2019-04-02 19:24:31.261627
1,1_1_191_778_2019-04-02 19:28:58.552239
2,1_1_178_817_2019-04-02 20:26:46.025589
2,1_1_179_777_2019-04-02 20:48:50.354263
2,1_1_193_819_2019-04-02 21:46:48.628086
2,1_1_179_800_2019-04-02 21:56:01.275783
2,1_1_191_793_2019-04-02 22:00:13.867766
2,1_1_193_820_2019-04-02 22:34:20.972117
2,1_1_178_823_2019-04-02 22:38:23.862034
2,1_1_193_829_2019-04-02 23:19:48.413834
2,1_1_178_828_2019-04-02 23:21:41.003474
2,1_1_194_818_2019-04-02 23:28:59.995435
2,1_1_179_791_2019-04-02 23:46:19.263095
2,1_1_193_820_2019-04-03 00:05:06.454956
2,1_1_194_826_2019-04-03 00:37:26.892147
2,1_1_193_825_2019-04-03 02:56:00.199035
0,1_1_194_826_2019-04-03 11:46:10.882611
1,1_1_194_822_2019-04-03 12:12:50.131724
1,1_1_193_819_2019-04-03 12:20:55.072967
0,1_1_178_828_2019-04-03 12:29:37.672902
1,1_1_178_823_2019-04-03 12:43:24.645312
0,1_1_179_799_2019-04-03 12:51:33.995289
1,1_1_193_827_2019-04-03 12:56:21.219272
1,1_1_191_789_2019-04-03 13:01:31.262202
1,1_1_194_818_2019-04-03 13:05:30.537984
1,1_1_179_777_2019-04-03 13:07:38.104589
1,1_1_193_820_2019-04-03 13:10:45.071919
1,1_1_193_825_2019-04-03 13:16:05.184279
1,1_1_179_809_2019-04-03 13:22:43.988448
1,1_1_179_787_2019-04-03 13:23:02.774927
0,1_1_193_829_2019-04-03 13:23:10.551390
0,1_1_179_800_2019-04-03 13:23:51.362765
1,1_1_193_816_2019-04-03 13:28:53.983330
1,1_1_191_802_2019-04-03 13:32:38.674681
1,1_1_179_810_2019-04-03 13:33:04.062572
1,1_1_178_817_2019-04-03 13:34:06.074416
1,1_1_178_824_2019-04-03 13:35:51.462999
1,1_1_191_808_2019-04-03 13:50:46.139224
0,1_1_194_821_2019-04-03 13:52:06.114390
1,1_1_191_778_2019-04-03 13:56:54.433890
0,1_1_179_781_2019-04-03 13:59:49.394034
0,1_1_179_791_2019-04-03 13:59:56.202619
1,1_1_179_815_2019-04-03 14:02:01.925724
0,1_1_179_783_2019-04-03 14:02:44.412281
1,1_1_179_796_2019-04-03 14:04:53.305161
0,1_1_179_797_2019-04-03 14:07:27.653232
1,1_1_179_794_2019-04-03 14:08:20.073432
0,1_1_179_813_2019-04-03 14:10:17.257156
1,1_1_179_779_2019-04-03 14:10:54.803936
0,1_1_179_801_2019-04-03 14:13:03.222660
0,1_1_179_790_2019-04-03 14:15:25.344876
0,1_1_191_812_2019-04-03 14:19:34.902088
0,1_1_191_795_2019-04-03 14:22:05.843706
0,1_1_191_805_2019-04-03 14:22:34.462466
0,1_1_191_803_2019-04-03 14:24:13.551871
1,1_1_191_785_2019-04-03 14:25:34.534700
0,1_1_191_806_2019-04-03 14:26:49.583209
0,1_1_191_793_2019-04-03 14:27:18.462701
1,1_1_191_807_2019-04-03 14:27:57.893682
0,1_1_179_788_2019-04-03 14:28:42.273757
1,1_1_191_784_2019-04-03 14:29:05.704553
1,1_1_191_792_2019-04-03 14:29:10.631798
1,1_1_191_780_2019-04-03 14:29:18.604532
1,1_1_191_804_2019-04-03 14:32:40.856944
1,1_1_191_786_2019-04-03 14:33:52.277881
0,1_1_179_777_2019-04-03 18:33:39.599658
1,1_1_179_791_2019-04-03 18:34:20.382453
2,1_1_191_782_2019-04-03 19:00:11.974833
0,1_1_193_819_2019-04-03 19:19:01.451690
2,1_1_178_828_2019-04-03 20:43:04.317624
2,1_1_179_800_2019-04-03 21:02:09.608845
0,1_1_191_789_2019-04-03 21:30:23.888636
2,1_1_194_821_2019-04-03 22:12:42.019278
2,1_1_193_827_2019-04-03 22:12:54.471817
2,1_1_178_824_2019-04-03 22:33:57.288561
2,1_1_178_823_2019-04-03 23:09:46.893872
2,1_1_178_817_2019-04-03 23:10:45.224141
2,1_1_193_816_2019-04-03 23:11:12.153041
2,1_1_194_822_2019-04-03 23:35:49.544249
2,1_1_193_820_2019-04-03 23:39:05.603450
2,1_1_178_828_2019-04-04 00:08:14.994714
2,1_1_178_823_2019-04-04 01:57:23.593603
0,1_1_178_828_2019-04-04 12:36:39.153234
1,1_1_178_823_2019-04-04 12:42:20.953103
1,1_1_193_819_2019-04-04 12:44:36.963408
1,1_1_191_789_2019-04-04 12:47:12.403035
0,1_1_193_820_2019-04-04 12:57:01.042246
0,1_1_179_790_2019-04-04 13:00:21.012355
1,1_1_179_800_2019-04-04 13:10:03.504335
1,1_1_179_777_2019-04-04 13:10:54.142526
1,1_1_193_827_2019-04-04 13:11:54.564077
0,1_1_193_829_2019-04-04 13:12:47.001317
1,1_1_179_787_2019-04-04 13:21:23.684994
1,1_1_193_825_2019-04-04 13:26:07.534604
1,1_1_191_808_2019-04-04 13:35:47.004616
2,1_1_178_817_2019-04-04 13:36:23.283977
0,1_1_179_799_2019-04-04 13:38:08.193123
0,1_1_178_824_2019-04-04 13:43:39.344288
1,1_1_193_816_2019-04-04 13:43:56.104925
1,1_1_179_809_2019-04-04 13:45:34.674355
1,1_1_194_822_2019-04-04 13:45:38.091598
1,1_1_194_821_2019-04-04 13:54:35.407884
1,1_1_194_818_2019-04-04 13:54:49.314007
1,1_1_179_783_2019-04-04 13:56:37.701487
1,1_1_191_802_2019-04-04 13:58:38.941874
1,1_1_179_815_2019-04-04 14:00:46.717314
1,1_1_179_810_2019-04-04 14:03:23.825224
0,1_1_179_796_2019-04-04 14:04:56.583275
1,1_1_179_781_2019-04-04 14:05:35.621611
0,1_1_179_797_2019-04-04 14:06:34.413090
1,1_1_179_798_2019-04-04 14:09:35.336236
0,1_1_191_778_2019-04-04 14:16:44.721421
0,1_1_179_779_2019-04-04 14:18:51.555325
0,1_1_179_801_2019-04-04 14:20:04.823811
1,1_1_179_791_2019-04-04 14:21:12.398112
1,1_1_191_805_2019-04-04 14:21:50.642597
0,1_1_179_794_2019-04-04 14:25:08.432620
1,1_1_191_807_2019-04-04 14:28:12.732872
1,1_1_191_792_2019-04-04 14:31:00.954040
1,1_1_179_813_2019-04-04 14:32:14.984912
0,1_1_191_803_2019-04-04 14:33:24.494086
2,1_1_191_795_2019-04-04 14:36:16.256021
1,1_1_191_785_2019-04-04 14:36:32.190045
1,1_1_191_804_2019-04-04 14:39:57.826771
1,1_1_191_812_2019-04-04 14:40:55.223123
0,1_1_191_780_2019-04-04 14:46:26.565087
0,1_1_191_811_2019-04-04 14:47:10.095793
0,1_1_191_806_2019-04-04 14:49:39.905085
1,1_1_191_786_2019-04-04 14:52:07.115390
1,1_1_191_793_2019-04-04 14:53:10.771351
1,1_1_191_784_2019-04-04 14:54:46.141719
1,1_1_191_782_2019-04-04 15:06:38.378110
1,1_1_178_817_2019-04-04 15:12:52.122877
0,1_1_191_795_2019-04-04 16:29:37.958422
0,1_1_179_777_2019-04-04 18:01:59.293785
0,1_1_179_790_2019-04-04 18:37:16.855429
2,1_1_179_794_2019-04-04 18:49:02.125551
0,1_1_191_778_2019-04-04 19:01:55.200699
0,1_1_193_829_2019-04-04 19:03:06.531675
2,1_1_179_788_2019-04-04 19:23:19.902952
2,1_1_179_815_2019-04-04 20:01:13.414090
2,1_1_178_828_2019-04-04 20:49:18.345917
2,1_1_193_819_2019-04-04 21:34:38.264023
2,1_1_193_825_2019-04-04 22:52:32.146566
2,1_1_178_828_2019-04-04 23:41:42.810068
2,1_1_193_820_2019-04-05 00:05:21.602222
2,1_1_191_789_2019-04-05 02:05:31.612435
0,1_1_194_826_2019-04-05 12:07:46.411576
1,1_1_178_823_2019-04-05 12:41:25.114478
1,1_1_193_825_2019-04-05 12:42:14.681488
1,1_1_191_789_2019-04-05 12:54:49.543143
0,1_1_193_827_2019-04-05 13:01:42.954065
0,1_1_193_829_2019-04-05 13:11:19.434185
0,1_1_193_819_2019-04-05 13:12:27.036490
1,1_1_178_828_2019-04-05 13:13:21.858852
1,1_1_193_820_2019-04-05 13:14:21.005124
0,1_1_193_816_2019-04-05 13:22:50.773238
1,1_1_179_799_2019-04-05 13:27:53.585749
1,1_1_179_787_2019-04-05 13:30:22.882146
0,1_1_179_797_2019-04-05 13:30:58.203291
0,1_1_179_796_2019-04-05 13:31:30.263513
1,1_1_178_824_2019-04-05 13:41:12.550442
1,1_1_191_808_2019-04-05 13:41:17.212673
1,1_1_179_788_2019-04-05 13:43:15.283639
0,1_1_191_802_2019-04-05 13:46:41.357814
1,1_1_179_783_2019-04-05 13:51:37.822675
0,1_1_179_801_2019-04-05 13:54:51.369912
1,1_1_179_815_2019-04-05 13:55:39.121316
1,1_1_178_817_2019-04-05 13:59:45.365403
1,1_1_191_785_2019-04-05 14:00:08.684084
0,1_1_194_818_2019-04-05 14:04:12.333510
0,1_1_194_822_2019-04-05 14:05:51.551612
0,1_1_194_821_2019-04-05 14:06:32.232426
1,1_1_179_791_2019-04-05 14:07:39.951328
0,1_1_179_798_2019-04-05 14:08:51.933159
0,1_1_179_810_2019-04-05 14:08:54.793352
1,1_1_179_781_2019-04-05 14:10:02.973471
1,1_1_179_794_2019-04-05 14:10:56.803465
0,1_1_179_800_2019-04-05 14:13:10.521572
0,1_1_179_777_2019-04-05 14:13:36.564126
1,1_1_179_809_2019-04-05 14:16:57.632778
2,1_1_191_782_2019-04-05 14:19:52.075046
1,1_1_191_812_2019-04-05 14:21:12.741884
1,1_1_179_779_2019-04-05 14:26:08.973403
1,1_1_191_803_2019-04-05 14:26:45.862785
1,1_1_191_805_2019-04-05 14:28:47.611646
1,1_1_191_807_2019-04-05 14:28:55.203110
1,1_1_191_806_2019-04-05 14:28:57.909382
0,1_1_191_792_2019-04-05 14:29:57.725726
1,1_1_179_813_2019-04-05 14:30:20.219111
1,1_1_191_780_2019-04-05 14:30:28.577836
0,1_1_191_811_2019-04-05 14:37:38.620161
1,1_1_191_804_2019-04-05 14:42:27.203899
0,1_1_191_784_2019-04-05 14:44:07.420593
1,1_1_191_795_2019-04-05 14:44:35.953129
0,1_1_191_793_2019-04-05 14:52:50.604185
1,1_1_191_786_2019-04-05 14:52:57.594195
0,1_1_191_782_2019-04-05 15:14:30.719209
0,1_1_193_820_2019-04-05 18:08:23.494727
0,1_1_179_777_2019-04-05 18:26:28.282486
0,1_1_179_790_2019-04-05 18:44:49.796425
2,1_1_193_827_2019-04-05 19:50:07.799669
2,1_1_179_801_2019-04-05 19:54:03.153930
2,1_1_179_799_2019-04-05 20:03:52.110747
0,1_1_191_811_2019-04-05 20:14:26.724567
2,1_1_191_792_2019-04-05 20:29:29.223303
2,1_1_193_819_2019-04-05 20:31:38.553178
2,1_1_193_819_2019-04-05 21:02:18.756080
2,1_1_178_828_2019-04-05 21:40:55.621858
2,1_1_179_787_2019-04-05 21:49:39.976237
2,1_1_178_824_2019-04-05 21:55:10.324270
2,1_1_193_827_2019-04-05 22:07:22.182792
2,1_1_179_796_2019-04-05 22:22:42.590916
2,1_1_194_821_2019-04-05 23:00:30.055047
2,1_1_193_825_2019-04-05 23:14:43.623293
2,1_1_178_823_2019-04-06 12:46:47.517725
2,1_1_194_821_2019-04-06 14:02:15.886743
1,1_1_194_826_2019-04-06 16:58:59.042454
2,1_1_178_828_2019-04-06 18:21:27.445947
2,1_1_193_819_2019-04-06 19:10:07.268831
2,1_1_193_827_2019-04-06 21:23:21.189502
0,1_1_194_822_2019-04-07 17:27:24.957194
2,1_1_178_828_2019-04-07 18:48:34.796231
2,1_1_194_818_2019-04-08 00:36:59.652669
1,1_1_193_827_2019-04-08 12:06:50.733826
1,1_1_193_819_2019-04-08 12:37:12.825922
1,1_1_178_823_2019-04-08 12:46:34.547308
0,1_1_179_790_2019-04-08 12:58:13.723748
0,1_1_193_825_2019-04-08 12:59:29.689046
1,1_1_194_826_2019-04-08 13:01:36.699757
1,1_1_191_789_2019-04-08 13:02:22.910189
1,1_1_193_820_2019-04-08 13:16:41.930145
0,1_1_193_829_2019-04-08 13:20:32.406644
0,1_1_178_817_2019-04-08 13:22:13.298095
0,1_1_193_816_2019-04-08 13:22:30.335399
1,1_1_178_828_2019-04-08 13:24:23.635145
1,1_1_179_787_2019-04-08 13:30:05.467154
1,1_1_179_797_2019-04-08 13:30:25.094646
1,1_1_178_824_2019-04-08 13:31:30.514085
1,1_1_179_788_2019-04-08 13:39:59.515413
1,1_1_194_822_2019-04-08 13:42:16.188994
0,1_1_179_799_2019-04-08 13:44:27.116115
1,1_1_194_821_2019-04-08 13:44:39.050127
1,1_1_191_808_2019-04-08 13:44:48.434533
1,1_1_179_815_2019-04-08 13:50:15.383852
0,1_1_194_818_2019-04-08 13:53:00.706731
1,1_1_179_800_2019-04-08 13:55:41.131543
0,1_1_179_791_2019-04-08 13:58:30.629813
0,1_1_179_813_2019-04-08 13:59:56.231234
1,1_1_179_781_2019-04-08 14:00:25.806142
1,1_1_179_810_2019-04-08 14:02:25.213686
1,1_1_179_777_2019-04-08 14:09:17.797294
1,1_1_179_809_2019-04-08 14:11:40.606341
0,1_1_179_796_2019-04-08 14:13:39.305928
1,1_1_191_782_2019-04-08 14:16:25.905940
1,1_1_179_798_2019-04-08 14:18:36.247038
1,1_1_179_794_2019-04-08 14:18:40.799903
1,1_1_191_807_2019-04-08 14:19:49.137183
0,1_1_191_795_2019-04-08 14:20:00.018766
0,1_1_191_780_2019-04-08 14:21:43.496168
1,1_1_191_785_2019-04-08 14:23:26.725824
1,1_1_191_805_2019-04-08 14:25:20.944497
0,1_1_191_803_2019-04-08 14:27:35.005665
1,1_1_191_802_2019-04-08 14:28:35.206319
1,1_1_179_801_2019-04-08 14:30:23.506867
0,1_1_179_779_2019-04-08 14:35:24.386744
1,1_1_191_778_2019-04-08 14:37:22.487509
1,1_1_191_792_2019-04-08 14:38:02.540997
1,1_1_191_804_2019-04-08 14:38:53.688018
1,1_1_191_812_2019-04-08 14:39:19.084291
1,1_1_191_784_2019-04-08 14:39:34.598604
0,1_1_191_806_2019-04-08 14:41:16.035589
1,1_1_191_793_2019-04-08 14:49:51.999506
1,1_1_191_811_2019-04-08 14:51:14.206510
0,1_1_191_786_2019-04-08 14:54:46.724572
2,1_1_193_825_2019-04-08 19:33:02.394580
0,1_1_194_821_2019-04-08 19:47:04.000567
2,1_1_191_802_2019-04-08 19:52:03.215741
2,1_1_193_819_2019-04-08 21:20:28.414954
2,1_1_191_804_2019-04-08 21:28:47.744024
2,1_1_193_820_2019-04-08 21:58:38.663582
2,1_1_191_802_2019-04-08 22:11:21.463024
2,1_1_191_803_2019-04-08 22:17:42.554858
2,1_1_191_780_2019-04-08 22:38:54.255701
2,1_1_179_790_2019-04-08 22:43:14.723127
2,1_1_179_787_2019-04-08 22:49:59.943609
2,1_1_178_828_2019-04-08 22:51:32.661911
2,1_1_193_827_2019-04-08 22:56:36.298998
2,1_1_191_789_2019-04-08 23:00:19.171156
2,1_1_191_811_2019-04-08 23:09:40.388285
2,1_1_194_822_2019-04-08 23:12:45.211080
2,1_1_193_816_2019-04-08 23:23:31.824840
2,1_1_193_825_2019-04-08 23:49:07.207383
2,1_1_178_824_2019-04-08 23:49:03.826264
2,1_1_178_823_2019-04-08 23:52:45.034406
2,1_1_191_780_2019-04-09 00:32:23.756939
2,1_1_193_819_2019-04-09 00:38:45.385941
2,1_1_179_794_2019-04-09 00:53:59.086686
2,1_1_178_823_2019-04-09 05:36:38.535396
1,1_1_178_828_2019-04-09 12:34:12.957227
0,1_1_194_826_2019-04-09 12:36:46.952767
1,1_1_179_815_2019-04-09 12:48:42.971808
0,1_1_193_825_2019-04-09 12:49:10.900883
1,1_1_178_823_2019-04-09 12:51:45.784679
1,1_1_191_789_2019-04-09 12:54:54.002448
1,1_1_178_817_2019-04-09 12:57:39.211875
1,1_1_193_819_2019-04-09 12:58:17.403652
1,1_1_179_799_2019-04-09 13:11:05.692444
1,1_1_193_820_2019-04-09 13:11:14.742671
1,1_1_193_827_2019-04-09 13:23:09.411549
0,1_1_193_816_2019-04-09 13:23:17.631384
1,1_1_179_797_2019-04-09 13:23:58.641020
1,1_1_179_787_2019-04-09 13:25:21.513522
1,1_1_191_808_2019-04-09 13:29:33.882760
2,1_1_193_829_2019-04-09 13:33:59.819748
1,1_1_194_821_2019-04-09 13:44:31.201389
1,1_1_178_824_2019-04-09 13:50:32.528875
1,1_1_194_822_2019-04-09 13:53:18.189929
0,1_1_179_796_2019-04-09 13:53:21.337591
1,1_1_179_800_2019-04-09 13:53:23.170954
1,1_1_194_818_2019-04-09 13:54:58.640150
0,1_1_179_813_2019-04-09 14:03:43.065682
1,1_1_191_782_2019-04-09 14:04:56.060089
1,1_1_179_798_2019-04-09 14:06:46.940084
0,1_1_179_788_2019-04-09 14:12:38.801203
0,1_1_179_779_2019-04-09 14:16:21.662311
1,1_1_179_791_2019-04-09 14:20:18.727523
1,1_1_179_777_2019-04-09 14:22:33.200110
1,1_1_191_785_2019-04-09 14:23:54.126363
0,1_1_191_795_2019-04-09 14:27:24.888016
0,1_1_191_778_2019-04-09 14:33:30.348714
1,1_1_191_792_2019-04-09 14:35:21.079766
1,1_1_179_801_2019-04-09 14:39:07.755867
1,1_1_191_804_2019-04-09 14:40:04.814693
1,1_1_179_809_2019-04-09 14:42:28.655474
0,1_1_179_783_2019-04-09 14:42:43.121517
1,1_1_179_794_2019-04-09 14:43:30.090565
0,1_1_179_790_2019-04-09 14:47:04.455495
1,1_1_191_803_2019-04-09 14:47:56.301939
2,1_1_191_802_2019-04-09 14:48:37.148215
1,1_1_179_810_2019-04-09 14:50:09.519550
1,1_1_191_807_2019-04-09 14:50:29.077705
1,1_1_191_780_2019-04-09 14:52:19.249547
0,1_1_191_811_2019-04-09 14:53:32.320253
0,1_1_191_806_2019-04-09 14:54:41.683887
1,1_1_191_784_2019-04-09 14:58:29.582486
1,1_1_191_805_2019-04-09 15:01:12.358732
0,1_1_191_793_2019-04-09 15:05:51.540705
1,1_1_191_812_2019-04-09 15:06:38.558769
0,1_1_191_786_2019-04-09 15:07:23.164475
0,1_1_179_799_2019-04-09 18:36:28.012657
0,1_1_179_779_2019-04-09 19:10:08.665689
0,1_1_179_781_2019-04-09 19:14:57.578233
0,1_1_191_802_2019-04-09 19:18:41.447599
0,1_1_191_804_2019-04-09 19:19:32.507555
2,1_1_191_786_2019-04-09 19:23:47.124931
2,1_1_191_778_2019-04-09 19:31:29.406208
0,1_1_178_828_2019-04-09 19:35:09.012233
2,1_1_191_806_2019-04-09 20:41:34.148221
2,1_1_179_813_2019-04-09 20:43:22.737402
2,1_1_179_815_2019-04-09 21:32:38.051037
2,1_1_194_818_2019-04-09 21:39:03.537753
2,1_1_193_819_2019-04-09 21:49:49.429767
2,1_1_193_820_2019-04-09 22:55:43.667793
2,1_1_178_823_2019-04-09 22:58:13.851374
2,1_1_193_827_2019-04-09 23:03:29.370609
2,1_1_193_829_2019-04-10 00:00:57.398493
2,1_1_194_822_2019-04-10 00:43:39.151345
2,1_1_193_816_2019-04-10 02:30:40.563670
2,1_1_193_819_2019-04-10 02:51:56.601521
1,1_1_178_823_2019-04-10 12:45:34.691811
2,1_1_178_828_2019-04-10 12:51:05.845074
1,1_1_191_789_2019-04-10 12:54:22.724297
1,1_1_193_819_2019-04-10 12:56:10.782192
0,1_1_193_825_2019-04-10 12:56:51.580832
0,1_1_179_799_2019-04-10 12:57:26.393491
0,1_1_193_820_2019-04-10 13:00:24.223234
1,1_1_193_827_2019-04-10 13:12:34.582994
1,1_1_194_826_2019-04-10 13:16:42.762476
1,1_1_193_829_2019-04-10 13:21:23.363237
0,1_1_193_816_2019-04-10 13:22:18.410983
0,1_1_178_824_2019-04-10 13:24:50.813084
1,1_1_179_787_2019-04-10 13:24:53.440631
1,1_1_194_822_2019-04-10 13:25:07.593020
1,1_1_178_817_2019-04-10 13:25:17.592229
0,1_1_194_818_2019-04-10 13:36:54.421447
1,1_1_191_808_2019-04-10 13:37:26.171241
1,1_1_194_821_2019-04-10 13:43:00.452180
0,1_1_179_796_2019-04-10 13:52:49.634250
0,1_1_179_794_2019-04-10 13:53:54.691514
0,1_1_191_802_2019-04-10 13:56:04.657246
0,1_1_179_810_2019-04-10 13:55:55.111064
1,1_1_179_783_2019-04-10 13:56:56.501221
1,1_1_179_797_2019-04-10 13:59:34.167342
1,1_1_179_791_2019-04-10 14:01:03.663951
1,1_1_179_801_2019-04-10 14:01:49.452401
1,1_1_179_781_2019-04-10 14:04:01.782341
0,1_1_179_779_2019-04-10 14:12:29.332616
1,1_1_191_812_2019-04-10 14:15:47.980711
0,1_1_179_777_2019-04-10 14:16:41.701659
1,1_1_179_790_2019-04-10 14:17:23.181524
1,1_1_179_788_2019-04-10 14:21:23.522684
1,1_1_179_809_2019-04-10 14:24:08.622871
0,1_1_179_800_2019-04-10 14:25:02.423728
2,1_1_191_795_2019-04-10 14:25:10.202097
1,1_1_191_785_2019-04-10 14:27:46.174326
0,1_1_191_803_2019-04-10 14:30:43.242392
1,1_1_191_778_2019-04-10 14:32:00.056347
1,1_1_179_813_2019-04-10 14:32:36.700723
1,1_1_191_793_2019-04-10 14:35:04.510204
1,1_1_191_780_2019-04-10 14:35:49.859451
1,1_1_191_792_2019-04-10 14:35:56.570658
0,1_1_191_804_2019-04-10 14:36:47.592217
0,1_1_191_811_2019-04-10 14:37:07.129838
1,1_1_191_805_2019-04-10 14:38:20.491275
1,1_1_191_807_2019-04-10 14:38:42.910676
2,1_1_191_806_2019-04-10 14:41:10.860519
0,1_1_191_786_2019-04-10 14:41:45.325223
1,1_1_178_828_2019-04-10 16:03:40.042866
1,1_1_193_820_2019-04-10 18:45:09.052554
0,1_1_191_795_2019-04-10 18:57:55.900750
2,1_1_194_826_2019-04-10 19:17:36.899289
2,1_1_193_816_2019-04-10 19:56:23.899060
0,1_1_191_806_2019-04-10 20:00:46.275995
2,1_1_193_825_2019-04-10 20:41:39.979817
2,1_1_179_815_2019-04-10 20:44:42.095228
0,1_1_179_791_2019-04-10 20:49:51.550214
2,1_1_193_819_2019-04-10 21:22:25.565617
2,1_1_178_828_2019-04-10 21:29:57.434519
2,1_1_191_804_2019-04-10 21:54:20.685386
2,1_1_194_826_2019-04-10 22:00:37.621486
2,1_1_193_827_2019-04-10 22:28:08.892718
1,1_1_193_829_2019-04-10 22:28:51.911540
2,1_1_179_796_2019-04-10 22:31:45.845250
2,1_1_179_813_2019-04-10 22:35:40.632170
2,1_1_179_798_2019-04-10 22:36:19.445665
2,1_1_179_787_2019-04-10 22:41:50.503113
2,1_1_178_823_2019-04-10 23:00:59.048970
2,1_1_193_816_2019-04-10 23:11:46.367687
2,1_1_194_821_2019-04-10 23:12:18.403147
2,1_1_178_817_2019-04-10 23:14:45.287098
2,1_1_194_822_2019-04-10 23:31:20.303688
2,1_1_194_826_2019-04-10 23:39:28.473194
2,1_1_178_824_2019-04-11 02:22:33.608897
2,1_1_178_823_2019-04-11 02:46:23.331593
1,1_1_194_826_2019-04-11 12:06:21.910363
1,1_1_178_828_2019-04-11 12:35:12.230092
1,1_1_178_823_2019-04-11 12:44:15.328029
1,1_1_191_789_2019-04-11 12:49:19.398712
0,1_1_193_819_2019-04-11 12:51:46.160115
1,1_1_193_827_2019-04-11 12:51:52.730128
1,1_1_193_820_2019-04-11 13:10:19.054025
0,1_1_193_825_2019-04-11 13:11:14.370344
0,1_1_178_817_2019-04-11 13:14:07.151810
1,1_1_178_824_2019-04-11 13:15:50.032562
1,1_1_193_829_2019-04-11 13:20:30.363034
1,1_1_193_816_2019-04-11 13:23:25.441374
1,1_1_194_822_2019-04-11 13:25:54.731924
1,1_1_179_787_2019-04-11 13:27:54.662302
1,1_1_194_821_2019-04-11 13:30:11.863964
1,1_1_194_818_2019-04-11 13:31:19.112859
1,1_1_179_815_2019-04-11 13:36:47.444713
0,1_1_179_799_2019-04-11 13:45:19.560450
1,1_1_179_797_2019-04-11 13:46:25.671680
0,1_1_179_777_2019-04-11 13:52:03.243490
0,1_1_179_800_2019-04-11 13:58:06.651520
1,1_1_191_808_2019-04-11 13:59:45.771978
1,1_1_179_783_2019-04-11 14:04:57.113913
1,1_1_179_796_2019-04-11 14:08:23.291852
0,1_1_179_810_2019-04-11 14:09:05.103871
1,1_1_179_798_2019-04-11 14:11:23.363959
0,1_1_179_788_2019-04-11 14:13:11.506362
1,1_1_179_781_2019-04-11 14:15:39.015094
1,1_1_179_809_2019-04-11 14:16:23.150815
0,1_1_179_791_2019-04-11 14:18:39.339154
0,1_1_191_803_2019-04-11 14:21:58.522271
0,1_1_191_784_2019-04-11 14:22:49.214869
1,1_1_191_792_2019-04-11 14:24:23.132381
1,1_1_191_785_2019-04-11 14:25:39.820537
1,1_1_179_813_2019-04-11 14:26:51.514178
1,1_1_179_801_2019-04-11 14:27:42.085293
1,1_1_191_795_2019-04-11 14:29:53.333180
2,1_1_191_782_2019-04-11 14:30:40.110486
1,1_1_179_779_2019-04-11 14:32:39.163221
1,1_1_191_802_2019-04-11 14:33:11.453123
1,1_1_179_790_2019-04-11 14:33:28.615075
0,1_1_191_778_2019-04-11 14:35:09.364370
0,1_1_191_806_2019-04-11 14:37:49.132999
0,1_1_191_807_2019-04-11 14:49:08.970588
1,1_1_191_780_2019-04-11 14:50:04.731815
0,1_1_191_793_2019-04-11 14:50:19.555912
1,1_1_191_805_2019-04-11 14:51:48.540675
1,1_1_191_812_2019-04-11 14:52:50.312832
0,1_1_191_811_2019-04-11 14:53:20.538543
1,1_1_191_804_2019-04-11 14:58:43.826006
0,1_1_191_786_2019-04-11 15:28:46.331517
0,1_1_191_782_2019-04-11 18:32:41.584114
1,1_1_191_807_2019-04-11 19:12:46.895373
2,1_1_191_806_2019-04-11 19:23:15.419531
0,1_1_179_810_2019-04-11 19:37:48.120050
2,1_1_178_817_2019-04-11 19:53:50.216807
2,1_1_193_825_2019-04-11 21:13:15.129154
2,1_1_179_783_2019-04-11 21:43:54.741046
2,1_1_178_828_2019-04-11 21:53:24.228505
2,1_1_178_817_2019-04-11 22:06:22.796311
2,1_1_193_820_2019-04-11 22:14:23.774666
2,1_1_193_816_2019-04-11 22:48:54.833177
2,1_1_193_829_2019-04-11 22:54:51.703654
2,1_1_191_789_2019-04-11 23:41:26.882323
2,1_1_194_818_2019-04-12 00:00:42.815993
2,1_1_178_828_2019-04-12 00:08:34.226876
2,1_1_178_824_2019-04-12 00:10:18.745787
2,1_1_193_816_2019-04-12 01:19:02.515599
0,1_1_194_826_2019-04-12 12:42:05.611782
1,1_1_178_823_2019-04-12 12:47:43.721457
1,1_1_193_819_2019-04-12 12:49:31.582368
0,1_1_178_828_2019-04-12 14:22:35.181768
1,1_1_194_821_2019-04-12 14:28:46.704508
1,1_1_193_827_2019-04-12 14:31:10.521867
1,1_1_193_820_2019-04-12 14:34:42.562583
1,1_1_193_829_2019-04-12 14:39:26.193835
2,1_1_191_795_2019-04-12 14:49:03.273088
1,1_1_178_817_2019-04-12 15:06:13.372008
1,1_1_193_825_2019-04-12 15:12:16.659735
0,1_1_194_822_2019-04-12 15:20:07.465907
0,1_1_179_815_2019-04-12 15:25:29.009103
0,1_1_178_824_2019-04-12 15:38:12.661618
0,1_1_179_781_2019-04-12 15:44:53.710885
2,1_1_179_791_2019-04-12 16:12:16.241733
0,1_1_191_803_2019-04-12 16:46:27.552870
0,1_1_194_818_2019-04-12 17:24:20.119663
2,1_1_193_816_2019-04-12 17:35:09.961341
0,1_1_179_777_2019-04-12 17:38:41.733856
2,1_1_191_789_2019-04-12 17:56:57.830815
2,1_1_193_825_2019-04-12 18:56:42.561356
0,1_1_193_816_2019-04-12 19:28:15.874986
2,1_1_194_821_2019-04-12 19:55:00.194297
0,1_1_193_827_2019-04-12 20:07:54.380729
2,1_1_178_828_2019-04-12 20:59:24.951800
2,1_1_193_819_2019-04-12 21:41:42.966883
1,1_1_193_829_2019-04-12 21:50:52.521022
2,1_1_194_818_2019-04-13 14:29:21.593149
1,1_1_178_823_2019-04-13 16:49:05.108998
0,1_1_194_821_2019-04-13 18:26:59.221200
0,1_1_193_816_2019-04-14 16:19:11.864262
1,1_1_194_826_2019-04-15 12:09:25.906117
1,1_1_193_827_2019-04-15 12:13:57.364368
1,1_1_178_823_2019-04-15 12:44:17.917933
0,1_1_179_799_2019-04-15 12:59:13.704115
0,1_1_193_820_2019-04-15 13:00:31.786865
2,1_1_193_819_2019-04-15 13:00:58.722284
0,1_1_179_801_2019-04-15 13:02:46.255218
1,1_1_191_789_2019-04-15 13:03:45.473453
1,1_1_194_822_2019-04-15 13:09:24.058091
0,1_1_193_825_2019-04-15 13:10:14.898460
2,1_1_193_829_2019-04-15 13:20:16.944094
1,1_1_178_828_2019-04-15 13:25:02.087505
1,1_1_194_821_2019-04-15 13:25:13.502714
0,1_1_193_816_2019-04-15 13:25:25.389035
1,1_1_178_817_2019-04-15 13:30:44.017745
1,1_1_178_824_2019-04-15 13:32:02.193318
1,1_1_194_818_2019-04-15 13:34:56.269500
1,1_1_179_797_2019-04-15 13:37:45.973506
0,1_1_179_796_2019-04-15 13:39:47.860142
2,1_1_179_800_2019-04-15 13:52:44.693153
0,1_1_191_802_2019-04-15 13:53:00.703486
1,1_1_191_785_2019-04-15 13:55:00.164465
0,1_1_179_810_2019-04-15 13:55:01.686167
1,1_1_193_819_2019-04-15 13:57:31.631467
0,1_1_179_783_2019-04-15 14:00:25.960605
1,1_1_179_809_2019-04-15 14:03:18.755013
0,1_1_191_812_2019-04-15 14:05:40.917908
2,1_1_179_791_2019-04-15 14:07:50.810044
0,1_1_191_784_2019-04-15 14:08:47.690944
0,1_1_179_788_2019-04-15 14:10:25.887403
1,1_1_179_781_2019-04-15 14:13:25.590880
0,1_1_191_795_2019-04-15 14:15:15.599215
1,1_1_191_808_2019-04-15 14:16:34.946245
0,1_1_179_777_2019-04-15 14:18:36.467834
1,1_1_179_787_2019-04-15 14:20:27.264401
0,1_1_191_807_2019-04-15 14:21:22.075211
1,1_1_179_798_2019-04-15 14:22:38.431825
0,1_1_191_792_2019-04-15 14:23:25.394400
1,1_1_179_794_2019-04-15 14:23:52.470844
1,1_1_191_805_2019-04-15 14:24:35.675151
0,1_1_179_779_2019-04-15 14:26:26.703549
1,1_1_191_780_2019-04-15 14:28:00.552723
1,1_1_191_782_2019-04-15 14:28:08.484811
0,1_1_191_803_2019-04-15 14:30:33.866809
0,1_1_191_778_2019-04-15 14:36:17.915849
1,1_1_191_806_2019-04-15 14:37:34.376746
1,1_1_191_804_2019-04-15 14:38:00.623397
0,1_1_191_793_2019-04-15 14:39:01.967131
1,1_1_191_786_2019-04-15 14:39:26.089713
0,1_1_191_811_2019-04-15 14:42:17.755522
0,1_1_179_800_2019-04-15 15:03:44.656681
0,1_1_179_791_2019-04-15 18:13:17.158436
1,1_1_191_802_2019-04-15 19:01:34.206311
0,1_1_191_806_2019-04-15 19:10:28.798570
0,1_1_193_820_2019-04-15 19:26:47.810765
2,1_1_194_826_2019-04-15 19:44:11.232541
0,1_1_179_813_2019-04-15 19:45:47.344303
2,1_1_178_823_2019-04-15 20:03:45.311347
2,1_1_179_787_2019-04-15 20:11:53.988066
2,1_1_191_778_2019-04-15 20:22:41.317482
2,1_1_193_829_2019-04-15 20:35:19.917907
0,1_1_193_819_2019-04-15 21:17:49.961060
2,1_1_194_818_2019-04-15 21:47:23.552584
2,1_1_179_791_2019-04-15 21:51:43.895224
2,1_1_193_825_2019-04-15 22:05:27.591707
2,1_1_179_799_2019-04-15 22:08:37.820733
2,1_1_191_780_2019-04-15 22:22:20.319051
2,1_1_193_827_2019-04-15 22:53:00.263788
2,1_1_178_823_2019-04-15 23:32:44.324844
2,1_1_194_822_2019-04-16 02:26:55.762875
1,1_1_178_823_2019-04-16 12:43:41.819229
1,1_1_191_789_2019-04-16 12:47:59.751593
1,1_1_179_815_2019-04-16 12:49:57.331195
1,1_1_194_826_2019-04-16 12:54:36.630809
0,1_1_193_825_2019-04-16 12:57:41.812606
2,1_1_179_799_2019-04-16 13:00:24.863101
1,1_1_194_822_2019-04-16 13:19:14.838936
0,1_1_178_828_2019-04-16 13:24:57.788754
1,1_1_193_827_2019-04-16 13:25:55.898151
0,1_1_193_820_2019-04-16 13:26:59.596042
1,1_1_178_817_2019-04-16 13:30:47.198525
0,1_1_194_821_2019-04-16 13:35:04.384041
0,1_1_179_800_2019-04-16 13:35:16.266408
0,1_1_193_816_2019-04-16 13:36:19.287908
0,1_1_179_796_2019-04-16 13:44:45.297518
1,1_1_191_808_2019-04-16 13:38:13.167494
0,1_1_193_819_2019-04-16 13:39:32.875562
0,1_1_194_818_2019-04-16 13:40:14.867057
1,1_1_179_781_2019-04-16 13:44:35.157537
0,1_1_191_802_2019-04-16 13:49:59.138051
0,1_1_193_829_2019-04-16 13:54:33.110681
0,1_1_179_788_2019-04-16 13:56:46.804514
1,1_1_178_824_2019-04-16 13:56:50.827401
1,1_1_191_785_2019-04-16 13:57:08.698721
1,1_1_179_777_2019-04-16 13:57:38.363199
1,1_1_179_797_2019-04-16 13:59:33.787556
1,1_1_179_801_2019-04-16 14:02:00.686678
1,1_1_179_783_2019-04-16 14:03:58.486101
0,1_1_179_791_2019-04-16 14:05:44.205493
0,1_1_179_810_2019-04-16 14:11:57.504879
1,1_1_191_805_2019-04-16 14:14:47.807208
1,1_1_179_787_2019-04-16 14:15:58.747005
0,1_1_179_794_2019-04-16 14:16:22.715938
2,1_1_179_798_2019-04-16 14:16:43.835311
1,1_1_179_809_2019-04-16 14:17:09.532172
0,1_1_179_813_2019-04-16 14:18:36.853865
0,1_1_179_779_2019-04-16 14:20:08.208055
0,1_1_179_790_2019-04-16 14:20:43.416060
0,1_1_191_811_2019-04-16 14:22:14.264718
0,1_1_191_795_2019-04-16 14:23:43.237326
1,1_1_191_780_2019-04-16 14:23:55.731249
0,1_1_191_803_2019-04-16 14:24:14.897018
1,1_1_191_806_2019-04-16 14:27:47.227705
1,1_1_191_782_2019-04-16 14:28:00.283721
1,1_1_191_786_2019-04-16 14:29:18.506458
0,1_1_191_807_2019-04-16 14:29:22.139268
1,1_1_191_793_2019-04-16 14:30:57.767133
1,1_1_191_778_2019-04-16 14:31:50.046527
1,1_1_191_804_2019-04-16 14:36:44.935110
1,1_1_191_812_2019-04-16 14:36:52.397287
0,1_1_191_784_2019-04-16 14:39:41.977546
1,1_1_179_799_2019-04-16 16:03:15.759279
0,1_1_179_798_2019-04-16 17:40:06.556649
2,1_1_178_828_2019-04-16 17:59:53.619680
0,1_1_178_828_2019-04-16 19:02:36.862219
0,1_1_179_800_2019-04-16 19:27:06.464669
0,1_1_191_804_2019-04-16 20:33:26.802989
0,1_1_179_813_2019-04-16 20:40:51.692248
2,1_1_179_777_2019-04-16 20:56:00.458552
2,1_1_179_794_2019-04-16 21:10:25.896068
1,1_1_194_826_2019-04-16 21:10:52.526341
2,1_1_193_825_2019-04-16 21:14:01.545274
2,1_1_179_815_2019-04-16 21:52:47.659843
2,1_1_179_777_2019-04-16 22:00:30.221024
2,1_1_191_789_2019-04-16 22:23:00.790823
2,1_1_193_819_2019-04-16 22:53:26.930287
2,1_1_178_817_2019-04-16 22:57:27.284844
2,1_1_193_827_2019-04-16 23:08:41.420400
2,1_1_194_821_2019-04-16 23:12:03.263221
2,1_1_179_783_2019-04-16 23:49:37.809892
0,1_1_193_829_2019-04-17 00:12:21.979806
0,1_1_178_828_2019-04-17 12:29:07.405991
1,1_1_178_823_2019-04-17 12:42:06.565538
1,1_1_191_789_2019-04-17 12:44:11.186254
2,1_1_178_817_2019-04-17 12:47:45.323878
1,1_1_194_826_2019-04-17 12:54:32.156165
1,1_1_194_822_2019-04-17 13:04:51.563858
0,1_1_194_818_2019-04-17 13:06:48.494098
1,1_1_194_821_2019-04-17 13:14:31.637764
1,1_1_193_827_2019-04-17 13:20:35.945584
1,1_1_193_820_2019-04-17 13:21:47.745881
0,1_1_193_816_2019-04-17 13:23:18.715772
1,1_1_178_824_2019-04-17 13:24:34.926325
1,1_1_193_819_2019-04-17 13:24:36.203511
1,1_1_179_783_2019-04-17 13:43:05.040424
1,1_1_191_785_2019-04-17 13:43:16.201490
1,1_1_179_796_2019-04-17 13:44:39.111890
0,1_1_193_829_2019-04-17 13:44:49.156920
0,1_1_179_799_2019-04-17 13:44:52.765875
1,1_1_179_810_2019-04-17 13:47:38.661585
1,1_1_179_797_2019-04-17 13:47:51.541115
0,1_1_179_809_2019-04-17 13:59:24.860057
1,1_1_179_781_2019-04-17 13:59:56.668998
1,1_1_179_777_2019-04-17 14:04:35.147121
1,1_1_179_791_2019-04-17 14:05:00.128728
0,1_1_179_798_2019-04-17 14:10:13.891464
0,1_1_179_788_2019-04-17 14:13:28.280216
0,1_1_179_801_2019-04-17 14:15:20.604277
1,1_1_179_779_2019-04-17 14:15:36.147314
0,1_1_179_794_2019-04-17 14:15:38.930890
0,1_1_191_812_2019-04-17 14:20:58.268512
0,1_1_191_803_2019-04-17 14:22:00.264459
0,1_1_191_795_2019-04-17 14:22:59.289223
0,1_1_179_813_2019-04-17 14:24:50.740020
0,1_1_179_790_2019-04-17 14:25:46.677562
1,1_1_191_805_2019-04-17 14:29:10.014224
1,1_1_179_787_2019-04-17 14:29:10.150533
1,1_1_179_815_2019-04-17 14:29:27.129666
1,1_1_191_782_2019-04-17 14:32:01.773236
1,1_1_191_780_2019-04-17 14:33:25.688192
0,1_1_191_811_2019-04-17 14:40:18.108632
1,1_1_191_807_2019-04-17 14:43:08.923795
1,1_1_191_808_2019-04-17 14:47:45.312319
0,1_1_191_793_2019-04-17 14:49:01.099843
0,1_1_191_784_2019-04-17 14:49:25.403577
1,1_1_191_786_2019-04-17 14:52:36.860254
1,1_1_191_806_2019-04-17 15:02:34.710748
0,1_1_191_778_2019-04-17 15:05:23.867102
1,1_1_191_804_2019-04-17 15:08:55.461771
0,1_1_194_818_2019-04-17 17:00:25.529432
0,1_1_178_817_2019-04-17 17:50:59.373962
0,1_1_194_821_2019-04-17 19:26:18.708953
2,1_1_179_799_2019-04-17 19:40:08.179231
2,1_1_191_802_2019-04-17 19:43:35.652544
0,1_1_179_791_2019-04-17 19:52:38.177193
2,1_1_191_807_2019-04-17 19:59:31.560651
2,1_1_178_823_2019-04-17 21:14:39.598929
2,1_1_194_826_2019-04-17 21:17:45.717959
2,1_1_194_822_2019-04-17 21:24:00.742490
2,1_1_178_828_2019-04-17 22:35:20.690764
2,1_1_193_819_2019-04-17 23:09:34.064585
2,1_1_179_815_2019-04-18 00:17:55.762542
2,1_1_193_816_2019-04-18 01:45:28.672018
1,1_1_194_826_2019-04-18 11:35:07.620907
1,1_1_178_823_2019-04-18 12:19:53.984211
1,1_1_178_828_2019-04-18 12:29:11.968312
1,1_1_193_819_2019-04-18 12:44:04.044758
0,1_1_179_790_2019-04-18 12:58:09.803678
0,1_1_193_825_2019-04-18 13:03:39.324509
1,1_1_194_821_2019-04-18 13:06:53.074442
1,1_1_193_820_2019-04-18 13:08:23.545313
0,1_1_194_822_2019-04-18 13:20:33.165359
1,1_1_178_817_2019-04-18 13:23:48.183934
0,1_1_193_827_2019-04-18 13:24:47.475605
0,1_1_178_824_2019-04-18 13:33:14.160020
0,1_1_194_818_2019-04-18 13:41:44.365443
1,1_1_179_797_2019-04-18 13:45:33.150042
1,1_1_193_816_2019-04-18 13:46:29.565262
0,1_1_179_810_2019-04-18 13:46:50.565583
1,1_1_179_791_2019-04-18 13:48:22.565069
0,1_1_191_802_2019-04-18 13:52:16.668366
0,1_1_179_801_2019-04-18 13:53:20.555401
1,1_1_191_808_2019-04-18 13:53:37.613322
1,1_1_191_785_2019-04-18 13:59:37.075062
1,1_1_179_777_2019-04-18 14:02:51.854917
1,1_1_191_792_2019-04-18 14:03:58.535324
1,1_1_179_813_2019-04-18 14:10:07.754842
0,1_1_179_809_2019-04-18 14:11:41.417066
1,1_1_179_788_2019-04-18 14:16:10.174176
1,1_1_191_806_2019-04-18 14:21:11.376605
1,1_1_191_782_2019-04-18 14:21:36.951677
1,1_1_191_780_2019-04-18 14:22:28.087910
1,1_1_179_787_2019-04-18 14:23:50.495664
0,1_1_179_783_2019-04-18 14:24:31.506316
0,1_1_179_794_2019-04-18 14:25:33.733291
1,1_1_179_798_2019-04-18 14:25:36.348539
1,1_1_179_779_2019-04-18 14:25:39.076567
0,1_1_191_803_2019-04-18 14:29:49.714927
1,1_1_179_815_2019-04-18 14:36:52.295409
1,1_1_179_800_2019-04-18 14:37:04.053091
1,1_1_179_781_2019-04-18 14:38:06.368797
0,1_1_191_807_2019-04-18 14:39:43.306728
2,1_1_191_778_2019-04-18 14:42:36.608360
0,1_1_191_811_2019-04-18 14:43:42.693027
1,1_1_191_805_2019-04-18 14:46:29.836556
0,1_1_191_786_2019-04-18 14:48:25.870135
0,1_1_191_812_2019-04-18 14:52:05.967668
1,1_1_191_804_2019-04-18 14:52:18.206292
1,1_1_191_795_2019-04-18 14:53:30.938144
1,1_1_191_793_2019-04-18 15:11:28.511568
0,1_1_191_784_2019-04-18 15:26:07.430609
0,1_1_191_778_2019-04-18 18:11:39.941280
0,1_1_178_828_2019-04-18 18:53:56.543258
2,1_1_193_827_2019-04-18 20:12:11.624285
2,1_1_179_791_2019-04-18 20:23:17.979972
2,1_1_191_812_2019-04-18 20:26:08.242257
2,1_1_179_813_2019-04-18 21:57:02.354182
2,1_1_178_823_2019-04-18 22:04:22.269118
0,1_1_194_822_2019-04-18 22:13:20.169654
2,1_1_193_819_2019-04-18 22:37:00.552934
2,1_1_194_821_2019-04-18 22:53:07.836773
2,1_1_193_825_2019-04-18 23:20:46.182935
2,1_1_179_801_2019-04-18 23:25:59.683605
2,1_1_191_792_2019-04-18 23:26:15.255621
2,1_1_193_827_2019-04-19 00:40:09.646966
2,1_1_178_823_2019-04-19 02:44:29.324889
2,1_1_194_822_2019-04-19 04:27:46.235569
2,1_1_191_802_2019-04-19 04:39:39.746136
0,1_1_194_826_2019-04-19 11:53:50.497936
1,1_1_178_828_2019-04-19 11:57:08.949998
0,1_1_193_827_2019-04-19 11:57:49.629661
1,1_1_178_823_2019-04-19 12:25:01.017149
0,1_1_194_821_2019-04-19 12:33:46.918841
0,1_1_193_825_2019-04-19 12:38:57.338185
0,1_1_179_799_2019-04-19 12:53:31.855974
1,1_1_191_789_2019-04-19 12:54:06.658095
0,1_1_194_818_2019-04-19 13:02:51.168133
1,1_1_178_817_2019-04-19 13:11:07.096068
0,1_1_193_820_2019-04-19 13:25:04.233710
0,1_1_179_796_2019-04-19 13:30:03.499068
1,1_1_193_819_2019-04-19 13:32:12.019877
1,1_1_194_822_2019-04-19 13:37:53.549566
1,1_1_191_785_2019-04-19 13:38:28.038431
0,1_1_179_810_2019-04-19 13:39:20.789227
0,1_1_179_815_2019-04-19 13:44:26.943322
2,1_1_193_816_2019-04-19 13:45:34.352773
1,1_1_191_808_2019-04-19 13:48:06.225660
0,1_1_191_802_2019-04-19 13:48:40.077167
0,1_1_178_824_2019-04-19 13:50:02.156844
1,1_1_193_829_2019-04-19 13:50:18.675329
0,1_1_179_781_2019-04-19 13:54:28.525334
1,1_1_179_800_2019-04-19 13:57:07.738683
0,1_1_179_791_2019-04-19 14:02:25.578860
0,1_1_179_809_2019-04-19 14:05:58.449272
2,1_1_179_787_2019-04-19 14:08:08.452221
2,1_1_191_780_2019-04-19 14:12:28.872108
1,1_1_191_795_2019-04-19 14:13:10.850331
1,1_1_179_798_2019-04-19 14:14:26.898222
0,1_1_179_797_2019-04-19 14:16:06.700106
1,1_1_179_794_2019-04-19 14:16:33.558690
0,1_1_179_777_2019-04-19 14:16:34.756875
0,1_1_179_788_2019-04-19 14:17:29.799539
1,1_1_191_805_2019-04-19 14:21:04.495913
1,1_1_191_812_2019-04-19 14:25:33.949081
1,1_1_179_790_2019-04-19 14:27:26.136612
1,1_1_179_779_2019-04-19 14:30:26.858173
1,1_1_179_813_2019-04-19 14:30:45.069632
1,1_1_179_801_2019-04-19 14:31:26.406753
1,1_1_191_807_2019-04-19 14:32:28.680906
0,1_1_179_783_2019-04-19 14:33:03.781861
0,1_1_191_803_2019-04-19 14:33:21.046320
0,1_1_191_778_2019-04-19 14:33:41.199014
0,1_1_191_806_2019-04-19 14:34:34.598754
1,1_1_191_811_2019-04-19 14:37:47.215044
0,1_1_191_782_2019-04-19 14:38:09.706862
1,1_1_191_784_2019-04-19 14:41:11.865975
0,1_1_191_793_2019-04-19 14:43:54.885151
0,1_1_191_786_2019-04-19 14:43:55.814902
1,1_1_191_792_2019-04-19 14:45:37.376766
1,1_1_191_804_2019-04-19 14:49:32.711156
1,1_1_179_787_2019-04-19 16:49:50.325650
2,1_1_193_816_2019-04-19 18:12:49.081428
1,1_1_179_799_2019-04-19 18:21:43.664939
1,1_1_193_827_2019-04-19 18:29:20.440472
2,1_1_194_821_2019-04-19 18:31:31.914572
0,1_1_194_822_2019-04-19 19:01:45.164154
0,1_1_191_778_2019-04-19 19:04:25.006386
0,1_1_178_823_2019-04-19 19:06:22.533157
0,1_1_191_780_2019-04-19 19:09:36.571553
0,1_1_193_825_2019-04-19 19:14:20.523495
2,1_1_193_819_2019-04-19 19:43:01.125159
0,1_1_179_801_2019-04-19 20:29:23.294852
0,1_1_191_792_2019-04-19 20:36:44.580495
2,1_1_191_811_2019-04-19 20:41:43.788842
1,1_1_179_797_2019-04-19 20:44:54.287012
2,1_1_191_802_2019-04-19 21:08:11.350261
2,1_1_179_794_2019-04-19 21:16:50.143645
2,1_1_193_819_2019-04-19 21:29:05.333268
2,1_1_191_782_2019-04-19 21:34:57.576800
2,1_1_191_804_2019-04-19 21:52:12.704886
2,1_1_179_809_2019-04-19 22:00:45.604983
2,1_1_178_817_2019-04-19 22:25:38.407990
2,1_1_193_820_2019-04-19 23:00:24.834333
2,1_1_193_829_2019-04-19 23:57:49.980462
2,1_1_193_819_2019-04-20 00:49:00.871609
2,1_1_194_822_2019-04-20 02:10:26.204033
2,1_1_178_823_2019-04-20 03:27:54.003527
2,1_1_194_822_2019-04-20 16:32:55.492148
2,1_1_194_821_2019-04-20 20:31:23.473900
0,1_1_194_822_2019-04-21 16:12:45.393324
2,1_1_193_820_2019-04-21 19:36:43.977611
2,1_1_194_821_2019-04-21 21:06:47.088277
1,1_1_178_828_2019-04-22 12:02:43.247065
1,1_1_194_826_2019-04-22 12:10:27.054604
1,1_1_178_817_2019-04-22 12:30:02.089046
1,1_1_191_789_2019-04-22 12:43:24.577389
0,1_1_194_818_2019-04-22 12:59:24.540354
1,1_1_178_823_2019-04-22 13:06:17.800702
1,1_1_193_819_2019-04-22 13:11:20.713465
0,1_1_193_827_2019-04-22 13:21:48.080178
1,1_1_194_822_2019-04-22 13:22:30.891598
1,1_1_194_821_2019-04-22 13:25:07.602192
1,1_1_193_820_2019-04-22 13:29:03.599827
0,1_1_179_810_2019-04-22 13:30:26.268614
0,1_1_179_796_2019-04-22 13:30:33.838066
1,1_1_191_785_2019-04-22 13:34:10.691614
1,1_1_193_829_2019-04-22 13:34:30.249891
1,1_1_179_783_2019-04-22 13:37:33.160979
1,1_1_179_799_2019-04-22 13:40:49.578762
1,1_1_178_824_2019-04-22 13:43:17.266413
1,1_1_179_797_2019-04-22 13:46:50.415121
0,1_1_179_788_2019-04-22 13:49:16.706679
1,1_1_179_815_2019-04-22 13:54:17.928096
0,1_1_191_802_2019-04-22 13:54:18.512757
0,1_1_193_816_2019-04-22 13:56:39.526654
0,1_1_179_777_2019-04-22 14:00:38.924362
1,1_1_193_825_2019-04-22 14:01:05.824160
0,1_1_179_790_2019-04-22 14:02:11.581952
1,1_1_179_781_2019-04-22 14:02:31.473123
0,1_1_179_801_2019-04-22 14:02:32.268021
0,1_1_179_809_2019-04-22 14:09:57.164931
0,1_1_179_794_2019-04-22 14:12:08.344545
0,1_1_179_791_2019-04-22 14:15:35.873477
0,1_1_179_779_2019-04-22 14:17:42.072324
0,1_1_191_803_2019-04-22 14:19:23.445657
0,1_1_191_795_2019-04-22 14:20:06.314005
0,1_1_179_813_2019-04-22 14:21:43.993235
0,1_1_191_808_2019-04-22 14:21:57.783534
1,1_1_191_782_2019-04-22 14:21:59.123332
1,1_1_191_805_2019-04-22 14:24:55.124746
1,1_1_191_780_2019-04-22 14:25:08.004324
0,1_1_179_800_2019-04-22 14:28:14.600152
1,1_1_179_798_2019-04-22 14:29:06.023929
1,1_1_191_807_2019-04-22 14:30:24.891574
0,1_1_191_792_2019-04-22 14:31:39.471879
1,1_1_191_804_2019-04-22 14:35:36.434306
0,1_1_191_812_2019-04-22 14:36:14.783935
0,1_1_191_811_2019-04-22 14:37:51.934510
2,1_1_191_806_2019-04-22 14:38:24.393342
0,1_1_191_784_2019-04-22 14:38:37.109090
1,1_1_191_786_2019-04-22 14:40:57.332219
0,1_1_191_793_2019-04-22 14:41:18.584587
1,1_1_179_787_2019-04-22 14:41:48.087865
0,1_1_191_778_2019-04-22 15:00:25.228472
1,1_1_191_806_2019-04-22 15:40:32.290307
0,1_1_191_808_2019-04-22 18:09:21.383256
0,1_1_179_777_2019-04-22 18:40:52.466134
2,1_1_179_813_2019-04-22 18:57:38.838400
0,1_1_191_812_2019-04-22 19:31:08.548770
2,1_1_179_788_2019-04-22 20:28:48.038335
2,1_1_179_799_2019-04-22 20:32:37.893472
0,1_1_179_791_2019-04-22 21:06:13.117398
2,1_1_178_823_2019-04-22 21:27:01.528767
2,1_1_178_824_2019-04-22 21:31:46.067815
2,1_1_191_807_2019-04-22 21:50:11.695441
2,1_1_179_813_2019-04-22 22:09:33.573065
2,1_1_191_792_2019-04-22 22:36:08.949474
2,1_1_193_820_2019-04-22 22:42:23.967729
2,1_1_179_787_2019-04-22 22:44:08.615418
2,1_1_178_817_2019-04-22 22:52:12.181235
2,1_1_179_796_2019-04-22 23:08:55.750861
2,1_1_191_811_2019-04-22 23:13:06.750115
2,1_1_193_825_2019-04-23 00:24:03.209149
2,1_1_179_810_2019-04-23 00:30:40.905602
2,1_1_194_821_2019-04-23 00:38:47.289289
2,1_1_178_823_2019-04-23 00:46:25.594902
2,1_1_193_819_2019-04-23 00:57:49.934487
2,1_1_193_819_2019-04-23 04:08:42.218758
0,1_1_178_828_2019-04-23 12:17:06.194396
1,1_1_178_823_2019-04-23 12:30:02.026938
1,1_1_191_789_2019-04-23 12:45:22.855504
1,1_1_193_819_2019-04-23 12:48:09.081481
0,1_1_193_829_2019-04-23 13:07:33.716417
0,1_1_179_810_2019-04-23 13:08:10.233763
1,1_1_193_820_2019-04-23 13:10:35.906090
1,1_1_178_817_2019-04-23 13:20:51.727844
1,1_1_193_827_2019-04-23 13:22:07.085426
1,1_1_194_822_2019-04-23 13:23:10.079721
1,1_1_179_787_2019-04-23 13:24:01.864095
0,1_1_194_826_2019-04-23 13:26:21.468014
0,1_1_179_815_2019-04-23 13:27:10.268149
0,1_1_193_816_2019-04-23 13:28:52.438155
1,1_1_194_821_2019-04-23 13:33:39.620607
2,1_1_193_825_2019-04-23 13:33:57.887126
0,1_1_179_800_2019-04-23 13:38:39.188098
0,1_1_194_818_2019-04-23 13:39:39.899136
0,1_1_179_799_2019-04-23 13:45:10.617059
1,1_1_179_798_2019-04-23 13:44:30.467690
0,1_1_179_783_2019-04-23 13:44:34.633420
0,1_1_179_797_2019-04-23 13:44:59.453147
1,1_1_179_781_2019-04-23 13:46:09.722417
1,1_1_179_791_2019-04-23 13:48:35.831464
1,1_1_179_796_2019-04-23 13:53:40.802715
1,1_1_179_794_2019-04-23 13:55:34.961899
0,1_1_179_809_2019-04-23 13:56:24.695163
1,1_1_179_788_2019-04-23 13:57:29.683792
0,1_1_179_801_2019-04-23 13:57:40.744995
1,1_1_179_777_2019-04-23 14:00:49.473598
0,1_1_179_790_2019-04-23 14:02:19.451778
2,1_1_179_779_2019-04-23 14:03:11.242942
1,1_1_191_785_2019-04-23 14:07:44.028703
1,1_1_191_808_2019-04-23 14:12:53.508632
1,1_1_179_813_2019-04-23 14:13:58.677240
1,1_1_191_802_2019-04-23 14:14:28.217454
1,1_1_191_792_2019-04-23 14:17:34.574537
0,1_1_191_806_2019-04-23 14:19:01.148061
0,1_1_191_778_2019-04-23 14:20:01.932347
1,1_1_191_780_2019-04-23 14:20:04.110646
1,1_1_191_807_2019-04-23 14:20:09.481859
2,1_1_191_782_2019-04-23 14:20:43.876774
1,1_1_191_805_2019-04-23 14:24:34.999141
0,1_1_191_803_2019-04-23 14:27:43.369380
1,1_1_191_793_2019-04-23 14:28:02.369257
1,1_1_191_795_2019-04-23 14:28:45.829122
1,1_1_191_812_2019-04-23 14:29:12.956937
0,1_1_191_811_2019-04-23 14:33:15.956847
1,1_1_191_784_2019-04-23 14:33:53.178873
0,1_1_191_786_2019-04-23 14:33:58.327353
1,1_1_191_804_2019-04-23 14:34:45.079856
0,1_1_193_816_2019-04-23 17:38:03.697605
0,1_1_191_782_2019-04-23 17:42:17.920698
0,1_1_179_779_2019-04-23 18:15:19.616223
0,1_1_193_829_2019-04-23 18:17:18.040549
0,1_1_178_828_2019-04-23 18:24:22.928064
0,1_1_191_778_2019-04-23 18:32:43.852998
2,1_1_178_823_2019-04-23 18:39:12.762008
2,1_1_193_819_2019-04-23 19:39:33.547012
2,1_1_179_791_2019-04-23 20:57:31.335940
2,1_1_193_827_2019-04-23 21:43:21.749676
2,1_1_178_823_2019-04-23 21:55:16.581045
2,1_1_179_815_2019-04-23 21:58:36.648035
2,1_1_178_824_2019-04-23 22:23:54.219482
2,1_1_193_820_2019-04-23 22:32:13.003887
2,1_1_191_789_2019-04-23 23:00:08.150003
2,1_1_193_825_2019-04-23 23:09:14.483435
2,1_1_179_788_2019-04-23 23:17:52.088422
2,1_1_179_794_2019-04-23 23:18:46.478646
2,1_1_179_791_2019-04-23 23:18:42.178534
2,1_1_179_777_2019-04-23 23:36:01.915179
2,1_1_191_806_2019-04-23 23:42:00.816329
2,1_1_178_823_2019-04-24 01:09:44.518188
2,1_1_178_828_2019-04-24 01:45:20.782532
2,1_1_193_816_2019-04-24 01:48:00.404832
2,1_1_193_827_2019-04-24 02:22:54.239276
2,1_1_194_822_2019-04-24 04:41:13.358752
1,1_1_191_789_2019-04-24 12:43:13.131508
1,1_1_178_828_2019-04-24 12:59:24.071095
1,1_1_178_823_2019-04-24 13:05:25.719207
1,1_1_193_820_2019-04-24 13:10:43.637580
0,1_1_193_825_2019-04-24 13:23:38.881009
1,1_1_194_822_2019-04-24 13:25:00.511965
0,1_1_193_819_2019-04-24 13:26:29.922242
1,1_1_178_817_2019-04-24 13:28:20.312456
1,1_1_179_787_2019-04-24 13:28:53.141470
0,1_1_193_827_2019-04-24 13:29:02.480129
0,1_1_179_799_2019-04-24 13:29:28.747027
1,1_1_193_829_2019-04-24 13:31:11.760308
1,1_1_179_797_2019-04-24 13:37:41.878380
1,1_1_194_821_2019-04-24 13:39:26.240525
0,1_1_179_800_2019-04-24 13:44:10.131181
1,1_1_194_826_2019-04-24 13:44:56.698978
1,1_1_178_824_2019-04-24 13:45:21.689309
0,1_1_194_818_2019-04-24 13:48:55.011107
0,1_1_179_796_2019-04-24 13:51:18.510115
1,1_1_179_781_2019-04-24 13:53:54.323710
0,1_1_191_802_2019-04-24 13:54:06.540417
0,1_1_193_816_2019-04-24 13:56:19.680996
0,1_1_179_810_2019-04-24 13:56:37.119220
1,1_1_191_785_2019-04-24 13:57:48.800268
1,1_1_191_808_2019-04-24 13:59:01.651473
1,1_1_179_777_2019-04-24 14:02:54.848267
0,1_1_179_801_2019-04-24 14:06:52.590237
0,1_1_179_783_2019-04-24 14:07:45.710201
1,1_1_179_809_2019-04-24 14:08:37.369967
0,1_1_179_791_2019-04-24 14:08:53.129877
1,1_1_179_798_2019-04-24 14:11:30.523344
0,1_1_179_779_2019-04-24 14:13:45.780127
0,1_1_179_813_2019-04-24 14:13:46.589729
1,1_1_191_805_2019-04-24 14:19:11.560345
0,1_1_179_788_2019-04-24 14:19:22.518945
1,1_1_191_780_2019-04-24 14:19:24.499398
1,1_1_179_794_2019-04-24 14:23:25.571711
0,1_1_179_790_2019-04-24 14:25:19.672429
1,1_1_191_792_2019-04-24 14:25:59.100448
0,1_1_191_803_2019-04-24 14:26:59.572143
0,1_1_191_778_2019-04-24 14:28:10.829074
0,1_1_191_795_2019-04-24 14:28:14.000989
1,1_1_191_782_2019-04-24 14:28:25.437742
0,1_1_191_807_2019-04-24 14:29:20.610639
1,1_1_191_812_2019-04-24 14:31:26.776395
1,1_1_191_806_2019-04-24 14:32:00.773661
1,1_1_191_793_2019-04-24 14:32:42.010207
1,1_1_191_811_2019-04-24 14:33:20.008954
0,1_1_191_784_2019-04-24 14:39:59.531212
0,1_1_191_804_2019-04-24 14:46:22.495181
1,1_1_191_786_2019-04-24 14:46:38.489995
0,1_1_191_786_2019-04-24 19:10:48.065961
0,1_1_179_809_2019-04-24 20:08:36.270354
0,1_1_179_800_2019-04-24 20:34:27.718800
2,1_1_178_828_2019-04-24 21:53:41.774669
2,1_1_194_821_2019-04-24 22:09:17.967839
0,1_1_193_827_2019-04-24 22:13:03.270581
2,1_1_179_796_2019-04-24 22:21:06.546751
2,1_1_193_820_2019-04-24 22:25:19.149839
2,1_1_179_781_2019-04-24 22:25:32.430726
2,1_1_191_795_2019-04-24 22:38:46.897423
2,1_1_179_787_2019-04-24 22:46:49.338904
2,1_1_179_813_2019-04-24 22:48:18.214133
2,1_1_191_778_2019-04-24 22:51:52.407107
2,1_1_178_828_2019-04-24 22:58:22.023407
2,1_1_191_792_2019-04-24 23:02:49.822169
2,1_1_191_811_2019-04-24 23:07:12.189213
2,1_1_194_822_2019-04-24 23:18:28.681167
2,1_1_178_817_2019-04-24 23:23:50.591867
2,1_1_193_819_2019-04-25 00:07:54.274619
2,1_1_193_819_2019-04-25 05:23:29.722452
0,1_1_194_826_2019-04-25 12:05:34.214186
1,1_1_178_823_2019-04-25 12:43:17.161745
1,1_1_191_789_2019-04-25 12:43:33.172186
0,1_1_179_799_2019-04-25 12:57:37.603660
1,1_1_194_818_2019-04-25 12:58:04.586593
0,1_1_179_810_2019-04-25 12:58:44.845547
2,1_1_178_828_2019-04-25 13:04:19.669533
1,1_1_193_820_2019-04-25 13:08:33.417572
1,1_1_193_827_2019-04-25 13:16:55.041606
0,1_1_193_825_2019-04-25 13:23:42.683509
1,1_1_193_819_2019-04-25 13:25:26.361143
2,1_1_194_822_2019-04-25 13:28:25.311251
1,1_1_178_824_2019-04-25 13:34:18.755321
0,1_1_193_816_2019-04-25 13:37:32.734932
1,1_1_179_800_2019-04-25 13:41:16.634402
1,1_1_193_829_2019-04-25 13:42:40.573875
0,1_1_179_788_2019-04-25 13:43:55.302020
0,1_1_179_781_2019-04-25 13:51:59.715466
0,1_1_178_817_2019-04-25 13:55:43.151054
1,1_1_191_808_2019-04-25 13:56:12.032848
1,1_1_179_815_2019-04-25 13:56:15.981143
1,1_1_191_785_2019-04-25 13:57:32.872151
1,1_1_179_783_2019-04-25 13:59:00.056305
1,1_1_179_796_2019-04-25 14:01:13.453013
1,1_1_194_822_2019-04-25 14:02:18.660468
1,1_1_191_812_2019-04-25 14:03:20.357596
1,1_1_179_801_2019-04-25 14:05:29.016757
0,1_1_179_809_2019-04-25 14:07:26.521845
1,1_1_179_777_2019-04-25 14:09:48.052980
0,1_1_179_797_2019-04-25 14:10:38.094370
1,1_1_179_791_2019-04-25 14:12:35.283228
1,1_1_179_787_2019-04-25 14:15:10.637748
0,1_1_179_790_2019-04-25 14:15:19.532407
0,1_1_179_813_2019-04-25 14:16:59.591291
1,1_1_179_798_2019-04-25 14:17:01.804131
1,1_1_191_802_2019-04-25 14:21:02.417655
1,1_1_194_821_2019-04-25 14:21:32.102571
1,1_1_179_779_2019-04-25 14:21:33.369059
1,1_1_191_805_2019-04-25 14:26:44.320136
1,1_1_191_807_2019-04-25 14:26:50.321594
0,1_1_191_795_2019-04-25 14:27:14.144350
0,1_1_191_803_2019-04-25 14:30:40.560136
1,1_1_191_782_2019-04-25 14:33:00.279065
1,1_1_191_811_2019-04-25 14:36:29.860550
1,1_1_191_806_2019-04-25 14:39:05.906999
2,1_1_191_792_2019-04-25 14:39:27.155675
1,1_1_191_778_2019-04-25 14:41:11.518464
0,1_1_191_793_2019-04-25 14:43:04.542521
1,1_1_191_786_2019-04-25 14:45:11.485843
1,1_1_191_804_2019-04-25 14:48:08.932228
2,1_1_191_784_2019-04-25 14:50:25.931034
1,1_1_191_780_2019-04-25 14:53:49.142304
0,1_1_178_828_2019-04-25 14:53:56.772252
0,1_1_191_784_2019-04-25 18:45:56.387794
2,1_1_193_816_2019-04-25 19:09:01.544175
2,1_1_194_821_2019-04-25 19:27:43.720408
0,1_1_191_792_2019-04-25 20:04:21.922820
2,1_1_179_791_2019-04-25 20:11:13.865403
2,1_1_194_826_2019-04-25 20:40:45.214824
2,1_1_178_824_2019-04-25 21:05:38.966885
2,1_1_194_821_2019-04-25 21:42:41.842332
2,1_1_194_826_2019-04-25 21:51:45.039768
2,1_1_193_820_2019-04-25 21:59:06.504234
2,1_1_178_823_2019-04-25 22:45:31.144604
2,1_1_193_827_2019-04-25 22:55:36.507864
2,1_1_191_795_2019-04-25 22:59:15.814253
2,1_1_178_828_2019-04-25 23:12:42.539780
2,1_1_193_829_2019-04-25 23:16:10.571701
2,1_1_193_819_2019-04-25 23:18:58.349085
2,1_1_194_822_2019-04-25 23:19:04.063425
2,1_1_193_819_2019-04-26 04:09:35.932187
1,1_1_178_823_2019-04-26 12:46:53.530672
2,1_1_193_827_2019-04-26 14:27:30.879629
0,1_1_193_820_2019-04-26 14:32:40.781952
1,1_1_194_822_2019-04-26 14:39:17.202239
2,1_1_179_781_2019-04-26 14:41:34.528603
1,1_1_191_789_2019-04-26 14:51:02.599033
1,1_1_193_825_2019-04-26 15:10:29.759421
2,1_1_193_819_2019-04-26 15:22:08.540827
2,1_1_194_818_2019-04-26 15:24:51.420631
0,1_1_178_828_2019-04-26 15:31:07.272121
0,1_1_179_794_2019-04-26 15:42:45.420082
0,1_1_179_810_2019-04-26 15:56:55.298413
0,1_1_178_817_2019-04-26 16:00:53.736754
2,1_1_194_821_2019-04-26 16:14:57.608131
0,1_1_179_798_2019-04-26 16:15:11.629646
2,1_1_179_791_2019-04-26 16:16:25.257243
0,1_1_194_826_2019-04-26 16:29:47.499959
0,1_1_193_819_2019-04-26 16:47:47.089299
1,1_1_193_827_2019-04-26 17:00:05.041724
1,1_1_179_815_2019-04-26 17:02:00.298238
0,1_1_193_829_2019-04-26 17:07:54.433275
0,1_1_178_824_2019-04-26 17:32:10.910725
0,1_1_193_816_2019-04-26 19:41:16.104559
2,1_1_178_828_2019-04-26 20:16:06.027257
2,1_1_179_798_2019-04-26 20:25:13.990914
2,1_1_178_817_2019-04-26 20:27:32.978723
2,1_1_193_820_2019-04-26 20:41:59.823842
1,1_1_191_789_2019-04-26 20:54:42.048383
2,1_1_193_825_2019-04-26 21:02:16.059520
2,1_1_194_818_2019-04-26 21:09:47.839661
2,1_1_194_821_2019-04-26 21:20:45.551371
2,1_1_194_821_2019-04-27 19:23:15.393392
2,1_1_193_816_2019-04-27 21:28:35.008682
1,1_1_194_826_2019-04-29 12:10:28.883425
0,1_1_179_797_2019-04-29 12:23:18.903076
1,1_1_179_799_2019-04-29 12:32:13.440769
1,1_1_191_789_2019-04-29 12:43:02.331984
1,1_1_178_823_2019-04-29 12:48:03.412338
0,1_1_193_825_2019-04-29 12:50:38.611534
0,1_1_178_828_2019-04-29 13:02:21.336243
0,1_1_193_829_2019-04-29 13:07:36.924550
1,1_1_193_820_2019-04-29 13:11:05.971878
1,1_1_178_817_2019-04-29 13:13:19.100514
1,1_1_193_819_2019-04-29 13:15:56.372665
1,1_1_194_822_2019-04-29 13:23:44.892670
0,1_1_193_816_2019-04-29 13:24:23.652303
1,1_1_193_827_2019-04-29 13:30:28.542789
1,1_1_178_824_2019-04-29 13:31:45.323220
2,1_1_194_821_2019-04-29 13:32:59.089631
1,1_1_179_810_2019-04-29 13:36:27.686838
0,1_1_179_796_2019-04-29 13:41:52.563098
0,1_1_179_815_2019-04-29 13:46:08.471623
1,1_1_179_781_2019-04-29 13:47:45.682718
1,1_1_179_791_2019-04-29 13:48:56.854276
1,1_1_194_818_2019-04-29 13:52:49.004353
0,1_1_179_777_2019-04-29 13:55:29.392847
0,1_1_179_801_2019-04-29 13:56:26.291565
1,1_1_179_794_2019-04-29 13:56:47.990422
1,1_1_191_802_2019-04-29 13:57:19.272482
1,1_1_179_800_2019-04-29 14:01:41.402093
0,1_1_179_809_2019-04-29 14:11:08.562776
1,1_1_179_798_2019-04-29 14:11:47.740186
0,1_1_179_783_2019-04-29 14:12:49.136129
0,1_1_179_813_2019-04-29 14:13:13.692945
0,1_1_191_812_2019-04-29 14:15:55.201530
0,1_1_179_788_2019-04-29 14:21:27.521289
1,1_1_191_805_2019-04-29 14:24:28.300680
1,1_1_191_785_2019-04-29 14:28:35.510796
1,1_1_191_795_2019-04-29 14:29:17.573287
0,1_1_191_807_2019-04-29 14:30:51.913569
1,1_1_191_808_2019-04-29 14:31:41.602077
1,1_1_179_790_2019-04-29 14:31:52.611532
1,1_1_179_779_2019-04-29 14:34:15.281475
1,1_1_191_803_2019-04-29 14:36:12.172092
1,1_1_191_792_2019-04-29 14:37:13.222164
0,1_1_191_780_2019-04-29 14:38:41.140108
1,1_1_191_806_2019-04-29 14:41:08.613189
1,1_1_191_778_2019-04-29 14:41:15.972640
1,1_1_191_786_2019-04-29 14:42:43.392938
1,1_1_191_811_2019-04-29 14:45:13.152386
0,1_1_191_793_2019-04-29 14:46:49.644492
0,1_1_191_784_2019-04-29 14:50:57.703589
2,1_1_194_821_2019-04-29 15:40:59.424333
0,1_1_191_804_2019-04-29 17:08:09.712733
1,1_1_194_821_2019-04-29 17:46:49.874412
0,1_1_191_782_2019-04-29 18:43:16.788488
2,1_1_193_829_2019-04-29 19:10:52.893104
2,1_1_194_826_2019-04-29 19:32:37.549010
0,1_1_191_812_2019-04-29 19:37:48.636684
2,1_1_193_825_2019-04-29 19:47:18.583392
2,1_1_191_792_2019-04-29 20:02:15.833845
2,1_1_179_791_2019-04-29 20:25:14.915003
2,1_1_193_816_2019-04-29 21:45:23.435272
2,1_1_179_799_2019-04-29 21:46:33.093584
2,1_1_191_792_2019-04-29 21:56:28.907038
2,1_1_178_824_2019-04-29 21:57:59.927558
2,1_1_191_778_2019-04-29 22:07:37.145747
2,1_1_179_815_2019-04-29 22:16:04.140514
2,1_1_193_820_2019-04-29 22:26:55.994504
2,1_1_178_823_2019-04-29 22:47:56.854493
2,1_1_178_817_2019-04-29 22:57:39.368976
2,1_1_194_821_2019-04-29 23:27:34.273147
2,1_1_194_822_2019-04-29 23:28:34.944554
1,1_1_193_819_2019-04-29 23:45:32.572818
2,1_1_193_825_2019-04-30 00:21:18.973280
2,1_1_178_824_2019-04-30 00:21:22.438211
2,1_1_194_821_2019-04-30 01:40:53.796773
1,1_1_178_823_2019-04-30 04:37:25.170158
1,1_1_191_785_2019-04-30 13:15:44.574723
0,1_1_178_828_2019-04-30 12:52:07.167878
1,1_1_179_810_2019-04-30 12:44:44.548510
0,1_1_193_827_2019-04-30 12:23:37.314974
1,1_1_193_820_2019-04-30 13:05:07.351303
0,1_1_194_826_2019-04-30 11:47:00.184907
1,1_1_179_787_2019-04-30 13:36:40.252400
0,1_1_179_791_2019-04-30 13:44:47.919465
0,1_1_179_799_2019-04-30 13:33:46.965936
0,1_1_179_798_2019-04-30 13:37:57.432230
1,1_1_178_824_2019-04-30 13:21:04.460246
1,1_1_179_797_2019-04-30 13:41:44.984216
1,1_1_193_816_2019-04-30 13:12:33.214685
0,1_1_193_825_2019-04-30 12:45:23.929075
0,1_1_179_815_2019-04-30 12:44:08.861730
1,1_1_194_822_2019-04-30 13:21:26.099866
0,1_1_179_777_2019-04-30 13:32:18.619552
1,1_1_179_794_2019-04-30 13:40:00.970454
1,1_1_191_789_2019-04-30 12:47:53.753364
0,1_1_179_796_2019-04-30 13:46:48.774764
0,1_1_191_802_2019-04-30 13:48:19.165638
0,1_1_194_818_2019-04-30 13:57:59.610627
1,1_1_178_817_2019-04-30 13:58:29.617399
1,1_1_193_819_2019-04-30 13:59:40.342768
1,1_1_179_800_2019-04-30 14:00:14.235461
1,1_1_179_809_2019-04-30 14:02:51.412192
1,1_1_191_808_2019-04-30 14:05:44.410593
0,1_1_179_813_2019-04-30 14:16:57.619772
1,1_1_191_803_2019-04-30 14:17:36.283446
0,1_1_191_778_2019-04-30 14:18:01.093905
0,1_1_179_801_2019-04-30 14:19:21.633633
0,1_1_179_781_2019-04-30 14:22:25.533487
1,1_1_191_792_2019-04-30 14:24:52.218484
1,1_1_191_780_2019-04-30 14:24:57.043061
1,1_1_193_829_2019-04-30 14:25:05.974057
0,1_1_179_783_2019-04-30 14:27:54.703666
0,1_1_191_807_2019-04-30 14:31:10.783159
2,1_1_179_790_2019-04-30 14:31:20.785652
2,1_1_179_779_2019-04-30 14:32:17.003875
1,1_1_191_795_2019-04-30 14:35:27.195587
1,1_1_191_782_2019-04-30 14:36:39.013548
1,1_1_191_805_2019-04-30 14:37:39.645073
0,1_1_191_812_2019-04-30 14:37:59.053541
0,1_1_179_788_2019-04-30 14:39:59.224463
1,1_1_191_793_2019-04-30 14:42:51.277335
0,1_1_191_811_2019-04-30 14:43:46.309486
1,1_1_191_806_2019-04-30 14:44:36.542860
0,1_1_191_804_2019-04-30 14:45:53.984360
2,1_1_191_784_2019-04-30 14:45:56.642859
1,1_1_191_786_2019-04-30 14:52:30.078866
1,1_1_179_779_2019-04-30 15:03:01.222856
1,1_1_191_784_2019-04-30 17:01:34.223771
2,1_1_178_823_2019-04-30 18:43:57.353320
0,1_1_194_822_2019-04-30 18:48:24.577771
2,1_1_191_778_2019-04-30 18:51:50.052302
0,1_1_194_821_2019-04-30 19:01:26.310460
1,1_1_191_811_2019-04-30 19:14:53.632991
2,1_1_179_790_2019-04-30 19:20:08.128692
2,1_1_193_829_2019-04-30 19:38:50.598807
2,1_1_193_827_2019-04-30 19:55:28.283863
2,1_1_191_795_2019-04-30 20:03:50.531112
2,1_1_193_825_2019-04-30 20:58:49.505662
0,1_1_178_823_2019-04-30 21:29:05.675762
2,1_1_193_820_2019-04-30 21:42:27.811976
2,1_1_179_815_2019-04-30 21:44:20.568349
2,1_1_191_778_2019-04-30 22:20:49.954226
2,1_1_193_816_2019-04-30 22:24:59.356296
2,1_1_193_827_2019-04-30 22:40:58.822258
2,1_1_191_786_2019-04-30 22:42:17.815757
2,1_1_178_824_2019-04-30 22:51:07.060638
2,1_1_179_787_2019-04-30 22:59:42.450005
2,1_1_191_789_2019-04-30 23:37:31.488621
2,1_1_194_818_2019-04-30 23:43:58.408061
2,1_1_194_826_2019-05-01 00:01:22.458029
2,1_1_179_794_2019-05-01 00:32:17.764216
2,1_1_193_819_2019-05-01 03:34:04.584984
0,1_1_194_826_2019-05-01 12:04:06.017353
0,1_1_193_825_2019-05-01 12:40:27.262751
1,1_1_194_821_2019-05-01 12:40:54.421820
1,1_1_191_789_2019-05-01 12:46:12.476522
1,1_1_178_823_2019-05-01 12:46:31.004408
0,1_1_193_827_2019-05-01 12:51:07.990073
1,1_1_178_828_2019-05-01 12:54:48.792209
0,1_1_179_790_2019-05-01 12:57:58.202326
1,1_1_193_820_2019-05-01 12:59:21.715109
0,1_1_179_810_2019-05-01 13:01:33.622298
1,1_1_178_817_2019-05-01 13:12:40.140008
0,1_1_193_819_2019-05-01 13:15:28.046637
1,1_1_178_824_2019-05-01 13:17:25.285824
1,1_1_194_822_2019-05-01 13:26:21.835020
0,1_1_179_799_2019-05-01 13:28:07.876861
0,1_1_193_816_2019-05-01 13:30:40.817668
1,1_1_193_829_2019-05-01 13:32:01.553867
1,1_1_179_787_2019-05-01 13:34:11.085249
0,1_1_179_788_2019-05-01 13:36:33.948072
1,1_1_179_783_2019-05-01 13:38:44.262302
1,1_1_194_818_2019-05-01 13:42:37.198499
1,1_1_191_795_2019-05-01 13:43:02.195705
0,1_1_179_796_2019-05-01 13:43:02.245108
1,1_1_179_791_2019-05-01 13:49:23.915917
0,1_1_179_815_2019-05-01 13:50:26.382119
1,1_1_179_781_2019-05-01 13:51:22.734245
1,1_1_179_800_2019-05-01 13:55:25.005726
1,1_1_191_802_2019-05-01 13:59:44.892891
0,1_1_179_794_2019-05-01 14:04:19.178717
1,1_1_179_797_2019-05-01 14:05:34.149659
1,1_1_191_808_2019-05-01 14:06:54.220520
0,1_1_179_809_2019-05-01 14:09:33.820924
0,1_1_179_801_2019-05-01 14:10:01.236841
1,1_1_179_813_2019-05-01 14:11:23.598601
0,1_1_179_779_2019-05-01 14:13:26.775539
0,1_1_179_798_2019-05-01 14:16:30.595386
1,1_1_191_785_2019-05-01 14:17:16.277255
1,1_1_191_807_2019-05-01 14:17:28.902338
0,1_1_191_778_2019-05-01 14:18:58.447125
0,1_1_191_803_2019-05-01 14:21:09.811513
1,1_1_191_784_2019-05-01 14:22:18.154870
0,1_1_191_806_2019-05-01 14:23:00.892751
0,1_1_191_780_2019-05-01 14:30:58.821239
1,1_1_191_792_2019-05-01 14:32:46.020305
0,1_1_191_804_2019-05-01 14:33:38.945711
1,1_1_191_805_2019-05-01 14:33:31.389366
1,1_1_191_811_2019-05-01 14:34:04.460323
1,1_1_191_812_2019-05-01 14:34:30.222028
0,1_1_191_793_2019-05-01 14:37:39.493069
1,1_1_191_786_2019-05-01 14:37:29.956336
0,1_1_193_829_2019-05-01 18:11:05.408414
0,1_1_179_791_2019-05-01 19:21:07.810098
0,1_1_193_827_2019-05-01 19:33:47.195177
0,1_1_193_825_2019-05-01 19:42:37.935965
2,1_1_193_820_2019-05-01 20:53:35.695408
2,1_1_178_817_2019-05-01 21:18:11.939272
2,1_1_193_819_2019-05-01 21:39:24.279294
2,1_1_179_777_2019-05-01 21:48:56.871802
2,1_1_179_800_2019-05-01 22:06:38.989070
2,1_1_179_798_2019-05-01 22:33:19.275913
2,1_1_179_796_2019-05-01 22:36:37.800047
2,1_1_191_786_2019-05-01 22:37:53.069610
2,1_1_178_823_2019-05-01 22:59:44.998992
0,1_1_179_791_2019-05-01 23:08:31.919130
2,1_1_194_822_2019-05-01 23:14:30.979076
2,1_1_179_796_2019-05-01 23:28:11.268588
2,1_1_179_799_2019-05-01 23:30:47.405888
2,1_1_178_828_2019-05-02 00:18:58.110623
2,1_1_178_824_2019-05-02 00:20:29.280781
2,1_1_178_828_2019-05-02 01:49:55.915158
0,1_1_194_826_2019-05-02 12:18:20.572684
0,1_1_193_827_2019-05-02 12:28:34.870230
0,1_1_193_825_2019-05-02 12:42:25.743264
1,1_1_178_823_2019-05-02 12:43:17.054104
1,1_1_191_789_2019-05-02 12:45:08.526485
0,1_1_179_799_2019-05-02 12:47:04.640587
1,1_1_193_820_2019-05-02 12:47:45.903142
0,1_1_193_829_2019-05-02 12:51:52.523046
1,1_1_178_828_2019-05-02 12:57:17.355820
1,1_1_193_819_2019-05-02 12:59:36.903649
1,1_1_179_815_2019-05-02 13:01:08.564682
0,1_1_193_816_2019-05-02 13:10:11.643471
1,1_1_178_824_2019-05-02 13:10:29.799901
1,1_1_194_822_2019-05-02 13:16:14.994034
0,1_1_179_813_2019-05-02 13:20:00.533498
0,1_1_194_818_2019-05-02 13:22:03.384475
1,1_1_194_821_2019-05-02 13:23:54.299986
1,1_1_178_817_2019-05-02 13:28:03.693703
1,1_1_179_798_2019-05-02 13:30:05.603677
1,1_1_179_787_2019-05-02 13:34:04.255391
1,1_1_179_800_2019-05-02 13:36:03.384651
1,1_1_191_808_2019-05-02 13:40:39.164455
1,1_1_179_797_2019-05-02 13:43:05.574433
0,1_1_179_796_2019-05-02 13:44:14.104379
0,1_1_191_802_2019-05-02 13:46:44.277971
1,1_1_179_791_2019-05-02 13:52:59.495064
0,1_1_179_783_2019-05-02 13:56:58.243576
0,1_1_179_810_2019-05-02 13:57:22.095491
1,1_1_179_794_2019-05-02 14:00:58.980060
1,1_1_179_788_2019-05-02 14:04:32.310117
0,1_1_179_777_2019-05-02 14:04:35.479851
1,1_1_179_790_2019-05-02 14:05:39.756354
1,1_1_191_778_2019-05-02 14:05:40.359678
1,1_1_179_779_2019-05-02 14:06:43.812332
1,1_1_191_803_2019-05-02 14:07:12.314161
1,1_1_179_801_2019-05-02 14:08:39.433422
0,1_1_191_795_2019-05-02 14:09:40.993863
0,1_1_179_809_2019-05-02 14:10:43.202767
1,1_1_191_805_2019-05-02 14:13:36.194556
0,1_1_191_780_2019-05-02 14:15:28.719154
1,1_1_191_806_2019-05-02 14:17:07.529992
1,1_1_191_785_2019-05-02 14:23:03.341674
1,1_1_191_792_2019-05-02 14:23:09.600072
1,1_1_191_782_2019-05-02 14:28:49.717441
0,1_1_191_812_2019-05-02 14:29:45.653932
0,1_1_191_811_2019-05-02 14:30:53.715623
1,1_1_191_807_2019-05-02 14:31:13.107870
1,1_1_191_793_2019-05-02 14:31:44.610973
0,1_1_191_804_2019-05-02 14:32:18.770541
1,1_1_191_784_2019-05-02 14:32:47.742499
0,1_1_191_786_2019-05-02 14:34:48.740064
0,1_1_179_815_2019-05-02 18:15:09.353228
0,1_1_179_791_2019-05-02 18:37:46.250621
2,1_1_191_795_2019-05-02 19:04:38.630031
0,1_1_193_825_2019-05-02 19:20:29.241520
0,1_1_194_818_2019-05-02 19:41:40.490267
2,1_1_179_777_2019-05-02 20:28:35.570925
0,1_1_193_820_2019-05-02 21:08:41.719890
2,1_1_193_829_2019-05-02 21:15:14.052724
2,1_1_194_822_2019-05-02 21:20:37.546224
2,1_1_179_781_2019-05-02 21:56:50.094469
2,1_1_179_787_2019-05-02 22:40:54.551636
2,1_1_178_823_2019-05-02 22:43:54.692846
2,1_1_193_827_2019-05-02 22:45:28.907259
2,1_1_178_817_2019-05-02 23:14:06.494175
2,1_1_179_794_2019-05-02 23:21:01.375920
2,1_1_193_819_2019-05-02 23:31:42.051084
2,1_1_193_829_2019-05-03 00:01:08.109243
2,1_1_178_828_2019-05-03 00:15:40.978387
2,1_1_193_816_2019-05-03 01:15:32.858535
2,1_1_193_829_2019-05-03 01:16:00.509044
2,1_1_178_823_2019-05-03 01:33:33.387940
1,1_1_194_826_2019-05-03 12:22:28.236842
0,1_1_178_828_2019-05-03 12:25:29.915040
0,1_1_194_818_2019-05-03 12:27:15.913658
1,1_1_178_823_2019-05-03 12:41:49.899448
0,1_1_191_789_2019-05-03 12:45:28.280469
0,1_1_179_799_2019-05-03 12:48:47.247086
1,1_1_193_819_2019-05-03 12:50:40.420810
0,1_1_193_825_2019-05-03 12:54:57.082733
1,1_1_178_817_2019-05-03 13:06:34.482328
1,1_1_193_820_2019-05-03 13:08:54.562065
0,1_1_179_810_2019-05-03 13:14:51.794083
1,1_1_193_827_2019-05-03 13:23:08.923178
1,1_1_193_816_2019-05-03 13:24:26.592184
0,1_1_194_822_2019-05-03 13:24:27.273952
0,1_1_179_777_2019-05-03 13:26:55.645443
0,1_1_194_821_2019-05-03 13:29:17.212600
1,1_1_193_829_2019-05-03 13:29:21.861707
1,1_1_179_797_2019-05-03 13:30:20.483372
0,1_1_179_781_2019-05-03 13:31:02.208288
0,1_1_179_813_2019-05-03 13:31:29.921099
0,1_1_179_796_2019-05-03 13:37:35.884475
1,1_1_179_815_2019-05-03 13:42:24.218823
2,1_1_179_800_2019-05-03 13:43:44.186103
0,1_1_179_783_2019-05-03 13:47:03.133609
1,1_1_179_809_2019-05-03 13:47:55.284175
1,1_1_191_785_2019-05-03 13:49:13.534106
2,1_1_179_794_2019-05-03 13:51:35.311088
1,1_1_191_808_2019-05-03 13:54:01.304575
1,1_1_179_791_2019-05-03 13:55:05.136432
0,1_1_179_788_2019-05-03 13:59:21.303378
1,1_1_179_790_2019-05-03 14:00:12.526800
0,1_1_179_779_2019-05-03 14:05:28.944104
1,1_1_179_801_2019-05-03 14:07:08.631237
0,1_1_179_798_2019-05-03 14:10:09.585025
1,1_1_191_802_2019-05-03 14:10:34.623216
1,1_1_191_806_2019-05-03 14:11:39.842899
1,1_1_191_803_2019-05-03 14:13:57.463442
1,1_1_191_807_2019-05-03 14:15:03.142612
1,1_1_179_787_2019-05-03 14:16:17.614292
0,1_1_191_812_2019-05-03 14:17:00.982098
1,1_1_191_780_2019-05-03 14:23:21.175877
0,1_1_191_782_2019-05-03 14:28:09.237015
1,1_1_191_805_2019-05-03 14:30:40.292484
0,1_1_191_778_2019-05-03 14:31:05.622223
1,1_1_191_792_2019-05-03 14:31:45.853742
0,1_1_191_786_2019-05-03 14:33:41.313900
0,1_1_191_793_2019-05-03 14:33:42.685137
1,1_1_191_784_2019-05-03 14:34:41.714146
1,1_1_179_800_2019-05-03 14:35:41.235259
1,1_1_191_804_2019-05-03 14:35:42.394627
1,1_1_191_811_2019-05-03 14:36:08.139381
0,1_1_179_794_2019-05-03 15:19:27.909959
0,1_1_179_788_2019-05-03 18:18:15.767578
0,1_1_191_795_2019-05-03 18:22:47.763283
0,1_1_194_822_2019-05-03 18:34:43.126652
2,1_1_191_789_2019-05-03 18:35:38.365680
0,1_1_191_782_2019-05-03 18:39:53.994627
0,1_1_194_821_2019-05-03 18:40:20.359895
2,1_1_179_815_2019-05-03 18:55:52.178763
0,1_1_179_810_2019-05-03 19:00:47.665563
0,1_1_179_796_2019-05-03 19:06:10.435452
0,1_1_191_793_2019-05-03 19:45:17.294936
2,1_1_179_791_2019-05-03 20:15:02.046670
0,1_1_179_783_2019-05-03 20:19:36.662902
2,1_1_178_828_2019-05-03 20:31:58.880336
2,1_1_193_819_2019-05-03 20:37:38.756493
2,1_1_193_825_2019-05-03 20:56:46.354429
2,1_1_191_792_2019-05-03 20:56:58.123353
2,1_1_179_781_2019-05-03 21:45:55.851914
2,1_1_193_820_2019-05-03 21:57:33.280290
2,1_1_193_827_2019-05-03 22:13:06.963342
2,1_1_178_828_2019-05-03 22:18:46.525017
2,1_1_191_789_2019-05-03 22:30:44.088248
2,1_1_178_817_2019-05-03 22:32:39.386644
2,1_1_193_825_2019-05-03 22:34:02.248208
2,1_1_193_816_2019-05-03 22:40:48.331111
2,1_1_193_829_2019-05-03 22:49:55.875763
2,1_1_178_823_2019-05-03 23:06:25.782382
2,1_1_194_818_2019-05-03 23:16:37.495610
2,1_1_194_826_2019-05-03 23:21:21.631395
2,1_1_194_821_2019-05-03 23:29:19.616889
2,1_1_179_815_2019-05-03 23:44:55.235756
2,1_1_178_823_2019-05-04 03:53:34.434395
2,1_1_194_818_2019-05-04 06:58:12.683459
0,1_1_178_828_2019-05-04 12:40:32.426328
2,1_1_178_823_2019-05-04 12:46:17.286217
1,1_1_194_821_2019-05-04 17:38:32.049686
2,1_1_194_826_2019-05-04 18:12:16.422880
2,1_1_178_817_2019-05-05 19:04:14.094198
2,1_1_178_823_2019-05-05 21:56:43.553463
2,1_1_193_816_2019-05-05 23:44:54.012681
0,1_1_194_826_2019-05-06 11:54:01.230786
1,1_1_178_828_2019-05-06 12:32:40.845757
0,1_1_193_825_2019-05-06 12:36:28.618723
1,1_1_191_789_2019-05-06 12:39:38.003548
1,1_1_193_819_2019-05-06 12:45:07.403814
1,1_1_178_823_2019-05-06 12:46:04.239491
0,1_1_179_810_2019-05-06 12:49:58.791066
1,1_1_193_820_2019-05-06 12:51:25.371827
1,1_1_179_799_2019-05-06 13:02:35.421201
1,1_1_194_822_2019-05-06 13:09:40.256563
1,1_1_193_827_2019-05-06 13:10:42.334011
1,1_1_178_817_2019-05-06 13:16:59.081187
0,1_1_193_829_2019-05-06 13:19:24.233640
1,1_1_194_821_2019-05-06 13:21:23.573288
0,1_1_194_818_2019-05-06 13:23:00.114277
1,1_1_179_787_2019-05-06 13:27:24.040629
1,1_1_178_824_2019-05-06 13:32:06.335992
0,1_1_179_797_2019-05-06 13:34:19.484150
1,1_1_179_791_2019-05-06 13:48:37.431489
0,1_1_193_816_2019-05-06 13:52:44.403283
1,1_1_179_815_2019-05-06 13:55:07.294646
0,1_1_179_796_2019-05-06 13:55:50.244530
0,1_1_179_779_2019-05-06 13:56:21.022652
0,1_1_179_794_2019-05-06 13:56:45.462765
0,1_1_179_783_2019-05-06 13:59:27.422096
0,1_1_179_801_2019-05-06 13:59:35.418614
1,1_1_179_788_2019-05-06 14:01:44.701649
1,1_1_179_777_2019-05-06 14:03:55.702902
1,1_1_191_785_2019-05-06 14:05:10.192352
1,1_1_191_808_2019-05-06 14:09:21.671791
0,1_1_191_802_2019-05-06 14:10:22.364588
1,1_1_179_790_2019-05-06 14:12:21.111857
0,1_1_179_809_2019-05-06 14:14:13.844283
1,1_1_191_780_2019-05-06 14:14:59.452741
1,1_1_179_798_2019-05-06 14:16:12.760419
1,1_1_191_803_2019-05-06 14:16:17.352662
0,1_1_191_812_2019-05-06 14:18:42.403344
0,1_1_191_795_2019-05-06 14:19:17.503016
0,1_1_191_811_2019-05-06 14:23:20.312304
1,1_1_191_806_2019-05-06 14:24:57.202064
1,1_1_191_805_2019-05-06 14:26:30.278653
1,1_1_191_807_2019-05-06 14:27:13.831574
0,1_1_191_782_2019-05-06 14:28:04.353848
0,1_1_191_778_2019-05-06 14:30:30.703359
1,1_1_191_792_2019-05-06 14:30:38.791662
0,1_1_191_784_2019-05-06 14:30:24.048986
1,1_1_191_804_2019-05-06 14:32:04.996353
0,1_1_191_793_2019-05-06 14:33:10.203912
1,1_1_191_786_2019-05-06 16:43:26.391411
0,1_1_193_829_2019-05-06 17:26:25.186928
0,1_1_179_799_2019-05-06 18:08:03.781110
0,1_1_191_802_2019-05-06 18:42:36.581430
2,1_1_191_793_2019-05-06 18:46:25.618243
0,1_1_179_791_2019-05-06 19:26:32.370249
2,1_1_179_800_2019-05-06 19:45:48.492649
2,1_1_178_823_2019-05-06 20:39:32.694507
2,1_1_191_792_2019-05-06 21:23:50.109083
0,1_1_193_819_2019-05-06 21:47:21.690865
2,1_1_178_817_2019-05-06 21:48:13.047065
2,1_1_179_799_2019-05-06 22:20:55.613092
2,1_1_193_827_2019-05-06 22:55:04.819012
2,1_1_194_821_2019-05-06 23:04:52.791991
2,1_1_193_816_2019-05-06 23:06:24.522041
2,1_1_178_823_2019-05-06 23:12:14.704526
2,1_1_193_820_2019-05-06 23:15:53.479418
2,1_1_178_817_2019-05-06 23:37:54.308736
2,1_1_178_828_2019-05-06 23:40:04.913868
2,1_1_178_824_2019-05-06 23:42:38.675074
2,1_1_194_818_2019-05-06 23:43:12.051491
2,1_1_179_797_2019-05-06 23:44:16.757026
2,1_1_194_826_2019-05-07 00:25:18.961977
2,1_1_193_816_2019-05-07 00:30:56.168364
2,1_1_194_822_2019-05-07 00:33:14.996820
2,1_1_178_824_2019-05-07 02:42:36.171291
2,1_1_193_820_2019-05-07 03:52:23.788850
0,1_1_194_826_2019-05-07 12:18:46.580477
1,1_1_194_822_2019-05-07 12:31:50.117925
1,1_1_191_789_2019-05-07 12:39:06.527606
1,1_1_178_823_2019-05-07 12:43:18.129832
1,1_1_193_819_2019-05-07 12:48:59.319660
1,1_1_179_799_2019-05-07 12:56:05.520798
0,1_1_193_825_2019-05-07 12:58:28.230090
1,1_1_193_820_2019-05-07 13:01:04.291253
0,1_1_193_829_2019-05-07 13:04:25.062479
1,1_1_178_828_2019-05-07 13:08:18.968394
0,1_1_178_824_2019-05-07 13:10:05.191888
1,1_1_193_827_2019-05-07 13:10:29.918237
1,1_1_179_787_2019-05-07 13:11:49.539132
1,1_1_193_816_2019-05-07 13:16:17.149132
0,1_1_194_821_2019-05-07 13:17:34.658893
1,1_1_178_817_2019-05-07 13:20:15.516980
0,1_1_194_818_2019-05-07 13:22:55.617377
1,1_1_179_781_2019-05-07 13:25:56.652117
1,1_1_179_815_2019-05-07 13:26:24.928465
1,1_1_179_797_2019-05-07 13:26:49.849557
1,1_1_179_777_2019-05-07 13:44:43.988262
0,1_1_179_810_2019-05-07 13:51:03.837363
1,1_1_179_788_2019-05-07 13:52:13.819096
0,1_1_179_794_2019-05-07 13:55:06.620450
0,1_1_179_796_2019-05-07 13:55:46.038386
1,1_1_191_785_2019-05-07 13:56:21.708601
0,1_1_179_791_2019-05-07 13:59:15.259048
0,1_1_179_813_2019-05-07 13:59:19.255479
1,1_1_191_808_2019-05-07 13:59:53.660008
1,1_1_179_783_2019-05-07 14:00:54.067823
0,1_1_179_798_2019-05-07 14:04:47.238199
1,1_1_179_800_2019-05-07 14:05:51.158712
0,1_1_179_801_2019-05-07 14:06:40.988224
1,1_1_179_779_2019-05-07 14:11:27.888557
0,1_1_179_790_2019-05-07 14:14:40.724887
1,1_1_191_795_2019-05-07 14:17:06.954289
1,1_1_191_807_2019-05-07 14:17:29.819414
0,1_1_191_803_2019-05-07 14:18:10.988981
1,1_1_191_780_2019-05-07 14:21:13.350527
0,1_1_191_792_2019-05-07 14:23:17.546425
0,1_1_191_812_2019-05-07 14:24:56.459712
1,1_1_179_809_2019-05-07 14:25:15.239558
1,1_1_191_805_2019-05-07 14:25:30.559320
0,1_1_191_782_2019-05-07 14:26:05.660303
1,1_1_191_806_2019-05-07 14:27:02.321655
1,1_1_191_778_2019-05-07 14:27:13.818846
0,1_1_191_802_2019-05-07 14:27:18.849897
1,1_1_191_811_2019-05-07 14:32:16.268747
1,1_1_191_804_2019-05-07 14:35:29.789152
1,1_1_191_784_2019-05-07 14:37:49.799764
0,1_1_191_786_2019-05-07 14:49:28.864144
1,1_1_191_793_2019-05-07 15:20:16.168963
0,1_1_191_782_2019-05-07 18:37:14.912894
1,1_1_179_799_2019-05-07 18:42:32.871756
2,1_1_191_802_2019-05-07 18:52:03.884202
0,1_1_191_803_2019-05-07 19:07:29.732695
0,1_1_194_818_2019-05-07 19:11:56.386103
2,1_1_191_792_2019-05-07 21:29:13.011343
2,1_1_178_817_2019-05-07 21:35:00.644872
2,1_1_179_794_2019-05-07 22:10:28.689944
2,1_1_193_819_2019-05-07 22:12:22.566472
2,1_1_193_827_2019-05-07 22:31:11.504158
2,1_1_178_828_2019-05-07 22:32:02.024588
2,1_1_178_823_2019-05-07 22:43:05.623110
2,1_1_179_798_2019-05-07 22:57:38.436012
2,1_1_179_781_2019-05-07 23:05:01.702612
2,1_1_193_829_2019-05-07 23:23:10.260568
2,1_1_194_822_2019-05-07 23:27:49.792517
2,1_1_193_819_2019-05-07 23:49:38.745773
2,1_1_191_789_2019-05-08 00:40:27.359701
2,1_1_178_823_2019-05-08 04:16:27.327702
0,1_1_194_826_2019-05-08 12:33:44.763124
1,1_1_191_789_2019-05-08 12:41:28.534486
0,1_1_193_825_2019-05-08 12:42:26.223409
2,1_1_178_823_2019-05-08 12:46:43.279188
1,1_1_193_819_2019-05-08 12:54:02.148659
1,1_1_179_799_2019-05-08 13:03:07.414926
0,1_1_179_801_2019-05-08 13:03:33.975700
1,1_1_178_817_2019-05-08 13:08:49.173909
1,1_1_193_820_2019-05-08 13:10:07.805299
1,1_1_193_827_2019-05-08 13:11:56.004548
1,1_1_194_822_2019-05-08 13:14:50.984162
0,1_1_178_828_2019-05-08 13:20:31.824137
0,1_1_193_816_2019-05-08 13:23:38.142026
1,1_1_178_824_2019-05-08 13:25:10.633124
1,1_1_193_829_2019-05-08 13:28:26.552356
1,1_1_179_787_2019-05-08 13:30:43.943672
1,1_1_194_821_2019-05-08 13:34:27.116000
0,1_1_179_788_2019-05-08 13:42:38.896227
1,1_1_179_797_2019-05-08 13:43:30.213519
1,1_1_194_818_2019-05-08 13:45:07.014973
1,1_1_179_815_2019-05-08 13:47:18.037715
0,1_1_179_783_2019-05-08 13:49:08.352247
1,1_1_179_796_2019-05-08 13:51:09.812927
0,1_1_179_790_2019-05-08 13:51:11.864785
0,1_1_179_810_2019-05-08 14:01:17.799265
1,1_1_179_800_2019-05-08 14:04:41.234338
1,1_1_179_777_2019-05-08 14:05:32.165105
1,1_1_179_809_2019-05-08 14:08:17.919581
0,1_1_179_794_2019-05-08 14:12:38.316125
1,1_1_191_812_2019-05-08 14:13:54.114567
1,1_1_191_803_2019-05-08 14:14:45.505258
1,1_1_179_779_2019-05-08 14:14:21.988888
0,1_1_179_813_2019-05-08 14:15:53.183461
0,1_1_191_802_2019-05-08 14:18:34.653066
0,1_1_191_793_2019-05-08 14:19:53.509702
1,1_1_191_806_2019-05-08 14:20:58.883043
0,1_1_191_785_2019-05-08 14:22:02.214105
1,1_1_179_791_2019-05-08 14:22:09.962089
1,1_1_191_780_2019-05-08 14:23:07.082843
1,1_1_191_778_2019-05-08 14:24:55.852948
0,1_1_191_807_2019-05-08 14:26:21.052906
0,1_1_179_798_2019-05-08 14:26:31.854117
0,1_1_191_784_2019-05-08 14:27:30.663581
1,1_1_191_811_2019-05-08 14:27:36.263703
0,1_1_191_782_2019-05-08 14:27:51.653319
0,1_1_191_792_2019-05-08 14:29:23.954362
1,1_1_191_808_2019-05-08 14:35:28.895975
1,1_1_191_786_2019-05-08 14:36:47.456874
1,1_1_191_804_2019-05-08 14:36:56.071227
1,1_1_178_823_2019-05-08 16:27:42.849032
1,1_1_179_799_2019-05-08 18:21:40.772794
0,1_1_191_802_2019-05-08 18:56:55.378851
0,1_1_179_777_2019-05-08 19:04:22.393117
0,1_1_194_822_2019-05-08 19:07:20.901665
2,1_1_194_821_2019-05-08 19:53:17.093739
0,1_1_178_817_2019-05-08 20:05:01.228020
0,1_1_191_808_2019-05-08 21:06:12.924508
2,1_1_193_819_2019-05-08 21:16:00.740471
2,1_1_179_800_2019-05-08 21:48:40.971002
2,1_1_194_821_2019-05-08 22:12:58.899256
2,1_1_178_828_2019-05-08 22:26:46.748762
2,1_1_193_820_2019-05-08 22:27:48.361407
2,1_1_179_813_2019-05-08 22:31:55.987465
2,1_1_179_801_2019-05-08 22:52:10.617274
2,1_1_193_829_2019-05-08 23:03:27.174853
2,1_1_178_823_2019-05-08 23:04:28.558014
2,1_1_178_824_2019-05-08 23:13:38.973959
2,1_1_193_827_2019-05-08 23:18:00.587106
2,1_1_193_816_2019-05-08 23:35:33.749984
1,1_1_193_829_2019-05-09 00:09:47.193021
2,1_1_178_817_2019-05-09 00:14:00.412054
2,1_1_179_815_2019-05-09 00:22:12.579093
1,1_1_193_827_2019-05-09 12:13:43.986804
0,1_1_194_826_2019-05-09 12:30:58.916748
1,1_1_178_828_2019-05-09 12:31:29.117434
1,1_1_191_789_2019-05-09 12:42:47.336025
1,1_1_178_823_2019-05-09 12:46:02.477974
0,1_1_193_825_2019-05-09 12:51:49.303594
1,1_1_193_819_2019-05-09 12:54:21.094440
1,1_1_193_820_2019-05-09 13:03:49.202676
1,1_1_179_799_2019-05-09 13:05:41.254663
1,1_1_193_816_2019-05-09 13:09:03.120068
1,1_1_179_777_2019-05-09 13:11:32.075297
1,1_1_194_822_2019-05-09 13:13:16.196691
0,1_1_179_810_2019-05-09 13:18:21.365559
1,1_1_178_824_2019-05-09 13:25:17.872736
0,1_1_178_817_2019-05-09 13:26:04.849263
1,1_1_194_821_2019-05-09 13:30:46.185500
1,1_1_179_791_2019-05-09 13:34:20.613650
1,1_1_179_797_2019-05-09 13:35:44.713476
1,1_1_179_801_2019-05-09 13:37:27.345926
1,1_1_194_818_2019-05-09 13:37:49.043499
1,1_1_179_815_2019-05-09 13:43:17.176116
0,1_1_179_809_2019-05-09 13:43:39.584225
1,1_1_179_781_2019-05-09 13:44:10.952183
1,1_1_179_796_2019-05-09 13:44:15.507203
0,1_1_179_783_2019-05-09 13:56:17.724690
1,1_1_191_808_2019-05-09 13:56:27.646103
0,1_1_179_798_2019-05-09 13:57:22.515924
1,1_1_191_785_2019-05-09 13:57:43.752120
1,1_1_179_794_2019-05-09 13:58:46.523403
1,1_1_179_790_2019-05-09 14:01:22.606522
1,1_1_179_800_2019-05-09 14:04:16.026662
0,1_1_179_779_2019-05-09 14:04:25.435940
1,1_1_191_802_2019-05-09 14:05:57.872490
0,1_1_179_813_2019-05-09 14:06:40.006533
1,1_1_179_787_2019-05-09 14:10:23.619282
0,1_1_191_792_2019-05-09 14:10:44.812072
0,1_1_191_803_2019-05-09 14:12:58.565848
1,1_1_191_782_2019-05-09 14:13:04.597411
0,1_1_191_780_2019-05-09 14:14:34.367209
0,1_1_191_793_2019-05-09 14:15:48.900178
0,1_1_191_778_2019-05-09 14:20:04.316905
1,1_1_191_805_2019-05-09 14:20:25.950325
1,1_1_191_806_2019-05-09 14:22:01.036188
0,1_1_191_795_2019-05-09 14:23:19.698862
0,1_1_191_807_2019-05-09 14:23:48.607960
1,1_1_191_812_2019-05-09 14:25:07.658221
1,1_1_191_811_2019-05-09 14:26:21.328610
2,1_1_191_786_2019-05-09 14:26:40.000672
0,1_1_191_804_2019-05-09 14:29:14.723863
0,1_1_179_799_2019-05-09 18:11:42.971768
0,1_1_191_786_2019-05-09 18:13:03.655428
0,1_1_179_779_2019-05-09 18:25:50.860091
2,1_1_191_807_2019-05-09 18:58:30.570543
0,1_1_191_804_2019-05-09 19:23:17.258736
0,1_1_179_791_2019-05-09 19:46:44.285279
2,1_1_193_819_2019-05-09 20:25:36.590659
2,1_1_179_798_2019-05-09 22:01:13.746767
2,1_1_193_825_2019-05-09 22:06:08.719690
2,1_1_191_792_2019-05-09 22:20:50.586662
2,1_1_193_816_2019-05-09 22:29:48.746599
2,1_1_178_823_2019-05-09 22:44:02.407057
2,1_1_191_803_2019-05-09 22:48:21.067901
2,1_1_178_828_2019-05-09 23:15:18.879262
2,1_1_178_824_2019-05-09 23:55:51.863738
2,1_1_194_821_2019-05-10 00:07:43.057039
2,1_1_191_795_2019-05-10 00:35:58.387806
2,1_1_191_802_2019-05-10 00:58:56.252464
1,1_1_178_823_2019-05-10 12:46:57.110965
1,1_1_193_819_2019-05-10 12:51:19.151692
0,1_1_194_826_2019-05-10 13:37:38.339266
2,1_1_193_820_2019-05-10 14:25:31.128918
1,1_1_193_827_2019-05-10 14:35:55.028571
1,1_1_191_782_2019-05-10 14:47:36.969015
1,1_1_178_828_2019-05-10 14:50:30.230851
2,1_1_194_821_2019-05-10 15:21:02.338788
0,1_1_178_817_2019-05-10 15:25:36.242541
2,1_1_194_822_2019-05-10 15:36:03.023254
0,1_1_179_783_2019-05-10 15:36:15.342111
0,1_1_193_825_2019-05-10 15:53:32.740454
2,1_1_178_824_2019-05-10 16:01:04.119255
2,1_1_179_815_2019-05-10 16:33:15.423281
0,1_1_193_816_2019-05-10 16:35:15.940710
0,1_1_194_818_2019-05-10 16:52:08.883943
0,1_1_193_829_2019-05-10 16:54:46.460886
0,1_1_194_821_2019-05-10 16:58:14.482004
2,1_1_179_800_2019-05-10 17:02:00.140101
2,1_1_178_824_2019-05-10 17:25:43.411084
0,1_1_179_787_2019-05-10 17:48:33.917239
1,1_1_179_796_2019-05-10 18:01:11.117430
2,1_1_179_781_2019-05-10 18:02:17.521988
2,1_1_193_820_2019-05-10 19:24:44.829821
2,1_1_193_825_2019-05-10 19:31:43.671276
2,1_1_193_819_2019-05-10 20:13:59.352417
2,1_1_193_816_2019-05-10 20:50:42.152992
2,1_1_178_817_2019-05-10 21:10:52.363715
1,1_1_178_824_2019-05-10 21:22:11.484667
0,1_1_179_810_2019-05-10 21:38:50.861211
2,1_1_194_826_2019-05-10 22:02:42.316235
2,1_1_194_818_2019-05-10 22:22:30.603246
2,1_1_178_823_2019-05-11 12:52:39.158943
2,1_1_194_821_2019-05-11 13:35:48.878217
2,1_1_194_826_2019-05-11 13:44:39.017680
2,1_1_193_816_2019-05-11 14:56:49.346953
1,1_1_179_788_2019-05-11 18:21:44.258656
2,1_1_194_821_2019-05-11 19:43:25.143703
2,1_1_178_828_2019-05-11 21:15:02.887784
0,1_1_194_822_2019-05-12 15:16:51.898689
2,1_1_193_825_2019-05-12 15:35:30.784770
2,1_1_193_829_2019-05-12 18:52:26.431075
2,1_1_178_817_2019-05-12 19:23:16.290580
2,1_1_178_828_2019-05-12 21:30:44.668858
0,1_1_194_826_2019-05-13 11:26:12.008005
1,1_1_194_822_2019-05-13 11:42:49.217316
0,1_1_178_828_2019-05-13 12:19:14.805769
2,1_1_194_821_2019-05-13 12:37:09.678037
1,1_1_178_823_2019-05-13 12:45:36.479884
1,1_1_193_827_2019-05-13 12:52:54.278243
1,1_1_191_789_2019-05-13 12:55:20.352344
1,1_1_193_819_2019-05-13 13:01:16.124673
0,1_1_179_783_2019-05-13 13:03:13.396532
1,1_1_179_799_2019-05-13 13:10:33.541570
1,1_1_179_810_2019-05-13 13:11:05.056549
0,1_1_193_825_2019-05-13 13:12:09.138228
1,1_1_193_820_2019-05-13 13:15:56.832528
0,1_1_193_829_2019-05-13 13:25:01.424228
0,1_1_194_818_2019-05-13 13:25:45.719888
1,1_1_178_817_2019-05-13 13:27:13.251922
1,1_1_179_787_2019-05-13 13:27:51.788618
1,1_1_179_815_2019-05-13 13:36:26.499075
1,1_1_179_791_2019-05-13 13:38:03.031669
0,1_1_179_794_2019-05-13 13:38:23.462788
1,1_1_193_816_2019-05-13 13:41:56.361910
0,1_1_178_824_2019-05-13 13:44:48.181093
1,1_1_179_781_2019-05-13 13:45:07.813025
1,1_1_179_800_2019-05-13 13:46:42.604753
0,1_1_179_809_2019-05-13 13:51:22.251746
0,1_1_179_797_2019-05-13 13:54:29.780940
1,1_1_191_812_2019-05-13 13:54:37.570093
1,1_1_179_801_2019-05-13 13:55:23.112323
1,1_1_191_802_2019-05-13 13:55:34.509968
0,1_1_179_788_2019-05-13 14:00:09.381141
1,1_1_179_798_2019-05-13 14:00:20.449435
0,1_1_191_778_2019-05-13 14:02:24.719976
0,1_1_179_779_2019-05-13 14:09:20.862237
0,1_1_179_813_2019-05-13 14:10:50.662382
1,1_1_179_790_2019-05-13 14:13:15.174468
1,1_1_191_780_2019-05-13 14:16:38.570809
0,1_1_191_795_2019-05-13 14:16:10.496234
1,1_1_194_821_2019-05-13 14:17:50.232412
1,1_1_191_808_2019-05-13 14:22:41.672872
0,1_1_191_782_2019-05-13 14:22:57.922569
1,1_1_191_811_2019-05-13 14:23:31.422265
1,1_1_191_805_2019-05-13 14:23:32.827036
0,1_1_191_806_2019-05-13 14:26:15.242472
1,1_1_191_785_2019-05-13 14:28:42.292687
0,1_1_191_792_2019-05-13 14:30:19.092589
1,1_1_191_784_2019-05-13 14:31:45.443432
0,1_1_191_804_2019-05-13 14:32:50.835003
1,1_1_191_786_2019-05-13 14:36:13.034681
0,1_1_191_793_2019-05-13 14:36:48.718319
1,1_1_191_803_2019-05-13 14:38:20.963114
2,1_1_191_807_2019-05-13 18:22:04.427780
0,1_1_191_778_2019-05-13 18:27:57.217318
2,1_1_193_829_2019-05-13 18:50:23.597359
2,1_1_191_806_2019-05-13 19:04:50.960744
2,1_1_191_792_2019-05-13 19:10:10.504344
0,1_1_179_791_2019-05-13 19:13:59.713886
2,1_1_193_819_2019-05-13 20:43:42.762949
0,1_1_193_829_2019-05-13 20:47:49.508913
2,1_1_191_807_2019-05-13 21:19:20.447142
2,1_1_193_825_2019-05-13 21:20:44.076153
2,1_1_194_822_2019-05-13 21:41:24.793252
2,1_1_178_824_2019-05-13 21:48:23.453176
2,1_1_179_783_2019-05-13 22:20:23.493121
2,1_1_179_799_2019-05-13 22:23:42.384101
2,1_1_193_820_2019-05-13 22:29:48.873272
2,1_1_191_780_2019-05-13 22:35:47.920662
2,1_1_178_823_2019-05-13 22:39:35.985177
2,1_1_179_787_2019-05-13 22:52:35.532353
2,1_1_191_807_2019-05-13 23:01:24.190826
2,1_1_191_792_2019-05-13 23:04:23.020358
2,1_1_193_816_2019-05-13 23:09:20.120176
2,1_1_179_791_2019-05-13 23:12:04.668718
2,1_1_178_817_2019-05-13 23:25:52.599461
2,1_1_178_823_2019-05-13 23:29:27.318875
2,1_1_179_794_2019-05-13 23:38:29.516195
2,1_1_194_818_2019-05-14 00:13:24.948228
2,1_1_193_827_2019-05-14 01:20:50.822852
1,1_1_194_818_2019-05-14 04:37:54.131503
1,1_1_194_826_2019-05-14 11:30:14.078183
0,1_1_194_822_2019-05-14 11:33:17.671679
1,1_1_194_821_2019-05-14 12:08:58.746820
0,1_1_178_828_2019-05-14 12:26:55.609605
1,1_1_191_789_2019-05-14 12:43:54.153320
1,1_1_178_823_2019-05-14 12:45:51.694412
1,1_1_179_815_2019-05-14 12:45:52.312598
1,1_1_193_819_2019-05-14 12:56:51.622150
0,1_1_193_825_2019-05-14 13:00:54.921765
0,1_1_179_799_2019-05-14 13:02:13.432810
1,1_1_193_827_2019-05-14 13:08:19.813407
1,1_1_193_820_2019-05-14 13:12:39.591415
1,1_1_179_800_2019-05-14 13:19:34.887204
0,1_1_193_816_2019-05-14 13:21:38.549708
1,1_1_178_817_2019-05-14 13:27:16.720227
1,1_1_179_787_2019-05-14 13:31:59.740143
1,1_1_193_829_2019-05-14 13:37:13.962886
0,1_1_178_824_2019-05-14 13:40:27.931791
1,1_1_179_797_2019-05-14 13:54:17.674361
0,1_1_194_818_2019-05-14 13:55:06.772285
1,1_1_179_796_2019-05-14 13:58:13.114402
0,1_1_179_810_2019-05-14 14:00:02.223199
1,1_1_191_802_2019-05-14 14:00:30.117459
1,1_1_179_783_2019-05-14 14:00:33.229830
1,1_1_179_791_2019-05-14 14:03:08.003535
0,1_1_179_790_2019-05-14 14:03:55.623129
1,1_1_179_781_2019-05-14 14:05:05.302551
1,1_1_179_798_2019-05-14 14:06:03.580926
1,1_1_191_808_2019-05-14 14:06:27.814224
1,1_1_179_777_2019-05-14 14:07:01.284344
0,1_1_179_788_2019-05-14 14:08:46.192644
0,1_1_179_801_2019-05-14 14:09:18.612795
0,1_1_179_779_2019-05-14 14:10:47.781142
0,1_1_179_794_2019-05-14 14:19:37.888516
1,1_1_191_795_2019-05-14 14:26:42.771523
0,1_1_191_785_2019-05-14 14:26:47.753048
1,1_1_191_782_2019-05-14 14:29:16.092942
0,1_1_191_780_2019-05-14 14:33:23.193171
0,1_1_179_813_2019-05-14 14:34:33.453238
0,1_1_191_803_2019-05-14 14:34:47.474404
0,1_1_191_805_2019-05-14 14:38:54.611698
1,1_1_191_792_2019-05-14 14:40:53.642721
1,1_1_191_806_2019-05-14 14:41:31.304993
1,1_1_191_804_2019-05-14 14:41:58.341328
1,1_1_191_793_2019-05-14 14:43:54.204077
0,1_1_191_778_2019-05-14 14:44:30.972601
1,1_1_191_811_2019-05-14 14:45:19.784876
0,1_1_191_786_2019-05-14 14:47:22.402872
1,1_1_191_812_2019-05-14 14:48:05.042761
1,1_1_191_784_2019-05-14 14:48:06.362850
0,1_1_179_801_2019-05-14 18:05:37.438564
1,1_1_178_828_2019-05-14 18:36:29.938759
2,1_1_179_810_2019-05-14 18:45:32.327733
0,1_1_191_804_2019-05-14 18:46:29.595069
0,1_1_191_785_2019-05-14 18:59:10.012065
2,1_1_191_807_2019-05-14 19:07:03.246151
2,1_1_191_792_2019-05-14 19:47:05.265946
2,1_1_179_813_2019-05-14 19:56:30.491275
0,1_1_179_810_2019-05-14 20:34:53.525165
0,1_1_194_818_2019-05-14 21:01:16.592083
2,1_1_179_800_2019-05-14 21:26:03.713142
2,1_1_193_827_2019-05-14 21:31:41.182903
2,1_1_193_819_2019-05-14 21:37:53.531972
0,1_1_193_825_2019-05-14 21:38:52.065858
2,1_1_194_821_2019-05-14 21:44:23.342838
2,1_1_179_809_2019-05-14 21:56:04.573892
2,1_1_191_807_2019-05-14 21:59:27.460966
2,1_1_178_824_2019-05-14 22:02:14.063914
2,1_1_179_815_2019-05-14 22:20:41.244406
2,1_1_194_822_2019-05-14 22:22:47.402130
2,1_1_178_817_2019-05-14 23:13:35.267878
2,1_1_193_829_2019-05-14 23:29:07.097247
2,1_1_193_816_2019-05-14 23:33:14.501173
2,1_1_179_783_2019-05-14 23:41:17.025538
2,1_1_178_823_2019-05-15 03:34:37.083196
1,1_1_191_789_2019-05-15 12:39:50.805620
1,1_1_178_823_2019-05-15 12:47:10.026871
1,1_1_194_822_2019-05-15 12:56:10.714375
1,1_1_193_819_2019-05-15 13:01:30.774140
0,1_1_179_799_2019-05-15 13:01:42.205114
0,1_1_194_826_2019-05-15 13:01:53.403815
1,1_1_193_827_2019-05-15 13:02:01.001235
0,1_1_179_810_2019-05-15 13:06:45.601888
1,1_1_193_829_2019-05-15 13:14:01.176465
0,1_1_178_824_2019-05-15 13:24:13.134578
1,1_1_194_821_2019-05-15 13:25:33.434776
1,1_1_179_787_2019-05-15 13:26:12.385434
0,1_1_179_796_2019-05-15 13:26:53.134599
1,1_1_178_828_2019-05-15 13:27:52.553090
0,1_1_193_825_2019-05-15 13:29:48.605036
1,1_1_193_820_2019-05-15 13:30:36.214811
1,1_1_179_815_2019-05-15 13:33:32.974250
0,1_1_178_817_2019-05-15 13:33:42.471697
1,1_1_179_797_2019-05-15 13:38:55.177008
1,1_1_179_791_2019-05-15 13:40:43.775842
2,1_1_193_816_2019-05-15 13:42:19.802976
1,1_1_194_818_2019-05-15 13:42:37.736112
0,1_1_179_809_2019-05-15 13:42:53.145400
1,1_1_179_794_2019-05-15 13:44:05.696781
1,1_1_179_813_2019-05-15 13:47:47.098043
0,1_1_179_801_2019-05-15 13:52:49.735981
1,1_1_179_777_2019-05-15 13:54:08.227369
0,1_1_179_800_2019-05-15 13:55:30.265526
0,1_1_179_788_2019-05-15 13:55:50.452379
1,1_1_179_781_2019-05-15 13:56:52.267232
1,1_1_179_790_2019-05-15 13:59:35.507055
1,1_1_191_785_2019-05-15 13:59:43.955934
0,1_1_179_783_2019-05-15 14:00:21.488632
0,1_1_179_798_2019-05-15 14:02:58.659159
1,1_1_191_808_2019-05-15 14:05:51.897670
0,1_1_179_779_2019-05-15 14:06:27.565161
1,1_1_191_812_2019-05-15 14:06:38.171542
1,1_1_191_780_2019-05-15 14:08:49.019792
0,1_1_191_795_2019-05-15 14:11:02.657465
1,1_1_191_782_2019-05-15 14:11:23.884517
0,1_1_191_803_2019-05-15 14:11:36.016645
1,1_1_191_802_2019-05-15 14:13:02.674962
0,1_1_191_778_2019-05-15 14:16:44.347717
0,1_1_191_806_2019-05-15 14:18:09.343806
0,1_1_191_807_2019-05-15 14:18:23.346765
0,1_1_191_811_2019-05-15 14:18:59.536553
0,1_1_191_805_2019-05-15 14:21:37.653012
0,1_1_191_804_2019-05-15 14:22:08.165096
1,1_1_191_792_2019-05-15 14:26:38.577047
1,1_1_191_784_2019-05-15 14:29:46.717691
1,1_1_191_793_2019-05-15 14:30:22.215846
0,1_1_191_786_2019-05-15 14:31:48.286731
2,1_1_193_816_2019-05-15 18:29:20.709708
1,1_1_179_798_2019-05-15 18:32:27.592352
0,1_1_191_805_2019-05-15 18:55:30.493586
2,1_1_191_785_2019-05-15 19:39:09.555270
2,1_1_179_794_2019-05-15 19:40:51.566539
2,1_1_193_816_2019-05-15 20:21:23.559888
1,1_1_193_819_2019-05-15 20:33:34.556474
2,1_1_178_823_2019-05-15 20:54:18.060266
0,1_1_178_817_2019-05-15 21:11:05.341841
2,1_1_193_829_2019-05-15 21:37:27.190105
2,1_1_191_805_2019-05-15 21:56:31.016741
2,1_1_191_782_2019-05-15 22:06:38.763643
2,1_1_179_799_2019-05-15 22:11:22.187706
2,1_1_179_777_2019-05-15 22:13:13.952650
2,1_1_193_825_2019-05-15 22:17:55.793309
2,1_1_179_787_2019-05-15 22:47:13.853156
2,1_1_179_815_2019-05-15 22:51:52.935568
2,1_1_179_796_2019-05-15 22:58:14.413486
2,1_1_179_813_2019-05-15 22:59:40.781287
2,1_1_194_822_2019-05-15 23:19:55.568487
2,1_1_194_821_2019-05-15 23:25:19.965003
2,1_1_191_807_2019-05-16 00:53:45.518651
2,1_1_194_826_2019-05-16 01:35:21.114577
1,1_1_194_821_2019-05-16 04:43:16.866092
0,1_1_194_826_2019-05-16 11:40:10.940474
1,1_1_194_818_2019-05-16 12:12:18.794272
1,1_1_194_822_2019-05-16 12:15:04.637240
1,1_1_191_789_2019-05-16 12:46:09.175521
1,1_1_193_819_2019-05-16 12:50:39.904770
1,1_1_178_823_2019-05-16 12:52:16.857543
0,1_1_179_810_2019-05-16 12:53:56.459716
1,1_1_193_827_2019-05-16 13:01:17.114094
0,1_1_178_817_2019-05-16 13:10:09.499455
1,1_1_193_820_2019-05-16 13:12:15.456954
0,1_1_178_824_2019-05-16 13:25:30.925500
0,1_1_193_825_2019-05-16 13:25:39.802192
1,1_1_178_828_2019-05-16 13:26:02.169912
1,1_1_179_787_2019-05-16 13:27:11.053184
1,1_1_193_829_2019-05-16 13:38:30.903244
1,1_1_191_802_2019-05-16 13:56:49.202242
1,1_1_179_799_2019-05-16 13:58:54.897926
1,1_1_191_808_2019-05-16 14:03:06.755110
1,1_1_194_821_2019-05-16 14:03:11.232996
1,1_1_179_815_2019-05-16 14:03:45.635239
0,1_1_193_816_2019-05-16 14:04:49.885074
1,1_1_179_800_2019-05-16 14:05:33.083134
0,1_1_179_783_2019-05-16 14:06:55.427577
1,1_1_179_798_2019-05-16 14:08:02.294959
0,1_1_179_791_2019-05-16 14:11:07.863221
1,1_1_179_794_2019-05-16 14:11:40.424772
0,1_1_179_796_2019-05-16 14:12:11.853110
1,1_1_179_781_2019-05-16 14:13:32.771527
0,1_1_191_795_2019-05-16 14:13:55.374168
1,1_1_179_777_2019-05-16 14:14:44.810053
0,1_1_179_788_2019-05-16 14:20:41.001784
1,1_1_179_809_2019-05-16 14:21:00.764416
1,1_1_191_785_2019-05-16 14:26:11.823201
0,1_1_179_790_2019-05-16 14:30:23.631346
1,1_1_191_805_2019-05-16 14:31:16.579570
1,1_1_179_801_2019-05-16 14:37:09.772268
1,1_1_191_780_2019-05-16 14:38:29.799509
1,1_1_179_797_2019-05-16 14:38:56.522376
0,1_1_179_779_2019-05-16 14:38:58.260878
1,1_1_191_782_2019-05-16 14:42:31.401333
1,1_1_179_813_2019-05-16 14:42:50.648786
0,1_1_191_778_2019-05-16 14:46:17.772800
1,1_1_191_807_2019-05-16 14:47:26.086782
1,1_1_191_806_2019-05-16 14:48:43.173863
1,1_1_191_803_2019-05-16 14:49:17.290499
0,1_1_191_812_2019-05-16 14:51:09.650644
1,1_1_191_792_2019-05-16 14:56:59.200284
0,1_1_191_811_2019-05-16 14:58:39.812203
1,1_1_191_784_2019-05-16 15:02:17.247672
1,1_1_191_786_2019-05-16 15:07:58.785415
0,1_1_191_804_2019-05-16 15:09:13.545447
1,1_1_191_793_2019-05-16 15:13:15.173027
0,1_1_178_824_2019-05-16 18:26:46.856005
0,1_1_191_795_2019-05-16 19:31:30.330680
0,1_1_179_799_2019-05-16 19:36:34.144084
2,1_1_191_792_2019-05-16 19:46:46.006381
0,1_1_193_816_2019-05-16 20:06:13.171771
2,1_1_191_780_2019-05-16 20:08:30.628858
2,1_1_178_817_2019-05-16 21:06:32.881730
2,1_1_191_811_2019-05-16 21:27:20.886854
2,1_1_193_819_2019-05-16 21:33:55.288167
2,1_1_179_797_2019-05-16 21:56:09.742539
2,1_1_193_820_2019-05-16 21:57:17.321574
2,1_1_194_818_2019-05-16 21:58:49.036241
2,1_1_179_791_2019-05-16 22:15:46.312188
2,1_1_178_828_2019-05-16 22:21:58.340663
2,1_1_178_823_2019-05-16 22:38:03.754302
2,1_1_193_827_2019-05-16 23:00:46.052064
2,1_1_191_792_2019-05-16 23:12:23.931853
2,1_1_178_817_2019-05-16 23:18:21.956511
2,1_1_193_829_2019-05-16 23:39:12.278012
0,1_1_194_822_2019-05-16 23:38:58.806873
2,1_1_179_796_2019-05-16 23:51:28.767813
2,1_1_193_825_2019-05-17 00:01:09.999349
2,1_1_178_828_2019-05-17 00:24:59.127765
2,1_1_191_795_2019-05-17 01:19:25.799223
2,1_1_194_821_2019-05-17 02:01:34.578562
2,1_1_194_826_2019-05-17 04:01:24.950625
2,1_1_178_823_2019-05-17 04:18:20.460299
1,1_1_194_826_2019-05-17 12:18:51.484113
2,1_1_193_819_2019-05-17 12:29:14.613713
1,1_1_178_823_2019-05-17 12:42:52.701297
1,1_1_191_789_2019-05-17 12:51:20.602558
1,1_1_193_827_2019-05-17 12:57:24.026297
1,1_1_194_821_2019-05-17 13:10:30.518633
1,1_1_191_808_2019-05-17 13:11:55.424900
1,1_1_193_816_2019-05-17 13:13:56.804033
1,1_1_193_820_2019-05-17 13:13:54.520534
0,1_1_194_822_2019-05-17 13:18:34.297431
0,1_1_193_825_2019-05-17 13:25:43.313879
0,1_1_178_828_2019-05-17 13:26:30.642174
0,1_1_179_799_2019-05-17 13:27:35.284042
1,1_1_179_787_2019-05-17 13:29:32.306380
1,1_1_179_783_2019-05-17 13:39:39.818448
1,1_1_178_817_2019-05-17 13:41:14.353783
1,1_1_193_819_2019-05-17 13:42:12.670376
1,1_1_178_824_2019-05-17 13:47:49.918246
0,1_1_193_829_2019-05-17 13:48:37.458791
0,1_1_179_800_2019-05-17 13:49:15.471389
0,1_1_179_815_2019-05-17 13:50:28.129746
1,1_1_191_785_2019-05-17 13:50:47.349651
1,1_1_179_781_2019-05-17 13:52:46.899880
0,1_1_179_796_2019-05-17 13:54:58.973834
1,1_1_179_777_2019-05-17 13:58:56.232482
0,1_1_179_810_2019-05-17 14:03:56.390608
0,1_1_179_809_2019-05-17 14:05:47.353089
1,1_1_191_803_2019-05-17 14:08:29.450469
0,1_1_179_791_2019-05-17 14:09:32.720245
1,1_1_191_812_2019-05-17 14:12:24.349107
2,1_1_179_797_2019-05-17 14:13:50.782267
1,1_1_179_794_2019-05-17 14:14:27.093183
0,1_1_191_792_2019-05-17 14:14:29.704179
0,1_1_191_802_2019-05-17 14:15:08.332410
0,1_1_179_788_2019-05-17 14:16:01.190527
1,1_1_179_779_2019-05-17 14:17:17.783473
1,1_1_179_798_2019-05-17 14:17:57.478344
1,1_1_179_801_2019-05-17 14:18:35.931591
0,1_1_191_806_2019-05-17 14:20:08.053245
0,1_1_179_813_2019-05-17 14:24:45.208919
1,1_1_191_805_2019-05-17 14:25:09.353482
1,1_1_191_782_2019-05-17 14:25:30.315984
0,1_1_191_780_2019-05-17 14:25:49.681704
0,1_1_191_807_2019-05-17 14:26:42.368945
1,1_1_179_790_2019-05-17 14:26:46.684086
1,1_1_191_795_2019-05-17 14:27:03.030850
0,1_1_191_811_2019-05-17 14:30:21.079088
1,1_1_191_784_2019-05-17 14:31:56.184610
1,1_1_191_804_2019-05-17 14:34:05.823270
0,1_1_191_793_2019-05-17 14:35:09.284431
1,1_1_179_810_2019-05-17 18:29:36.473513
1,1_1_179_797_2019-05-17 18:31:45.841275
0,1_1_178_828_2019-05-17 18:49:10.201851
0,1_1_191_802_2019-05-17 19:06:25.366422
1,1_1_191_804_2019-05-17 19:40:52.462367
2,1_1_179_813_2019-05-17 20:01:48.743088
2,1_1_193_819_2019-05-17 20:42:56.614581
2,1_1_194_818_2019-05-17 20:47:17.073251
2,1_1_193_820_2019-05-17 21:06:58.415040
2,1_1_193_827_2019-05-17 21:23:34.885542
2,1_1_191_793_2019-05-17 22:05:54.267923
0,1_1_191_789_2019-05-17 22:06:07.835489
2,1_1_191_803_2019-05-17 22:16:09.049048
2,1_1_193_816_2019-05-17 22:21:26.800161
2,1_1_193_829_2019-05-17 22:29:50.175292
2,1_1_194_822_2019-05-17 22:42:17.272330
2,1_1_191_806_2019-05-17 22:52:41.109361
2,1_1_193_825_2019-05-17 23:00:48.725638
2,1_1_178_824_2019-05-17 23:08:15.619423
2,1_1_193_819_2019-05-17 23:26:40.761923
2,1_1_178_823_2019-05-18 01:44:22.917193
2,1_1_193_819_2019-05-18 02:38:31.509999
0,1_1_194_822_2019-05-18 14:10:19.339352
2,1_1_194_822_2019-05-18 18:04:24.090485
2,1_1_193_829_2019-05-18 19:35:07.144605
2,1_1_193_819_2019-05-18 20:12:59.055315
0,1_1_193_825_2019-05-19 14:32:02.544938
2,1_1_178_828_2019-05-19 15:29:42.059977
2,1_1_193_827_2019-05-19 15:56:44.864546
0,1_1_193_820_2019-05-19 16:13:11.254544
2,1_1_178_817_2019-05-19 17:04:45.877851
2,1_1_193_827_2019-05-19 19:01:41.882302
1,1_1_194_821_2019-05-20 04:41:44.980235
0,1_1_194_826_2019-05-20 11:35:05.828252
1,1_1_194_822_2019-05-20 12:35:44.267783
0,1_1_193_825_2019-05-20 12:50:21.746977
1,1_1_193_819_2019-05-20 12:51:36.228102
1,1_1_191_789_2019-05-20 12:54:37.830110
1,1_1_178_817_2019-05-20 12:59:37.869285
0,1_1_178_824_2019-05-20 13:00:17.918581
0,1_1_178_828_2019-05-20 13:02:01.610630
1,1_1_178_823_2019-05-20 13:08:04.053598
1,1_1_193_827_2019-05-20 13:09:27.365834
1,1_1_193_820_2019-05-20 13:11:10.879064
0,1_1_193_816_2019-05-20 13:23:31.536032
1,1_1_194_818_2019-05-20 13:24:43.117536
1,1_1_179_787_2019-05-20 13:34:02.480248
0,1_1_179_799_2019-05-20 13:37:11.104139
1,1_1_193_829_2019-05-20 13:40:53.254424
1,1_1_179_796_2019-05-20 13:43:00.627311
1,1_1_179_791_2019-05-20 13:45:52.228138
1,1_1_179_815_2019-05-20 13:49:49.336087
0,1_1_179_809_2019-05-20 13:51:06.714428
1,1_1_191_802_2019-05-20 13:53:07.596312
0,1_1_179_810_2019-05-20 13:54:34.265229
1,1_1_179_797_2019-05-20 13:54:58.247399
0,1_1_194_821_2019-05-20 13:55:12.092005
1,1_1_179_781_2019-05-20 13:55:22.681964
1,1_1_179_788_2019-05-20 13:56:40.128458
2,1_1_179_777_2019-05-20 13:59:50.434815
0,1_1_179_783_2019-05-20 14:00:00.706945
0,1_1_179_798_2019-05-20 14:01:12.863224
1,1_1_191_812_2019-05-20 14:03:03.419953
1,1_1_179_794_2019-05-20 14:04:25.365355
2,1_1_179_779_2019-05-20 14:04:28.915841
0,1_1_191_803_2019-05-20 14:06:21.146843
0,1_1_191_780_2019-05-20 14:06:32.620886
1,1_1_179_801_2019-05-20 14:06:40.997138
1,1_1_179_790_2019-05-20 14:07:00.044182
0,1_1_191_778_2019-05-20 14:10:22.528512
1,1_1_191_808_2019-05-20 14:11:43.662649
1,1_1_179_813_2019-05-20 14:12:30.895792
1,1_1_191_795_2019-05-20 14:16:14.509023
0,1_1_191_807_2019-05-20 14:16:25.301600
1,1_1_191_806_2019-05-20 14:17:43.547600
1,1_1_191_792_2019-05-20 14:22:41.934449
0,1_1_191_793_2019-05-20 14:23:58.380451
0,1_1_191_784_2019-05-20 14:24:14.020707
1,1_1_191_785_2019-05-20 14:24:39.456969
1,1_1_191_805_2019-05-20 14:28:04.899045
0,1_1_191_811_2019-05-20 14:28:07.019641
1,1_1_191_782_2019-05-20 14:28:57.709621
0,1_1_191_804_2019-05-20 14:29:44.160835
0,1_1_191_786_2019-05-20 14:30:18.201538
0,1_1_179_779_2019-05-20 16:43:57.151938
0,1_1_191_804_2019-05-20 18:47:11.692144
0,1_1_179_777_2019-05-20 19:01:53.653653
0,1_1_179_800_2019-05-20 19:56:11.310359
2,1_1_179_791_2019-05-20 20:21:38.861207
2,1_1_193_819_2019-05-20 21:19:53.140647
2,1_1_193_825_2019-05-20 21:24:05.947890
0,1_1_178_828_2019-05-20 21:28:57.333725
2,1_1_178_817_2019-05-20 21:31:19.847577
2,1_1_179_815_2019-05-20 21:47:22.088879
2,1_1_179_810_2019-05-20 22:09:58.747070
2,1_1_191_811_2019-05-20 22:10:49.078350
2,1_1_193_820_2019-05-20 22:37:15.249629
2,1_1_179_798_2019-05-20 22:46:11.144428
2,1_1_194_821_2019-05-20 23:36:00.663227
2,1_1_194_822_2019-05-20 23:57:52.486345
2,1_1_191_795_2019-05-21 00:05:30.108559
0,1_1_179_809_2019-05-21 00:09:59.856234
2,1_1_193_829_2019-05-21 00:16:48.387663
2,1_1_178_823_2019-05-21 00:44:34.957075
2,1_1_179_796_2019-05-21 01:09:20.748983
2,1_1_178_823_2019-05-21 07:07:48.701026
0,1_1_194_826_2019-05-21 11:36:28.194909
1,1_1_194_822_2019-05-21 12:16:29.388835
1,1_1_191_789_2019-05-21 12:44:03.375933
0,1_1_178_823_2019-05-21 12:46:50.511270
1,1_1_193_819_2019-05-21 12:47:19.355011
0,1_1_179_799_2019-05-21 12:48:23.246469
0,1_1_193_825_2019-05-21 12:59:29.125060
1,1_1_179_815_2019-05-21 13:00:33.518833
1,1_1_193_820_2019-05-21 13:04:42.266881
1,1_1_193_827_2019-05-21 13:13:11.247760
1,1_1_178_828_2019-05-21 13:13:52.466951
1,1_1_193_829_2019-05-21 13:16:22.516036
1,1_1_179_810_2019-05-21 13:16:35.748427
0,1_1_193_816_2019-05-21 13:24:10.757307
1,1_1_178_817_2019-05-21 13:24:26.738941
0,1_1_194_821_2019-05-21 13:26:34.714775
1,1_1_179_787_2019-05-21 13:32:15.537567
1,1_1_179_783_2019-05-21 13:34:51.204480
0,1_1_178_824_2019-05-21 13:41:55.371269
1,1_1_194_818_2019-05-21 13:42:42.339066
0,1_1_179_788_2019-05-21 13:43:32.420222
0,1_1_179_796_2019-05-21 13:43:55.280002
1,1_1_179_781_2019-05-21 13:48:59.847373
0,1_1_179_791_2019-05-21 13:49:44.230520
0,1_1_191_811_2019-05-21 13:49:57.149557
0,1_1_179_800_2019-05-21 13:52:58.908338
1,1_1_191_808_2019-05-21 13:58:54.591236
1,1_1_179_777_2019-05-21 14:03:22.356183
1,1_1_179_797_2019-05-21 14:04:13.341616
0,1_1_179_794_2019-05-21 14:04:21.079976
1,1_1_179_801_2019-05-21 14:08:29.051653
1,1_1_179_798_2019-05-21 14:10:44.543361
0,1_1_179_790_2019-05-21 14:13:06.347617
1,1_1_179_779_2019-05-21 14:14:04.296444
0,1_1_191_803_2019-05-21 14:14:41.171411
1,1_1_191_792_2019-05-21 14:18:02.202451
1,1_1_191_812_2019-05-21 14:19:20.364823
1,1_1_191_807_2019-05-21 14:22:23.191709
1,1_1_191_805_2019-05-21 14:24:31.535172
0,1_1_191_802_2019-05-21 14:26:13.517578
1,1_1_191_780_2019-05-21 14:27:21.409779
1,1_1_191_782_2019-05-21 14:27:34.527166
0,1_1_191_795_2019-05-21 14:27:43.130321
0,1_1_191_784_2019-05-21 14:29:33.163286
0,1_1_191_804_2019-05-21 14:29:39.979596
0,1_1_191_778_2019-05-21 14:29:45.062265
1,1_1_191_806_2019-05-21 14:30:27.324112
1,1_1_191_793_2019-05-21 14:34:01.008849
0,1_1_191_786_2019-05-21 14:35:56.572326
1,1_1_179_813_2019-05-21 14:37:51.561236
0,1_1_194_821_2019-05-21 18:34:53.143845
0,1_1_191_785_2019-05-21 18:59:48.451961
2,1_1_178_823_2019-05-21 20:02:25.121953
0,1_1_191_811_2019-05-21 20:07:32.401913
2,1_1_179_787_2019-05-21 20:13:21.244731
0,1_1_179_781_2019-05-21 20:24:42.448217
2,1_1_193_825_2019-05-21 21:17:27.661773
2,1_1_193_819_2019-05-21 22:03:29.039063
2,1_1_178_824_2019-05-21 22:14:00.780376
2,1_1_193_816_2019-05-21 22:22:09.078797
2,1_1_191_789_2019-05-21 22:23:04.785590
2,1_1_193_827_2019-05-21 22:24:29.395144
2,1_1_179_815_2019-05-21 22:32:40.929540
2,1_1_178_828_2019-05-21 22:54:37.108461
2,1_1_179_796_2019-05-21 22:55:41.208055
2,1_1_178_823_2019-05-21 23:04:52.364754
2,1_1_194_821_2019-05-22 01:40:24.107170
1,1_1_178_823_2019-05-22 01:56:41.342444
2,1_1_194_822_2019-05-22 03:35:43.482244
0,1_1_194_826_2019-05-22 11:51:42.086806
1,1_1_191_789_2019-05-22 12:38:04.818709
1,1_1_194_822_2019-05-22 12:38:30.297957
1,1_1_178_823_2019-05-22 12:43:09.261294
1,1_1_193_819_2019-05-22 12:54:36.179613
1,1_1_193_820_2019-05-22 12:55:42.048346
2,1_1_193_827_2019-05-22 13:03:19.640891
1,1_1_193_816_2019-05-22 13:11:45.744683
0,1_1_179_799_2019-05-22 13:18:44.085452
2,1_1_178_817_2019-05-22 13:21:32.593154
0,1_1_193_825_2019-05-22 13:26:32.226640
1,1_1_178_824_2019-05-22 13:27:23.535740
1,1_1_194_821_2019-05-22 13:27:29.487411
0,1_1_179_810_2019-05-22 13:32:48.185706
1,1_1_179_809_2019-05-22 13:34:24.787126
1,1_1_179_787_2019-05-22 13:35:28.092320
1,1_1_178_828_2019-05-22 13:41:15.377369
1,1_1_179_815_2019-05-22 13:46:04.153382
1,1_1_191_785_2019-05-22 13:47:20.349957
1,1_1_179_800_2019-05-22 13:50:36.789581
1,1_1_179_791_2019-05-22 13:52:49.839905
0,1_1_194_818_2019-05-22 13:53:12.097192
1,1_1_193_829_2019-05-22 13:56:41.259019
0,1_1_179_781_2019-05-22 14:00:44.590401
0,1_1_179_783_2019-05-22 14:00:55.397708
1,1_1_191_808_2019-05-22 14:05:47.820746
1,1_1_179_777_2019-05-22 14:06:02.970864
1,1_1_179_796_2019-05-22 14:06:10.860097
0,1_1_179_788_2019-05-22 14:09:49.278190
0,1_1_191_778_2019-05-22 14:10:30.564843
0,1_1_179_801_2019-05-22 14:11:40.379662
0,1_1_179_794_2019-05-22 14:15:38.401535
1,1_1_179_790_2019-05-22 14:15:55.619786
1,1_1_191_805_2019-05-22 14:17:13.500039
0,1_1_179_797_2019-05-22 14:17:37.815276
1,1_1_191_792_2019-05-22 14:22:14.173973
0,1_1_191_795_2019-05-22 14:22:19.328577
0,1_1_179_813_2019-05-22 14:22:50.006219
0,1_1_179_779_2019-05-22 14:22:52.177561
0,1_1_179_798_2019-05-22 14:23:33.029517
1,1_1_191_780_2019-05-22 14:26:17.890223
1,1_1_191_803_2019-05-22 14:26:37.459905
0,1_1_191_782_2019-05-22 14:27:02.507212
1,1_1_191_802_2019-05-22 14:34:45.669290
0,1_1_191_811_2019-05-22 14:36:46.839511
0,1_1_191_812_2019-05-22 14:40:22.203893
1,1_1_191_806_2019-05-22 14:40:29.196185
0,1_1_191_784_2019-05-22 14:41:26.269270
1,1_1_191_786_2019-05-22 14:41:26.873093
1,1_1_191_793_2019-05-22 14:43:43.792582
0,1_1_191_804_2019-05-22 14:44:18.507957
2,1_1_178_817_2019-05-22 15:51:16.146051
1,1_1_193_827_2019-05-22 16:11:52.413654
0,1_1_191_778_2019-05-22 18:50:25.969178
0,1_1_191_795_2019-05-22 19:12:21.425554
1,1_1_191_807_2019-05-22 19:50:45.715426
2,1_1_193_819_2019-05-22 20:34:48.452364
2,1_1_179_791_2019-05-22 20:45:47.940705
2,1_1_179_798_2019-05-22 21:02:26.396555
2,1_1_193_820_2019-05-22 21:17:03.613581
2,1_1_179_813_2019-05-22 21:23:06.576542
2,1_1_179_799_2019-05-22 21:42:57.133081
2,1_1_179_798_2019-05-22 22:14:12.403906
2,1_1_193_816_2019-05-22 22:22:52.170296
2,1_1_179_800_2019-05-22 22:57:55.356882
2,1_1_178_823_2019-05-22 23:03:38.239499
2,1_1_191_789_2019-05-22 23:28:41.535817
2,1_1_193_827_2019-05-22 23:52:01.784405
2,1_1_179_777_2019-05-22 23:59:50.634138
2,1_1_178_823_2019-05-23 03:41:29.880124
2,1_1_194_822_2019-05-23 04:55:19.313039
1,1_1_178_823_2019-05-23 12:42:21.350718
1,1_1_191_789_2019-05-23 12:42:32.801547
1,1_1_194_822_2019-05-23 12:54:04.265709
0,1_1_193_819_2019-05-23 13:01:09.382851
1,1_1_179_783_2019-05-23 13:04:25.060278
1,1_1_193_827_2019-05-23 13:10:08.768402
1,1_1_193_820_2019-05-23 13:10:22.961493
1,1_1_178_824_2019-05-23 13:11:17.143026
1,1_1_193_816_2019-05-23 13:14:23.041330
1,1_1_178_817_2019-05-23 13:25:04.717828
1,1_1_194_826_2019-05-23 13:29:09.604895
1,1_1_178_828_2019-05-23 13:32:31.004516
0,1_1_179_799_2019-05-23 13:38:22.563880
1,1_1_193_829_2019-05-23 13:40:42.703446
1,1_1_194_818_2019-05-23 13:44:54.976365
1,1_1_179_815_2019-05-23 13:46:47.223896
1,1_1_194_821_2019-05-23 13:47:50.804894
1,1_1_191_808_2019-05-23 13:49:10.142199
1,1_1_179_781_2019-05-23 13:51:52.034498
2,1_1_193_825_2019-05-23 13:52:36.155045
1,1_1_179_800_2019-05-23 13:53:49.497045
1,1_1_179_810_2019-05-23 13:57:52.754051
1,1_1_191_785_2019-05-23 13:59:21.024684
0,1_1_179_796_2019-05-23 14:01:58.232730
0,1_1_179_794_2019-05-23 14:06:53.861210
1,1_1_179_777_2019-05-23 14:09:42.630389
1,1_1_179_797_2019-05-23 14:12:17.082296
0,1_1_191_778_2019-05-23 14:13:43.909202
1,1_1_191_782_2019-05-23 14:14:33.376265
1,1_1_179_791_2019-05-23 14:17:10.299782
0,1_1_179_798_2019-05-23 14:18:06.046237
1,1_1_191_807_2019-05-23 14:20:03.632368
1,1_1_179_788_2019-05-23 14:26:50.206237
1,1_1_179_787_2019-05-23 14:27:16.526319
0,1_1_191_803_2019-05-23 14:27:31.917987
1,1_1_191_805_2019-05-23 14:28:03.031578
0,1_1_179_809_2019-05-23 14:29:06.580035
1,1_1_191_802_2019-05-23 14:33:06.839294
1,1_1_191_812_2019-05-23 14:33:18.871188
1,1_1_191_792_2019-05-23 14:36:17.320144
1,1_1_191_780_2019-05-23 14:38:18.519185
1,1_1_191_806_2019-05-23 14:38:41.885748
0,1_1_191_804_2019-05-23 14:40:06.004616
1,1_1_179_779_2019-05-23 14:40:16.410897
1,1_1_191_784_2019-05-23 14:40:18.582180
1,1_1_179_790_2019-05-23 14:41:59.867232
1,1_1_179_813_2019-05-23 14:45:00.390350
1,1_1_191_811_2019-05-23 14:46:47.288112
0,1_1_191_793_2019-05-23 14:47:04.487227
1,1_1_191_786_2019-05-23 15:03:02.821341
0,1_1_193_819_2019-05-23 17:31:05.771078
0,1_1_191_778_2019-05-23 18:40:54.008756
2,1_1_191_792_2019-05-23 18:53:52.785223
2,1_1_191_793_2019-05-23 19:12:52.577996
2,1_1_191_784_2019-05-23 19:49:56.189899
2,1_1_193_825_2019-05-23 19:55:48.184951
2,1_1_193_819_2019-05-23 20:52:39.594938
2,1_1_191_792_2019-05-23 21:08:23.363735
2,1_1_193_820_2019-05-23 21:12:19.395085
2,1_1_191_802_2019-05-23 21:52:30.146353
2,1_1_179_781_2019-05-23 21:55:32.760928
0,1_1_178_828_2019-05-23 22:07:19.869250
0,1_1_179_813_2019-05-23 22:14:25.138009
2,1_1_178_824_2019-05-23 22:26:23.632952
2,1_1_178_823_2019-05-23 22:35:37.454256
2,1_1_191_784_2019-05-23 22:45:36.502082
2,1_1_191_811_2019-05-23 22:48:56.068373
2,1_1_178_817_2019-05-23 23:14:47.968113
2,1_1_194_822_2019-05-23 23:55:41.714440
2,1_1_193_825_2019-05-24 00:24:13.677337
2,1_1_178_823_2019-05-24 01:52:27.785662
2,1_1_194_822_2019-05-24 05:57:58.481568
1,1_1_178_823_2019-05-24 12:40:34.233169
0,1_1_194_821_2019-05-24 13:48:09.984371
1,1_1_178_817_2019-05-24 13:55:52.103371
1,1_1_193_819_2019-05-24 14:10:53.631298
1,1_1_194_822_2019-05-24 14:19:25.681926
0,1_1_193_816_2019-05-24 14:27:28.644576
1,1_1_179_783_2019-05-24 14:31:19.410396
2,1_1_193_827_2019-05-24 14:33:28.783773
2,1_1_178_828_2019-05-24 14:51:15.714668
0,1_1_178_824_2019-05-24 14:53:15.904038
0,1_1_194_818_2019-05-24 14:59:19.131580
2,1_1_193_829_2019-05-24 15:27:05.498692
1,1_1_193_820_2019-05-24 15:46:25.162604
2,1_1_179_794_2019-05-24 15:50:16.009525
2,1_1_194_826_2019-05-24 15:51:00.799803
1,1_1_179_800_2019-05-24 15:55:55.196162
2,1_1_193_825_2019-05-24 16:02:57.947968
2,1_1_179_781_2019-05-24 16:15:02.191993
1,1_1_179_810_2019-05-24 16:41:39.741763
0,1_1_179_791_2019-05-24 16:45:12.085648
1,1_1_191_811_2019-05-24 16:48:27.769464
0,1_1_193_829_2019-05-24 17:25:42.430889
1,1_1_178_828_2019-05-24 18:10:43.641334
1,1_1_179_809_2019-05-24 18:31:07.332396
2,1_1_179_787_2019-05-24 18:35:27.821471
2,1_1_194_826_2019-05-24 18:45:11.545452
2,1_1_179_794_2019-05-24 19:03:33.500119
2,1_1_193_827_2019-05-24 19:17:12.612421
2,1_1_179_787_2019-05-24 20:22:31.987518
2,1_1_179_810_2019-05-24 20:34:53.016764
2,1_1_193_820_2019-05-24 20:36:11.479934
2,1_1_193_825_2019-05-24 20:51:33.193575
2,1_1_179_788_2019-05-24 20:58:17.687208
2,1_1_194_821_2019-05-24 21:02:14.335685
0,1_1_193_825_2019-05-24 22:07:12.867537
2,1_1_178_823_2019-05-24 22:55:34.821689
2,1_1_178_817_2019-05-24 23:06:22.889257
2,1_1_178_823_2019-05-25 00:58:59.391878
2,1_1_194_826_2019-05-25 18:38:34.474931
2,1_1_194_821_2019-05-25 21:56:28.544501
2,1_1_178_817_2019-05-26 00:26:10.584902
2,1_1_178_823_2019-05-26 19:44:10.871834
0,1_1_194_822_2019-05-27 13:00:15.809702
0,1_1_193_816_2019-05-27 19:05:49.576676
2,1_1_178_817_2019-05-27 19:13:17.897139
2,1_1_194_821_2019-05-27 21:38:35.582330
0,1_1_179_810_2019-05-27 22:56:39.696664
0,1_1_194_826_2019-05-28 12:03:45.814368
1,1_1_194_822_2019-05-28 12:31:15.720488
0,1_1_193_825_2019-05-28 12:42:30.666195
1,1_1_178_823_2019-05-28 12:44:24.487362
1,1_1_191_789_2019-05-28 12:49:25.936665
0,1_1_179_815_2019-05-28 12:49:48.819892
1,1_1_193_819_2019-05-28 12:53:43.766197
1,1_1_193_820_2019-05-28 13:03:24.154710
0,1_1_178_828_2019-05-28 13:06:45.615353
1,1_1_178_817_2019-05-28 13:10:57.541275
1,1_1_194_821_2019-05-28 13:21:31.875953
1,1_1_179_799_2019-05-28 13:24:47.381309
0,1_1_193_827_2019-05-28 13:24:59.846351
1,1_1_178_824_2019-05-28 13:26:13.886990
1,1_1_179_787_2019-05-28 13:30:42.938281
1,1_1_193_829_2019-05-28 13:33:51.089656
1,1_1_194_818_2019-05-28 13:36:25.683786
1,1_1_193_816_2019-05-28 13:35:14.135418
1,1_1_179_783_2019-05-28 13:44:31.430854
1,1_1_191_785_2019-05-28 13:47:52.029687
0,1_1_179_788_2019-05-28 13:48:45.490912
1,1_1_179_791_2019-05-28 13:49:02.463760
2,1_1_179_810_2019-05-28 13:49:17.281289
0,1_1_179_798_2019-05-28 13:49:51.548982
2,1_1_191_804_2019-05-28 13:52:16.324723
1,1_1_179_800_2019-05-28 13:54:06.845154
0,1_1_179_781_2019-05-28 13:57:26.692785
1,1_1_179_797_2019-05-28 14:01:23.391578
1,1_1_179_777_2019-05-28 14:02:17.271157
0,1_1_191_812_2019-05-28 14:04:56.545653
1,1_1_179_794_2019-05-28 14:06:27.167583
1,1_1_191_808_2019-05-28 14:08:05.101395
1,1_1_179_813_2019-05-28 14:08:13.492696
1,1_1_179_796_2019-05-28 14:09:28.294164
1,1_1_191_780_2019-05-28 14:12:13.714310
0,1_1_179_779_2019-05-28 14:12:50.329977
0,1_1_179_790_2019-05-28 14:16:10.997610
1,1_1_191_778_2019-05-28 14:20:55.581745
1,1_1_191_802_2019-05-28 14:20:58.570095
0,1_1_191_803_2019-05-28 14:21:08.921537
1,1_1_191_782_2019-05-28 14:21:56.909988
1,1_1_191_807_2019-05-28 14:22:43.248997
1,1_1_179_801_2019-05-28 14:23:20.893316
0,1_1_191_784_2019-05-28 14:23:31.930813
1,1_1_191_811_2019-05-28 14:24:00.102634
1,1_1_191_792_2019-05-28 14:26:02.408421
1,1_1_191_806_2019-05-28 14:26:27.491636
1,1_1_191_805_2019-05-28 14:30:20.973197
1,1_1_191_793_2019-05-28 14:33:15.170817
1,1_1_191_786_2019-05-28 14:41:50.560520
1,1_1_179_810_2019-05-28 16:43:59.524177
1,1_1_179_813_2019-05-28 17:52:42.931789
0,1_1_191_804_2019-05-28 18:35:01.121162
0,1_1_193_825_2019-05-28 19:25:46.616152
2,1_1_178_817_2019-05-28 21:02:26.685598
2,1_1_191_782_2019-05-28 21:08:33.895944
2,1_1_178_823_2019-05-28 21:32:51.307433
2,1_1_193_819_2019-05-28 21:46:58.324413
2,1_1_193_827_2019-05-28 22:11:16.610983
2,1_1_193_820_2019-05-28 22:34:01.172590
2,1_1_179_815_2019-05-28 22:39:24.517053
2,1_1_179_810_2019-05-28 22:48:58.816510
2,1_1_194_826_2019-05-28 22:57:39.291361
2,1_1_194_821_2019-05-28 23:08:49.591901
2,1_1_193_829_2019-05-28 23:17:47.560283
2,1_1_194_818_2019-05-28 23:27:20.575317
2,1_1_178_824_2019-05-28 23:32:06.544386
2,1_1_194_822_2019-05-28 23:36:28.972579
2,1_1_193_816_2019-05-28 23:55:35.658276
2,1_1_178_823_2019-05-29 03:15:33.697666
2,1_1_194_822_2019-05-29 05:47:22.138444
1,1_1_178_824_2019-05-29 11:16:49.870880
1,1_1_178_823_2019-05-29 12:42:33.591225
1,1_1_191_789_2019-05-29 12:47:16.042015
0,1_1_193_819_2019-05-29 12:54:18.621062
1,1_1_194_822_2019-05-29 12:59:14.923348
1,1_1_193_820_2019-05-29 13:00:55.739327
1,1_1_193_827_2019-05-29 13:02:59.271718
1,1_1_193_825_2019-05-29 13:06:04.969710
1,1_1_178_817_2019-05-29 13:09:21.352776
1,1_1_194_821_2019-05-29 13:20:52.152336
0,1_1_178_828_2019-05-29 13:23:34.371398
1,1_1_179_787_2019-05-29 13:28:44.256153
1,1_1_194_818_2019-05-29 13:33:16.198798
2,1_1_193_816_2019-05-29 13:33:36.981663
1,1_1_179_783_2019-05-29 13:36:06.796728
2,1_1_179_815_2019-05-29 13:37:49.311600
0,1_1_179_810_2019-05-29 13:39:01.774459
1,1_1_179_796_2019-05-29 13:41:01.642930
1,1_1_179_799_2019-05-29 13:44:48.422062
1,1_1_193_829_2019-05-29 13:45:04.092894
0,1_1_179_781_2019-05-29 13:47:27.264483
1,1_1_179_788_2019-05-29 13:50:02.203068
0,1_1_179_813_2019-05-29 13:51:24.641011
1,1_1_179_777_2019-05-29 13:51:30.193461
1,1_1_179_794_2019-05-29 13:55:40.430637
0,1_1_179_809_2019-05-29 13:58:48.772403
1,1_1_179_779_2019-05-29 14:02:35.822528
1,1_1_191_808_2019-05-29 14:04:35.703169
2,1_1_179_797_2019-05-29 14:05:15.401869
0,1_1_191_803_2019-05-29 14:06:09.843054
1,1_1_179_798_2019-05-29 14:06:56.362084
1,1_1_191_785_2019-05-29 14:08:52.631996
0,1_1_191_784_2019-05-29 14:14:31.873529
1,1_1_191_812_2019-05-29 14:14:43.340315
0,1_1_179_790_2019-05-29 14:15:03.876328
1,1_1_191_782_2019-05-29 14:17:52.183162
0,1_1_179_801_2019-05-29 14:19:12.620596
0,1_1_191_778_2019-05-29 14:20:20.163452
1,1_1_191_795_2019-05-29 14:22:58.406112
0,1_1_191_802_2019-05-29 14:24:35.194728
0,1_1_191_780_2019-05-29 14:34:01.486344
0,1_1_191_811_2019-05-29 14:34:46.357539
1,1_1_191_806_2019-05-29 14:34:54.964381
1,1_1_191_805_2019-05-29 14:35:12.004499
1,1_1_191_792_2019-05-29 14:42:07.919823
1,1_1_191_793_2019-05-29 14:45:08.069471
0,1_1_191_786_2019-05-29 14:54:38.681142
0,1_1_191_804_2019-05-29 14:55:38.870174
1,1_1_193_816_2019-05-29 15:45:57.493771
1,1_1_193_819_2019-05-29 17:44:32.539139
0,1_1_191_807_2019-05-29 18:38:15.794158
0,1_1_179_810_2019-05-29 19:08:36.132231
2,1_1_179_797_2019-05-29 19:35:41.093286
0,1_1_191_792_2019-05-29 19:45:19.570653
1,1_1_194_818_2019-05-29 20:19:21.543485
2,1_1_193_820_2019-05-29 21:34:44.722485
2,1_1_178_817_2019-05-29 21:46:14.476049
2,1_1_179_781_2019-05-29 22:06:05.158767
2,1_1_179_799_2019-05-29 22:08:57.499630
2,1_1_193_827_2019-05-29 22:25:03.677468
2,1_1_193_825_2019-05-29 22:42:36.486914
2,1_1_178_823_2019-05-29 22:42:38.251140
2,1_1_179_787_2019-05-29 22:59:48.521329
2,1_1_193_829_2019-05-29 23:02:27.846528
2,1_1_194_821_2019-05-29 23:06:39.573951
2,1_1_178_824_2019-05-29 23:11:24.344180
2,1_1_191_793_2019-05-29 23:16:02.786932
2,1_1_179_796_2019-05-29 23:58:04.482317
2,1_1_178_828_2019-05-30 01:03:30.575447
2,1_1_178_823_2019-05-30 01:49:07.286609
2,1_1_194_822_2019-05-30 04:38:47.971181
0,1_1_194_826_2019-05-30 12:02:14.587678
1,1_1_194_822_2019-05-30 12:31:48.854020
1,1_1_193_819_2019-05-30 12:32:10.045193
1,1_1_191_789_2019-05-30 12:44:46.445321
1,1_1_178_823_2019-05-30 12:44:54.985220
0,1_1_193_825_2019-05-30 12:56:37.143968
0,1_1_193_820_2019-05-30 13:01:25.414646
1,1_1_193_829_2019-05-30 13:04:08.377722
1,1_1_179_799_2019-05-30 13:10:04.145492
1,1_1_193_827_2019-05-30 13:12:11.386702
1,1_1_194_821_2019-05-30 13:22:34.443758
1,1_1_179_787_2019-05-30 13:24:19.694806
0,1_1_194_818_2019-05-30 13:28:20.184560
1,1_1_193_816_2019-05-30 13:42:44.510102
0,1_1_178_824_2019-05-30 13:42:56.962059
1,1_1_178_817_2019-05-30 13:44:36.880928
1,1_1_179_791_2019-05-30 13:47:46.453510
0,1_1_179_788_2019-05-30 13:50:44.926970
2,1_1_179_796_2019-05-30 13:50:48.470941
1,1_1_179_813_2019-05-30 13:55:52.158545
1,1_1_191_808_2019-05-30 13:57:29.582798
0,1_1_179_809_2019-05-30 13:58:28.671220
1,1_1_179_815_2019-05-30 14:03:47.664962
1,1_1_179_798_2019-05-30 14:05:06.367556
1,1_1_179_783_2019-05-30 14:05:28.131961
1,1_1_179_794_2019-05-30 14:08:01.311398
1,1_1_191_785_2019-05-30 14:08:56.312398
0,1_1_191_802_2019-05-30 14:11:50.681467
1,1_1_179_810_2019-05-30 14:13:14.219213
1,1_1_179_800_2019-05-30 14:14:27.630380
0,1_1_179_779_2019-05-30 14:15:47.790557
0,1_1_179_801_2019-05-30 14:16:03.572633
1,1_1_179_797_2019-05-30 14:21:42.871956
1,1_1_191_792_2019-05-30 14:22:33.590594
1,1_1_179_790_2019-05-30 14:23:12.552964
1,1_1_191_780_2019-05-30 14:24:33.730279
1,1_1_191_803_2019-05-30 14:26:30.903310
0,1_1_191_795_2019-05-30 14:28:28.790328
0,1_1_191_782_2019-05-30 14:31:35.480826
1,1_1_191_812_2019-05-30 14:33:02.617844
1,1_1_191_778_2019-05-30 14:35:26.805007
2,1_1_191_806_2019-05-30 14:39:00.117468
1,1_1_191_805_2019-05-30 14:41:06.361742
1,1_1_191_807_2019-05-30 14:41:21.051967
1,1_1_191_786_2019-05-30 14:41:21.969778
0,1_1_191_811_2019-05-30 14:41:36.475788
0,1_1_191_784_2019-05-30 14:41:50.996776
0,1_1_191_804_2019-05-30 14:42:10.880818
0,1_1_191_793_2019-05-30 14:42:57.839311
1,1_1_179_796_2019-05-30 14:54:54.657614
0,1_1_191_806_2019-05-30 16:50:50.914622
0,1_1_179_777_2019-05-30 18:08:46.121642
2,1_1_178_828_2019-05-30 18:23:35.554052
0,1_1_191_795_2019-05-30 18:46:55.433198
1,1_1_191_784_2019-05-30 19:07:43.143424
0,1_1_179_813_2019-05-30 19:23:20.448276
2,1_1_179_799_2019-05-30 19:29:37.673230
0,1_1_191_786_2019-05-30 19:42:53.874835
2,1_1_179_791_2019-05-30 19:48:20.689397
2,1_1_179_779_2019-05-30 19:56:24.281311
2,1_1_179_809_2019-05-30 20:04:29.694669
2,1_1_178_828_2019-05-30 20:25:49.148250
2,1_1_179_815_2019-05-30 20:43:52.777417
2,1_1_193_819_2019-05-30 21:25:28.409609
2,1_1_193_825_2019-05-30 21:48:28.972597
2,1_1_179_799_2019-05-30 21:57:47.922789
0,1_1_179_809_2019-05-30 22:47:34.820420
2,1_1_191_795_2019-05-30 23:05:29.936161
2,1_1_178_823_2019-05-30 23:09:07.344523
2,1_1_179_787_2019-05-30 23:09:07.838637
2,1_1_193_820_2019-05-30 23:11:34.544009
2,1_1_193_816_2019-05-30 23:14:16.486553
2,1_1_193_825_2019-05-30 23:32:54.701786
2,1_1_178_823_2019-05-30 23:35:51.080777
2,1_1_193_829_2019-05-30 23:38:31.385728
2,1_1_178_823_2019-05-31 02:40:16.611334
1,1_1_194_822_2019-05-31 12:22:05.665393
1,1_1_178_823_2019-05-31 12:51:44.416387
1,1_1_191_789_2019-05-31 12:53:58.434464
1,1_1_193_819_2019-05-31 13:02:26.303111
1,1_1_193_829_2019-05-31 13:04:35.282855
1,1_1_193_820_2019-05-31 13:09:21.943465
1,1_1_193_816_2019-05-31 13:14:12.343701
1,1_1_178_817_2019-05-31 13:18:16.082563
1,1_1_194_826_2019-05-31 13:21:07.225929
1,1_1_194_821_2019-05-31 13:23:45.114668
0,1_1_178_824_2019-05-31 13:27:45.776312
1,1_1_179_787_2019-05-31 13:30:06.137901
1,1_1_178_828_2019-05-31 13:36:46.446964
0,1_1_179_796_2019-05-31 13:39:38.374452
0,1_1_179_799_2019-05-31 13:40:56.575680
1,1_1_193_825_2019-05-31 13:41:28.375465
1,1_1_179_815_2019-05-31 13:43:12.355779
1,1_1_194_818_2019-05-31 13:46:19.424813
1,1_1_179_791_2019-05-31 13:53:13.105579
1,1_1_191_785_2019-05-31 13:54:01.561638
1,1_1_179_777_2019-05-31 13:54:41.753457
0,1_1_179_783_2019-05-31 13:58:26.450979
2,1_1_179_798_2019-05-31 13:58:28.623059
1,1_1_179_788_2019-05-31 14:01:19.882793
0,1_1_179_809_2019-05-31 14:02:56.213212
1,1_1_191_812_2019-05-31 14:07:17.632022
0,1_1_179_790_2019-05-31 14:07:38.522879
1,1_1_191_778_2019-05-31 14:08:47.292652
0,1_1_179_797_2019-05-31 14:14:42.299364
1,1_1_179_781_2019-05-31 14:15:21.171071
0,1_1_179_794_2019-05-31 14:20:37.381208
0,1_1_179_779_2019-05-31 14:22:21.851608
0,1_1_179_810_2019-05-31 14:23:04.550129
1,1_1_191_802_2019-05-31 14:23:20.293186
0,1_1_191_795_2019-05-31 14:24:55.604859
1,1_1_191_808_2019-05-31 14:25:23.983953
0,1_1_191_807_2019-05-31 14:25:54.643742
1,1_1_179_801_2019-05-31 14:26:06.594230
0,1_1_191_782_2019-05-31 14:27:42.804765
2,1_1_191_805_2019-05-31 14:29:20.442371
1,1_1_179_800_2019-05-31 14:30:21.073253
1,1_1_191_792_2019-05-31 14:31:41.516076
2,1_1_191_806_2019-05-31 14:33:07.199372
1,1_1_191_793_2019-05-31 14:37:18.812991
1,1_1_191_811_2019-05-31 14:38:50.834226
0,1_1_191_780_2019-05-31 14:43:40.209160
2,1_1_191_803_2019-05-31 14:44:57.843381
0,1_1_191_804_2019-05-31 14:49:12.513705
0,1_1_191_784_2019-05-31 14:49:35.801321
1,1_1_191_786_2019-05-31 14:51:01.181955
1,1_1_193_827_2019-05-31 17:07:05.644637
1,1_1_179_798_2019-05-31 18:06:09.153598
2,1_1_178_817_2019-05-31 18:51:43.031379
0,1_1_179_779_2019-05-31 19:12:47.757099
2,1_1_191_806_2019-05-31 19:15:24.205921
2,1_1_193_829_2019-05-31 19:28:40.342492
2,1_1_191_803_2019-05-31 19:44:03.596709
0,1_1_179_810_2019-05-31 19:45:49.046677
2,1_1_191_804_2019-05-31 19:50:04.912096
0,1_1_191_805_2019-05-31 19:50:22.784613
2,1_1_191_778_2019-05-31 19:50:42.544911
0,1_1_178_828_2019-05-31 20:22:04.474243
0,1_1_179_815_2019-05-31 20:56:01.724482
2,1_1_193_820_2019-05-31 22:22:42.402854
2,1_1_193_825_2019-05-31 22:27:01.915551
2,1_1_193_819_2019-05-31 22:42:14.573613
2,1_1_178_824_2019-05-31 23:13:24.707706
2,1_1_178_823_2019-06-01 03:16:03.798468
2,1_1_194_822_2019-06-01 04:00:22.395273
2,1_1_178_823_2019-06-01 12:45:49.245340
2,1_1_194_822_2019-06-01 17:10:17.244367
2,1_1_194_826_2019-06-01 20:51:44.188447
2,1_1_194_822_2019-06-02 00:59:57.216052
2,1_1_194_822_2019-06-02 15:03:11.874586
2,1_1_194_821_2019-06-02 20:07:28.098645
2,1_1_179_788_2019-06-02 21:42:16.915230
2,1_1_193_825_2019-06-02 22:27:44.278544
2,1_1_193_816_2019-06-02 23:33:58.120489
0,1_1_194_826_2019-06-03 12:07:48.446570
0,1_1_194_822_2019-06-03 12:21:06.050386
1,1_1_193_819_2019-06-03 12:36:19.759442
1,1_1_178_823_2019-06-03 12:49:01.133159
1,1_1_193_827_2019-06-03 12:51:38.653088
0,1_1_193_829_2019-06-03 12:52:47.260286
0,1_1_193_816_2019-06-03 12:56:41.311404
0,1_1_193_825_2019-06-03 13:01:19.370995
0,1_1_178_824_2019-06-03 13:02:06.141368
1,1_1_193_820_2019-06-03 13:04:05.759855
1,1_1_178_828_2019-06-03 13:16:09.958262
1,1_1_178_817_2019-06-03 13:21:27.300286
1,1_1_194_821_2019-06-03 13:24:39.553683
1,1_1_179_787_2019-06-03 13:27:58.719199
1,1_1_179_815_2019-06-03 13:31:14.546421
1,1_1_179_800_2019-06-03 13:34:26.749159
1,1_1_179_810_2019-06-03 13:41:35.717785
0,1_1_194_818_2019-06-03 13:42:05.605759
0,1_1_179_799_2019-06-03 13:42:15.946963
1,1_1_179_809_2019-06-03 13:45:10.580945
1,1_1_179_783_2019-06-03 13:49:29.957083
1,1_1_179_813_2019-06-03 13:51:42.525553
0,1_1_179_777_2019-06-03 13:51:57.526672
2,1_1_191_785_2019-06-03 13:52:49.562992
1,1_1_179_796_2019-06-03 13:56:37.935094
2,1_1_179_791_2019-06-03 13:58:26.733862
1,1_1_179_794_2019-06-03 14:00:34.387259
1,1_1_179_788_2019-06-03 14:00:49.826729
0,1_1_179_797_2019-06-03 14:02:08.153473
1,1_1_191_802_2019-06-03 14:02:34.532060
0,1_1_179_779_2019-06-03 14:07:07.563383
2,1_1_179_781_2019-06-03 14:09:52.479689
0,1_1_191_803_2019-06-03 14:10:38.989890
0,1_1_191_811_2019-06-03 14:12:14.671783
1,1_1_179_801_2019-06-03 14:12:58.448838
0,1_1_191_805_2019-06-03 14:14:16.708382
0,1_1_191_812_2019-06-03 14:15:48.868582
0,1_1_179_798_2019-06-03 14:17:55.609152
0,1_1_191_808_2019-06-03 14:21:41.640360
0,1_1_191_807_2019-06-03 14:21:55.800062
1,1_1_191_789_2019-06-03 14:22:07.812831
1,1_1_191_792_2019-06-03 14:28:20.470372
0,1_1_191_780_2019-06-03 14:30:11.062241
0,1_1_191_782_2019-06-03 14:31:49.830255
1,1_1_191_804_2019-06-03 14:32:03.294589
1,1_1_191_784_2019-06-03 14:33:45.220358
0,1_1_191_778_2019-06-03 14:34:55.966078
0,1_1_191_806_2019-06-03 14:34:12.483212
0,1_1_191_786_2019-06-03 14:36:04.729210
0,1_1_191_793_2019-06-03 14:46:13.728623
0,1_1_179_791_2019-06-03 14:46:56.019947
0,1_1_191_785_2019-06-03 16:32:25.448806
2,1_1_179_796_2019-06-03 19:00:17.595442
2,1_1_191_782_2019-06-03 19:13:59.146368
1,1_1_191_804_2019-06-03 20:00:07.252293
0,1_1_178_828_2019-06-03 21:25:38.937310
2,1_1_193_819_2019-06-03 21:32:03.903299
2,1_1_193_825_2019-06-03 21:45:53.938630
2,1_1_179_777_2019-06-03 22:01:39.361108
2,1_1_191_785_2019-06-03 22:09:01.558567
2,1_1_179_796_2019-06-03 22:19:16.146878
2,1_1_193_820_2019-06-03 22:46:16.129459
2,1_1_191_782_2019-06-03 22:53:44.738967
2,1_1_178_823_2019-06-03 22:55:55.075704
2,1_1_193_816_2019-06-03 23:25:37.580478
2,1_1_191_805_2019-06-03 23:37:24.307459
2,1_1_193_827_2019-06-03 23:40:21.388778
2,1_1_194_822_2019-06-03 23:58:52.282884
2,1_1_178_823_2019-06-04 05:44:00.404798
1,1_1_194_822_2019-06-04 12:29:22.396222
1,1_1_178_823_2019-06-04 12:43:33.458140
1,1_1_179_815_2019-06-04 12:46:30.850507
0,1_1_193_825_2019-06-04 12:50:40.707521
0,1_1_194_826_2019-06-04 12:52:35.824807
1,1_1_193_819_2019-06-04 12:57:47.738433
1,1_1_193_827_2019-06-04 13:01:25.268140
1,1_1_193_820_2019-06-04 13:04:09.457603
1,1_1_194_821_2019-06-04 13:22:09.557862
0,1_1_194_818_2019-06-04 13:25:24.299188
1,1_1_178_824_2019-06-04 13:25:32.201034
1,1_1_178_817_2019-06-04 13:25:38.859424
1,1_1_179_787_2019-06-04 13:28:09.780041
0,1_1_193_816_2019-06-04 13:30:10.458358
1,1_1_193_829_2019-06-04 13:40:15.625870
1,1_1_179_799_2019-06-04 13:43:27.178656
0,1_1_179_781_2019-06-04 13:44:46.568592
1,1_1_179_800_2019-06-04 13:48:41.749420
1,1_1_179_796_2019-06-04 13:52:33.317949
1,1_1_191_802_2019-06-04 13:52:39.409292
1,1_1_179_791_2019-06-04 13:53:38.690088
0,1_1_179_777_2019-06-04 13:54:10.776510
0,1_1_191_811_2019-06-04 13:56:40.958172
0,1_1_179_788_2019-06-04 13:57:49.139199
1,1_1_179_794_2019-06-04 13:59:34.958181
0,1_1_179_790_2019-06-04 14:04:05.465497
1,1_1_179_783_2019-06-04 14:06:43.524230
1,1_1_191_808_2019-06-04 14:06:50.509410
1,1_1_179_809_2019-06-04 14:07:02.305996
0,1_1_179_797_2019-06-04 14:08:02.420631
2,1_1_179_810_2019-06-04 14:11:59.204511
1,1_1_179_779_2019-06-04 14:14:52.544462
1,1_1_191_789_2019-06-04 14:16:24.886472
0,1_1_191_795_2019-06-04 14:18:14.653173
1,1_1_191_792_2019-06-04 14:19:36.265881
1,1_1_191_805_2019-06-04 14:20:26.425334
2,1_1_179_798_2019-06-04 14:21:01.147392
1,1_1_179_801_2019-06-04 14:21:03.188635
0,1_1_191_778_2019-06-04 14:21:20.431998
0,1_1_179_813_2019-06-04 14:22:42.253064
0,1_1_191_806_2019-06-04 14:24:23.704748
1,1_1_191_780_2019-06-04 14:27:41.097107
0,1_1_191_807_2019-06-04 14:28:41.286437
1,1_1_191_782_2019-06-04 14:29:51.417117
0,1_1_191_785_2019-06-04 14:30:39.086137
1,1_1_191_804_2019-06-04 14:31:07.962615
1,1_1_191_784_2019-06-04 14:31:23.247798
1,1_1_191_793_2019-06-04 14:37:01.872514
0,1_1_191_812_2019-06-04 14:37:25.014209
1,1_1_191_786_2019-06-04 14:38:39.479675
1,1_1_179_810_2019-06-04 15:35:17.349828
0,1_1_193_816_2019-06-04 18:36:30.667550
2,1_1_191_778_2019-06-04 18:39:47.167808
2,1_1_191_803_2019-06-04 18:53:34.738276
2,1_1_191_782_2019-06-04 19:19:13.598246
0,1_1_191_807_2019-06-04 19:43:48.614279
2,1_1_191_778_2019-06-04 21:18:43.694554
2,1_1_193_819_2019-06-04 21:26:40.322854
2,1_1_179_815_2019-06-04 21:49:28.604905
2,1_1_178_817_2019-06-04 22:06:17.103509
2,1_1_193_820_2019-06-04 22:30:02.586460
0,1_1_179_787_2019-06-04 22:41:41.988784
2,1_1_178_823_2019-06-04 22:45:33.857006
2,1_1_193_829_2019-06-04 23:19:12.881350
2,1_1_193_827_2019-06-04 23:23:31.440288
2,1_1_178_828_2019-06-04 23:33:19.873592
2,1_1_179_800_2019-06-05 00:04:21.894740
2,1_1_194_822_2019-06-05 00:10:29.492458
2,1_1_178_823_2019-06-05 02:48:14.661164
1,1_1_194_822_2019-06-05 12:31:20.559425
1,1_1_193_819_2019-06-05 12:53:38.971452
0,1_1_178_823_2019-06-05 12:53:43.892507
0,1_1_179_810_2019-06-05 12:54:48.134095
0,1_1_194_826_2019-06-05 12:56:12.453738
0,1_1_179_799_2019-06-05 12:56:29.933467
1,1_1_191_789_2019-06-05 12:57:43.144462
1,1_1_193_829_2019-06-05 13:01:37.701024
1,1_1_193_827_2019-06-05 13:01:44.643491
0,1_1_193_820_2019-06-05 13:04:09.189473
1,1_1_178_824_2019-06-05 13:04:49.876390
1,1_1_178_817_2019-06-05 13:06:00.152595
1,1_1_194_821_2019-06-05 13:09:01.315883
1,1_1_193_816_2019-06-05 13:15:06.032934
1,1_1_178_828_2019-06-05 13:19:37.594592
0,1_1_194_818_2019-06-05 13:22:30.523318
1,1_1_179_815_2019-06-05 13:25:31.712935
1,1_1_179_796_2019-06-05 13:26:36.042946
1,1_1_179_787_2019-06-05 13:31:38.360509
1,1_1_179_783_2019-06-05 13:34:11.806277
1,1_1_193_825_2019-06-05 13:37:30.012768
1,1_1_179_800_2019-06-05 13:39:14.104334
0,1_1_179_777_2019-06-05 13:42:01.023532
1,1_1_179_781_2019-06-05 13:44:38.405129
0,1_1_179_788_2019-06-05 13:48:57.644472
1,1_1_179_791_2019-06-05 13:49:49.893914
1,1_1_191_808_2019-06-05 13:50:28.752212
0,1_1_179_809_2019-06-05 13:57:22.592177
1,1_1_179_794_2019-06-05 13:59:03.159928
1,1_1_179_797_2019-06-05 14:03:51.408646
1,1_1_179_790_2019-06-05 14:04:48.851778
0,1_1_191_778_2019-06-05 14:05:42.810023
1,1_1_191_802_2019-06-05 14:07:10.232900
1,1_1_179_801_2019-06-05 14:07:35.411949
1,1_1_179_779_2019-06-05 14:10:04.854228
0,1_1_191_804_2019-06-05 14:12:44.449626
0,1_1_191_780_2019-06-05 14:13:29.408941
0,1_1_179_813_2019-06-05 14:14:37.199838
0,1_1_191_795_2019-06-05 14:15:20.698722
0,1_1_191_811_2019-06-05 14:19:24.384705
0,1_1_191_792_2019-06-05 14:19:36.291454
0,1_1_191_812_2019-06-05 14:20:16.297295
1,1_1_191_784_2019-06-05 14:24:17.267989
1,1_1_191_805_2019-06-05 14:24:18.481878
0,1_1_191_806_2019-06-05 14:33:03.118399
1,1_1_191_807_2019-06-05 14:34:43.092268
0,1_1_191_786_2019-06-05 14:38:49.316388
1,1_1_191_785_2019-06-05 14:39:03.269976
0,1_1_191_793_2019-06-05 14:40:46.277391
0,1_1_193_827_2019-06-05 17:12:37.894016
0,1_1_191_803_2019-06-05 17:22:59.860409
2,1_1_178_817_2019-06-05 18:50:05.391050
0,1_1_191_786_2019-06-05 18:56:32.624177
2,1_1_179_788_2019-06-05 19:04:25.163313
2,1_1_179_791_2019-06-05 19:47:07.108085
0,1_1_193_820_2019-06-05 19:56:13.146107
2,1_1_193_819_2019-06-05 21:19:30.174023
2,1_1_193_829_2019-06-05 21:52:22.365748
2,1_1_179_777_2019-06-05 22:28:09.947816
2,1_1_179_781_2019-06-05 22:28:21.433086
2,1_1_178_828_2019-06-05 22:29:21.296026
2,1_1_179_783_2019-06-05 22:42:20.766151
2,1_1_178_823_2019-06-05 22:43:23.259727
2,1_1_193_816_2019-06-05 22:57:54.345092
2,1_1_178_824_2019-06-05 23:25:04.971045
2,1_1_179_788_2019-06-05 23:29:34.300469
2,1_1_193_827_2019-06-06 00:13:14.107488
2,1_1_178_823_2019-06-06 01:45:03.263937
1,1_1_178_823_2019-06-06 12:42:57.052356
0,1_1_193_825_2019-06-06 12:43:57.995558
1,1_1_191_789_2019-06-06 12:48:16.579401
2,1_1_193_819_2019-06-06 12:48:31.122187
0,1_1_193_816_2019-06-06 12:55:14.373778
1,1_1_178_817_2019-06-06 13:03:05.725299
0,1_1_193_829_2019-06-06 13:04:14.751183
0,1_1_194_822_2019-06-06 13:05:49.522130
1,1_1_193_820_2019-06-06 13:10:55.012407
1,1_1_193_827_2019-06-06 13:13:21.532618
0,1_1_178_828_2019-06-06 13:23:41.900420
0,1_1_194_826_2019-06-06 13:23:43.556471
1,1_1_194_821_2019-06-06 13:24:07.508995
1,1_1_178_824_2019-06-06 13:25:50.015096
1,1_1_179_787_2019-06-06 13:28:17.011403
1,1_1_179_799_2019-06-06 13:30:19.863908
1,1_1_191_808_2019-06-06 13:41:04.873234
0,1_1_194_818_2019-06-06 13:50:01.188896
1,1_1_191_792_2019-06-06 13:52:17.243809
1,1_1_179_813_2019-06-06 13:52:37.035803
0,1_1_179_781_2019-06-06 13:57:02.809035
0,1_1_179_788_2019-06-06 13:57:54.396327
1,1_1_179_796_2019-06-06 13:59:22.637151
1,1_1_191_802_2019-06-06 14:00:16.545199
0,1_1_179_791_2019-06-06 14:01:15.114566
0,1_1_179_779_2019-06-06 14:03:35.653786
1,1_1_179_810_2019-06-06 14:10:15.394782
1,1_1_179_783_2019-06-06 14:10:54.475667
0,1_1_179_809_2019-06-06 14:11:57.156350
1,1_1_179_797_2019-06-06 14:12:45.702779
1,1_1_179_798_2019-06-06 14:12:53.473213
0,1_1_191_784_2019-06-06 14:13:38.740330
0,1_1_191_778_2019-06-06 14:15:06.673634
1,1_1_191_812_2019-06-06 14:16:43.435642
1,1_1_179_794_2019-06-06 14:17:02.696232
0,1_1_191_803_2019-06-06 14:21:54.915218
1,1_1_191_806_2019-06-06 14:23:35.066984
1,1_1_179_790_2019-06-06 14:25:10.473697
0,1_1_179_801_2019-06-06 14:26:02.909410
1,1_1_191_795_2019-06-06 14:26:42.135200
1,1_1_191_804_2019-06-06 14:29:13.596098
1,1_1_179_777_2019-06-06 14:31:51.692986
0,1_1_191_780_2019-06-06 14:33:46.962166
0,1_1_191_811_2019-06-06 14:36:48.724983
1,1_1_191_793_2019-06-06 14:43:59.228958
1,1_1_191_782_2019-06-06 14:44:13.798514
1,1_1_191_807_2019-06-06 14:45:13.108559
1,1_1_191_786_2019-06-06 14:45:19.207912
2,1_1_191_785_2019-06-06 14:50:06.877568
1,1_1_193_819_2019-06-06 15:23:27.128907
0,1_1_191_785_2019-06-06 16:11:07.997759
0,1_1_179_809_2019-06-06 18:34:47.870193
0,1_1_191_808_2019-06-06 18:59:25.548234
0,1_1_178_824_2019-06-06 19:08:01.038377
2,1_1_193_825_2019-06-06 19:19:17.150825
0,1_1_179_799_2019-06-06 19:23:29.127200
2,1_1_194_826_2019-06-06 19:34:13.083518
0,1_1_179_791_2019-06-06 20:00:18.883248
2,1_1_178_817_2019-06-06 21:05:18.834582
2,1_1_191_807_2019-06-06 21:51:24.239015
2,1_1_194_826_2019-06-06 22:05:20.749109
2,1_1_193_819_2019-06-06 22:07:30.355562
2,1_1_191_782_2019-06-06 22:17:36.469472
2,1_1_179_783_2019-06-06 22:26:11.404070
2,1_1_178_823_2019-06-06 22:40:37.445493
2,1_1_193_816_2019-06-06 22:55:43.824373
2,1_1_193_827_2019-06-07 00:06:04.202613
2,1_1_193_825_2019-06-07 00:25:29.610651
2,1_1_178_823_2019-06-07 05:47:16.051488
1,1_1_178_823_2019-06-07 12:45:22.546217
0,1_1_193_819_2019-06-07 12:52:23.105268
0,1_1_194_826_2019-06-07 13:02:03.107292
2,1_1_193_827_2019-06-07 13:16:02.746793
1,1_1_178_824_2019-06-07 13:21:12.490467
0,1_1_178_817_2019-06-07 13:41:40.520232
1,1_1_191_785_2019-06-07 13:45:58.838011
0,1_1_194_821_2019-06-07 13:55:58.622139
1,1_1_193_820_2019-06-07 13:56:33.696323
2,1_1_194_822_2019-06-07 14:00:51.641679
2,1_1_179_781_2019-06-07 14:19:18.275946
1,1_1_193_825_2019-06-07 14:45:39.918145
2,1_1_193_816_2019-06-07 14:47:52.907998
0,1_1_179_813_2019-06-07 15:40:15.765882
0,1_1_194_818_2019-06-07 16:57:55.048251
2,1_1_194_822_2019-06-07 17:01:08.878696
2,1_1_193_829_2019-06-07 17:13:44.614268
0,1_1_179_798_2019-06-07 18:45:47.259846
2,1_1_179_787_2019-06-07 19:23:35.709171
2,1_1_193_827_2019-06-07 19:53:35.741778
2,1_1_193_819_2019-06-07 20:02:10.996806
2,1_1_193_829_2019-06-07 21:49:11.858912
2,1_1_191_806_2019-06-07 22:16:35.211864
2,1_1_193_827_2019-06-08 00:49:32.501077
2,1_1_178_823_2019-06-08 02:20:22.555399
0,1_1_194_822_2019-06-08 15:28:12.735529
2,1_1_178_823_2019-06-08 18:47:27.305484
0,1_1_179_810_2019-06-08 22:46:23.796129
2,1_1_194_821_2019-06-09 18:17:10.595180
2,1_1_178_823_2019-06-09 18:25:38.265312
2,1_1_178_828_2019-06-09 19:17:38.352610
2,1_1_193_829_2019-06-09 21:06:50.954002
2,1_1_193_825_2019-06-09 22:22:50.484625
1,1_1_194_826_2019-06-10 12:14:33.839613
2,1_1_194_822_2019-06-10 12:30:48.968843
0,1_1_193_825_2019-06-10 12:33:42.238228
1,1_1_193_819_2019-06-10 12:50:27.426761
1,1_1_193_827_2019-06-10 12:55:08.566730
0,1_1_193_829_2019-06-10 12:55:12.092916
1,1_1_191_789_2019-06-10 12:59:35.683930
1,1_1_193_820_2019-06-10 13:03:56.643673
0,1_1_178_828_2019-06-10 13:11:21.232753
0,1_1_178_823_2019-06-10 13:16:07.028039
0,1_1_194_821_2019-06-10 13:17:05.622684
0,1_1_179_796_2019-06-10 13:18:30.753373
0,1_1_178_824_2019-06-10 13:18:49.122798
1,1_1_193_816_2019-06-10 13:22:41.384570
0,1_1_179_810_2019-06-10 13:24:53.643804
0,1_1_179_799_2019-06-10 13:25:06.115308
1,1_1_194_818_2019-06-10 13:26:06.904356
0,1_1_179_783_2019-06-10 13:44:15.642737
0,1_1_179_797_2019-06-10 13:49:22.700526
1,1_1_194_822_2019-06-10 13:50:29.040301
1,1_1_191_785_2019-06-10 13:52:52.155713
1,1_1_179_794_2019-06-10 13:56:20.502142
1,1_1_179_791_2019-06-10 13:57:05.434457
1,1_1_179_781_2019-06-10 13:58:00.476860
0,1_1_179_798_2019-06-10 13:58:27.985452
0,1_1_179_809_2019-06-10 14:01:34.765203
0,1_1_179_787_2019-06-10 14:02:01.038753
1,1_1_191_804_2019-06-10 14:04:00.139011
1,1_1_179_788_2019-06-10 14:04:43.058217
1,1_1_179_779_2019-06-10 14:05:57.297937
0,1_1_179_790_2019-06-10 14:07:42.660996
0,1_1_191_803_2019-06-10 14:09:00.729458
0,1_1_191_811_2019-06-10 14:11:57.974114
1,1_1_179_815_2019-06-10 14:14:31.140408
0,1_1_191_812_2019-06-10 14:15:04.272753
1,1_1_191_805_2019-06-10 14:15:08.889500
0,1_1_179_777_2019-06-10 14:16:06.939874
0,1_1_179_813_2019-06-10 14:18:32.958132
0,1_1_191_802_2019-06-10 14:18:47.861738
1,1_1_179_801_2019-06-10 14:19:09.806932
1,1_1_179_800_2019-06-10 14:19:41.089854
1,1_1_191_808_2019-06-10 14:21:30.900814
1,1_1_191_795_2019-06-10 14:24:21.932721
1,1_1_191_780_2019-06-10 14:25:33.574980
0,1_1_191_778_2019-06-10 14:27:09.180285
2,1_1_191_782_2019-06-10 14:28:15.311810
0,1_1_191_807_2019-06-10 14:28:34.004760
0,1_1_191_806_2019-06-10 14:30:06.588535
1,1_1_191_793_2019-06-10 14:32:25.129401
1,1_1_191_786_2019-06-10 14:33:22.116910
0,1_1_191_792_2019-06-10 14:35:30.872258
0,1_1_194_821_2019-06-10 17:10:19.220613
0,1_1_191_782_2019-06-10 17:56:43.164853
2,1_1_191_806_2019-06-10 18:35:36.850955
2,1_1_191_778_2019-06-10 18:50:31.360911
0,1_1_179_790_2019-06-10 18:58:16.362022
2,1_1_191_784_2019-06-10 18:59:56.093140
1,1_1_193_825_2019-06-10 20:00:30.967442
2,1_1_179_794_2019-06-10 20:19:42.477332
2,1_1_179_813_2019-06-10 20:31:20.571935
2,1_1_178_823_2019-06-10 20:44:28.932266
2,1_1_191_807_2019-06-10 20:50:56.786985
2,1_1_178_828_2019-06-10 21:16:07.886482
2,1_1_193_819_2019-06-10 21:24:03.707226
2,1_1_194_826_2019-06-10 22:10:24.314303
2,1_1_193_820_2019-06-10 22:15:58.329614
2,1_1_179_777_2019-06-10 22:24:14.238160
2,1_1_179_783_2019-06-10 22:24:36.944638
2,1_1_193_816_2019-06-10 22:42:40.067689
2,1_1_179_798_2019-06-10 22:45:48.365730
2,1_1_179_801_2019-06-10 22:47:03.585371
2,1_1_191_806_2019-06-10 22:50:06.097080
2,1_1_179_810_2019-06-10 23:11:36.589001
2,1_1_191_807_2019-06-10 23:14:58.781668
2,1_1_194_822_2019-06-11 00:28:33.108719
2,1_1_178_823_2019-06-11 01:20:27.653780
2,1_1_178_828_2019-06-11 02:13:15.929857
2,1_1_193_819_2019-06-11 05:35:35.949765
0,1_1_194_822_2019-06-11 12:12:21.799303
0,1_1_194_826_2019-06-11 12:34:43.890661
1,1_1_179_815_2019-06-11 12:43:25.664289
0,1_1_178_823_2019-06-11 12:47:15.526077
0,1_1_193_819_2019-06-11 12:48:36.908534
0,1_1_179_810_2019-06-11 12:56:19.334437
1,1_1_193_820_2019-06-11 13:04:40.085309
1,1_1_191_789_2019-06-11 13:05:19.312800
0,1_1_178_824_2019-06-11 13:08:38.086695
0,1_1_193_825_2019-06-11 13:11:08.808039
2,1_1_193_827_2019-06-11 13:14:18.903610
1,1_1_193_816_2019-06-11 13:21:50.434737
1,1_1_179_783_2019-06-11 13:26:15.183590
1,1_1_178_817_2019-06-11 13:26:27.124291
0,1_1_178_828_2019-06-11 13:27:34.984707
1,1_1_191_785_2019-06-11 13:28:53.871765
1,1_1_194_821_2019-06-11 13:35:09.478700
1,1_1_179_787_2019-06-11 13:36:43.737251
1,1_1_193_829_2019-06-11 13:38:37.454440
0,1_1_194_818_2019-06-11 13:49:27.994494
1,1_1_179_777_2019-06-11 13:51:13.014415
1,1_1_179_799_2019-06-11 13:52:41.841394
1,1_1_191_808_2019-06-11 13:54:27.077156
1,1_1_179_781_2019-06-11 13:54:22.850923
2,1_1_179_800_2019-06-11 13:57:01.556904
0,1_1_179_788_2019-06-11 13:57:14.649128
1,1_1_179_791_2019-06-11 13:57:20.895651
1,1_1_179_794_2019-06-11 13:58:34.638233
1,1_1_179_798_2019-06-11 14:00:11.180061
1,1_1_179_797_2019-06-11 14:00:15.632361
0,1_1_179_796_2019-06-11 14:01:04.534265
0,1_1_179_809_2019-06-11 14:02:08.658818
1,1_1_191_812_2019-06-11 14:12:58.239742
0,1_1_179_779_2019-06-11 14:16:16.129698
0,1_1_191_803_2019-06-11 14:18:39.758672
0,1_1_191_792_2019-06-11 14:19:18.060470
2,1_1_191_780_2019-06-11 14:20:31.528847
0,1_1_191_807_2019-06-11 14:28:10.205209
1,1_1_191_805_2019-06-11 14:28:24.800265
0,1_1_191_795_2019-06-11 14:28:33.706932
1,1_1_179_801_2019-06-11 14:30:34.666980
1,1_1_191_782_2019-06-11 14:33:46.494941
1,1_1_191_784_2019-06-11 14:35:26.714953
2,1_1_191_778_2019-06-11 14:35:29.914400
1,1_1_179_790_2019-06-11 14:36:21.147721
0,1_1_179_813_2019-06-11 14:44:29.735025
1,1_1_191_806_2019-06-11 14:45:24.395812
0,1_1_191_802_2019-06-11 14:45:55.854110
1,1_1_191_793_2019-06-11 14:50:25.159122
0,1_1_191_786_2019-06-11 14:50:52.519022
0,1_1_191_811_2019-06-11 14:53:34.384728
0,1_1_191_804_2019-06-11 14:53:59.320314
0,1_1_191_780_2019-06-11 16:09:55.590262
0,1_1_193_827_2019-06-11 16:59:07.900157
0,1_1_179_800_2019-06-11 17:58:07.992556
1,1_1_179_791_2019-06-11 18:33:19.972557
0,1_1_191_778_2019-06-11 18:39:26.197625
2,1_1_191_795_2019-06-11 18:55:53.969726
2,1_1_179_779_2019-06-11 19:59:06.843690
0,1_1_193_819_2019-06-11 20:08:31.701617
2,1_1_191_806_2019-06-11 20:38:53.331104
2,1_1_178_823_2019-06-11 21:09:10.315610
2,1_1_178_824_2019-06-11 21:12:04.868054
2,1_1_194_821_2019-06-11 21:24:49.575537
2,1_1_191_811_2019-06-11 21:48:36.068083
2,1_1_179_815_2019-06-11 21:51:26.982106
2,1_1_193_820_2019-06-11 22:30:49.046832
2,1_1_179_787_2019-06-11 22:51:42.753420
2,1_1_179_796_2019-06-11 22:57:40.260140
2,1_1_191_795_2019-06-11 23:02:38.598229
2,1_1_191_789_2019-06-11 23:11:16.495490
2,1_1_178_817_2019-06-11 23:22:52.647052
2,1_1_178_824_2019-06-12 00:14:40.677233
2,1_1_194_822_2019-06-12 00:45:18.208593
1,1_1_193_825_2019-06-12 12:14:59.176703
1,1_1_191_789_2019-06-12 12:40:14.538930
1,1_1_178_823_2019-06-12 12:44:53.331182
1,1_1_193_819_2019-06-12 12:55:26.539848
0,1_1_193_827_2019-06-12 12:58:36.784114
1,1_1_193_820_2019-06-12 13:03:01.592285
0,1_1_178_824_2019-06-12 13:03:29.401149
1,1_1_193_829_2019-06-12 13:12:00.201751
1,1_1_193_816_2019-06-12 13:13:22.225543
1,1_1_178_828_2019-06-12 13:16:17.159882
0,1_1_178_817_2019-06-12 13:21:58.974995
1,1_1_191_785_2019-06-12 13:22:31.618740
1,1_1_194_822_2019-06-12 13:23:14.067226
0,1_1_179_788_2019-06-12 13:24:13.507021
1,1_1_179_787_2019-06-12 13:29:34.143826
1,1_1_179_799_2019-06-12 13:30:54.196931
0,1_1_179_791_2019-06-12 13:35:44.346007
1,1_1_194_821_2019-06-12 13:38:19.144554
0,1_1_179_801_2019-06-12 13:40:29.713925
1,1_1_194_826_2019-06-12 13:42:30.855682
1,1_1_179_815_2019-06-12 13:42:32.505984
1,1_1_179_813_2019-06-12 13:43:20.863860
1,1_1_191_808_2019-06-12 13:43:44.594367
0,1_1_194_818_2019-06-12 13:44:40.154948
0,1_1_179_798_2019-06-12 13:53:37.864094
0,1_1_179_783_2019-06-12 14:00:28.489198
1,1_1_179_794_2019-06-12 14:09:01.105700
1,1_1_179_781_2019-06-12 14:09:13.840861
1,1_1_179_777_2019-06-12 14:17:13.116326
1,1_1_191_812_2019-06-12 14:18:13.497024
1,1_1_179_809_2019-06-12 14:18:25.940348
1,1_1_179_797_2019-06-12 14:19:22.347127
0,1_1_179_790_2019-06-12 14:21:11.184013
0,1_1_179_810_2019-06-12 14:21:13.958820
1,1_1_191_806_2019-06-12 14:23:19.975689
0,1_1_179_779_2019-06-12 14:23:41.705543
2,1_1_191_804_2019-06-12 14:27:19.666569
0,1_1_179_800_2019-06-12 14:27:34.145957
0,1_1_191_807_2019-06-12 14:31:19.058686
0,1_1_191_782_2019-06-12 14:34:02.312747
2,1_1_191_780_2019-06-12 14:34:21.374661
1,1_1_191_803_2019-06-12 14:34:49.037536
0,1_1_191_811_2019-06-12 14:43:43.675845
1,1_1_191_778_2019-06-12 14:44:14.688639
0,1_1_191_802_2019-06-12 14:44:25.485737
0,1_1_191_805_2019-06-12 14:45:25.176403
1,1_1_191_793_2019-06-12 14:50:56.774725
1,1_1_191_786_2019-06-12 14:51:47.690982
1,1_1_191_792_2019-06-12 14:55:37.704810
1,1_1_191_784_2019-06-12 15:04:16.656302
1,1_1_191_780_2019-06-12 17:27:30.908214
2,1_1_191_804_2019-06-12 18:26:39.850596
2,1_1_191_805_2019-06-12 18:58:41.126064
2,1_1_191_807_2019-06-12 19:36:35.785508
2,1_1_193_827_2019-06-12 20:09:24.009354
2,1_1_179_799_2019-06-12 20:58:20.036820
2,1_1_178_828_2019-06-12 21:06:45.096452
2,1_1_178_823_2019-06-12 21:36:49.290214
2,1_1_193_819_2019-06-12 21:37:47.040255
2,1_1_193_816_2019-06-12 21:39:06.282044
2,1_1_179_798_2019-06-12 21:51:11.144287
2,1_1_191_782_2019-06-12 22:17:43.525464
1,1_1_193_820_2019-06-12 22:31:59.982034
2,1_1_179_781_2019-06-12 22:39:56.947310
2,1_1_194_822_2019-06-12 22:51:40.959016
2,1_1_179_794_2019-06-12 23:10:08.619246
2,1_1_193_827_2019-06-12 23:25:30.860458
2,1_1_178_817_2019-06-12 23:31:20.847936
2,1_1_193_829_2019-06-12 23:38:46.211754
2,1_1_193_825_2019-06-12 23:44:06.314605
2,1_1_191_807_2019-06-12 23:51:45.099332
2,1_1_178_823_2019-06-13 04:07:20.494600
1,1_1_193_829_2019-06-13 12:38:06.359187
1,1_1_178_823_2019-06-13 12:48:06.212062
2,1_1_193_819_2019-06-13 12:51:17.923644
1,1_1_191_789_2019-06-13 12:52:16.132297
1,1_1_193_820_2019-06-13 13:04:51.957727
0,1_1_193_827_2019-06-13 13:07:52.281746
1,1_1_193_816_2019-06-13 13:07:34.123575
1,1_1_178_828_2019-06-13 13:09:49.856577
1,1_1_194_822_2019-06-13 13:22:26.815017
0,1_1_178_824_2019-06-13 13:24:13.847927
1,1_1_179_787_2019-06-13 13:28:54.474071
1,1_1_191_785_2019-06-13 13:34:20.845631
1,1_1_194_826_2019-06-13 13:34:30.073992
2,1_1_178_817_2019-06-13 13:38:00.438325
0,1_1_194_818_2019-06-13 13:44:50.835917
1,1_1_179_797_2019-06-13 13:53:18.450217
0,1_1_179_810_2019-06-13 13:55:52.227036
1,1_1_179_791_2019-06-13 13:56:01.783026
1,1_1_179_800_2019-06-13 13:56:26.379989
1,1_1_179_815_2019-06-13 13:56:35.885587
1,1_1_179_788_2019-06-13 13:58:07.847138
0,1_1_179_783_2019-06-13 13:58:10.656423
0,1_1_179_794_2019-06-13 14:01:04.216352
1,1_1_179_799_2019-06-13 14:05:00.094964
1,1_1_179_801_2019-06-13 14:07:49.405220
0,1_1_179_790_2019-06-13 14:13:57.996219
1,1_1_191_812_2019-06-13 14:14:24.935901
0,1_1_191_811_2019-06-13 14:16:40.375410
0,1_1_191_780_2019-06-13 14:17:52.141365
0,1_1_191_802_2019-06-13 14:18:44.851066
1,1_1_179_813_2019-06-13 14:21:26.446567
1,1_1_179_798_2019-06-13 14:22:12.679051
1,1_1_191_805_2019-06-13 14:27:48.843639
0,1_1_179_777_2019-06-13 14:28:42.554162
0,1_1_191_782_2019-06-13 14:29:30.222703
1,1_1_179_809_2019-06-13 14:30:38.804003
1,1_1_179_796_2019-06-13 14:30:53.606313
0,1_1_191_784_2019-06-13 14:33:40.275961
1,1_1_179_781_2019-06-13 14:36:52.790162
0,1_1_191_778_2019-06-13 14:46:40.927481
0,1_1_191_792_2019-06-13 14:47:21.583103
2,1_1_191_804_2019-06-13 14:47:57.126853
0,1_1_191_807_2019-06-13 14:49:22.841566
1,1_1_191_808_2019-06-13 14:50:16.198115
1,1_1_191_793_2019-06-13 15:00:20.304293
1,1_1_191_786_2019-06-13 15:14:34.767209
1,1_1_191_806_2019-06-13 15:25:09.348738
1,1_1_191_804_2019-06-13 17:51:59.124471
2,1_1_191_803_2019-06-13 18:26:11.516231
0,1_1_179_783_2019-06-13 18:55:46.112785
0,1_1_178_817_2019-06-13 19:17:29.678394
2,1_1_191_802_2019-06-13 19:32:33.627762
2,1_1_193_819_2019-06-13 19:52:29.569399
2,1_1_191_782_2019-06-13 19:53:25.912090
1,1_1_193_829_2019-06-13 20:00:03.149010
0,1_1_179_815_2019-06-13 20:57:16.145513
2,1_1_178_828_2019-06-13 21:12:23.994242
0,1_1_191_803_2019-06-13 21:14:31.579327
2,1_1_179_799_2019-06-13 21:42:58.718122
2,1_1_178_823_2019-06-13 22:39:08.475851
2,1_1_179_787_2019-06-13 23:00:06.671154
2,1_1_191_785_2019-06-13 23:04:53.722768
2,1_1_191_792_2019-06-13 23:09:28.321655
2,1_1_194_822_2019-06-13 23:12:41.016085
2,1_1_194_826_2019-06-13 23:21:39.959209
2,1_1_178_824_2019-06-14 00:55:45.144731
2,1_1_193_820_2019-06-14 03:09:01.748630
1,1_1_193_825_2019-06-14 11:56:19.560481
1,1_1_191_785_2019-06-14 12:12:50.283581
1,1_1_191_789_2019-06-14 12:40:03.462788
1,1_1_178_823_2019-06-14 12:40:52.316355
0,1_1_193_819_2019-06-14 12:49:34.975296
0,1_1_193_816_2019-06-14 12:59:22.902119
1,1_1_193_820_2019-06-14 13:02:57.496542
1,1_1_193_827_2019-06-14 13:04:42.671321
1,1_1_178_824_2019-06-14 13:07:32.004234
0,1_1_179_797_2019-06-14 13:15:07.884467
1,1_1_179_781_2019-06-14 13:15:10.002987
1,1_1_178_828_2019-06-14 13:15:14.286752
0,1_1_179_799_2019-06-14 13:16:59.771722
1,1_1_178_817_2019-06-14 13:23:36.924018
0,1_1_193_829_2019-06-14 13:27:00.838060
1,1_1_194_822_2019-06-14 13:28:21.395590
1,1_1_179_794_2019-06-14 13:28:29.462902
1,1_1_179_787_2019-06-14 13:31:51.381744
0,1_1_179_796_2019-06-14 13:32:53.777931
0,1_1_194_818_2019-06-14 13:33:13.851458
1,1_1_179_788_2019-06-14 13:37:11.930686
1,1_1_194_826_2019-06-14 13:40:48.319190
0,1_1_179_815_2019-06-14 13:40:50.288766
0,1_1_179_809_2019-06-14 13:45:07.448586
1,1_1_179_791_2019-06-14 13:47:05.480486
1,1_1_191_808_2019-06-14 13:48:59.205607
1,1_1_179_798_2019-06-14 13:50:02.164728
0,1_1_179_777_2019-06-14 13:54:28.547049
1,1_1_191_780_2019-06-14 13:58:17.576948
1,1_1_191_802_2019-06-14 13:59:10.606275
1,1_1_179_800_2019-06-14 14:03:43.725243
1,1_1_179_801_2019-06-14 14:06:58.256131
1,1_1_179_783_2019-06-14 14:13:17.205497
2,1_1_191_806_2019-06-14 14:16:17.136454
1,1_1_179_810_2019-06-14 14:19:14.439410
1,1_1_191_795_2019-06-14 14:21:39.033081
1,1_1_191_803_2019-06-14 14:23:10.599598
1,1_1_179_779_2019-06-14 14:25:27.495434
1,1_1_191_807_2019-06-14 14:26:38.397449
1,1_1_191_778_2019-06-14 14:26:48.545673
0,1_1_191_782_2019-06-14 14:28:23.065822
1,1_1_179_813_2019-06-14 14:29:42.809441
1,1_1_191_805_2019-06-14 14:32:40.166492
1,1_1_191_811_2019-06-14 14:33:05.675438
1,1_1_191_786_2019-06-14 14:34:04.315098
0,1_1_191_793_2019-06-14 14:36:33.630367
1,1_1_191_784_2019-06-14 14:38:08.106596
1,1_1_191_804_2019-06-14 14:38:49.478496
1,1_1_191_812_2019-06-14 14:39:26.098013
1,1_1_179_790_2019-06-14 14:40:57.751832
0,1_1_191_792_2019-06-14 14:41:54.596175
2,1_1_193_827_2019-06-14 18:37:26.232238
2,1_1_193_829_2019-06-14 19:10:39.046546
0,1_1_179_800_2019-06-14 19:22:27.885699
2,1_1_191_795_2019-06-14 19:41:02.386669
0,1_1_194_821_2019-06-14 19:41:42.671453
2,1_1_179_797_2019-06-14 19:51:37.951348
2,1_1_191_806_2019-06-14 20:03:07.998916
2,1_1_178_817_2019-06-14 20:44:46.458572
2,1_1_178_828_2019-06-14 21:05:55.606235
2,1_1_191_805_2019-06-14 21:49:13.833429
2,1_1_193_820_2019-06-14 21:54:09.814669
2,1_1_194_822_2019-06-14 22:03:06.778191
2,1_1_194_826_2019-06-14 22:14:52.200440
2,1_1_191_782_2019-06-14 22:48:39.539871
2,1_1_178_828_2019-06-14 23:06:13.057945
2,1_1_178_823_2019-06-15 03:01:19.257412
2,1_1_179_810_2019-06-15 06:38:10.192778
0,1_1_178_824_2019-06-15 13:11:15.771502
2,1_1_178_828_2019-06-15 15:18:08.472321
1,1_1_194_818_2019-06-15 17:59:46.185300
2,1_1_194_822_2019-06-15 20:42:09.683740
1,1_1_194_821_2019-06-16 17:14:15.503293
0,1_1_194_818_2019-06-16 17:52:18.857725
1,1_1_194_826_2019-06-17 12:05:25.801592
0,1_1_194_822_2019-06-17 12:21:41.503320
1,1_1_178_823_2019-06-17 12:41:18.300496
1,1_1_178_817_2019-06-17 12:58:22.005538
0,1_1_193_825_2019-06-17 12:58:57.984936
0,1_1_193_816_2019-06-17 13:00:05.684066
1,1_1_193_820_2019-06-17 13:04:39.139450
1,1_1_191_789_2019-06-17 13:10:52.292946
1,1_1_178_828_2019-06-17 13:15:18.630552
0,1_1_193_829_2019-06-17 13:18:46.549914
1,1_1_193_827_2019-06-17 13:19:11.969901
1,1_1_179_787_2019-06-17 13:19:52.774398
0,1_1_179_788_2019-06-17 13:22:38.104707
0,1_1_179_799_2019-06-17 13:22:51.278197
0,1_1_193_819_2019-06-17 13:25:20.840906
1,1_1_191_785_2019-06-17 13:31:02.918485
1,1_1_194_821_2019-06-17 13:39:13.568392
0,1_1_179_810_2019-06-17 13:57:58.370020
1,1_1_179_777_2019-06-17 14:04:27.393159
0,1_1_179_801_2019-06-17 13:58:27.690101
1,1_1_179_800_2019-06-17 13:47:14.397458
1,1_1_179_796_2019-06-17 13:57:30.837887
1,1_1_179_791_2019-06-17 13:56:14.979171
0,1_1_179_783_2019-06-17 13:51:17.897543
1,1_1_179_794_2019-06-17 14:04:28.474197
1,1_1_179_797_2019-06-17 13:54:03.146606
1,1_1_179_815_2019-06-17 13:47:13.072215
1,1_1_194_818_2019-06-17 13:46:34.400394
0,1_1_179_779_2019-06-17 14:02:40.385034
1,1_1_179_790_2019-06-17 14:04:29.150454
0,1_1_191_802_2019-06-17 14:11:46.800184
0,1_1_191_780_2019-06-17 14:21:54.108417
1,1_1_191_795_2019-06-17 14:22:17.978193
1,1_1_191_808_2019-06-17 14:23:36.582668
0,1_1_179_781_2019-06-17 14:29:57.689146
0,1_1_191_812_2019-06-17 14:31:02.030368
1,1_1_191_792_2019-06-17 14:30:57.306417
1,1_1_191_804_2019-06-17 14:32:18.473142
1,1_1_191_805_2019-06-17 14:20:57.453867
1,1_1_179_813_2019-06-17 14:16:00.097910
1,1_1_191_793_2019-06-17 14:32:56.145720
0,1_1_179_809_2019-06-17 14:21:25.288943
1,1_1_191_778_2019-06-17 14:33:41.340784
1,1_1_191_782_2019-06-17 14:17:30.927799
1,1_1_191_784_2019-06-17 14:33:05.595032
1,1_1_191_807_2019-06-17 14:27:42.092925
0,1_1_191_811_2019-06-17 14:35:15.696330
0,1_1_191_786_2019-06-17 14:38:13.771663
1,1_1_191_803_2019-06-17 14:38:15.079739
0,1_1_179_798_2019-06-17 14:38:04.472356
1,1_1_191_806_2019-06-17 14:40:07.559601
2,1_1_191_804_2019-06-17 19:03:03.651639
0,1_1_193_829_2019-06-17 20:01:42.816393
2,1_1_178_828_2019-06-17 21:21:35.635647
2,1_1_191_806_2019-06-17 21:41:21.014277
2,1_1_178_823_2019-06-17 22:35:45.461216
2,1_1_178_817_2019-06-17 22:41:43.223264
2,1_1_193_816_2019-06-17 22:52:19.088540
2,1_1_194_822_2019-06-17 23:18:36.314690
2,1_1_194_826_2019-06-17 23:20:11.805723
2,1_1_191_778_2019-06-17 23:21:05.487666
2,1_1_193_827_2019-06-18 00:29:46.374147
2,1_1_178_828_2019-06-18 01:23:50.856041
2,1_1_178_823_2019-06-18 02:26:17.248322
2,1_1_193_819_2019-06-18 05:33:30.438883
1,1_1_178_828_2019-06-18 11:55:18.863466
0,1_1_194_826_2019-06-18 12:00:34.019016
1,1_1_194_821_2019-06-18 12:01:02.142840
0,1_1_194_822_2019-06-18 12:21:05.864977
0,1_1_179_815_2019-06-18 12:32:35.462807
1,1_1_178_823_2019-06-18 12:41:37.543255
1,1_1_193_819_2019-06-18 12:43:10.370183
1,1_1_191_789_2019-06-18 12:51:49.703970
1,1_1_178_817_2019-06-18 12:55:43.816475
1,1_1_193_820_2019-06-18 13:03:24.064753
1,1_1_193_825_2019-06-18 13:07:49.665166
1,1_1_178_824_2019-06-18 13:11:47.022160
1,1_1_193_827_2019-06-18 13:17:40.905222
0,1_1_179_796_2019-06-18 13:23:56.836378
0,1_1_193_829_2019-06-18 13:24:44.322027
0,1_1_194_818_2019-06-18 13:27:21.348557
1,1_1_179_800_2019-06-18 13:31:32.038443
1,1_1_179_797_2019-06-18 13:37:26.202677
1,1_1_179_799_2019-06-18 13:40:47.375019
0,1_1_179_801_2019-06-18 13:41:21.698464
1,1_1_191_785_2019-06-18 13:45:09.711586
1,1_1_179_777_2019-06-18 13:45:50.135925
1,1_1_179_790_2019-06-18 13:46:19.730083
1,1_1_193_816_2019-06-18 13:48:57.535864
1,1_1_191_808_2019-06-18 13:51:07.255236
1,1_1_179_783_2019-06-18 13:54:45.538452
1,1_1_179_810_2019-06-18 13:54:45.634488
1,1_1_179_791_2019-06-18 13:56:35.063932
1,1_1_179_813_2019-06-18 13:56:40.339398
0,1_1_191_780_2019-06-18 13:56:45.550735
0,1_1_179_794_2019-06-18 13:59:16.491478
1,1_1_179_788_2019-06-18 14:01:19.832066
1,1_1_179_787_2019-06-18 14:03:13.184440
0,1_1_191_784_2019-06-18 14:04:01.982201
1,1_1_179_798_2019-06-18 14:04:42.046297
1,1_1_191_803_2019-06-18 14:05:00.531169
0,1_1_179_779_2019-06-18 14:06:21.759615
1,1_1_191_778_2019-06-18 14:14:11.320500
0,1_1_191_793_2019-06-18 14:15:31.689612
1,1_1_191_782_2019-06-18 14:15:24.383380
1,1_1_191_792_2019-06-18 14:16:06.118460
1,1_1_191_807_2019-06-18 14:17:04.480046
1,1_1_191_786_2019-06-18 14:18:50.951982
1,1_1_179_809_2019-06-18 14:20:02.334554
0,1_1_191_812_2019-06-18 14:20:27.103969
0,1_1_191_811_2019-06-18 14:21:16.436577
1,1_1_191_804_2019-06-18 14:21:48.199619
1,1_1_191_805_2019-06-18 14:27:34.810938
1,1_1_191_806_2019-06-18 14:28:46.902344
2,1_1_191_802_2019-06-18 14:29:34.970783
0,1_1_191_795_2019-06-18 14:30:08.424652
2,1_1_191_802_2019-06-18 18:48:37.071257
2,1_1_193_819_2019-06-18 19:02:13.591937
2,1_1_178_817_2019-06-18 19:18:18.293377
2,1_1_178_824_2019-06-18 21:00:56.825512
2,1_1_194_821_2019-06-18 21:20:56.480530
0,1_1_193_820_2019-06-18 21:49:17.422078
2,1_1_179_813_2019-06-18 22:00:46.458963
2,1_1_178_817_2019-06-18 22:12:36.878725
2,1_1_178_828_2019-06-18 22:15:38.890742
2,1_1_179_787_2019-06-18 22:22:14.568953
2,1_1_191_789_2019-06-18 22:51:56.127992
2,1_1_178_823_2019-06-18 22:56:26.419813
2,1_1_193_816_2019-06-18 23:08:44.268367
2,1_1_179_781_2019-06-18 23:12:13.204580
2,1_1_179_794_2019-06-18 23:20:57.402421
2,1_1_193_827_2019-06-18 23:40:03.861051
2,1_1_194_821_2019-06-19 00:51:14.754118
2,1_1_178_823_2019-06-19 02:20:14.328775
0,1_1_194_826_2019-06-19 12:05:33.463539
1,1_1_194_822_2019-06-19 12:10:27.372699
1,1_1_178_823_2019-06-19 12:44:22.613627
1,1_1_191_789_2019-06-19 12:55:38.545028
1,1_1_178_828_2019-06-19 12:56:51.299625
1,1_1_193_819_2019-06-19 13:02:24.662514
1,1_1_193_825_2019-06-19 13:10:54.444803
1,1_1_193_820_2019-06-19 13:18:38.132754
0,1_1_178_824_2019-06-19 13:27:01.935397
1,1_1_193_816_2019-06-19 13:29:42.880544
1,1_1_191_785_2019-06-19 13:29:43.493160
1,1_1_193_827_2019-06-19 13:30:17.113354
1,1_1_179_783_2019-06-19 13:40:42.027994
0,1_1_194_821_2019-06-19 13:42:02.747209
0,1_1_191_803_2019-06-19 13:42:59.991922
1,1_1_178_817_2019-06-19 13:45:30.320132
1,1_1_193_829_2019-06-19 13:47:35.044413
1,1_1_179_794_2019-06-19 13:47:46.653505
2,1_1_179_800_2019-06-19 13:50:40.748312
1,1_1_194_818_2019-06-19 13:51:11.412559
0,1_1_179_799_2019-06-19 13:53:04.700808
1,1_1_179_791_2019-06-19 13:54:08.853966
0,1_1_179_810_2019-06-19 13:58:05.712805
1,1_1_191_808_2019-06-19 13:59:15.481548
0,1_1_179_779_2019-06-19 14:00:28.863802
0,1_1_179_796_2019-06-19 14:06:02.657532
0,1_1_191_811_2019-06-19 14:08:12.374230
0,1_1_179_813_2019-06-19 14:09:35.600814
1,1_1_191_802_2019-06-19 14:10:00.525119
0,1_1_179_790_2019-06-19 14:13:50.163382
0,1_1_191_795_2019-06-19 14:18:46.085168
1,1_1_191_812_2019-06-19 14:19:42.872634
1,1_1_179_781_2019-06-19 14:22:03.509125
0,1_1_191_778_2019-06-19 14:23:13.477187
1,1_1_179_815_2019-06-19 14:26:05.007951
1,1_1_191_792_2019-06-19 14:27:04.406247
1,1_1_179_809_2019-06-19 14:29:45.038324
0,1_1_191_807_2019-06-19 14:30:43.666761
0,1_1_191_780_2019-06-19 14:33:24.272791
0,1_1_179_777_2019-06-19 14:34:32.476470
0,1_1_179_787_2019-06-19 14:38:25.192655
1,1_1_191_782_2019-06-19 14:40:42.433140
0,1_1_191_806_2019-06-19 14:46:34.142115
1,1_1_191_805_2019-06-19 14:48:43.214018
0,1_1_179_801_2019-06-19 14:50:35.399741
1,1_1_191_784_2019-06-19 14:57:09.965338
1,1_1_191_786_2019-06-19 14:58:22.878093
0,1_1_191_793_2019-06-19 14:59:55.507210
1,1_1_191_804_2019-06-19 15:05:24.708260
1,1_1_179_799_2019-06-19 16:42:22.784309
0,1_1_179_800_2019-06-19 16:55:43.618972
0,1_1_193_825_2019-06-19 18:32:51.766141
0,1_1_179_810_2019-06-19 18:33:41.209027
1,1_1_191_778_2019-06-19 19:01:12.851752
0,1_1_178_828_2019-06-19 19:52:51.808516
2,1_1_179_809_2019-06-19 21:38:53.591247
2,1_1_193_819_2019-06-19 22:16:32.205091
2,1_1_193_820_2019-06-19 22:54:55.715196
2,1_1_191_789_2019-06-19 23:08:29.501538
2,1_1_193_827_2019-06-20 00:37:46.338490
2,1_1_178_823_2019-06-20 05:32:04.628658
0,1_1_179_809_2019-06-20 12:15:27.389536
0,1_1_194_826_2019-06-20 12:28:32.587173
1,1_1_178_823_2019-06-20 12:45:25.311419
1,1_1_193_825_2019-06-20 12:51:39.601373
0,1_1_193_829_2019-06-20 12:53:03.607349
1,1_1_193_819_2019-06-20 13:03:11.326797
0,1_1_193_816_2019-06-20 13:03:46.138724
1,1_1_191_789_2019-06-20 13:18:26.696896
1,1_1_194_821_2019-06-20 13:23:15.642142
0,1_1_178_828_2019-06-20 13:23:31.395624
0,1_1_194_822_2019-06-20 13:30:23.097156
1,1_1_191_795_2019-06-20 13:35:40.577365
1,1_1_191_803_2019-06-20 13:37:28.405673
1,1_1_193_820_2019-06-20 13:39:38.994626
1,1_1_179_791_2019-06-20 13:40:01.554020
1,1_1_178_824_2019-06-20 13:40:20.985962
1,1_1_191_785_2019-06-20 13:42:00.174298
1,1_1_193_827_2019-06-20 13:44:00.245497
1,1_1_179_800_2019-06-20 13:44:08.450678
0,1_1_178_817_2019-06-20 13:45:06.185443
1,1_1_179_788_2019-06-20 13:45:39.184857
2,1_1_194_818_2019-06-20 13:46:35.220629
0,1_1_179_815_2019-06-20 13:50:27.146712
0,1_1_191_780_2019-06-20 13:52:40.797254
0,1_1_179_810_2019-06-20 13:55:43.340266
1,1_1_179_794_2019-06-20 13:56:46.336337
1,1_1_191_808_2019-06-20 13:57:24.705679
0,1_1_179_799_2019-06-20 13:59:23.358607
1,1_1_179_783_2019-06-20 14:00:32.099718
0,1_1_179_798_2019-06-20 14:02:56.263956
1,1_1_179_796_2019-06-20 14:04:09.334774
1,1_1_179_813_2019-06-20 14:04:43.790105
1,1_1_179_777_2019-06-20 14:04:46.526184
1,1_1_179_797_2019-06-20 14:07:53.935706
1,1_1_179_787_2019-06-20 14:11:33.006840
0,1_1_179_801_2019-06-20 14:11:46.549699
0,1_1_179_790_2019-06-20 14:12:15.559291
1,1_1_179_779_2019-06-20 14:13:14.094455
0,1_1_191_782_2019-06-20 14:13:54.446336
1,1_1_191_807_2019-06-20 14:15:52.366137
0,1_1_191_802_2019-06-20 14:17:33.585210
1,1_1_191_778_2019-06-20 14:19:11.420573
0,1_1_191_793_2019-06-20 14:19:31.937621
0,1_1_191_784_2019-06-20 14:19:51.346168
1,1_1_191_812_2019-06-20 14:23:23.197840
0,1_1_191_792_2019-06-20 14:24:14.996122
1,1_1_191_811_2019-06-20 14:24:49.423570
1,1_1_191_804_2019-06-20 14:26:47.421297
1,1_1_191_806_2019-06-20 14:28:19.924237
1,1_1_191_805_2019-06-20 14:34:05.610345
1,1_1_191_786_2019-06-20 14:33:00.628148
1,1_1_179_809_2019-06-20 17:53:36.696621
2,1_1_194_818_2019-06-20 19:17:28.334423
2,1_1_194_822_2019-06-20 19:17:41.674924
0,1_1_191_805_2019-06-20 19:44:31.805656
0,1_1_191_784_2019-06-20 20:26:40.306086
2,1_1_179_815_2019-06-20 21:03:56.631646
2,1_1_191_804_2019-06-20 21:20:57.667084
2,1_1_194_818_2019-06-20 22:12:02.813615
2,1_1_179_777_2019-06-20 22:25:27.875355
2,1_1_191_780_2019-06-20 22:26:28.857004
2,1_1_191_789_2019-06-20 22:29:32.860927
2,1_1_178_823_2019-06-20 22:42:49.818404
2,1_1_193_819_2019-06-20 23:46:06.927237
2,1_1_178_823_2019-06-20 23:47:58.919549
2,1_1_194_826_2019-06-21 01:48:14.764435
1,1_1_178_823_2019-06-21 12:45:28.793333
1,1_1_194_826_2019-06-21 12:53:26.092201
1,1_1_193_827_2019-06-21 12:55:55.083844
1,1_1_193_816_2019-06-21 13:11:33.211213
1,1_1_193_819_2019-06-21 13:42:46.924047
2,1_1_193_820_2019-06-21 13:45:53.112269
0,1_1_194_822_2019-06-21 13:55:20.484493
0,1_1_178_828_2019-06-21 14:07:27.687852
1,1_1_179_791_2019-06-21 14:07:39.755052
1,1_1_193_829_2019-06-21 14:40:10.071773
1,1_1_178_817_2019-06-21 14:47:33.672554
0,1_1_194_818_2019-06-21 14:53:02.791991
1,1_1_194_821_2019-06-21 14:54:21.132413
2,1_1_178_824_2019-06-21 14:54:40.931369
0,1_1_179_810_2019-06-21 15:31:55.602218
1,1_1_193_820_2019-06-21 15:41:40.562747
2,1_1_179_779_2019-06-21 15:43:46.033990
2,1_1_179_815_2019-06-21 15:44:41.892870
2,1_1_179_794_2019-06-21 16:13:14.767371
1,1_1_178_824_2019-06-21 16:18:21.390308
0,1_1_179_783_2019-06-21 16:27:55.178701
0,1_1_179_779_2019-06-21 16:47:20.663687
0,1_1_193_825_2019-06-21 17:26:54.857044
2,1_1_193_827_2019-06-21 18:27:51.666141
0,1_1_179_810_2019-06-21 18:33:55.293921
0,1_1_179_794_2019-06-21 18:37:28.514914
2,1_1_179_800_2019-06-21 19:13:27.161058
0,1_1_179_815_2019-06-21 19:19:55.545740
2,1_1_179_798_2019-06-21 19:27:35.563466
2,1_1_193_827_2019-06-21 21:34:03.270328
2,1_1_179_788_2019-06-21 21:36:22.118572
1,1_1_194_821_2019-06-22 13:31:35.712076
2,1_1_193_825_2019-06-22 14:18:52.083619
0,1_1_193_819_2019-06-22 14:56:47.401254
1,1_1_178_823_2019-06-22 15:10:05.538658
0,1_1_194_826_2019-06-22 15:51:40.743396
1,1_1_193_819_2019-06-23 13:35:48.017568
0,1_1_194_821_2019-06-23 13:51:33.383855
0,1_1_178_828_2019-06-23 14:24:20.245539
2,1_1_193_827_2019-06-23 17:17:49.448380
2,1_1_193_829_2019-06-23 20:48:23.810288
2,1_1_178_823_2019-06-23 21:33:58.240477
0,1_1_194_826_2019-06-24 12:14:33.974110
1,1_1_194_822_2019-06-24 12:42:22.076240
1,1_1_178_823_2019-06-24 12:42:45.697091
0,1_1_193_825_2019-06-24 12:47:37.700438
0,1_1_193_816_2019-06-24 12:53:42.583067
1,1_1_178_828_2019-06-24 12:57:42.551034
1,1_1_193_819_2019-06-24 13:02:30.082313
1,1_1_193_829_2019-06-24 13:10:56.345273
1,1_1_193_827_2019-06-24 13:14:48.593124
1,1_1_194_821_2019-06-24 13:24:14.076648
1,1_1_193_820_2019-06-24 13:24:55.208701
0,1_1_179_796_2019-06-24 13:29:14.254038
1,1_1_179_787_2019-06-24 13:30:35.992401
1,1_1_179_791_2019-06-24 13:32:49.767219
1,1_1_179_815_2019-06-24 13:34:15.343702
1,1_1_178_824_2019-06-24 13:36:17.032738
0,1_1_194_818_2019-06-24 13:40:11.035112
0,1_1_178_817_2019-06-24 13:40:35.897527
1,1_1_179_783_2019-06-24 13:40:57.374689
1,1_1_179_800_2019-06-24 13:43:55.784765
0,1_1_179_799_2019-06-24 13:47:07.703720
0,1_1_179_788_2019-06-24 13:47:27.852130
1,1_1_179_809_2019-06-24 13:49:54.649622
0,1_1_179_781_2019-06-24 13:50:25.526762
1,1_1_179_794_2019-06-24 13:50:34.669017
0,1_1_179_777_2019-06-24 13:55:55.250215
1,1_1_179_798_2019-06-24 13:56:35.217139
1,1_1_179_797_2019-06-24 13:59:20.044634
0,1_1_179_790_2019-06-24 13:59:50.618948
0,1_1_191_782_2019-06-24 14:06:36.050511
0,1_1_179_813_2019-06-24 14:07:12.361185
1,1_1_191_789_2019-06-24 14:08:24.219215
1,1_1_191_802_2019-06-24 14:10:47.451859
1,1_1_179_801_2019-06-24 14:14:04.688894
1,1_1_191_808_2019-06-24 14:14:27.318289
0,1_1_191_804_2019-06-24 14:15:44.819223
2,1_1_191_806_2019-06-24 14:17:28.615258
0,1_1_191_792_2019-06-24 14:18:24.523144
1,1_1_191_780_2019-06-24 14:18:55.536772
0,1_1_191_812_2019-06-24 14:19:41.386018
0,1_1_179_779_2019-06-24 14:20:49.004204
1,1_1_191_784_2019-06-24 14:23:23.344868
0,1_1_191_795_2019-06-24 14:24:21.923895
1,1_1_191_778_2019-06-24 14:30:57.634934
1,1_1_191_807_2019-06-24 14:31:59.303629
1,1_1_191_786_2019-06-24 14:33:22.793464
0,1_1_191_805_2019-06-24 14:33:54.426506
0,1_1_191_793_2019-06-24 14:33:57.911903
1,1_1_191_785_2019-06-24 14:36:10.091217
0,1_1_191_803_2019-06-24 14:40:17.309777
0,1_1_191_811_2019-06-24 14:40:31.394231
0,1_1_191_792_2019-06-24 18:17:48.448294
1,1_1_191_804_2019-06-24 18:30:46.579671
1,1_1_179_813_2019-06-24 18:47:47.052313
2,1_1_191_806_2019-06-24 19:00:56.645794
2,1_1_179_783_2019-06-24 19:09:28.955018
0,1_1_191_795_2019-06-24 19:45:00.462793
2,1_1_179_815_2019-06-24 20:32:25.913714
0,1_1_193_825_2019-06-24 21:07:55.796029
2,1_1_194_826_2019-06-24 21:43:50.493660
2,1_1_178_828_2019-06-24 21:53:38.695924
2,1_1_179_779_2019-06-24 22:39:35.019449
2,1_1_193_819_2019-06-24 22:46:14.466438
2,1_1_178_823_2019-06-24 22:47:59.048562
2,1_1_178_817_2019-06-24 23:00:18.476995
2,1_1_191_806_2019-06-24 23:07:37.857756
2,1_1_193_820_2019-06-24 23:09:15.635695
2,1_1_193_816_2019-06-24 23:28:37.397910
2,1_1_193_829_2019-06-25 00:05:48.746025
2,1_1_178_824_2019-06-25 00:07:19.080238
2,1_1_178_823_2019-06-25 01:07:21.201814
2,1_1_194_822_2019-06-25 02:17:49.924879
2,1_1_178_823_2019-06-25 05:45:15.103971
1,1_1_193_819_2019-06-25 12:22:53.023247
1,1_1_194_822_2019-06-25 12:25:48.910548
1,1_1_178_823_2019-06-25 12:43:20.584478
1,1_1_179_815_2019-06-25 12:45:47.087474
1,1_1_178_828_2019-06-25 12:51:43.878401
1,1_1_193_827_2019-06-25 12:53:03.741891
1,1_1_193_829_2019-06-25 13:05:09.637665
1,1_1_194_826_2019-06-25 13:12:40.032127
1,1_1_178_817_2019-06-25 13:23:19.138017
1,1_1_178_824_2019-06-25 13:23:20.006274
1,1_1_194_821_2019-06-25 13:26:59.465097
1,1_1_179_787_2019-06-25 13:28:41.333521
1,1_1_194_818_2019-06-25 13:28:30.217221
1,1_1_179_791_2019-06-25 13:29:36.244078
2,1_1_179_799_2019-06-25 13:35:07.753602
1,1_1_179_781_2019-06-25 13:36:33.722816
1,1_1_193_820_2019-06-25 13:41:59.589778
1,1_1_193_816_2019-06-25 13:50:43.040394
0,1_1_179_797_2019-06-25 13:52:21.991319
1,1_1_179_794_2019-06-25 13:57:16.381348
1,1_1_179_809_2019-06-25 13:57:31.378888
1,1_1_179_783_2019-06-25 13:58:29.576491
0,1_1_179_798_2019-06-25 13:59:40.775778
1,1_1_191_808_2019-06-25 14:00:43.358803
0,1_1_179_788_2019-06-25 14:04:05.641347
1,1_1_179_796_2019-06-25 14:08:26.726601
1,1_1_179_790_2019-06-25 14:08:42.750132
1,1_1_191_802_2019-06-25 14:09:01.050088
0,1_1_191_795_2019-06-25 14:17:59.107046
0,1_1_191_803_2019-06-25 14:18:36.432582
1,1_1_179_800_2019-06-25 14:22:52.439910
1,1_1_179_777_2019-06-25 14:24:24.908500
0,1_1_179_810_2019-06-25 14:28:14.130040
1,1_1_179_801_2019-06-25 14:29:19.084111
1,1_1_191_792_2019-06-25 14:29:46.411055
1,1_1_179_779_2019-06-25 14:29:48.990458
0,1_1_191_784_2019-06-25 14:30:16.992871
0,1_1_179_813_2019-06-25 14:32:52.990312
1,1_1_191_789_2019-06-25 14:35:04.710306
0,1_1_191_782_2019-06-25 14:36:24.640851
1,1_1_191_807_2019-06-25 14:43:59.800382
1,1_1_191_785_2019-06-25 14:46:04.913736
0,1_1_191_778_2019-06-25 14:46:08.084389
1,1_1_191_804_2019-06-25 14:46:09.491343
1,1_1_191_786_2019-06-25 14:47:21.798688
1,1_1_191_806_2019-06-25 14:47:44.588872
1,1_1_191_805_2019-06-25 14:49:39.964162
0,1_1_191_780_2019-06-25 14:49:59.209295
1,1_1_191_812_2019-06-25 14:52:23.652264
1,1_1_191_793_2019-06-25 14:53:12.411112
1,1_1_191_811_2019-06-25 14:57:20.137712
2,1_1_191_792_2019-06-25 19:03:15.501865
2,1_1_191_778_2019-06-25 20:44:52.595289
2,1_1_178_828_2019-06-25 21:39:15.775519
2,1_1_193_819_2019-06-25 21:43:02.966815
2,1_1_194_818_2019-06-25 21:47:12.832663
2,1_1_179_815_2019-06-25 21:50:58.942812
2,1_1_191_805_2019-06-25 22:11:32.810019
2,1_1_178_817_2019-06-25 22:21:33.043708
2,1_1_178_823_2019-06-25 22:33:59.471665
2,1_1_191_792_2019-06-25 22:34:05.193938
2,1_1_178_828_2019-06-25 23:58:45.727660
2,1_1_193_827_2019-06-26 01:03:32.036145
2,1_1_194_826_2019-06-26 01:35:33.723225
2,1_1_178_823_2019-06-26 04:34:53.356530
1,1_1_194_822_2019-06-26 12:22:31.740768
1,1_1_178_823_2019-06-26 12:39:47.489141
0,1_1_179_799_2019-06-26 12:49:55.762974
0,1_1_178_817_2019-06-26 12:53:41.312101
1,1_1_191_789_2019-06-26 12:56:03.803660
0,1_1_193_819_2019-06-26 12:59:27.245497
0,1_1_193_829_2019-06-26 13:01:46.983205
1,1_1_178_828_2019-06-26 13:04:08.712937
0,1_1_194_826_2019-06-26 13:04:35.474670
1,1_1_194_821_2019-06-26 13:05:06.945122
1,1_1_193_816_2019-06-26 13:12:17.664353
1,1_1_193_820_2019-06-26 13:13:36.297271
0,1_1_193_827_2019-06-26 13:17:40.992348
1,1_1_179_791_2019-06-26 13:22:02.721750
1,1_1_193_825_2019-06-26 13:25:22.975448
1,1_1_179_796_2019-06-26 13:31:12.045927
1,1_1_179_787_2019-06-26 13:32:53.095886
1,1_1_179_815_2019-06-26 13:34:46.804754
0,1_1_179_794_2019-06-26 13:35:00.232478
1,1_1_179_781_2019-06-26 13:36:29.393182
1,1_1_179_783_2019-06-26 13:38:07.772555
1,1_1_194_818_2019-06-26 13:40:25.971173
0,1_1_179_810_2019-06-26 13:43:25.821420
0,1_1_179_798_2019-06-26 13:46:25.042216
1,1_1_179_777_2019-06-26 13:46:46.124213
1,1_1_179_813_2019-06-26 13:46:50.288188
0,1_1_191_780_2019-06-26 13:47:51.187632
1,1_1_179_797_2019-06-26 13:48:17.479761
0,1_1_191_808_2019-06-26 13:54:20.549622
1,1_1_179_801_2019-06-26 13:54:38.474403
0,1_1_179_809_2019-06-26 13:57:58.562636
1,1_1_179_790_2019-06-26 13:59:19.130297
0,1_1_191_778_2019-06-26 14:06:08.465621
0,1_1_191_784_2019-06-26 14:06:42.009035
2,1_1_191_804_2019-06-26 14:06:48.810709
0,1_1_179_779_2019-06-26 14:09:35.250348
0,1_1_191_803_2019-06-26 14:13:32.592060
0,1_1_191_785_2019-06-26 14:18:53.255054
0,1_1_191_812_2019-06-26 14:19:40.933868
0,1_1_179_800_2019-06-26 14:20:42.280594
1,1_1_191_807_2019-06-26 14:23:08.280245
1,1_1_191_782_2019-06-26 14:23:16.210583
0,1_1_191_802_2019-06-26 14:23:47.669344
1,1_1_191_795_2019-06-26 14:24:20.846862
0,1_1_191_792_2019-06-26 14:25:12.771146
0,1_1_191_811_2019-06-26 14:26:43.701464
1,1_1_191_805_2019-06-26 14:26:44.119219
0,1_1_191_793_2019-06-26 14:26:48.070866
0,1_1_191_786_2019-06-26 14:27:19.470549
1,1_1_191_806_2019-06-26 14:29:28.382530
1,1_1_191_804_2019-06-26 16:24:03.880598
1,1_1_178_817_2019-06-26 18:16:49.706718
2,1_1_191_802_2019-06-26 18:36:39.353203
2,1_1_179_796_2019-06-26 20:06:11.613568
2,1_1_178_828_2019-06-26 21:18:10.809147
0,1_1_193_820_2019-06-26 21:35:47.572230
2,1_1_191_792_2019-06-26 21:42:00.266467
2,1_1_191_802_2019-06-26 22:16:44.661760
2,1_1_179_810_2019-06-26 22:18:48.416063
2,1_1_191_806_2019-06-26 22:21:18.520248
2,1_1_193_827_2019-06-26 22:28:55.376341
2,1_1_178_823_2019-06-26 22:46:04.034396
2,1_1_193_819_2019-06-26 23:02:07.152087
2,1_1_193_816_2019-06-26 23:23:00.928154
2,1_1_191_811_2019-06-26 23:37:58.111961
2,1_1_194_821_2019-06-27 00:11:18.251870
2,1_1_193_825_2019-06-27 00:14:48.455288
2,1_1_193_819_2019-06-27 00:59:21.127411
1,1_1_178_828_2019-06-27 12:13:14.991505
1,1_1_194_822_2019-06-27 12:24:53.546781
1,1_1_178_823_2019-06-27 12:43:08.079876
1,1_1_193_827_2019-06-27 12:51:28.331979
0,1_1_193_825_2019-06-27 12:52:00.684131
0,1_1_193_819_2019-06-27 12:54:15.471369
1,1_1_193_829_2019-06-27 13:03:36.581577
1,1_1_193_820_2019-06-27 13:03:45.658561
0,1_1_194_826_2019-06-27 13:04:27.182422
2,1_1_178_824_2019-06-27 13:07:44.136254
0,1_1_178_817_2019-06-27 13:09:11.721657
1,1_1_194_821_2019-06-27 13:21:39.880146
1,1_1_179_788_2019-06-27 13:21:48.881557
1,1_1_179_787_2019-06-27 13:24:16.412129
0,1_1_194_818_2019-06-27 13:24:57.185657
1,1_1_179_800_2019-06-27 13:26:38.950018
1,1_1_179_781_2019-06-27 13:33:19.774594
0,1_1_179_796_2019-06-27 13:35:00.397736
1,1_1_179_779_2019-06-27 13:36:05.754388
1,1_1_193_816_2019-06-27 13:37:07.245953
1,1_1_179_815_2019-06-27 13:41:48.601270
1,1_1_179_797_2019-06-27 13:47:29.789697
0,1_1_179_794_2019-06-27 13:48:04.202590
1,1_1_179_798_2019-06-27 13:49:38.580736
1,1_1_179_810_2019-06-27 13:51:24.348763
1,1_1_179_783_2019-06-27 13:52:46.531485
0,1_1_179_809_2019-06-27 13:52:46.846954
2,1_1_179_799_2019-06-27 13:54:33.852315
0,1_1_191_812_2019-06-27 13:55:54.402154
0,1_1_191_803_2019-06-27 13:57:22.485075
1,1_1_191_808_2019-06-27 13:58:20.458409
0,1_1_179_813_2019-06-27 14:03:42.900382
0,1_1_191_802_2019-06-27 14:04:29.127211
1,1_1_191_792_2019-06-27 14:05:20.687874
1,1_1_179_791_2019-06-27 14:06:31.612141
0,1_1_179_801_2019-06-27 14:08:57.873900
1,1_1_179_790_2019-06-27 14:11:08.615040
1,1_1_191_785_2019-06-27 14:11:16.462501
1,1_1_191_804_2019-06-27 14:11:32.279882
1,1_1_191_789_2019-06-27 14:13:22.362024
1,1_1_191_780_2019-06-27 14:19:59.841574
0,1_1_191_795_2019-06-27 14:25:11.380922
2,1_1_191_778_2019-06-27 14:25:19.416863
1,1_1_191_805_2019-06-27 14:27:12.089248
0,1_1_191_807_2019-06-27 14:27:18.356811
0,1_1_191_811_2019-06-27 14:27:43.171493
1,1_1_191_782_2019-06-27 14:28:31.284466
1,1_1_191_806_2019-06-27 14:29:37.579182
1,1_1_191_793_2019-06-27 14:33:41.754879
0,1_1_191_784_2019-06-27 14:35:59.616338
1,1_1_191_786_2019-06-27 14:44:06.161317
1,1_1_178_824_2019-06-27 16:34:53.019395
1,1_1_191_778_2019-06-27 17:15:45.588617
0,1_1_179_777_2019-06-27 17:17:31.030165
0,1_1_179_796_2019-06-27 18:21:41.633366
0,1_1_191_804_2019-06-27 18:22:14.059002
0,1_1_193_827_2019-06-27 18:46:27.562903
0,1_1_191_806_2019-06-27 18:59:23.990472
2,1_1_179_781_2019-06-27 19:07:34.176634
2,1_1_179_799_2019-06-27 19:19:40.872516
1,1_1_178_817_2019-06-27 19:46:44.922476
0,1_1_194_818_2019-06-27 19:50:55.029072
2,1_1_191_811_2019-06-27 22:22:58.099214
2,1_1_193_820_2019-06-27 22:33:22.356695
2,1_1_178_823_2019-06-27 22:34:57.927534
2,1_1_179_799_2019-06-27 22:56:13.025872
2,1_1_193_819_2019-06-27 23:01:31.043874
2,1_1_193_816_2019-06-27 23:10:17.671863
2,1_1_193_829_2019-06-27 23:13:25.793287
2,1_1_194_822_2019-06-27 23:17:00.880660
2,1_1_194_821_2019-06-27 23:28:36.236278
2,1_1_179_810_2019-06-27 23:31:06.468892
2,1_1_194_818_2019-06-27 23:38:33.419018
2,1_1_179_777_2019-06-27 23:50:59.507609
1,1_1_194_822_2019-06-28 12:32:46.676846
1,1_1_178_828_2019-06-28 12:36:13.888668
0,1_1_179_799_2019-06-28 12:39:33.968907
1,1_1_178_823_2019-06-28 12:41:21.010197
1,1_1_193_827_2019-06-28 12:47:19.428417
0,1_1_193_819_2019-06-28 13:02:13.401951
1,1_1_193_820_2019-06-28 13:05:08.292158
1,1_1_193_825_2019-06-28 13:10:47.432794
1,1_1_178_817_2019-06-28 13:19:30.770780
0,1_1_194_821_2019-06-28 13:21:16.144166
0,1_1_194_826_2019-06-28 13:21:31.622198
0,1_1_179_788_2019-06-28 13:22:44.582688
1,1_1_179_787_2019-06-28 13:23:48.437224
1,1_1_178_824_2019-06-28 13:24:28.141541
0,1_1_194_818_2019-06-28 13:24:43.311298
0,1_1_179_800_2019-06-28 13:26:19.177492
0,1_1_179_796_2019-06-28 13:27:07.280371
0,1_1_193_816_2019-06-28 13:34:17.519819
1,1_1_193_829_2019-06-28 13:34:51.668979
0,1_1_179_781_2019-06-28 13:37:49.535183
1,1_1_179_813_2019-06-28 13:41:58.376051
1,1_1_179_797_2019-06-28 13:42:18.053452
1,1_1_179_791_2019-06-28 13:44:49.214467
0,1_1_179_794_2019-06-28 13:45:30.364506
1,1_1_179_777_2019-06-28 13:47:12.168635
1,1_1_179_783_2019-06-28 13:48:30.305677
0,1_1_191_780_2019-06-28 13:49:56.695606
1,1_1_179_798_2019-06-28 13:52:52.008170
1,1_1_179_801_2019-06-28 13:55:22.162732
1,1_1_191_808_2019-06-28 13:55:34.600543
1,1_1_179_815_2019-06-28 14:00:55.006188
1,1_1_179_809_2019-06-28 14:04:08.320745
1,1_1_191_785_2019-06-28 14:04:53.521819
0,1_1_179_790_2019-06-28 14:05:25.669964
0,1_1_179_779_2019-06-28 14:06:06.664437
0,1_1_191_812_2019-06-28 14:08:34.741461
0,1_1_191_803_2019-06-28 14:08:53.245357
0,1_1_191_802_2019-06-28 14:09:12.745716
0,1_1_191_786_2019-06-28 14:10:13.546852
1,1_1_191_792_2019-06-28 14:10:51.788114
0,1_1_191_778_2019-06-28 14:11:16.411993
0,1_1_191_805_2019-06-28 14:12:43.804210
0,1_1_191_795_2019-06-28 14:14:04.227453
0,1_1_191_804_2019-06-28 14:15:12.983122
0,1_1_191_782_2019-06-28 14:21:13.523511
1,1_1_191_806_2019-06-28 14:21:34.199361
0,1_1_191_807_2019-06-28 14:22:05.882667
0,1_1_191_784_2019-06-28 14:22:31.414166
1,1_1_191_789_2019-06-28 14:27:17.997062
1,1_1_191_811_2019-06-28 14:26:54.400728
0,1_1_191_793_2019-06-28 15:45:09.036902
1,1_1_179_779_2019-06-28 18:18:22.910936
0,1_1_194_818_2019-06-28 18:22:10.807525
0,1_1_191_786_2019-06-28 18:26:58.805840
0,1_1_191_782_2019-06-28 18:44:35.681563
2,1_1_179_790_2019-06-28 18:46:08.364522
2,1_1_179_783_2019-06-28 18:52:39.790230
2,1_1_179_781_2019-06-28 19:02:22.335708
0,1_1_191_806_2019-06-28 19:40:26.180106
2,1_1_191_793_2019-06-28 20:10:41.381568
2,1_1_178_828_2019-06-28 20:12:34.148877
2,1_1_191_802_2019-06-28 20:30:20.763925
2,1_1_191_807_2019-06-28 20:35:01.074188
1,1_1_179_799_2019-06-28 20:37:30.646691
2,1_1_179_781_2019-06-28 20:47:44.920842
2,1_1_179_813_2019-06-28 20:48:37.266102
2,1_1_178_817_2019-06-28 21:05:51.816111
2,1_1_193_819_2019-06-28 21:18:31.517469
2,1_1_179_810_2019-06-28 21:25:23.247193
2,1_1_178_824_2019-06-28 21:34:56.982561
2,1_1_193_825_2019-06-28 21:44:55.177113
2,1_1_179_794_2019-06-28 21:53:41.647387
2,1_1_193_829_2019-06-28 22:15:13.703487
2,1_1_179_800_2019-06-28 22:16:32.690951
2,1_1_179_787_2019-06-28 22:17:40.162656
0,1_1_194_821_2019-06-28 22:43:01.090783
2,1_1_193_816_2019-06-28 23:12:07.900769
2,1_1_178_817_2019-06-28 23:34:17.874972
2,1_1_178_824_2019-06-29 00:19:04.808006
2,1_1_178_823_2019-06-29 00:24:49.853549
0,1_1_178_823_2019-06-29 12:45:05.246640
0,1_1_178_828_2019-06-29 14:25:04.664805
1,1_1_193_820_2019-06-30 14:09:57.482529
2,1_1_178_823_2019-06-30 19:34:46.901048
2,1_1_178_823_2019-06-30 23:01:32.261397
0,1_1_194_826_2019-07-01 12:33:30.838506
1,1_1_178_823_2019-07-01 12:46:03.690385
1,1_1_194_821_2019-07-01 12:49:17.163353
0,1_1_179_799_2019-07-01 12:57:35.070310
1,1_1_193_819_2019-07-01 13:05:03.813833
1,1_1_191_789_2019-07-01 13:06:39.873278
1,1_1_178_817_2019-07-01 13:20:22.998016
1,1_1_193_825_2019-07-01 13:30:21.036693
0,1_1_179_810_2019-07-01 13:31:29.399389
1,1_1_178_828_2019-07-01 13:37:39.386206
1,1_1_193_820_2019-07-01 13:38:37.768227
0,1_1_191_780_2019-07-01 13:41:23.792576
0,1_1_178_824_2019-07-01 13:45:58.208155
0,1_1_179_800_2019-07-01 13:46:09.186328
0,1_1_179_788_2019-07-01 13:47:08.868414
0,1_1_194_818_2019-07-01 13:52:17.496927
0,1_1_179_796_2019-07-01 13:52:59.542033
1,1_1_193_827_2019-07-01 13:54:37.547781
1,1_1_193_829_2019-07-01 14:00:50.262676
0,1_1_193_816_2019-07-01 14:03:58.728402
0,1_1_179_781_2019-07-01 14:04:05.442867
0,1_1_179_809_2019-07-01 14:04:38.913461
0,1_1_179_790_2019-07-01 14:13:07.220862
1,1_1_191_808_2019-07-01 14:15:07.866632
0,1_1_179_791_2019-07-01 14:17:22.929898
0,1_1_179_777_2019-07-01 14:17:58.601155
0,1_1_179_794_2019-07-01 14:20:56.389939
0,1_1_179_797_2019-07-01 14:27:24.684304
1,1_1_191_795_2019-07-01 14:27:31.291123
2,1_1_191_792_2019-07-01 14:28:20.605462
0,1_1_179_787_2019-07-01 14:29:12.480606
2,1_1_179_783_2019-07-01 14:32:46.560855
0,1_1_179_798_2019-07-01 14:34:51.634517
0,1_1_179_779_2019-07-01 14:44:16.562830
1,1_1_179_801_2019-07-01 14:44:46.324792
0,1_1_191_803_2019-07-01 14:47:56.053052
1,1_1_191_782_2019-07-01 14:53:55.506542
1,1_1_191_806_2019-07-01 15:01:04.902166
0,1_1_179_813_2019-07-01 15:07:09.056115
0,1_1_179_815_2019-07-01 15:07:34.902335
1,1_1_191_785_2019-07-01 15:11:17.071923
1,1_1_191_778_2019-07-01 15:24:23.449861
0,1_1_191_807_2019-07-01 15:24:39.947245
1,1_1_191_811_2019-07-01 15:28:36.083349
1,1_1_191_805_2019-07-01 15:29:49.373764
0,1_1_191_812_2019-07-01 15:37:22.225599
0,1_1_191_784_2019-07-01 15:42:46.764643
1,1_1_191_802_2019-07-01 16:07:54.560922
2,1_1_191_793_2019-07-01 16:12:59.867772
1,1_1_191_786_2019-07-01 16:16:39.215435
1,1_1_191_804_2019-07-01 16:21:03.523545
0,1_1_194_818_2019-07-01 18:45:17.000537
2,1_1_179_797_2019-07-01 19:12:53.056512
2,1_1_191_807_2019-07-01 19:15:31.595387
0,1_1_179_783_2019-07-01 19:20:30.955300
0,1_1_191_793_2019-07-01 19:43:45.535911
0,1_1_179_800_2019-07-01 20:01:06.782562
2,1_1_179_813_2019-07-01 20:34:17.241092
2,1_1_179_798_2019-07-01 21:49:11.873404
2,1_1_179_794_2019-07-01 21:58:44.571011
2,1_1_191_807_2019-07-01 22:02:20.810735
2,1_1_179_781_2019-07-01 22:23:32.496137
2,1_1_193_819_2019-07-01 22:35:56.104381
2,1_1_193_827_2019-07-02 00:32:45.820079
2,1_1_194_818_2019-07-02 12:15:28.503952
1,1_1_178_828_2019-07-02 12:42:48.733464
1,1_1_178_823_2019-07-02 12:44:45.734064
0,1_1_179_799_2019-07-02 12:52:52.691064
1,1_1_193_827_2019-07-02 13:02:12.544018
1,1_1_193_819_2019-07-02 13:05:00.715639
1,1_1_193_820_2019-07-02 13:14:59.483416
0,1_1_179_788_2019-07-02 13:18:27.824619
1,1_1_178_817_2019-07-02 13:25:01.464654
1,1_1_191_789_2019-07-02 13:26:14.654841
2,1_1_193_825_2019-07-02 13:27:40.720869
1,1_1_179_800_2019-07-02 13:29:08.818813
1,1_1_178_824_2019-07-02 13:33:55.762218
1,1_1_193_816_2019-07-02 13:36:31.643494
0,1_1_179_796_2019-07-02 13:37:29.790281
0,1_1_194_821_2019-07-02 13:45:05.490103
2,1_1_194_822_2019-07-02 13:46:27.831664
1,1_1_193_829_2019-07-02 13:51:15.550957
1,1_1_194_826_2019-07-02 13:52:23.883201
0,1_1_179_777_2019-07-02 13:52:45.106253
1,1_1_179_791_2019-07-02 13:55:54.043833
0,1_1_179_810_2019-07-02 13:56:38.134142
0,1_1_179_815_2019-07-02 13:57:34.543778
0,1_1_179_783_2019-07-02 14:00:19.925004
0,1_1_179_794_2019-07-02 14:01:43.084010
0,1_1_179_779_2019-07-02 14:08:01.901484
1,1_1_191_808_2019-07-02 14:12:53.770546
1,1_1_179_798_2019-07-02 14:15:14.985051
1,1_1_179_797_2019-07-02 14:16:46.052365
0,1_1_179_781_2019-07-02 14:17:14.864451
1,1_1_179_801_2019-07-02 14:20:59.943367
2,1_1_191_792_2019-07-02 14:22:10.486625
0,1_1_179_809_2019-07-02 14:22:58.359598
0,1_1_179_790_2019-07-02 14:25:24.322013
0,1_1_191_795_2019-07-02 14:28:46.516553
0,1_1_191_812_2019-07-02 14:39:34.667931
0,1_1_194_822_2019-07-02 14:41:10.467490
2,1_1_191_805_2019-07-02 14:41:20.748950
1,1_1_179_787_2019-07-02 14:41:40.881775
0,1_1_191_778_2019-07-02 14:44:51.985969
0,1_1_191_782_2019-07-02 14:47:13.605579
0,1_1_179_813_2019-07-02 14:49:42.452890
0,1_1_191_806_2019-07-02 15:03:57.426773
2,1_1_191_807_2019-07-02 15:06:16.245486
1,1_1_191_780_2019-07-02 15:06:22.901705
0,1_1_191_802_2019-07-02 15:10:13.423145
2,1_1_191_786_2019-07-02 15:13:07.687904
1,1_1_191_811_2019-07-02 15:24:16.910986
2,1_1_191_784_2019-07-02 15:28:09.969836
1,1_1_191_804_2019-07-02 15:31:00.885008
2,1_1_191_793_2019-07-02 15:33:01.266331
0,1_1_191_785_2019-07-02 15:35:17.798994
1,1_1_193_825_2019-07-02 16:03:58.713742
0,1_1_194_818_2019-07-02 16:05:44.554441
1,1_1_191_805_2019-07-02 17:45:54.177663
2,1_1_191_786_2019-07-02 18:28:50.938193
2,1_1_191_792_2019-07-02 18:34:23.508053
0,1_1_191_793_2019-07-02 18:35:13.295890
2,1_1_191_803_2019-07-02 18:50:12.021784
0,1_1_193_825_2019-07-02 19:16:00.832510
2,1_1_179_790_2019-07-02 19:20:01.846362
2,1_1_193_827_2019-07-02 19:23:19.921375
2,1_1_191_784_2019-07-02 19:23:42.327413
2,1_1_191_786_2019-07-02 19:35:12.816908
2,1_1_179_796_2019-07-02 19:36:05.725412
2,1_1_179_809_2019-07-02 19:58:11.773442
0,1_1_191_807_2019-07-02 20:05:13.895895
0,1_1_179_799_2019-07-02 20:06:56.152077
2,1_1_194_821_2019-07-02 20:36:23.448505
2,1_1_179_783_2019-07-02 20:37:32.817417
2,1_1_178_828_2019-07-02 20:50:16.571849
2,1_1_191_803_2019-07-02 21:16:55.471221
0,1_1_194_822_2019-07-02 21:45:16.815512
2,1_1_194_822_2019-07-03 04:00:50.402778
0,1_1_178_828_2019-07-03 13:01:55.481907
1,1_1_193_820_2019-07-03 13:31:20.045660
1,1_1_178_823_2019-07-03 14:18:30.651717
2,1_1_193_827_2019-07-03 14:27:15.411221
2,1_1_179_796_2019-07-03 15:28:05.838845
1,1_1_194_821_2019-07-03 15:28:18.589602
0,1_1_194_822_2019-07-03 16:10:53.551814
0,1_1_193_816_2019-07-03 16:14:40.951769
0,1_1_194_818_2019-07-03 16:15:38.814990
1,1_1_178_817_2019-07-03 16:20:03.809665
0,1_1_193_825_2019-07-03 16:34:24.359179
0,1_1_178_824_2019-07-03 16:45:50.136029
1,1_1_194_826_2019-07-03 16:45:47.259096
0,1_1_193_829_2019-07-03 17:26:31.598320
2,1_1_193_819_2019-07-03 18:13:05.235430
2,1_1_194_821_2019-07-03 19:55:11.332601
2,1_1_193_820_2019-07-03 19:55:56.709154
2,1_1_193_819_2019-07-03 21:21:18.860487
2,1_1_193_825_2019-07-04 02:24:55.416360
0,1_1_178_824_2019-07-04 04:56:57.642011
2,1_1_191_789_2019-07-04 15:27:25.950520
0,1_1_193_816_2019-07-04 18:03:58.214716
2,1_1_193_825_2019-07-04 23:31:25.633591
2,1_1_178_823_2019-07-05 12:55:45.271668
2,1_1_194_821_2019-07-05 15:42:40.729292
2,1_1_193_825_2019-07-05 17:38:28.342416
0,1_1_194_822_2019-07-05 17:55:57.841352
0,1_1_178_828_2019-07-05 18:12:19.276664
0,1_1_178_823_2019-07-05 18:28:05.813230
0,1_1_193_825_2019-07-05 19:22:54.181648
2,1_1_193_825_2019-07-06 13:53:03.614220
2,1_1_179_815_2019-07-07 13:58:53.270213
0,1_1_193_829_2019-07-07 15:07:41.275223
2,1_1_194_821_2019-07-07 16:11:46.179056
2,1_1_193_819_2019-07-07 23:07:56.719468
0,1_1_193_816_2019-07-08 12:58:05.836641
0,1_1_194_826_2019-07-08 12:58:08.011174
1,1_1_193_827_2019-07-08 13:01:06.737389
0,1_1_178_828_2019-07-08 13:01:20.181688
1,1_1_193_819_2019-07-08 13:02:34.635361
0,1_1_193_825_2019-07-08 13:07:41.562791
0,1_1_178_817_2019-07-08 13:08:13.199752
1,1_1_178_823_2019-07-08 13:11:10.178118
1,1_1_193_820_2019-07-08 13:11:28.979653
0,1_1_193_829_2019-07-08 13:17:57.618614
2,1_1_194_822_2019-07-08 13:20:39.837093
1,1_1_194_821_2019-07-08 13:24:16.988300
1,1_1_179_815_2019-07-08 13:26:26.418028
1,1_1_179_787_2019-07-08 13:27:34.264498
0,1_1_178_824_2019-07-08 13:31:56.845279
1,1_1_194_818_2019-07-08 13:34:51.387578
1,1_1_179_813_2019-07-08 13:40:53.524448
0,1_1_179_809_2019-07-08 13:46:05.892790
1,1_1_179_794_2019-07-08 13:48:33.587222
1,1_1_179_791_2019-07-08 13:49:56.622686
1,1_1_191_802_2019-07-08 13:50:10.316353
0,1_1_179_810_2019-07-08 13:56:45.662855
1,1_1_179_788_2019-07-08 13:56:52.781718
1,1_1_179_799_2019-07-08 13:57:12.813148
0,1_1_179_798_2019-07-08 13:57:59.714328
1,1_1_179_796_2019-07-08 13:59:36.341433
1,1_1_179_783_2019-07-08 14:00:12.706931
1,1_1_191_812_2019-07-08 14:08:10.692116
0,1_1_179_801_2019-07-08 14:04:33.476486
1,1_1_191_792_2019-07-08 14:21:44.432378
1,1_1_179_800_2019-07-08 14:17:33.988714
0,1_1_191_778_2019-07-08 14:21:47.270812
0,1_1_179_779_2019-07-08 14:14:51.608248
0,1_1_191_806_2019-07-08 14:21:56.575750
1,1_1_194_822_2019-07-08 14:24:09.724888
0,1_1_191_786_2019-07-08 14:24:41.566180
0,1_1_191_780_2019-07-08 14:36:47.644383
0,1_1_191_795_2019-07-08 14:27:17.281480
1,1_1_179_777_2019-07-08 14:29:15.899984
2,1_1_191_805_2019-07-08 14:28:09.053302
0,1_1_191_782_2019-07-08 14:34:33.109750
1,1_1_179_797_2019-07-08 14:33:04.112560
0,1_1_191_785_2019-07-08 14:38:53.067582
0,1_1_191_803_2019-07-08 14:34:48.434338
2,1_1_191_784_2019-07-08 14:46:17.170396
1,1_1_191_807_2019-07-08 14:41:00.082440
1,1_1_191_793_2019-07-08 14:48:39.034147
1,1_1_191_811_2019-07-08 14:51:15.584364
1,1_1_191_804_2019-07-08 14:53:22.492025
1,1_1_191_784_2019-07-08 16:17:50.014571
1,1_1_179_799_2019-07-08 18:13:22.355179
0,1_1_179_801_2019-07-08 18:27:36.151808
0,1_1_193_829_2019-07-08 18:34:22.615012
0,1_1_191_778_2019-07-08 18:38:42.233432
2,1_1_191_805_2019-07-08 18:52:31.604997
0,1_1_178_817_2019-07-08 19:09:04.751065
2,1_1_191_795_2019-07-08 19:14:04.852985
0,1_1_191_782_2019-07-08 19:20:09.619429
0,1_1_191_786_2019-07-08 19:21:05.960979
2,1_1_179_813_2019-07-08 19:47:46.393500
2,1_1_191_785_2019-07-08 19:57:56.995637
2,1_1_191_793_2019-07-08 20:11:04.014837
2,1_1_194_822_2019-07-08 20:14:43.588755
2,1_1_193_825_2019-07-08 20:43:55.729041
2,1_1_191_795_2019-07-08 21:35:44.883024
2,1_1_178_823_2019-07-08 21:49:28.289619
0,1_1_191_805_2019-07-08 22:16:31.509195
2,1_1_193_819_2019-07-08 22:26:17.598956
2,1_1_193_816_2019-07-08 22:33:58.007323
2,1_1_178_828_2019-07-08 23:06:22.297352
2,1_1_194_818_2019-07-08 23:22:43.440516
0,1_1_194_822_2019-07-09 10:31:10.655603
1,1_1_194_826_2019-07-09 12:37:54.853850
0,1_1_179_799_2019-07-09 12:48:10.542162
1,1_1_191_789_2019-07-09 12:49:41.659541
1,1_1_178_828_2019-07-09 12:49:54.542302
0,1_1_178_817_2019-07-09 12:56:40.616440
1,1_1_194_821_2019-07-09 12:57:52.670424
0,1_1_193_816_2019-07-09 13:03:24.939524
1,1_1_193_819_2019-07-09 13:04:48.086394
0,1_1_193_825_2019-07-09 13:09:17.928943
0,1_1_178_823_2019-07-09 13:09:48.773687
0,1_1_178_824_2019-07-09 13:17:27.971124
1,1_1_193_820_2019-07-09 13:23:45.509105
2,1_1_193_827_2019-07-09 13:24:36.975089
0,1_1_194_818_2019-07-09 13:24:50.918529
1,1_1_193_829_2019-07-09 13:25:05.288350
1,1_1_179_791_2019-07-09 13:26:37.717256
1,1_1_179_815_2019-07-09 13:27:09.518057
1,1_1_179_781_2019-07-09 13:28:51.287743
1,1_1_179_787_2019-07-09 13:31:29.478598
1,1_1_179_797_2019-07-09 13:32:55.290973
1,1_1_179_800_2019-07-09 13:38:38.986653
1,1_1_179_796_2019-07-09 13:39:30.219860
1,1_1_179_777_2019-07-09 13:40:54.417148
1,1_1_179_809_2019-07-09 13:46:24.599023
2,1_1_191_804_2019-07-09 13:46:50.395196
1,1_1_191_785_2019-07-09 13:47:58.778750
0,1_1_179_810_2019-07-09 13:57:47.937427
1,1_1_179_790_2019-07-09 13:59:04.297996
1,1_1_179_794_2019-07-09 14:00:06.820033
0,1_1_179_798_2019-07-09 14:00:21.959274
1,1_1_179_788_2019-07-09 14:03:58.960366
0,1_1_191_802_2019-07-09 14:06:35.478811
1,1_1_179_813_2019-07-09 14:08:00.946317
0,1_1_191_784_2019-07-09 14:11:28.022720
0,1_1_179_801_2019-07-09 14:12:20.897555
1,1_1_191_808_2019-07-09 14:16:50.919616
0,1_1_191_806_2019-07-09 14:18:22.124431
1,1_1_191_792_2019-07-09 14:18:50.328495
0,1_1_179_779_2019-07-09 14:20:50.400129
1,1_1_191_786_2019-07-09 14:20:52.578805
1,1_1_191_803_2019-07-09 14:23:52.878898
1,1_1_191_805_2019-07-09 14:26:43.259063
1,1_1_191_793_2019-07-09 14:29:00.600270
0,1_1_191_812_2019-07-09 14:30:01.645867
0,1_1_191_780_2019-07-09 14:31:16.602691
0,1_1_191_778_2019-07-09 14:33:47.340929
1,1_1_191_811_2019-07-09 14:35:09.390819
1,1_1_191_807_2019-07-09 14:37:54.007063
1,1_1_191_782_2019-07-09 14:39:54.256067
1,1_1_193_827_2019-07-09 14:57:32.885270
0,1_1_194_822_2019-07-09 15:25:06.760414
1,1_1_191_804_2019-07-09 16:39:21.451464
0,1_1_178_823_2019-07-09 18:26:52.528759
2,1_1_191_793_2019-07-09 18:53:33.887079
2,1_1_191_789_2019-07-09 19:39:32.688196
0,1_1_178_817_2019-07-09 19:45:55.061983
2,1_1_178_828_2019-07-09 20:55:47.957967
2,1_1_191_780_2019-07-09 21:24:39.444968
0,1_1_191_789_2019-07-09 21:25:55.728994
2,1_1_194_822_2019-07-09 21:37:38.432728
2,1_1_179_783_2019-07-09 21:46:31.049181
2,1_1_178_823_2019-07-09 23:12:14.789701
2,1_1_179_787_2019-07-09 23:17:45.733675
2,1_1_193_820_2019-07-09 23:21:25.889483
2,1_1_193_819_2019-07-09 23:25:15.760561
2,1_1_179_810_2019-07-10 00:09:23.667811
2,1_1_193_829_2019-07-10 00:16:17.089847
2,1_1_193_819_2019-07-10 00:47:21.619963
2,1_1_178_828_2019-07-10 00:51:19.335903
2,1_1_193_819_2019-07-10 04:39:20.194526
2,1_1_194_818_2019-07-10 04:41:34.024226
2,1_1_178_817_2019-07-10 05:02:24.637325
1,1_1_194_822_2019-07-10 12:19:02.763943
1,1_1_194_826_2019-07-10 12:24:18.390233
1,1_1_193_827_2019-07-10 12:29:34.311292
1,1_1_191_789_2019-07-10 12:45:49.601460
1,1_1_178_823_2019-07-10 12:46:51.219229
1,1_1_193_819_2019-07-10 12:53:57.405434
0,1_1_179_799_2019-07-10 12:57:02.954119
1,1_1_194_821_2019-07-10 12:59:23.210857
1,1_1_178_824_2019-07-10 13:00:55.265579
1,1_1_193_820_2019-07-10 13:02:12.880778
0,1_1_193_825_2019-07-10 13:14:44.703569
0,1_1_178_817_2019-07-10 13:15:07.021874
0,1_1_178_828_2019-07-10 13:24:39.152001
1,1_1_191_785_2019-07-10 13:26:33.927152
1,1_1_179_787_2019-07-10 13:27:28.852509
1,1_1_194_818_2019-07-10 13:29:18.581481
0,1_1_193_816_2019-07-10 13:29:21.499835
1,1_1_193_829_2019-07-10 13:31:42.581982
1,1_1_179_797_2019-07-10 13:32:31.355148
0,1_1_179_791_2019-07-10 13:37:02.086341
2,1_1_191_804_2019-07-10 13:38:10.168479
1,1_1_179_815_2019-07-10 13:38:35.173719
1,1_1_179_794_2019-07-10 13:41:35.347232
0,1_1_179_800_2019-07-10 13:47:03.306191
0,1_1_179_801_2019-07-10 13:49:17.803589
1,1_1_179_798_2019-07-10 13:51:38.583529
1,1_1_191_795_2019-07-10 13:57:37.362787
1,1_1_179_781_2019-07-10 13:58:32.272886
0,1_1_179_810_2019-07-10 13:58:58.314397
1,1_1_179_777_2019-07-10 14:03:33.277615
1,1_1_179_809_2019-07-10 14:04:12.334702
0,1_1_179_790_2019-07-10 14:09:19.107979
0,1_1_179_788_2019-07-10 14:12:24.008866
0,1_1_179_796_2019-07-10 14:16:20.868136
1,1_1_179_779_2019-07-10 14:19:32.945419
0,1_1_191_784_2019-07-10 14:20:00.279140
0,1_1_191_786_2019-07-10 14:20:20.742951
1,1_1_191_812_2019-07-10 14:22:28.478687
0,1_1_191_782_2019-07-10 14:23:05.256456
0,1_1_191_803_2019-07-10 14:24:23.926179
0,1_1_191_802_2019-07-10 14:30:49.731342
0,1_1_191_807_2019-07-10 14:36:10.834358
0,1_1_191_811_2019-07-10 14:37:31.295921
0,1_1_179_813_2019-07-10 14:39:16.508363
1,1_1_191_778_2019-07-10 14:39:22.707838
0,1_1_191_806_2019-07-10 14:42:59.438854
0,1_1_191_780_2019-07-10 14:47:21.969672
0,1_1_191_792_2019-07-10 14:49:26.869130
0,1_1_191_793_2019-07-10 14:53:11.258515
1,1_1_191_805_2019-07-10 14:53:39.490606
1,1_1_191_808_2019-07-10 14:53:45.334582
1,1_1_191_804_2019-07-10 16:24:52.784288
1,1_1_193_827_2019-07-10 18:17:55.877955
2,1_1_179_800_2019-07-10 18:37:25.412896
2,1_1_193_816_2019-07-10 18:42:38.724070
0,1_1_178_828_2019-07-10 18:57:19.123889
2,1_1_179_783_2019-07-10 19:10:23.881994
0,1_1_193_819_2019-07-10 19:27:30.810241
2,1_1_179_813_2019-07-10 19:35:33.209878
2,1_1_191_807_2019-07-10 19:40:43.891487
2,1_1_193_825_2019-07-10 20:14:52.904990
2,1_1_178_817_2019-07-10 21:31:07.819444
2,1_1_179_799_2019-07-10 21:52:23.963023
2,1_1_191_780_2019-07-10 21:57:54.021717
0,1_1_178_824_2019-07-10 22:49:57.412030
2,1_1_194_818_2019-07-10 22:52:02.550344
2,1_1_179_788_2019-07-10 22:58:15.847760
2,1_1_191_811_2019-07-10 23:23:18.100490
2,1_1_178_817_2019-07-11 00:54:36.220839
2,1_1_194_821_2019-07-11 02:23:54.102143
2,1_1_193_827_2019-07-11 02:55:36.224497
2,1_1_193_820_2019-07-11 03:19:35.036336
2,1_1_193_820_2019-07-11 06:09:38.418024
0,1_1_193_825_2019-07-11 11:54:04.046666
0,1_1_194_822_2019-07-11 12:18:25.647522
1,1_1_178_823_2019-07-11 12:48:20.686398
1,1_1_191_789_2019-07-11 12:56:16.557369
0,1_1_191_802_2019-07-11 12:58:05.991807
0,1_1_193_819_2019-07-11 13:02:13.635565
0,1_1_178_828_2019-07-11 13:15:25.280387
1,1_1_178_817_2019-07-11 13:21:02.017444
1,1_1_179_815_2019-07-11 13:28:41.010344
1,1_1_194_826_2019-07-11 13:28:45.474212
1,1_1_193_827_2019-07-11 13:29:38.287313
0,1_1_193_829_2019-07-11 13:29:56.128578
1,1_1_193_816_2019-07-11 13:32:58.492286
1,1_1_194_821_2019-07-11 13:34:08.799890
0,1_1_179_800_2019-07-11 13:37:28.082431
1,1_1_194_818_2019-07-11 13:37:54.527802
1,1_1_179_797_2019-07-11 13:42:34.409771
1,1_1_193_820_2019-07-11 13:45:06.379649
1,1_1_179_809_2019-07-11 13:48:34.765982
1,1_1_179_794_2019-07-11 13:51:30.450267
1,1_1_179_787_2019-07-11 13:55:01.871697
0,1_1_179_810_2019-07-11 13:55:40.775539
0,1_1_179_783_2019-07-11 13:56:43.125554
1,1_1_179_798_2019-07-11 13:57:02.018347
1,1_1_179_781_2019-07-11 13:59:27.519777
0,1_1_179_796_2019-07-11 14:00:26.549173
0,1_1_191_778_2019-07-11 14:01:05.715274
1,1_1_179_791_2019-07-11 14:03:08.361155
0,1_1_179_777_2019-07-11 14:03:23.184708
0,1_1_179_779_2019-07-11 14:05:56.222159
0,1_1_179_790_2019-07-11 14:06:57.625264
1,1_1_179_813_2019-07-11 14:09:35.747546
1,1_1_179_801_2019-07-11 14:09:49.004954
1,1_1_191_785_2019-07-11 14:10:42.093880
1,1_1_179_788_2019-07-11 14:18:08.366376
0,1_1_191_780_2019-07-11 14:19:57.928538
1,1_1_191_808_2019-07-11 14:21:38.064465
0,1_1_191_807_2019-07-11 14:23:02.565041
0,1_1_191_804_2019-07-11 14:27:23.810245
0,1_1_191_793_2019-07-11 14:31:02.930277
0,1_1_191_812_2019-07-11 14:33:07.688869
1,1_1_191_806_2019-07-11 14:34:00.665437
0,1_1_191_805_2019-07-11 14:35:35.210510
2,1_1_191_786_2019-07-11 14:37:17.433100
0,1_1_191_795_2019-07-11 14:40:31.897974
0,1_1_191_782_2019-07-11 14:47:24.130377
0,1_1_191_784_2019-07-11 14:51:55.454954
1,1_1_191_803_2019-07-11 14:56:14.742565
1,1_1_191_811_2019-07-11 14:57:50.491138
0,1_1_191_792_2019-07-11 16:01:58.224969
1,1_1_191_786_2019-07-11 16:57:51.508180
2,1_1_191_778_2019-07-11 18:50:48.428268
0,1_1_194_821_2019-07-11 18:52:12.895940
2,1_1_191_805_2019-07-11 19:19:31.517266
2,1_1_191_778_2019-07-11 20:37:12.412225
2,1_1_191_780_2019-07-11 21:03:48.266962
2,1_1_193_819_2019-07-11 21:19:22.053199
2,1_1_178_828_2019-07-11 21:21:53.072676
2,1_1_191_782_2019-07-11 21:31:26.619520
2,1_1_191_812_2019-07-11 22:30:31.907940
2,1_1_191_795_2019-07-11 22:33:29.974936
2,1_1_178_823_2019-07-11 22:55:22.298619
2,1_1_178_824_2019-07-11 23:00:36.776586
2,1_1_179_796_2019-07-11 23:15:11.219734
2,1_1_179_815_2019-07-11 23:22:08.836775
2,1_1_178_817_2019-07-11 23:44:48.969531
2,1_1_178_828_2019-07-11 23:54:16.889000
2,1_1_193_827_2019-07-12 00:27:13.328271
1,1_1_178_828_2019-07-12 11:01:52.654872
1,1_1_193_827_2019-07-12 12:13:32.119883
0,1_1_194_826_2019-07-12 12:16:13.856465
0,1_1_178_823_2019-07-12 12:43:57.332448
0,1_1_179_799_2019-07-12 12:52:08.434348
0,1_1_193_816_2019-07-12 13:00:27.712319
1,1_1_193_819_2019-07-12 13:03:35.992431
1,1_1_191_789_2019-07-12 13:10:59.864297
0,1_1_179_810_2019-07-12 13:16:12.034437
1,1_1_178_817_2019-07-12 13:20:14.343547
0,1_1_179_796_2019-07-12 13:24:51.364561
0,1_1_178_824_2019-07-12 13:29:31.351264
2,1_1_193_829_2019-07-12 13:30:34.603993
1,1_1_194_822_2019-07-12 13:32:08.915358
1,1_1_193_820_2019-07-12 13:32:37.237251
1,1_1_179_787_2019-07-12 13:35:48.834043
1,1_1_179_788_2019-07-12 13:37:49.005630
0,1_1_194_821_2019-07-12 13:39:31.124824
0,1_1_194_818_2019-07-12 13:47:53.715576
0,1_1_179_777_2019-07-12 13:48:02.272667
1,1_1_191_785_2019-07-12 13:50:08.512636
1,1_1_193_825_2019-07-12 13:51:03.814662
1,1_1_179_794_2019-07-12 13:55:22.793577
0,1_1_179_801_2019-07-12 13:56:32.104778
0,1_1_179_781_2019-07-12 13:57:12.971347
1,1_1_179_783_2019-07-12 13:59:24.002448
0,1_1_179_791_2019-07-12 14:04:30.653144
0,1_1_179_797_2019-07-12 14:08:30.579366
1,1_1_191_808_2019-07-12 14:09:08.903242
1,1_1_191_786_2019-07-12 14:17:46.511592
0,1_1_179_815_2019-07-12 14:19:22.573777
1,1_1_191_812_2019-07-12 14:21:09.560938
1,1_1_191_780_2019-07-12 14:22:44.238851
0,1_1_191_795_2019-07-12 14:26:30.593967
0,1_1_191_811_2019-07-12 14:25:59.817618
1,1_1_179_798_2019-07-12 14:29:25.420244
2,1_1_191_792_2019-07-12 14:29:25.078159
0,1_1_191_784_2019-07-12 14:31:18.569145
0,1_1_191_807_2019-07-12 14:31:57.867738
1,1_1_191_782_2019-07-12 14:35:30.041429
1,1_1_179_790_2019-07-12 14:35:36.040018
0,1_1_191_802_2019-07-12 14:37:30.394451
1,1_1_179_779_2019-07-12 14:48:06.346515
1,1_1_179_809_2019-07-12 14:56:28.532627
1,1_1_191_806_2019-07-12 14:56:30.373308
0,1_1_191_805_2019-07-12 15:00:04.360918
0,1_1_191_778_2019-07-12 15:02:26.730621
0,1_1_191_793_2019-07-12 15:04:16.873026
1,1_1_179_813_2019-07-12 15:06:08.182982
0,1_1_191_804_2019-07-12 15:16:10.061554
2,1_1_193_820_2019-07-12 18:31:03.970750
1,1_1_193_816_2019-07-12 18:35:01.845699
0,1_1_191_792_2019-07-12 18:42:52.975346
0,1_1_194_821_2019-07-12 18:54:38.751078
2,1_1_191_795_2019-07-12 19:14:10.867613
1,1_1_179_781_2019-07-12 19:45:34.292065
0,1_1_179_796_2019-07-12 19:58:39.899159
2,1_1_179_801_2019-07-12 20:00:35.547491
2,1_1_191_805_2019-07-12 20:40:32.899289
2,1_1_193_829_2019-07-12 20:47:12.321269
2,1_1_178_828_2019-07-12 20:56:00.378115
2,1_1_191_806_2019-07-12 20:59:58.168685
2,1_1_178_824_2019-07-12 21:05:31.946420
2,1_1_179_791_2019-07-12 21:11:40.897532
2,1_1_193_819_2019-07-12 21:30:34.234147
0,1_1_194_822_2019-07-12 21:38:37.750964
2,1_1_193_825_2019-07-12 21:59:37.617529
2,1_1_193_827_2019-07-12 22:37:54.846636
2,1_1_178_824_2019-07-12 23:29:21.986610
2,1_1_178_817_2019-07-13 00:14:12.205252
2,1_1_193_819_2019-07-13 04:40:57.690745
1,1_1_178_823_2019-07-13 12:41:07.403183
1,1_1_179_813_2019-07-13 15:14:52.232231
1,1_1_179_783_2019-07-13 15:19:38.834380
0,1_1_194_822_2019-07-13 15:55:31.629595
2,1_1_193_816_2019-07-13 17:06:30.349532
2,1_1_178_817_2019-07-13 18:44:36.088800
2,1_1_194_818_2019-07-13 16:17:56.000252
2,1_1_193_825_2019-07-13 20:13:18.490314
1,1_1_194_826_2019-07-14 14:15:20.828648
1,1_1_178_817_2019-07-14 21:05:20.888745
1,1_1_193_819_2019-07-15 11:57:18.932039
0,1_1_194_826_2019-07-15 12:17:13.096316
0,1_1_194_822_2019-07-15 12:34:45.276070
1,1_1_191_789_2019-07-15 12:41:04.276977
0,1_1_178_823_2019-07-15 12:47:32.950966
1,1_1_193_820_2019-07-15 13:04:06.909048
0,1_1_193_825_2019-07-15 13:05:36.226147
0,1_1_178_824_2019-07-15 13:10:26.719559
0,1_1_178_828_2019-07-15 13:12:23.543905
1,1_1_178_817_2019-07-15 13:18:15.174503
1,1_1_193_827_2019-07-15 13:19:59.222090
1,1_1_179_787_2019-07-15 13:24:57.898384
1,1_1_193_829_2019-07-15 13:27:39.615251
1,1_1_193_816_2019-07-15 13:27:47.286643
1,1_1_179_815_2019-07-15 13:27:49.539189
1,1_1_179_797_2019-07-15 13:32:26.846174
0,1_1_194_821_2019-07-15 13:41:13.841525
1,1_1_194_818_2019-07-15 13:42:17.399336
1,1_1_191_785_2019-07-15 13:46:08.012958
0,1_1_191_802_2019-07-15 13:53:40.215823
1,1_1_179_794_2019-07-15 13:54:35.194997
1,1_1_179_810_2019-07-15 13:54:43.540310
0,1_1_179_783_2019-07-15 13:57:38.787882
1,1_1_179_813_2019-07-15 13:58:05.507638
1,1_1_179_809_2019-07-15 13:59:55.053514
0,1_1_179_800_2019-07-15 14:00:35.246197
1,1_1_179_788_2019-07-15 14:00:58.597192
1,1_1_179_781_2019-07-15 14:01:07.715650
1,1_1_191_808_2019-07-15 14:06:46.607441
1,1_1_179_791_2019-07-15 14:07:54.946225
0,1_1_179_777_2019-07-15 14:07:47.132699
0,1_1_179_801_2019-07-15 14:08:30.298342
0,1_1_179_798_2019-07-15 14:09:29.309516
0,1_1_191_805_2019-07-15 14:12:30.676830
1,1_1_191_778_2019-07-15 14:13:48.009201
0,1_1_191_806_2019-07-15 14:16:05.458487
1,1_1_191_786_2019-07-15 14:16:27.173854
0,1_1_191_780_2019-07-15 14:23:11.223394
1,1_1_191_792_2019-07-15 14:29:30.585163
0,1_1_179_796_2019-07-15 14:29:44.667626
1,1_1_191_795_2019-07-15 14:30:53.442200
1,1_1_191_812_2019-07-15 14:30:56.795417
0,1_1_179_790_2019-07-15 14:33:26.624019
1,1_1_191_803_2019-07-15 14:34:13.306103
0,1_1_191_793_2019-07-15 14:38:12.815648
0,1_1_191_804_2019-07-15 14:42:56.606994
0,1_1_179_779_2019-07-15 14:44:14.500653
0,1_1_191_807_2019-07-15 14:45:00.323491
1,1_1_191_784_2019-07-15 14:45:55.306769
1,1_1_191_811_2019-07-15 14:47:51.269588
1,1_1_191_782_2019-07-15 14:48:33.821726
2,1_1_178_824_2019-07-15 18:38:39.871266
2,1_1_193_827_2019-07-15 18:48:42.436601
0,1_1_191_806_2019-07-15 18:52:43.670124
0,1_1_178_828_2019-07-15 19:10:28.428504
2,1_1_191_793_2019-07-15 19:29:33.660797
1,1_1_193_827_2019-07-15 21:19:02.791199
2,1_1_178_824_2019-07-15 21:24:48.005977
2,1_1_179_781_2019-07-15 21:26:22.567608
2,1_1_178_823_2019-07-15 21:39:12.952510
2,1_1_194_822_2019-07-15 21:51:42.345608
2,1_1_191_792_2019-07-15 21:59:24.511072
2,1_1_179_777_2019-07-15 22:16:29.492640
2,1_1_179_794_2019-07-15 22:18:44.184146
2,1_1_193_819_2019-07-15 22:53:15.150366
2,1_1_193_820_2019-07-15 22:53:55.147376
2,1_1_193_816_2019-07-15 23:53:22.642446
2,1_1_193_829_2019-07-16 00:23:03.698056
2,1_1_178_828_2019-07-16 00:23:25.938817
2,1_1_179_815_2019-07-16 02:42:22.195857
2,1_1_178_823_2019-07-16 05:41:09.721228
0,1_1_194_826_2019-07-16 11:45:49.626644
0,1_1_194_822_2019-07-16 11:55:36.587267
1,1_1_191_789_2019-07-16 12:44:02.230903
0,1_1_178_823_2019-07-16 12:47:01.152417
0,1_1_178_828_2019-07-16 12:48:13.578096
0,1_1_179_799_2019-07-16 12:57:02.366415
1,1_1_193_819_2019-07-16 13:02:43.529440
0,1_1_193_825_2019-07-16 13:06:07.769785
1,1_1_178_817_2019-07-16 13:09:19.418620
1,1_1_194_818_2019-07-16 13:12:12.357585
1,1_1_193_827_2019-07-16 13:16:26.194930
1,1_1_193_820_2019-07-16 13:17:38.609736
0,1_1_178_824_2019-07-16 13:20:28.730003
1,1_1_194_821_2019-07-16 13:21:39.679314
1,1_1_179_787_2019-07-16 13:25:52.830041
1,1_1_193_816_2019-07-16 13:26:32.566522
1,1_1_193_829_2019-07-16 13:27:07.559763
1,1_1_179_815_2019-07-16 13:32:25.578381
1,1_1_179_781_2019-07-16 13:34:28.387488
0,1_1_179_801_2019-07-16 13:35:32.428475
0,1_1_179_796_2019-07-16 13:37:35.899474
0,1_1_179_800_2019-07-16 13:41:16.913528
1,1_1_179_783_2019-07-16 13:51:44.340623
1,1_1_191_785_2019-07-16 13:52:49.941641
0,1_1_179_794_2019-07-16 13:59:50.459443
0,1_1_179_777_2019-07-16 14:00:28.978413
0,1_1_191_802_2019-07-16 14:01:09.740035
1,1_1_179_798_2019-07-16 14:01:33.169322
1,1_1_179_790_2019-07-16 14:02:34.874784
1,1_1_179_788_2019-07-16 14:07:29.620760
1,1_1_191_778_2019-07-16 14:09:32.335092
0,1_1_179_791_2019-07-16 14:09:40.939924
0,1_1_191_795_2019-07-16 14:09:59.958245
0,1_1_179_779_2019-07-16 14:10:41.009626
1,1_1_191_808_2019-07-16 14:13:51.779399
0,1_1_191_812_2019-07-16 14:15:02.982595
1,1_1_191_792_2019-07-16 14:18:13.069182
0,1_1_191_786_2019-07-16 14:19:48.626572
0,1_1_191_811_2019-07-16 14:19:48.826144
1,1_1_191_807_2019-07-16 14:20:11.141585
0,1_1_191_780_2019-07-16 14:24:29.860482
1,1_1_179_813_2019-07-16 14:27:34.770747
1,1_1_179_809_2019-07-16 14:29:20.391053
0,1_1_191_793_2019-07-16 14:31:54.360373
0,1_1_191_782_2019-07-16 14:33:03.813758
1,1_1_191_805_2019-07-16 14:34:05.934429
2,1_1_191_806_2019-07-16 14:34:28.577162
0,1_1_191_784_2019-07-16 14:36:21.629825
1,1_1_191_803_2019-07-16 14:39:47.908834
1,1_1_191_804_2019-07-16 14:38:43.876201
1,1_1_191_806_2019-07-16 18:15:56.632212
2,1_1_179_801_2019-07-16 19:25:09.041046
2,1_1_191_805_2019-07-16 19:51:00.915694
2,1_1_178_828_2019-07-16 20:01:30.582848
2,1_1_179_799_2019-07-16 20:20:06.471169
2,1_1_179_783_2019-07-16 21:23:32.665868
0,1_1_178_828_2019-07-16 21:31:09.716597
2,1_1_178_817_2019-07-16 21:35:14.601710
2,1_1_179_787_2019-07-16 21:54:37.499967
2,1_1_193_819_2019-07-16 22:13:18.895016
2,1_1_191_803_2019-07-16 22:36:05.816217
2,1_1_194_818_2019-07-16 22:37:33.813213
2,1_1_179_794_2019-07-16 22:54:27.892047
2,1_1_179_796_2019-07-16 22:59:12.987457
2,1_1_179_815_2019-07-16 23:28:00.190494
2,1_1_178_823_2019-07-16 23:33:59.192578
2,1_1_179_801_2019-07-16 23:38:40.250791
2,1_1_193_827_2019-07-17 00:41:08.064173
2,1_1_193_825_2019-07-17 02:48:12.655996
2,1_1_191_780_2019-07-17 12:01:11.185727
0,1_1_194_826_2019-07-17 12:12:08.869626
1,1_1_178_823_2019-07-17 12:42:40.852327
1,1_1_191_789_2019-07-17 12:50:24.953582
0,1_1_194_818_2019-07-17 12:55:11.408693
0,1_1_178_828_2019-07-17 13:02:56.713440
1,1_1_193_819_2019-07-17 13:04:01.998177
0,1_1_193_825_2019-07-17 13:10:23.872124
1,1_1_193_829_2019-07-17 13:22:31.181779
0,1_1_193_820_2019-07-17 13:23:13.548872
1,1_1_178_817_2019-07-17 13:24:21.198568
1,1_1_194_822_2019-07-17 13:25:55.142916
1,1_1_179_787_2019-07-17 13:27:15.485240
1,1_1_179_810_2019-07-17 13:31:07.788355
1,1_1_179_815_2019-07-17 13:33:12.993390
1,1_1_179_783_2019-07-17 13:35:51.715214
1,1_1_194_821_2019-07-17 13:36:42.266723
0,1_1_193_816_2019-07-17 13:39:17.174969
1,1_1_178_824_2019-07-17 13:39:26.792680
0,1_1_191_802_2019-07-17 13:40:56.308538
1,1_1_179_809_2019-07-17 13:41:03.715256
1,1_1_193_827_2019-07-17 13:42:46.131900
1,1_1_191_785_2019-07-17 13:42:46.922853
1,1_1_179_798_2019-07-17 13:49:40.562686
1,1_1_179_794_2019-07-17 13:51:02.304350
0,1_1_179_781_2019-07-17 13:54:02.460976
0,1_1_179_777_2019-07-17 13:54:33.832707
0,1_1_179_799_2019-07-17 13:59:22.512303
0,1_1_179_800_2019-07-17 13:59:09.790802
0,1_1_179_788_2019-07-17 14:02:15.339988
0,1_1_179_790_2019-07-17 14:03:22.393715
1,1_1_179_796_2019-07-17 14:03:36.342594
1,1_1_191_778_2019-07-17 14:07:18.844652
0,1_1_179_801_2019-07-17 14:08:35.059148
0,1_1_179_797_2019-07-17 14:10:47.904335
0,1_1_179_813_2019-07-17 14:12:23.896249
1,1_1_179_791_2019-07-17 14:13:13.548165
1,1_1_179_779_2019-07-17 14:13:38.593623
1,1_1_191_808_2019-07-17 14:16:52.751124
1,1_1_191_780_2019-07-17 14:22:11.833633
0,1_1_191_803_2019-07-17 14:23:02.664952
1,1_1_191_782_2019-07-17 14:22:56.604349
2,1_1_191_806_2019-07-17 14:26:07.644458
1,1_1_191_795_2019-07-17 14:26:13.307428
0,1_1_191_784_2019-07-17 14:27:57.193568
0,1_1_191_807_2019-07-17 14:28:19.387296
1,1_1_191_812_2019-07-17 14:29:22.144038
0,1_1_191_811_2019-07-17 14:29:32.258338
0,1_1_191_792_2019-07-17 14:29:50.813787
2,1_1_191_805_2019-07-17 14:30:50.045927
0,1_1_191_804_2019-07-17 14:36:07.213149
0,1_1_191_793_2019-07-17 14:36:53.943080
1,1_1_191_786_2019-07-17 14:38:26.842508
0,1_1_191_805_2019-07-17 18:48:17.445932
1,1_1_178_828_2019-07-17 18:57:14.093603
0,1_1_178_824_2019-07-17 19:04:21.471173
0,1_1_191_793_2019-07-17 20:18:21.766174
2,1_1_194_826_2019-07-17 20:46:27.357437
2,1_1_193_825_2019-07-17 20:49:41.254770
2,1_1_191_811_2019-07-17 21:30:12.647913
2,1_1_179_800_2019-07-17 21:47:18.295467
2,1_1_191_802_2019-07-17 21:50:38.335384
0,1_1_194_826_2019-07-17 22:24:21.540466
2,1_1_178_823_2019-07-17 22:48:02.199786
2,1_1_191_806_2019-07-17 22:52:42.212932
2,1_1_193_819_2019-07-17 23:07:46.553848
2,1_1_179_790_2019-07-17 23:09:33.496019
2,1_1_178_817_2019-07-17 23:17:57.524015
2,1_1_193_827_2019-07-18 00:52:21.617773
2,1_1_178_823_2019-07-18 03:52:07.584568
0,1_1_194_826_2019-07-18 12:31:21.101779
1,1_1_191_789_2019-07-18 12:40:50.100965
1,1_1_178_823_2019-07-18 12:46:37.300942
1,1_1_178_828_2019-07-18 12:56:42.429576
1,1_1_193_819_2019-07-18 13:01:55.578663
0,1_1_179_799_2019-07-18 13:02:06.793814
1,1_1_178_817_2019-07-18 13:10:37.119321
0,1_1_194_822_2019-07-18 13:13:02.801470
1,1_1_194_821_2019-07-18 13:14:14.450974
1,1_1_193_825_2019-07-18 13:14:59.570594
0,1_1_193_829_2019-07-18 13:18:18.381626
0,1_1_179_796_2019-07-18 13:21:53.932677
2,1_1_193_820_2019-07-18 13:23:09.501719
1,1_1_178_824_2019-07-18 13:25:03.009866
1,1_1_179_810_2019-07-18 13:27:42.221398
0,1_1_194_818_2019-07-18 13:28:13.292728
1,1_1_179_787_2019-07-18 13:29:17.630729
1,1_1_179_815_2019-07-18 13:29:48.151468
1,1_1_193_816_2019-07-18 13:31:04.562342
1,1_1_193_827_2019-07-18 13:32:07.341284
1,1_1_179_794_2019-07-18 13:34:48.815323
1,1_1_179_783_2019-07-18 13:36:18.565818
1,1_1_179_791_2019-07-18 13:50:37.518514
0,1_1_179_800_2019-07-18 13:52:26.789940
0,1_1_179_788_2019-07-18 13:53:58.604385
0,1_1_179_777_2019-07-18 13:57:22.724992
0,1_1_179_798_2019-07-18 13:59:20.289198
0,1_1_179_781_2019-07-18 13:59:48.989758
1,1_1_179_790_2019-07-18 14:00:09.455413
1,1_1_191_808_2019-07-18 14:00:39.192472
0,1_1_191_780_2019-07-18 14:03:20.734766
0,1_1_191_802_2019-07-18 14:05:45.909747
0,1_1_191_811_2019-07-18 14:06:05.667804
0,1_1_191_805_2019-07-18 14:06:07.788118
1,1_1_179_813_2019-07-18 14:07:16.971373
1,1_1_179_779_2019-07-18 14:10:10.000453
1,1_1_179_801_2019-07-18 14:11:20.841676
0,1_1_179_797_2019-07-18 14:11:31.073816
1,1_1_179_809_2019-07-18 14:13:34.160104
1,1_1_191_785_2019-07-18 14:16:32.359989
1,1_1_191_807_2019-07-18 14:24:04.560096
0,1_1_191_812_2019-07-18 14:27:31.649030
1,1_1_193_820_2019-07-18 14:28:01.849089
1,1_1_191_803_2019-07-18 14:29:28.561029
1,1_1_191_792_2019-07-18 14:31:49.401547
1,1_1_191_778_2019-07-18 14:31:52.360152
1,1_1_191_782_2019-07-18 14:41:24.043617
1,1_1_191_795_2019-07-18 14:42:08.044122
0,1_1_191_793_2019-07-18 14:44:39.120538
1,1_1_191_806_2019-07-18 14:44:44.382206
0,1_1_191_786_2019-07-18 14:46:18.701021
1,1_1_191_804_2019-07-18 14:47:50.419817
0,1_1_191_784_2019-07-18 14:49:29.700544
2,1_1_179_798_2019-07-18 18:10:09.018294
0,1_1_179_798_2019-07-18 19:02:19.159894
0,1_1_191_792_2019-07-18 19:09:54.466001
2,1_1_179_788_2019-07-18 19:21:12.306411
2,1_1_191_811_2019-07-18 19:38:37.654418
2,1_1_194_821_2019-07-18 20:05:43.097640
2,1_1_191_786_2019-07-18 20:15:02.839103
0,1_1_191_784_2019-07-18 20:52:18.419829
2,1_1_179_788_2019-07-18 21:15:21.338217
2,1_1_178_817_2019-07-18 21:19:55.414836
2,1_1_179_800_2019-07-18 21:25:41.639185
2,1_1_179_799_2019-07-18 21:39:35.772430
2,1_1_191_793_2019-07-18 21:45:35.124776
2,1_1_191_812_2019-07-18 21:51:03.476964
0,1_1_178_828_2019-07-18 22:11:50.830708
2,1_1_178_823_2019-07-18 22:36:56.009969
2,1_1_193_816_2019-07-18 22:47:38.155056
2,1_1_193_819_2019-07-18 22:48:14.106842
2,1_1_193_820_2019-07-18 23:09:45.485149
2,1_1_179_777_2019-07-18 23:11:23.004877
2,1_1_178_824_2019-07-18 23:46:25.751364
2,1_1_193_827_2019-07-19 00:36:27.529365
2,1_1_194_822_2019-07-19 00:45:10.917881
2,1_1_193_825_2019-07-19 00:45:59.696424
2,1_1_194_821_2019-07-19 01:50:57.126385
2,1_1_178_823_2019-07-19 04:10:46.506231
1,1_1_178_823_2019-07-19 12:43:35.347220
0,1_1_178_828_2019-07-19 12:54:28.687918
1,1_1_194_826_2019-07-19 13:21:59.065711
1,1_1_178_817_2019-07-19 13:27:09.908386
1,1_1_193_820_2019-07-19 13:33:59.666656
2,1_1_178_824_2019-07-19 13:42:09.163020
0,1_1_194_822_2019-07-19 14:08:28.766295
1,1_1_193_827_2019-07-19 14:29:39.225480
2,1_1_193_819_2019-07-19 15:02:18.428917
0,1_1_179_799_2019-07-19 15:03:29.667416
0,1_1_179_798_2019-07-19 15:23:25.117045
0,1_1_178_824_2019-07-19 15:25:37.317495
1,1_1_193_816_2019-07-19 15:27:44.088259
1,1_1_193_829_2019-07-19 15:30:18.538755
1,1_1_194_818_2019-07-19 15:33:56.239441
0,1_1_179_787_2019-07-19 15:43:55.429377
1,1_1_178_828_2019-07-19 16:50:55.198649
2,1_1_179_777_2019-07-19 18:37:33.098763
0,1_1_193_819_2019-07-19 19:11:05.780327
2,1_1_179_798_2019-07-19 19:39:26.037486
0,1_1_178_824_2019-07-19 19:39:27.961692
1,1_1_179_800_2019-07-19 20:30:54.937079
2,1_1_179_810_2019-07-19 20:46:56.878418
2,1_1_178_828_2019-07-19 23:16:15.481098
1,1_1_178_824_2019-07-20 13:14:20.775500
0,1_1_194_826_2019-07-20 15:18:15.810718
2,1_1_194_818_2019-07-20 16:58:34.575218
1,1_1_193_827_2019-07-21 13:15:41.079972
2,1_1_179_783_2019-07-21 16:00:32.337502
1,1_1_193_827_2019-07-22 12:09:28.566188
0,1_1_194_826_2019-07-22 12:21:35.079617
1,1_1_191_789_2019-07-22 12:42:02.589148
1,1_1_178_823_2019-07-22 12:45:20.600347
0,1_1_194_818_2019-07-22 12:54:42.184502
1,1_1_178_828_2019-07-22 12:56:15.450362
0,1_1_179_799_2019-07-22 13:04:10.658208
1,1_1_193_819_2019-07-22 13:04:55.087866
1,1_1_191_785_2019-07-22 13:11:34.408157
0,1_1_178_824_2019-07-22 13:12:53.908216
1,1_1_193_825_2019-07-22 13:14:15.166919
0,1_1_193_829_2019-07-22 13:14:19.439871
0,1_1_178_817_2019-07-22 13:18:12.779862
1,1_1_194_822_2019-07-22 13:21:15.446802
0,1_1_193_820_2019-07-22 13:23:32.617443
1,1_1_179_815_2019-07-22 13:24:01.348817
1,1_1_179_787_2019-07-22 13:30:32.388112
1,1_1_194_821_2019-07-22 13:31:07.238777
1,1_1_193_816_2019-07-22 13:32:50.986310
1,1_1_179_783_2019-07-22 13:34:12.527218
1,1_1_179_781_2019-07-22 13:39:02.376617
1,1_1_179_794_2019-07-22 13:44:11.634742
1,1_1_179_797_2019-07-22 13:46:56.348692
1,1_1_179_798_2019-07-22 13:47:13.268721
1,1_1_179_813_2019-07-22 13:49:28.482908
0,1_1_179_791_2019-07-22 13:53:02.032107
0,1_1_179_810_2019-07-22 13:56:53.188260
0,1_1_191_808_2019-07-22 13:59:30.750447
0,1_1_191_802_2019-07-22 13:59:51.501186
0,1_1_179_809_2019-07-22 14:00:16.830331
0,1_1_179_779_2019-07-22 14:02:09.557148
1,1_1_179_796_2019-07-22 14:03:19.981094
0,1_1_179_801_2019-07-22 14:05:38.704827
1,1_1_191_804_2019-07-22 14:07:17.480339
0,1_1_191_805_2019-07-22 14:08:48.049005
1,1_1_191_803_2019-07-22 14:12:41.750638
1,1_1_191_792_2019-07-22 14:13:26.790346
1,1_1_191_780_2019-07-22 14:13:34.601565
0,1_1_179_788_2019-07-22 14:16:00.993423
1,1_1_191_782_2019-07-22 14:17:14.590850
0,1_1_179_790_2019-07-22 14:18:41.191776
0,1_1_191_795_2019-07-22 14:19:16.610305
0,1_1_179_800_2019-07-22 14:20:52.800551
1,1_1_191_806_2019-07-22 14:30:01.304828
0,1_1_191_807_2019-07-22 14:30:23.101697
0,1_1_191_812_2019-07-22 14:32:26.883255
0,1_1_191_778_2019-07-22 14:34:39.820375
0,1_1_191_784_2019-07-22 14:36:21.181597
2,1_1_191_811_2019-07-22 14:39:08.561549
0,1_1_191_793_2019-07-22 14:40:34.509882
0,1_1_191_786_2019-07-22 14:42:17.830098
1,1_1_179_809_2019-07-22 18:37:58.224038
0,1_1_191_808_2019-07-22 18:41:36.037577
0,1_1_191_784_2019-07-22 18:54:32.131484
2,1_1_191_804_2019-07-22 18:56:02.766287
0,1_1_191_778_2019-07-22 19:02:41.993456
2,1_1_179_779_2019-07-22 19:05:43.694280
0,1_1_191_786_2019-07-22 19:15:19.326357
2,1_1_191_811_2019-07-22 19:25:49.780430
2,1_1_193_829_2019-07-22 20:38:38.194199
2,1_1_191_804_2019-07-22 21:34:02.219312
2,1_1_194_821_2019-07-22 21:43:14.882177
0,1_1_191_811_2019-07-22 21:50:11.665248
2,1_1_178_823_2019-07-22 21:55:27.801673
2,1_1_178_828_2019-07-22 22:17:01.421732
2,1_1_193_819_2019-07-22 22:55:53.430343
0,1_1_178_817_2019-07-22 23:54:07.497354
2,1_1_194_822_2019-07-22 23:55:26.998554
2,1_1_194_818_2019-07-22 23:59:14.078954
2,1_1_193_820_2019-07-23 00:21:22.779014
2,1_1_178_824_2019-07-23 00:43:28.524229
2,1_1_193_819_2019-07-23 00:49:31.168365
1,1_1_178_823_2019-07-23 01:35:40.979158
2,1_1_194_826_2019-07-23 02:52:47.303512
0,1_1_194_826_2019-07-23 11:59:49.435061
1,1_1_191_789_2019-07-23 12:39:45.024350
1,1_1_194_821_2019-07-23 12:41:08.404068
0,1_1_178_823_2019-07-23 12:46:11.505304
1,1_1_193_825_2019-07-23 12:50:36.406220
1,1_1_178_828_2019-07-23 12:59:32.784665
1,1_1_178_817_2019-07-23 13:02:53.670024
1,1_1_193_819_2019-07-23 13:03:35.974147
1,1_1_193_827_2019-07-23 13:11:36.245727
0,1_1_193_829_2019-07-23 13:14:30.834014
1,1_1_193_816_2019-07-23 13:17:05.292394
1,1_1_178_824_2019-07-23 13:24:39.329976
0,1_1_194_822_2019-07-23 13:24:48.366754
0,1_1_193_820_2019-07-23 13:27:52.704501
0,1_1_191_803_2019-07-23 13:29:20.684856
1,1_1_179_815_2019-07-23 13:30:43.525139
1,1_1_179_787_2019-07-23 13:32:52.556390
1,1_1_191_785_2019-07-23 13:33:34.472831
0,1_1_191_802_2019-07-23 13:37:00.425510
1,1_1_179_781_2019-07-23 13:39:06.045233
1,1_1_191_778_2019-07-23 13:44:01.906633
1,1_1_194_818_2019-07-23 13:45:00.464745
1,1_1_179_783_2019-07-23 13:47:13.003352
0,1_1_179_777_2019-07-23 13:47:32.822267
1,1_1_179_791_2019-07-23 14:01:14.585107
1,1_1_179_799_2019-07-23 14:04:01.279875
1,1_1_179_797_2019-07-23 14:05:59.024716
1,1_1_179_779_2019-07-23 14:06:10.256303
0,1_1_179_810_2019-07-23 14:06:35.949692
1,1_1_179_809_2019-07-23 14:06:58.803338
0,1_1_179_813_2019-07-23 14:08:07.646962
0,1_1_179_796_2019-07-23 14:09:53.984743
0,1_1_179_798_2019-07-23 14:11:20.105051
1,1_1_179_794_2019-07-23 14:12:26.076339
1,1_1_179_790_2019-07-23 14:13:26.344275
0,1_1_179_788_2019-07-23 14:14:36.690577
1,1_1_191_792_2019-07-23 14:18:18.756394
1,1_1_191_808_2019-07-23 14:18:25.453906
0,1_1_179_801_2019-07-23 14:18:59.104338
0,1_1_191_782_2019-07-23 14:19:19.258908
0,1_1_191_795_2019-07-23 14:19:59.625296
0,1_1_191_805_2019-07-23 14:21:08.745142
1,1_1_191_812_2019-07-23 14:26:01.255815
2,1_1_191_786_2019-07-23 14:27:31.063904
1,1_1_191_806_2019-07-23 14:27:31.126386
1,1_1_191_804_2019-07-23 14:28:02.834113
0,1_1_191_780_2019-07-23 14:35:38.585569
0,1_1_191_811_2019-07-23 14:36:27.247322
1,1_1_191_807_2019-07-23 14:36:37.146535
1,1_1_191_784_2019-07-23 14:36:52.725149
1,1_1_191_793_2019-07-23 14:40:22.702963
0,1_1_191_786_2019-07-23 17:37:35.579495
0,1_1_178_828_2019-07-23 18:23:16.744178
1,1_1_191_811_2019-07-23 18:26:08.095432
2,1_1_191_780_2019-07-23 18:47:47.002939
2,1_1_191_808_2019-07-23 19:15:33.370170
2,1_1_179_799_2019-07-23 19:20:59.462945
2,1_1_178_823_2019-07-23 19:21:20.174113
2,1_1_194_822_2019-07-23 19:22:13.783200
0,1_1_179_809_2019-07-23 19:44:02.717727
0,1_1_179_813_2019-07-23 20:08:30.407182
2,1_1_179_783_2019-07-23 20:57:12.934971
2,1_1_178_817_2019-07-23 21:04:15.885785
2,1_1_191_780_2019-07-23 21:50:06.498178
2,1_1_194_822_2019-07-23 21:56:02.965686
2,1_1_193_819_2019-07-23 22:15:06.058214
2,1_1_194_821_2019-07-23 22:35:04.393228
2,1_1_179_815_2019-07-23 22:39:28.191444
2,1_1_193_816_2019-07-23 23:18:33.436999
2,1_1_193_819_2019-07-24 00:25:44.090660
2,1_1_194_826_2019-07-24 03:07:46.023163
2,1_1_178_823_2019-07-24 04:34:35.445523
2,1_1_193_819_2019-07-24 05:36:39.364982
0,1_1_194_826_2019-07-24 12:35:05.874798
1,1_1_178_828_2019-07-24 12:47:47.683847
1,1_1_178_823_2019-07-24 12:49:28.475352
1,1_1_191_789_2019-07-24 12:56:06.975138
1,1_1_179_799_2019-07-24 13:01:50.114469
1,1_1_193_819_2019-07-24 13:03:00.483297
0,1_1_193_820_2019-07-24 13:03:30.774789
0,1_1_178_817_2019-07-24 13:11:18.755742
1,1_1_193_825_2019-07-24 13:15:57.474998
1,1_1_178_824_2019-07-24 13:23:35.561814
1,1_1_194_822_2019-07-24 13:24:17.134865
0,1_1_194_818_2019-07-24 13:25:57.534893
0,1_1_193_816_2019-07-24 13:26:03.478040
1,1_1_179_815_2019-07-24 13:29:52.586680
0,1_1_193_829_2019-07-24 13:33:41.266933
0,1_1_179_810_2019-07-24 13:34:08.953570
1,1_1_193_827_2019-07-24 13:39:50.435050
0,1_1_179_809_2019-07-24 13:41:53.395489
1,1_1_179_783_2019-07-24 13:41:54.115769
0,1_1_179_800_2019-07-24 13:43:51.594541
1,1_1_179_787_2019-07-24 13:44:26.046266
1,1_1_179_797_2019-07-24 13:45:33.464720
1,1_1_179_794_2019-07-24 13:46:01.984953
0,1_1_179_788_2019-07-24 13:47:49.985722
2,1_1_191_804_2019-07-24 13:57:18.954318
0,1_1_179_781_2019-07-24 14:03:00.769282
0,1_1_179_777_2019-07-24 14:03:14.103186
1,1_1_191_808_2019-07-24 14:03:58.414784
0,1_1_179_790_2019-07-24 14:04:19.014254
1,1_1_191_803_2019-07-24 14:10:27.464847
0,1_1_179_801_2019-07-24 14:15:50.547015
1,1_1_179_791_2019-07-24 14:16:44.236042
0,1_1_179_813_2019-07-24 14:16:38.291629
0,1_1_179_779_2019-07-24 14:19:50.180220
0,1_1_191_778_2019-07-24 14:22:08.172624
1,1_1_179_798_2019-07-24 14:22:30.834998
0,1_1_191_795_2019-07-24 14:23:04.606447
1,1_1_191_802_2019-07-24 14:23:26.875282
0,1_1_191_805_2019-07-24 14:25:36.580987
0,1_1_191_785_2019-07-24 14:29:12.427918
0,1_1_179_796_2019-07-24 14:29:24.655167
0,1_1_191_782_2019-07-24 14:29:26.205537
0,1_1_191_806_2019-07-24 14:30:00.503105
0,1_1_191_812_2019-07-24 14:31:51.409236
0,1_1_191_780_2019-07-24 14:31:54.035338
1,1_1_191_792_2019-07-24 14:33:17.812915
0,1_1_191_807_2019-07-24 14:33:55.262038
1,1_1_191_811_2019-07-24 14:48:32.650854
1,1_1_191_793_2019-07-24 14:50:25.884701
0,1_1_191_784_2019-07-24 14:51:15.979731
0,1_1_191_786_2019-07-24 15:40:44.891619
1,1_1_178_817_2019-07-24 15:53:46.440801
1,1_1_191_804_2019-07-24 16:37:22.507266
2,1_1_193_825_2019-07-24 17:43:20.162032
0,1_1_193_820_2019-07-24 17:55:50.007598
2,1_1_191_795_2019-07-24 18:51:46.213776
0,1_1_191_778_2019-07-24 18:55:57.136368
2,1_1_193_825_2019-07-24 19:08:31.336113
2,1_1_193_816_2019-07-24 19:28:18.903958
2,1_1_194_818_2019-07-24 19:36:27.240634
2,1_1_194_821_2019-07-24 20:00:08.674130
0,1_1_179_813_2019-07-24 20:32:32.944957
2,1_1_191_784_2019-07-24 20:34:02.716013
0,1_1_178_828_2019-07-24 21:17:47.531747
2,1_1_194_822_2019-07-24 21:31:29.531761
2,1_1_191_803_2019-07-24 21:36:24.712588
1,1_1_193_819_2019-07-24 22:06:37.385986
2,1_1_191_795_2019-07-24 22:14:46.867505
2,1_1_191_789_2019-07-24 22:36:23.447915
2,1_1_178_823_2019-07-24 22:46:02.064232
2,1_1_194_826_2019-07-24 22:49:55.079336
2,1_1_191_805_2019-07-24 22:59:16.961881
2,1_1_193_827_2019-07-24 23:15:19.701319
2,1_1_194_821_2019-07-24 23:18:09.754866
2,1_1_178_824_2019-07-24 23:23:53.303987
2,1_1_179_809_2019-07-24 23:25:18.839529
2,1_1_193_820_2019-07-24 23:30:21.006955
2,1_1_193_829_2019-07-24 23:41:28.327469
2,1_1_179_788_2019-07-25 00:11:43.387627
2,1_1_194_826_2019-07-25 01:36:30.932357
2,1_1_178_823_2019-07-25 05:14:27.222463
0,1_1_194_826_2019-07-25 12:13:53.461196
1,1_1_178_823_2019-07-25 12:49:36.163094
1,1_1_193_825_2019-07-25 12:51:59.121944
1,1_1_178_828_2019-07-25 12:53:46.782284
0,1_1_193_816_2019-07-25 12:55:17.554942
1,1_1_193_819_2019-07-25 13:03:39.733392
0,1_1_178_817_2019-07-25 13:09:59.730005
0,1_1_193_829_2019-07-25 13:10:21.831481
1,1_1_194_821_2019-07-25 13:14:15.110266
1,1_1_191_804_2019-07-25 13:17:03.629691
0,1_1_178_824_2019-07-25 13:19:50.179769
0,1_1_193_820_2019-07-25 13:26:26.177991
0,1_1_193_827_2019-07-25 13:27:17.694342
1,1_1_179_787_2019-07-25 13:28:25.152688
1,1_1_194_822_2019-07-25 13:28:25.629379
1,1_1_194_818_2019-07-25 13:37:42.867707
0,1_1_179_809_2019-07-25 13:39:55.340499
1,1_1_191_789_2019-07-25 13:41:26.742335
1,1_1_179_796_2019-07-25 13:45:00.860243
1,1_1_179_794_2019-07-25 13:46:21.672245
1,1_1_179_810_2019-07-25 13:46:29.461735
1,1_1_179_797_2019-07-25 13:48:57.835825
0,1_1_179_783_2019-07-25 13:52:32.853591
0,1_1_179_815_2019-07-25 13:53:11.771057
1,1_1_179_799_2019-07-25 13:57:48.484005
1,1_1_191_808_2019-07-25 14:03:46.492809
0,1_1_179_777_2019-07-25 14:04:10.785782
0,1_1_179_791_2019-07-25 14:05:30.192262
0,1_1_179_790_2019-07-25 14:06:05.844241
1,1_1_191_785_2019-07-25 14:06:40.950569
0,1_1_179_813_2019-07-25 14:08:04.029890
0,1_1_179_788_2019-07-25 14:10:18.778960
1,1_1_179_800_2019-07-25 14:12:24.889974
0,1_1_191_802_2019-07-25 14:13:04.584707
1,1_1_179_798_2019-07-25 14:15:34.089611
1,1_1_191_786_2019-07-25 14:20:13.486197
0,1_1_179_781_2019-07-25 14:21:27.768515
0,1_1_191_795_2019-07-25 14:22:25.016256
1,1_1_191_782_2019-07-25 14:25:29.942631
0,1_1_191_806_2019-07-25 14:25:48.080507
0,1_1_191_793_2019-07-25 14:26:19.739869
1,1_1_191_780_2019-07-25 14:28:17.280082
0,1_1_191_778_2019-07-25 14:34:25.689927
1,1_1_191_803_2019-07-25 14:35:12.721190
1,1_1_191_807_2019-07-25 14:35:15.480429
1,1_1_191_812_2019-07-25 14:35:28.279134
2,1_1_191_805_2019-07-25 14:38:40.721567
1,1_1_191_784_2019-07-25 14:39:02.999869
2,1_1_191_792_2019-07-25 14:43:09.385608
2,1_1_191_811_2019-07-25 14:44:44.488566
1,1_1_191_804_2019-07-25 16:41:11.532762
0,1_1_191_792_2019-07-25 17:41:56.283569
0,1_1_178_817_2019-07-25 18:03:03.438990
0,1_1_179_810_2019-07-25 18:22:59.776569
2,1_1_178_828_2019-07-25 18:39:41.210632
1,1_1_191_805_2019-07-25 18:48:43.404032
2,1_1_191_795_2019-07-25 18:53:08.754061
0,1_1_191_811_2019-07-25 18:56:34.338929
2,1_1_179_796_2019-07-25 19:26:45.901281
0,1_1_178_828_2019-07-25 20:00:57.683691
0,1_1_193_829_2019-07-25 20:27:33.012966
2,1_1_179_787_2019-07-25 21:46:42.599770
2,1_1_193_819_2019-07-25 22:01:30.031466
2,1_1_178_823_2019-07-25 22:47:16.685967
2,1_1_193_816_2019-07-25 23:04:55.255187
2,1_1_193_819_2019-07-25 23:05:43.938021
2,1_1_178_824_2019-07-25 23:44:53.615727
2,1_1_193_820_2019-07-25 23:47:02.119688
2,1_1_178_828_2019-07-25 23:58:42.748002
2,1_1_194_821_2019-07-26 00:28:30.564656
2,1_1_178_817_2019-07-26 01:03:47.312321
2,1_1_193_819_2019-07-26 02:30:58.810454
1,1_1_194_821_2019-07-26 11:59:07.165661
0,1_1_178_823_2019-07-26 12:42:10.712519
1,1_1_178_828_2019-07-26 12:56:16.895691
0,1_1_179_799_2019-07-26 12:56:24.396081
0,1_1_194_826_2019-07-26 13:01:58.254118
1,1_1_193_819_2019-07-26 13:02:01.013030
0,1_1_179_800_2019-07-26 13:09:25.804562
0,1_1_178_817_2019-07-26 13:12:41.115929
0,1_1_179_788_2019-07-26 13:16:59.812492
0,1_1_194_822_2019-07-26 13:20:30.564457
0,1_1_193_825_2019-07-26 13:22:27.545086
0,1_1_193_827_2019-07-26 13:29:19.548734
1,1_1_191_804_2019-07-26 13:37:57.013430
0,1_1_179_781_2019-07-26 13:41:04.015988
1,1_1_193_820_2019-07-26 13:41:24.884497
1,1_1_178_824_2019-07-26 13:43:00.566096
1,1_1_179_783_2019-07-26 13:53:16.348805
0,1_1_191_802_2019-07-26 13:53:58.231262
0,1_1_194_818_2019-07-26 13:55:38.314355
1,1_1_193_816_2019-07-26 13:56:06.773916
1,1_1_179_777_2019-07-26 14:00:12.045068
1,1_1_191_808_2019-07-26 14:01:40.188236
0,1_1_179_815_2019-07-26 14:02:04.062393
1,1_1_191_785_2019-07-26 14:10:45.185512
0,1_1_179_791_2019-07-26 14:11:05.163570
0,1_1_193_829_2019-07-26 14:13:48.174889
0,1_1_191_795_2019-07-26 14:14:39.682549
0,1_1_191_789_2019-07-26 14:21:50.885367
1,1_1_179_779_2019-07-26 14:22:20.482170
1,1_1_179_798_2019-07-26 14:26:21.096238
1,1_1_191_803_2019-07-26 14:27:11.703904
1,1_1_191_782_2019-07-26 14:27:43.824065
0,1_1_179_810_2019-07-26 14:28:19.113775
1,1_1_179_796_2019-07-26 14:28:57.247071
0,1_1_179_794_2019-07-26 14:29:03.118198
0,1_1_191_812_2019-07-26 14:34:01.633097
0,1_1_179_797_2019-07-26 14:34:17.434851
1,1_1_179_787_2019-07-26 14:40:35.164606
0,1_1_191_792_2019-07-26 14:40:59.734976
0,1_1_179_813_2019-07-26 14:41:02.523868
1,1_1_191_807_2019-07-26 14:41:20.056706
1,1_1_191_806_2019-07-26 14:41:49.242405
2,1_1_191_780_2019-07-26 14:50:25.177458
1,1_1_191_778_2019-07-26 14:50:56.930858
1,1_1_179_790_2019-07-26 14:51:05.595752
0,1_1_179_801_2019-07-26 14:55:41.583154
0,1_1_191_805_2019-07-26 14:57:27.647748
1,1_1_191_793_2019-07-26 15:05:56.285096
0,1_1_191_786_2019-07-26 15:10:00.374761
1,1_1_191_811_2019-07-26 15:33:40.045353
0,1_1_191_804_2019-07-26 17:43:55.025270
0,1_1_179_801_2019-07-26 18:25:30.174670
0,1_1_179_788_2019-07-26 18:46:31.151302
2,1_1_194_821_2019-07-26 19:04:11.547432
2,1_1_178_828_2019-07-26 19:21:37.156126
1,1_1_193_825_2019-07-26 19:36:33.052732
0,1_1_191_780_2019-07-26 19:43:52.327736
2,1_1_179_809_2019-07-26 19:49:49.256189
2,1_1_191_792_2019-07-26 20:16:32.908761
2,1_1_191_805_2019-07-26 20:18:25.903100
2,1_1_178_817_2019-07-26 21:01:29.972155
2,1_1_193_820_2019-07-26 21:33:46.350441
2,1_1_193_819_2019-07-26 21:54:40.060613
2,1_1_194_822_2019-07-26 22:03:44.731123
2,1_1_194_818_2019-07-26 22:14:16.119125
2,1_1_179_797_2019-07-26 22:52:39.792002
2,1_1_193_827_2019-07-26 23:07:02.008147
2,1_1_178_823_2019-07-26 23:17:13.267474
2,1_1_178_824_2019-07-26 23:43:10.554412
0,1_1_178_823_2019-07-27 12:48:24.857118
0,1_1_194_818_2019-07-27 15:36:11.401687
2,1_1_193_827_2019-07-27 22:32:13.215529
2,1_1_178_817_2019-07-28 10:35:34.526386
1,1_1_194_826_2019-07-28 14:19:28.666271
0,1_1_194_826_2019-07-29 11:52:45.256765
1,1_1_194_821_2019-07-29 12:36:45.686661
0,1_1_178_823_2019-07-29 12:44:35.791324
1,1_1_193_825_2019-07-29 12:53:33.334314
1,1_1_179_799_2019-07-29 12:59:35.397041
0,1_1_178_828_2019-07-29 13:01:46.538611
1,1_1_191_785_2019-07-29 13:03:14.297630
1,1_1_193_819_2019-07-29 13:04:02.228779
1,1_1_191_789_2019-07-29 13:04:38.403533
1,1_1_193_827_2019-07-29 13:09:24.974859
0,1_1_178_817_2019-07-29 13:09:50.959146
0,1_1_193_829_2019-07-29 13:16:38.407332
0,1_1_194_822_2019-07-29 13:16:45.792099
1,1_1_178_824_2019-07-29 13:20:26.507061
1,1_1_193_816_2019-07-29 13:24:11.608175
1,1_1_179_815_2019-07-29 13:26:40.566462
0,1_1_179_788_2019-07-29 13:30:42.286988
1,1_1_193_820_2019-07-29 13:35:02.521904
1,1_1_179_810_2019-07-29 13:35:56.947933
1,1_1_179_798_2019-07-29 13:36:28.189657
1,1_1_179_797_2019-07-29 13:40:06.256616
0,1_1_194_818_2019-07-29 13:42:53.186378
1,1_1_179_794_2019-07-29 13:45:14.557316
1,1_1_179_787_2019-07-29 13:47:02.980217
1,1_1_179_801_2019-07-29 13:48:41.075489
0,1_1_179_783_2019-07-29 13:56:18.382062
1,1_1_179_791_2019-07-29 14:00:34.066046
0,1_1_191_802_2019-07-29 14:01:12.388280
0,1_1_191_806_2019-07-29 14:04:37.779037
0,1_1_179_777_2019-07-29 14:08:03.939238
0,1_1_179_796_2019-07-29 14:08:31.861282
1,1_1_179_809_2019-07-29 14:14:19.786565
0,1_1_179_779_2019-07-29 14:17:37.466047
0,1_1_179_813_2019-07-29 14:18:43.063662
0,1_1_179_790_2019-07-29 14:19:07.379193
0,1_1_191_812_2019-07-29 14:22:04.539426
0,1_1_179_781_2019-07-29 14:22:32.022314
0,1_1_191_795_2019-07-29 14:25:40.687700
0,1_1_191_807_2019-07-29 14:27:23.747738
1,1_1_191_782_2019-07-29 14:30:05.616992
0,1_1_191_803_2019-07-29 14:32:30.059956
0,1_1_191_780_2019-07-29 14:41:21.347146
0,1_1_191_778_2019-07-29 14:42:04.687092
0,1_1_191_792_2019-07-29 14:43:22.758525
1,1_1_191_784_2019-07-29 14:45:56.988180
1,1_1_191_805_2019-07-29 14:47:00.767809
0,1_1_191_811_2019-07-29 14:49:41.181872
1,1_1_191_786_2019-07-29 14:57:23.271185
0,1_1_191_804_2019-07-29 15:11:21.436443
1,1_1_191_793_2019-07-29 15:16:30.960080
2,1_1_191_808_2019-07-29 17:07:24.111068
0,1_1_179_783_2019-07-29 17:56:15.557913
0,1_1_191_782_2019-07-29 18:49:47.283599
2,1_1_191_808_2019-07-29 18:56:57.101078
2,1_1_179_777_2019-07-29 19:07:33.201542
2,1_1_178_828_2019-07-29 19:48:45.467106
2,1_1_179_796_2019-07-29 20:03:31.393500
2,1_1_194_822_2019-07-29 20:14:31.666268
2,1_1_178_823_2019-07-29 20:56:35.733928
2,1_1_179_781_2019-07-29 21:01:06.251603
2,1_1_194_822_2019-07-29 21:05:29.822393
2,1_1_179_813_2019-07-29 21:56:25.286514
2,1_1_193_819_2019-07-29 22:37:20.462313
2,1_1_178_817_2019-07-29 22:49:51.488912
2,1_1_178_824_2019-07-29 23:15:52.818021
2,1_1_193_820_2019-07-30 00:02:20.161048
2,1_1_194_826_2019-07-30 00:09:44.157713
2,1_1_194_821_2019-07-30 00:34:49.572483
2,1_1_178_823_2019-07-30 00:57:02.417586
2,1_1_178_823_2019-07-30 04:27:28.428375
0,1_1_194_826_2019-07-30 11:31:16.894598
0,1_1_194_822_2019-07-30 12:38:13.127997
1,1_1_191_789_2019-07-30 12:41:19.961135
1,1_1_178_823_2019-07-30 12:44:11.864610
0,1_1_178_828_2019-07-30 12:50:58.736051
0,1_1_179_799_2019-07-30 12:55:47.255360
1,1_1_193_819_2019-07-30 13:02:39.084644
1,1_1_193_829_2019-07-30 13:07:02.546371
1,1_1_178_824_2019-07-30 13:16:41.492633
1,1_1_179_809_2019-07-30 13:19:33.197650
0,1_1_193_820_2019-07-30 13:22:57.329542
1,1_1_193_827_2019-07-30 13:24:42.735085
1,1_1_178_817_2019-07-30 13:24:49.207927
1,1_1_179_787_2019-07-30 13:30:41.570361
1,1_1_179_796_2019-07-30 13:33:58.924950
1,1_1_194_821_2019-07-30 13:38:02.634022
1,1_1_179_788_2019-07-30 13:42:48.162570
0,1_1_193_816_2019-07-30 13:44:13.971044
0,1_1_191_804_2019-07-30 13:45:27.332690
1,1_1_179_798_2019-07-30 13:50:51.801063
1,1_1_194_818_2019-07-30 13:52:55.890407
1,1_1_179_779_2019-07-30 13:55:16.170342
2,1_1_179_791_2019-07-30 13:56:45.280837
1,1_1_191_785_2019-07-30 13:57:09.387653
0,1_1_179_810_2019-07-30 13:58:53.090932
1,1_1_179_777_2019-07-30 14:02:49.800114
1,1_1_191_808_2019-07-30 14:10:35.297402
0,1_1_179_794_2019-07-30 14:13:53.591815
1,1_1_179_815_2019-07-30 14:16:51.291620
0,1_1_179_813_2019-07-30 14:19:22.053699
1,1_1_191_802_2019-07-30 14:19:28.111042
1,1_1_179_783_2019-07-30 14:22:11.167449
2,1_1_179_781_2019-07-30 14:22:25.933329
1,1_1_179_800_2019-07-30 14:22:40.145073
0,1_1_179_797_2019-07-30 14:24:43.910636
1,1_1_191_812_2019-07-30 14:25:41.239342
1,1_1_179_801_2019-07-30 14:26:35.193005
1,1_1_179_790_2019-07-30 14:32:35.641035
0,1_1_191_803_2019-07-30 14:34:59.443130
0,1_1_191_795_2019-07-30 14:35:51.161159
1,1_1_191_780_2019-07-30 14:37:44.571791
0,1_1_191_793_2019-07-30 14:38:17.481671
0,1_1_191_807_2019-07-30 14:38:37.372610
0,1_1_191_782_2019-07-30 14:43:13.762744
0,1_1_191_778_2019-07-30 14:43:55.487472
1,1_1_191_811_2019-07-30 14:47:11.653166
1,1_1_191_792_2019-07-30 14:48:45.929225
1,1_1_191_805_2019-07-30 14:49:18.312043
0,1_1_191_784_2019-07-30 14:51:51.581857
1,1_1_191_786_2019-07-30 14:56:35.794387
1,1_1_191_806_2019-07-30 14:56:57.904032
1,1_1_178_828_2019-07-30 17:52:26.873449
2,1_1_191_778_2019-07-30 18:45:21.659836
2,1_1_191_793_2019-07-30 19:06:07.777846
2,1_1_179_781_2019-07-30 19:12:39.892679
0,1_1_179_781_2019-07-30 19:42:37.559507
2,1_1_191_804_2019-07-30 19:58:18.652098
2,1_1_191_804_2019-07-30 20:49:44.261923
2,1_1_179_801_2019-07-30 22:04:22.063548
2,1_1_191_805_2019-07-30 22:17:53.291925
2,1_1_193_819_2019-07-30 22:26:02.501833
2,1_1_194_826_2019-07-30 22:30:45.743815
2,1_1_194_822_2019-07-30 22:31:16.348600
2,1_1_191_795_2019-07-30 22:37:59.989637
2,1_1_178_817_2019-07-30 22:45:25.730555
2,1_1_178_823_2019-07-30 22:50:34.772210
2,1_1_194_821_2019-07-30 23:10:21.816610
2,1_1_179_797_2019-07-30 23:38:18.060477
2,1_1_193_829_2019-07-30 23:57:19.229372
2,1_1_193_816_2019-07-31 00:00:57.535976
2,1_1_178_824_2019-07-31 00:21:40.387412
2,1_1_193_820_2019-07-31 01:20:33.556647
0,1_1_194_826_2019-07-31 11:57:09.786222
1,1_1_194_822_2019-07-31 12:40:52.094404
1,1_1_178_823_2019-07-31 12:43:43.943472
1,1_1_178_828_2019-07-31 12:44:44.638429
1,1_1_191_789_2019-07-31 12:51:43.027032
1,1_1_193_819_2019-07-31 13:04:13.274713
1,1_1_193_820_2019-07-31 13:14:01.215675
0,1_1_194_818_2019-07-31 13:14:19.017610
1,1_1_193_825_2019-07-31 13:16:28.291184
0,1_1_178_817_2019-07-31 13:18:03.056835
0,1_1_194_821_2019-07-31 13:19:10.084442
1,1_1_178_824_2019-07-31 13:23:10.436297
1,1_1_179_788_2019-07-31 13:27:26.837032
1,1_1_179_787_2019-07-31 13:38:14.442216
0,1_1_179_810_2019-07-31 13:40:19.965340
1,1_1_193_816_2019-07-31 13:40:21.596201
1,1_1_179_783_2019-07-31 13:41:16.136529
1,1_1_193_827_2019-07-31 13:42:26.298476
1,1_1_179_799_2019-07-31 13:45:05.708218
1,1_1_179_797_2019-07-31 13:49:09.789572
0,1_1_179_794_2019-07-31 13:49:26.563681
1,1_1_191_785_2019-07-31 13:49:59.895724
1,1_1_179_798_2019-07-31 13:55:32.136731
0,1_1_179_800_2019-07-31 13:55:48.498217
1,1_1_179_791_2019-07-31 13:59:26.568241
1,1_1_179_801_2019-07-31 13:59:36.556581
1,1_1_191_808_2019-07-31 14:04:16.714662
1,1_1_179_790_2019-07-31 14:05:20.426727
0,1_1_179_781_2019-07-31 14:06:16.339778
1,1_1_179_796_2019-07-31 14:07:48.325575
1,1_1_179_777_2019-07-31 14:09:37.045662
0,1_1_191_812_2019-07-31 14:10:15.117648
1,1_1_179_815_2019-07-31 14:17:26.912973
0,1_1_179_809_2019-07-31 14:23:46.799055
0,1_1_179_813_2019-07-31 14:30:47.466930
0,1_1_191_802_2019-07-31 14:31:49.096986
1,1_1_179_779_2019-07-31 14:31:53.018398
1,1_1_191_807_2019-07-31 14:33:45.188147
0,1_1_191_803_2019-07-31 14:36:02.181346
0,1_1_191_780_2019-07-31 14:38:23.661503
1,1_1_191_778_2019-07-31 14:38:36.964535
1,1_1_191_795_2019-07-31 14:40:54.610855
1,1_1_191_792_2019-07-31 14:42:24.334203
1,1_1_191_805_2019-07-31 14:42:32.352223
1,1_1_191_806_2019-07-31 14:44:52.345612
1,1_1_191_804_2019-07-31 14:45:01.555937
0,1_1_191_811_2019-07-31 14:45:29.388046
1,1_1_191_782_2019-07-31 14:46:58.326897
0,1_1_191_793_2019-07-31 14:48:10.568662
1,1_1_191_786_2019-07-31 14:50:01.704944
1,1_1_191_784_2019-07-31 14:50:17.037367
0,1_1_179_809_2019-07-31 18:08:04.432654
1,1_1_179_810_2019-07-31 18:40:40.900203
2,1_1_191_795_2019-07-31 19:04:40.098273
1,1_1_191_778_2019-07-31 19:19:46.919358
2,1_1_178_828_2019-07-31 21:18:25.062624
2,1_1_193_820_2019-07-31 21:35:40.408391
2,1_1_178_817_2019-07-31 22:19:06.877352
2,1_1_178_823_2019-07-31 22:36:39.374705
2,1_1_193_819_2019-07-31 22:49:40.718159
2,1_1_178_824_2019-07-31 23:06:27.805580
2,1_1_193_829_2019-07-31 23:11:04.596833
2,1_1_191_811_2019-07-31 23:30:27.699404
2,1_1_193_827_2019-07-31 23:34:00.248077
2,1_1_179_777_2019-08-01 00:00:07.753717
2,1_1_178_817_2019-08-01 00:27:07.818279
1,1_1_194_821_2019-08-01 12:14:37.898179
1,1_1_178_823_2019-08-01 12:43:39.826540
1,1_1_194_822_2019-08-01 12:44:41.911291
1,1_1_191_789_2019-08-01 12:54:40.847422
1,1_1_178_828_2019-08-01 12:55:54.746320
0,1_1_193_816_2019-08-01 12:59:30.495155
1,1_1_193_820_2019-08-01 13:02:19.767941
1,1_1_179_799_2019-08-01 13:02:50.058394
1,1_1_193_825_2019-08-01 13:07:00.556797
1,1_1_193_827_2019-08-01 13:11:22.034603
0,1_1_179_796_2019-08-01 13:17:21.801812
1,1_1_191_808_2019-08-01 13:18:14.084310
0,1_1_178_817_2019-08-01 13:21:15.827111
1,1_1_193_829_2019-08-01 13:23:34.426189
1,1_1_179_794_2019-08-01 13:24:01.448263
1,1_1_178_824_2019-08-01 13:25:11.854719
0,1_1_194_826_2019-08-01 13:26:09.426687
0,1_1_179_800_2019-08-01 13:28:26.509024
1,1_1_179_787_2019-08-01 13:32:03.790858
1,1_1_191_804_2019-08-01 13:33:14.356763
1,1_1_193_819_2019-08-01 13:37:39.139739
1,1_1_194_818_2019-08-01 13:44:50.466067
0,1_1_179_777_2019-08-01 13:46:29.353053
1,1_1_179_815_2019-08-01 13:54:15.917955
1,1_1_179_781_2019-08-01 14:04:37.477023
0,1_1_179_810_2019-08-01 14:08:10.287478
1,1_1_179_783_2019-08-01 14:09:15.036720
1,1_1_179_791_2019-08-01 14:10:04.628636
0,1_1_179_798_2019-08-01 14:10:58.863348
1,1_1_191_802_2019-08-01 14:12:42.475950
1,1_1_179_788_2019-08-01 14:13:53.845739
1,1_1_179_790_2019-08-01 14:14:08.528708
1,1_1_191_785_2019-08-01 14:14:29.876515
0,1_1_191_782_2019-08-01 14:18:00.375272
1,1_1_191_792_2019-08-01 14:18:10.515889
1,1_1_179_809_2019-08-01 14:19:42.358518
0,1_1_179_797_2019-08-01 14:21:44.136522
0,1_1_191_812_2019-08-01 14:21:52.655059
0,1_1_191_803_2019-08-01 14:25:19.565493
1,1_1_179_801_2019-08-01 14:25:56.436677
0,1_1_179_779_2019-08-01 14:26:37.998335
0,1_1_191_795_2019-08-01 14:27:57.494923
0,1_1_191_811_2019-08-01 14:29:43.819026
1,1_1_191_807_2019-08-01 14:31:15.045490
0,1_1_191_778_2019-08-01 14:32:06.906288
1,1_1_191_806_2019-08-01 14:32:34.836142
0,1_1_191_784_2019-08-01 14:34:43.129474
1,1_1_191_805_2019-08-01 14:35:10.535361
1,1_1_191_786_2019-08-01 14:36:57.067384
1,1_1_179_813_2019-08-01 14:37:05.808546
0,1_1_191_793_2019-08-01 14:39:35.480862
2,1_1_191_780_2019-08-01 14:58:53.285528
0,1_1_191_780_2019-08-01 18:12:02.863129
0,1_1_191_782_2019-08-01 18:23:46.608290
0,1_1_191_802_2019-08-01 18:50:20.033977
2,1_1_178_828_2019-08-01 19:04:14.350440
0,1_1_191_778_2019-08-01 19:12:22.165619
0,1_1_179_800_2019-08-01 19:29:27.164265
2,1_1_193_829_2019-08-01 19:45:05.788351
2,1_1_179_777_2019-08-01 20:43:48.434223
2,1_1_179_799_2019-08-01 21:48:27.705118
2,1_1_191_805_2019-08-01 22:12:51.607218
2,1_1_178_828_2019-08-01 22:30:51.896749
2,1_1_178_823_2019-08-01 22:35:14.831198
2,1_1_178_824_2019-08-01 23:03:01.882165
0,1_1_191_803_2019-08-01 23:03:07.938767
2,1_1_193_816_2019-08-01 23:29:46.056762
2,1_1_193_819_2019-08-01 23:31:14.735919
0,1_1_193_825_2019-08-01 23:58:44.417599
0,1_1_194_822_2019-08-02 11:34:13.709045
1,1_1_178_823_2019-08-02 12:43:51.278341
0,1_1_178_828_2019-08-02 12:53:25.257961
0,1_1_194_818_2019-08-02 12:59:11.437218
1,1_1_193_827_2019-08-02 13:31:27.577416
1,1_1_193_820_2019-08-02 13:42:59.045461
1,1_1_178_817_2019-08-02 13:43:11.707179
1,1_1_193_819_2019-08-02 14:06:12.567180
2,1_1_194_821_2019-08-02 14:17:35.053005
2,1_1_179_781_2019-08-02 14:41:39.837187
2,1_1_178_824_2019-08-02 14:55:10.427844
1,1_1_194_826_2019-08-02 15:15:30.616082
1,1_1_193_829_2019-08-02 15:29:20.248082
0,1_1_179_801_2019-08-02 16:08:04.437897
1,1_1_193_816_2019-08-02 16:10:06.605341
1,1_1_179_777_2019-08-02 16:19:48.567052
0,1_1_193_825_2019-08-02 16:58:43.362893
2,1_1_194_821_2019-08-02 17:08:32.990159
0,1_1_179_783_2019-08-02 17:49:08.839416
1,1_1_194_822_2019-08-02 18:06:55.277590
2,1_1_178_828_2019-08-02 18:08:40.716934
0,1_1_179_800_2019-08-02 18:12:16.918040
0,1_1_179_781_2019-08-02 18:21:12.492635
1,1_1_179_798_2019-08-02 18:38:06.309739
0,1_1_179_787_2019-08-02 19:17:11.903458
2,1_1_178_824_2019-08-02 19:37:18.875274
1,1_1_194_818_2019-08-02 19:40:21.809606
2,1_1_178_823_2019-08-03 14:25:47.491236
2,1_1_194_822_2019-08-03 17:12:40.963882
1,1_1_178_824_2019-08-03 21:34:59.935154
2,1_1_193_820_2019-08-04 20:06:15.619970
2,1_1_178_828_2019-08-04 20:29:19.175344
2,1_1_178_823_2019-08-04 21:45:33.645182
2,1_1_178_823_2019-08-05 01:37:28.262775
0,1_1_194_826_2019-08-05 11:34:33.654786
0,1_1_194_818_2019-08-05 12:07:23.458353
1,1_1_194_821_2019-08-05 12:09:10.651666
0,1_1_193_825_2019-08-05 12:37:52.165228
0,1_1_178_823_2019-08-05 12:47:23.423316
0,1_1_179_799_2019-08-05 12:51:36.876992
1,1_1_178_828_2019-08-05 12:52:39.456269
1,1_1_193_829_2019-08-05 12:56:06.815747
0,1_1_179_815_2019-08-05 13:00:13.454245
1,1_1_193_819_2019-08-05 13:02:56.974725
1,1_1_191_789_2019-08-05 13:04:21.366063
0,1_1_193_816_2019-08-05 13:12:05.636412
0,1_1_178_824_2019-08-05 13:13:25.941125
1,1_1_178_817_2019-08-05 13:23:06.966341
1,1_1_179_781_2019-08-05 13:26:43.727174
1,1_1_179_777_2019-08-05 13:26:55.080040
1,1_1_179_787_2019-08-05 13:27:58.771652
1,1_1_179_797_2019-08-05 13:37:53.933649
0,1_1_191_808_2019-08-05 13:40:23.456257
0,1_1_179_810_2019-08-05 13:42:25.030010
0,1_1_193_820_2019-08-05 13:42:45.887680
1,1_1_179_794_2019-08-05 13:43:01.390303
1,1_1_193_827_2019-08-05 13:44:15.736143
1,1_1_191_785_2019-08-05 13:50:46.602615
0,1_1_179_783_2019-08-05 13:53:08.856882
1,1_1_179_798_2019-08-05 13:59:00.284318
0,1_1_194_822_2019-08-05 13:59:15.055577
0,1_1_179_791_2019-08-05 14:01:55.964735
1,1_1_179_801_2019-08-05 14:03:47.393861
0,1_1_191_806_2019-08-05 14:04:21.348976
1,1_1_179_788_2019-08-05 14:05:11.110800
0,1_1_191_802_2019-08-05 14:06:44.614188
0,1_1_179_809_2019-08-05 14:06:47.817017
1,1_1_179_779_2019-08-05 14:10:40.855875
0,1_1_179_790_2019-08-05 14:11:44.340382
1,1_1_191_795_2019-08-05 14:13:09.577343
1,1_1_191_807_2019-08-05 14:15:04.187873
0,1_1_191_780_2019-08-05 14:15:20.208381
1,1_1_191_804_2019-08-05 14:22:22.373281
0,1_1_191_782_2019-08-05 14:22:45.511784
0,1_1_191_803_2019-08-05 14:25:26.545689
0,1_1_191_812_2019-08-05 14:27:49.187128
0,1_1_191_811_2019-08-05 14:29:55.625139
0,1_1_191_786_2019-08-05 14:29:59.087147
1,1_1_191_805_2019-08-05 14:30:02.087510
1,1_1_191_793_2019-08-05 14:33:48.056295
0,1_1_191_784_2019-08-05 14:34:03.535144
1,1_1_191_792_2019-08-05 14:34:03.974923
1,1_1_179_813_2019-08-05 17:20:25.309901
1,1_1_179_815_2019-08-05 17:48:02.251929
2,1_1_191_804_2019-08-05 19:00:39.287060
1,1_1_179_777_2019-08-05 19:01:36.902985
2,1_1_191_792_2019-08-05 19:04:31.342738
2,1_1_191_808_2019-08-05 19:52:23.668568
2,1_1_178_828_2019-08-05 21:03:36.351540
2,1_1_194_821_2019-08-05 21:37:09.775221
2,1_1_193_820_2019-08-05 21:46:33.042347
2,1_1_193_819_2019-08-05 22:13:20.057378
2,1_1_178_828_2019-08-05 22:14:00.819377
2,1_1_178_823_2019-08-05 22:38:05.545542
2,1_1_191_806_2019-08-05 22:54:54.326640
2,1_1_193_825_2019-08-05 22:56:02.128053
2,1_1_178_817_2019-08-05 22:57:02.275437
2,1_1_191_789_2019-08-05 23:04:35.795395
2,1_1_193_829_2019-08-05 23:11:58.577883
2,1_1_193_827_2019-08-05 23:13:14.087124
2,1_1_178_824_2019-08-05 23:41:47.088615
2,1_1_194_821_2019-08-05 23:55:52.539788
2,1_1_191_784_2019-08-06 01:02:20.310376
2,1_1_178_823_2019-08-06 02:31:07.525500
0,1_1_194_826_2019-08-06 11:34:26.016644
1,1_1_191_789_2019-08-06 12:39:01.194331
0,1_1_178_823_2019-08-06 12:44:02.138300
1,1_1_178_828_2019-08-06 12:45:10.449063
0,1_1_193_819_2019-08-06 12:51:03.448297
0,1_1_179_799_2019-08-06 13:02:29.280022
1,1_1_193_820_2019-08-06 13:03:10.226041
1,1_1_193_825_2019-08-06 13:06:18.376430
0,1_1_178_817_2019-08-06 13:19:30.999570
1,1_1_179_815_2019-08-06 13:19:50.769775
0,1_1_193_816_2019-08-06 13:21:09.490608
0,1_1_193_827_2019-08-06 13:24:17.535409
0,1_1_193_829_2019-08-06 13:24:48.439138
1,1_1_179_797_2019-08-06 13:26:00.496778
1,1_1_179_783_2019-08-06 13:30:21.437388
1,1_1_179_787_2019-08-06 13:32:50.115096
1,1_1_179_791_2019-08-06 13:33:25.534241
0,1_1_179_794_2019-08-06 13:38:18.262618
1,1_1_194_821_2019-08-06 13:43:13.633573
0,1_1_191_806_2019-08-06 13:43:35.752906
1,1_1_191_808_2019-08-06 13:45:22.794518
1,1_1_179_798_2019-08-06 13:50:44.473712
1,1_1_194_822_2019-08-06 13:55:58.163615
1,1_1_194_818_2019-08-06 13:56:41.567995
1,1_1_179_796_2019-08-06 13:57:40.203521
1,1_1_179_781_2019-08-06 14:00:25.211782
1,1_1_191_802_2019-08-06 14:02:05.535720
1,1_1_191_785_2019-08-06 14:04:18.264090
0,1_1_179_809_2019-08-06 14:04:49.489002
0,1_1_179_801_2019-08-06 14:07:52.051076
0,1_1_179_788_2019-08-06 14:07:57.544413
0,1_1_191_784_2019-08-06 14:08:06.895598
0,1_1_179_777_2019-08-06 14:10:54.855109
1,1_1_179_779_2019-08-06 14:11:12.632407
0,1_1_179_790_2019-08-06 14:12:15.934107
1,1_1_191_803_2019-08-06 14:12:24.555528
0,1_1_191_780_2019-08-06 14:16:32.986116
1,1_1_179_813_2019-08-06 14:17:46.120142
1,1_1_191_782_2019-08-06 14:20:27.436187
1,1_1_191_786_2019-08-06 14:24:55.346651
1,1_1_191_812_2019-08-06 14:25:43.212089
1,1_1_191_792_2019-08-06 14:25:47.857515
1,1_1_191_805_2019-08-06 14:27:28.872545
1,1_1_191_793_2019-08-06 14:33:28.128883
0,1_1_179_810_2019-08-06 14:38:41.643592
0,1_1_191_778_2019-08-06 14:39:10.090477
1,1_1_191_795_2019-08-06 14:42:34.619330
0,1_1_191_811_2019-08-06 14:42:44.374952
1,1_1_191_804_2019-08-06 14:50:55.346346
0,1_1_191_807_2019-08-06 16:34:38.615616
1,1_1_179_777_2019-08-06 17:57:06.711188
0,1_1_193_819_2019-08-06 18:25:14.566737
0,1_1_179_815_2019-08-06 18:28:44.069552
0,1_1_193_829_2019-08-06 18:29:37.243018
0,1_1_178_823_2019-08-06 18:39:09.482459
1,1_1_179_799_2019-08-06 19:04:18.147608
0,1_1_191_811_2019-08-06 19:35:08.559282
0,1_1_179_800_2019-08-06 20:48:57.333864
2,1_1_178_817_2019-08-06 21:27:41.089232
2,1_1_179_779_2019-08-06 21:59:37.941992
2,1_1_191_803_2019-08-06 22:17:51.746277
2,1_1_191_782_2019-08-06 22:22:36.315900
2,1_1_191_806_2019-08-06 22:50:14.080998
2,1_1_178_824_2019-08-06 22:54:01.437119
2,1_1_179_787_2019-08-06 22:56:17.489916
2,1_1_193_820_2019-08-06 22:56:38.040709
2,1_1_178_828_2019-08-06 23:29:48.619468
2,1_1_178_823_2019-08-06 23:31:53.215100
2,1_1_194_821_2019-08-06 23:36:34.078599
2,1_1_193_827_2019-08-06 23:45:05.063931
2,1_1_179_810_2019-08-07 00:08:38.926468
1,1_1_178_817_2019-08-07 01:12:26.283666
2,1_1_193_819_2019-08-07 04:58:53.654430
1,1_1_194_821_2019-08-07 11:57:13.464644
0,1_1_179_799_2019-08-07 11:59:14.689755
1,1_1_178_823_2019-08-07 12:43:46.365442
1,1_1_191_789_2019-08-07 12:51:18.343810
1,1_1_193_819_2019-08-07 12:51:47.135543
0,1_1_191_802_2019-08-07 12:54:45.986469
1,1_1_178_828_2019-08-07 12:56:04.849183
1,1_1_193_820_2019-08-07 13:04:12.495705
1,1_1_193_825_2019-08-07 13:07:13.336646
0,1_1_193_829_2019-08-07 13:09:41.635219
1,1_1_193_827_2019-08-07 13:24:29.077417
0,1_1_194_822_2019-08-07 13:25:29.818884
1,1_1_193_816_2019-08-07 13:25:33.643937
1,1_1_179_787_2019-08-07 13:27:46.646259
1,1_1_179_794_2019-08-07 13:32:03.162794
1,1_1_179_810_2019-08-07 13:32:09.210349
1,1_1_194_818_2019-08-07 13:33:45.662157
1,1_1_179_791_2019-08-07 13:34:32.375332
1,1_1_191_785_2019-08-07 13:37:57.907099
1,1_1_179_783_2019-08-07 13:40:59.977279
1,1_1_179_797_2019-08-07 13:41:23.004412
1,1_1_179_815_2019-08-07 13:42:03.396027
1,1_1_191_808_2019-08-07 13:48:00.198008
1,1_1_191_792_2019-08-07 13:50:24.296986
0,1_1_179_809_2019-08-07 13:53:08.007241
2,1_1_179_798_2019-08-07 13:53:30.568796
0,1_1_179_800_2019-08-07 13:54:07.751962
0,1_1_179_788_2019-08-07 13:57:08.145296
0,1_1_179_781_2019-08-07 13:57:51.137439
0,1_1_179_801_2019-08-07 14:04:55.082305
1,1_1_179_777_2019-08-07 14:05:43.115228
0,1_1_179_779_2019-08-07 14:08:23.547529
0,1_1_179_790_2019-08-07 14:09:30.727862
2,1_1_179_813_2019-08-07 14:12:03.187395
0,1_1_179_796_2019-08-07 14:13:26.497411
1,1_1_191_807_2019-08-07 14:16:18.047755
1,1_1_191_803_2019-08-07 14:18:00.654649
1,1_1_191_811_2019-08-07 14:20:52.415632
1,1_1_191_793_2019-08-07 14:23:09.536238
0,1_1_191_795_2019-08-07 14:23:55.078678
0,1_1_191_782_2019-08-07 14:24:28.775426
2,1_1_191_778_2019-08-07 14:26:28.108090
1,1_1_191_806_2019-08-07 14:29:19.685339
0,1_1_191_812_2019-08-07 14:30:26.713176
1,1_1_191_805_2019-08-07 14:32:38.319507
2,1_1_191_786_2019-08-07 14:32:55.701422
0,1_1_191_784_2019-08-07 14:33:00.486881
1,1_1_191_780_2019-08-07 14:34:26.641696
1,1_1_191_804_2019-08-07 14:54:37.536020
1,1_1_179_813_2019-08-07 16:58:46.170635
0,1_1_178_828_2019-08-07 17:53:48.096868
1,1_1_179_783_2019-08-07 18:09:23.983798
0,1_1_191_786_2019-08-07 18:23:43.280089
0,1_1_191_792_2019-08-07 18:59:29.319497
2,1_1_191_778_2019-08-07 19:08:33.538213
0,1_1_194_821_2019-08-07 19:21:40.446752
0,1_1_179_794_2019-08-07 19:38:01.022615
2,1_1_179_798_2019-08-07 19:51:19.723874
2,1_1_191_812_2019-08-07 19:53:42.905273
2,1_1_193_827_2019-08-07 20:30:40.404700
0,1_1_193_819_2019-08-07 21:15:52.112610
2,1_1_193_829_2019-08-07 21:30:53.005334
2,1_1_179_791_2019-08-07 22:15:57.637188
2,1_1_193_820_2019-08-07 22:33:26.761455
2,1_1_178_823_2019-08-07 23:15:59.306205
2,1_1_178_823_2019-08-08 05:30:09.447774
1,1_1_178_824_2019-08-08 12:43:43.134666
1,1_1_191_789_2019-08-08 12:44:13.212543
1,1_1_178_828_2019-08-08 12:46:09.935639
1,1_1_178_823_2019-08-08 12:49:48.326589
1,1_1_194_821_2019-08-08 12:55:01.402557
0,1_1_193_816_2019-08-08 13:02:30.494079
1,1_1_193_825_2019-08-08 13:11:29.250221
1,1_1_178_817_2019-08-08 13:17:15.725881
0,1_1_193_829_2019-08-08 13:20:31.296698
1,1_1_193_819_2019-08-08 13:24:05.045380
0,1_1_193_820_2019-08-08 13:25:29.174837
0,1_1_194_822_2019-08-08 13:25:36.346866
0,1_1_179_799_2019-08-08 13:27:14.373995
0,1_1_194_818_2019-08-08 13:29:41.826961
2,1_1_193_827_2019-08-08 13:31:18.628015
1,1_1_179_787_2019-08-08 13:31:23.067542
1,1_1_179_800_2019-08-08 13:34:29.597267
0,1_1_191_803_2019-08-08 13:41:01.676293
1,1_1_179_779_2019-08-08 13:44:33.187619
0,1_1_179_809_2019-08-08 13:44:55.358197
1,1_1_179_794_2019-08-08 13:45:23.095741
0,1_1_179_796_2019-08-08 13:45:23.282323
2,1_1_179_813_2019-08-08 13:52:11.261586
1,1_1_191_808_2019-08-08 13:53:15.324419
1,1_1_179_783_2019-08-08 14:00:22.615154
1,1_1_179_798_2019-08-08 14:03:30.235626
0,1_1_179_801_2019-08-08 14:04:55.369481
1,1_1_179_790_2019-08-08 14:05:26.608159
0,1_1_179_777_2019-08-08 14:06:53.515155
1,1_1_191_785_2019-08-08 14:08:49.936381
0,1_1_179_810_2019-08-08 14:09:42.758216
0,1_1_179_788_2019-08-08 14:10:49.083327
0,1_1_179_781_2019-08-08 14:11:18.796226
0,1_1_191_795_2019-08-08 14:12:25.065263
1,1_1_179_791_2019-08-08 14:12:25.909307
0,1_1_191_802_2019-08-08 14:13:42.938993
0,1_1_179_815_2019-08-08 14:15:07.749369
0,1_1_179_797_2019-08-08 14:15:55.161896
1,1_1_191_780_2019-08-08 14:16:18.944718
1,1_1_191_812_2019-08-08 14:21:50.449573
0,1_1_191_811_2019-08-08 14:24:09.657432
0,1_1_191_807_2019-08-08 14:24:49.926831
0,1_1_191_782_2019-08-08 14:25:50.512773
0,1_1_191_806_2019-08-08 14:26:59.603289
1,1_1_191_805_2019-08-08 14:27:52.222898
0,1_1_191_793_2019-08-08 14:30:11.220532
1,1_1_191_786_2019-08-08 14:31:16.954431
1,1_1_191_792_2019-08-08 14:33:02.120018
0,1_1_191_784_2019-08-08 14:33:12.202638
1,1_1_191_778_2019-08-08 14:35:12.610443
2,1_1_191_804_2019-08-08 14:44:00.261527
0,1_1_179_813_2019-08-08 14:53:01.901094
0,1_1_194_826_2019-08-08 16:17:34.525702
0,1_1_191_804_2019-08-08 17:43:05.632648
0,1_1_194_818_2019-08-08 18:18:23.381963
1,1_1_193_827_2019-08-08 18:20:09.835119
0,1_1_193_829_2019-08-08 18:57:58.594775
0,1_1_179_810_2019-08-08 18:59:48.716940
0,1_1_191_782_2019-08-08 19:04:42.752199
2,1_1_179_787_2019-08-08 19:52:50.888222
0,1_1_191_803_2019-08-08 20:42:13.378100
2,1_1_179_815_2019-08-08 20:56:00.824407
0,1_1_178_824_2019-08-08 21:07:59.855564
2,1_1_178_823_2019-08-08 21:35:37.604285
2,1_1_194_822_2019-08-08 21:40:58.712137
2,1_1_179_791_2019-08-08 22:04:11.974890
2,1_1_191_806_2019-08-08 22:12:15.466338
2,1_1_194_826_2019-08-08 22:14:28.441105
2,1_1_179_799_2019-08-08 22:23:50.368194
2,1_1_191_802_2019-08-08 22:36:33.118916
2,1_1_193_819_2019-08-08 22:53:38.799653
2,1_1_193_816_2019-08-08 23:20:01.205838
2,1_1_193_827_2019-08-08 23:46:11.578045
2,1_1_178_823_2019-08-09 00:10:53.340281
2,1_1_191_789_2019-08-09 00:16:12.895860
2,1_1_193_819_2019-08-09 02:48:38.619981
1,1_1_178_823_2019-08-09 12:14:20.056858
1,1_1_178_828_2019-08-09 12:42:41.300904
1,1_1_193_825_2019-08-09 12:53:41.281244
1,1_1_193_816_2019-08-09 12:55:28.999404
1,1_1_178_824_2019-08-09 12:59:33.846569
0,1_1_179_799_2019-08-09 13:01:42.200738
1,1_1_191_789_2019-08-09 13:01:45.759544
0,1_1_194_826_2019-08-09 13:03:18.053038
0,1_1_193_829_2019-08-09 13:12:08.515824
0,1_1_179_800_2019-08-09 13:22:40.239829
0,1_1_193_827_2019-08-09 13:26:26.639692
1,1_1_193_819_2019-08-09 13:27:13.879913
2,1_1_191_804_2019-08-09 13:37:07.760159
2,1_1_193_820_2019-08-09 13:44:16.120831
0,1_1_179_796_2019-08-09 13:46:57.760719
0,1_1_178_817_2019-08-09 13:51:20.340887
1,1_1_191_808_2019-08-09 13:53:30.623101
1,1_1_194_822_2019-08-09 13:58:09.757223
1,1_1_194_821_2019-08-09 13:58:47.761083
0,1_1_179_777_2019-08-09 14:03:45.963245
1,1_1_191_785_2019-08-09 14:05:52.501258
0,1_1_179_791_2019-08-09 14:09:04.584304
1,1_1_179_779_2019-08-09 14:11:48.684099
1,1_1_179_797_2019-08-09 14:13:33.111605
0,1_1_179_810_2019-08-09 14:14:49.555195
0,1_1_179_788_2019-08-09 14:16:55.971831
1,1_1_179_783_2019-08-09 14:17:07.069040
0,1_1_179_798_2019-08-09 14:17:34.022857
0,1_1_179_809_2019-08-09 14:17:37.483006
0,1_1_179_815_2019-08-09 14:19:21.486526
0,1_1_191_806_2019-08-09 14:21:47.866256
0,1_1_179_813_2019-08-09 14:22:57.831006
0,1_1_179_801_2019-08-09 14:24:06.323679
1,1_1_179_794_2019-08-09 14:24:23.660674
0,1_1_191_802_2019-08-09 14:24:29.299834
0,1_1_179_787_2019-08-09 14:26:33.042722
1,1_1_191_812_2019-08-09 14:26:53.802539
0,1_1_191_782_2019-08-09 14:27:13.452284
1,1_1_191_805_2019-08-09 14:27:59.582256
0,1_1_191_780_2019-08-09 14:32:36.036484
1,1_1_191_778_2019-08-09 14:34:17.851620
1,1_1_191_795_2019-08-09 14:34:32.661115
1,1_1_191_807_2019-08-09 14:35:22.435721
1,1_1_191_803_2019-08-09 14:38:53.142287
0,1_1_191_793_2019-08-09 14:39:18.923489
1,1_1_191_784_2019-08-09 14:40:33.603160
0,1_1_191_792_2019-08-09 14:42:06.170372
0,1_1_179_790_2019-08-09 14:42:21.207999
1,1_1_191_811_2019-08-09 14:42:37.533648
0,1_1_191_786_2019-08-09 14:44:24.812490
0,1_1_178_828_2019-08-09 18:22:42.533746
2,1_1_193_829_2019-08-09 19:15:38.097364
2,1_1_193_827_2019-08-09 19:36:52.128648
2,1_1_194_818_2019-08-09 20:00:46.679964
2,1_1_191_782_2019-08-09 20:14:08.122370
2,1_1_179_798_2019-08-09 20:14:35.841278
0,1_1_179_791_2019-08-09 20:21:52.031575
2,1_1_178_817_2019-08-09 20:24:13.068387
2,1_1_194_821_2019-08-09 20:33:51.116892
2,1_1_178_823_2019-08-09 20:54:14.621107
2,1_1_194_822_2019-08-09 20:55:43.562696
2,1_1_179_809_2019-08-09 21:02:59.458086
2,1_1_178_824_2019-08-09 21:09:45.219018
2,1_1_179_779_2019-08-09 21:19:11.009661
2,1_1_193_819_2019-08-09 21:45:20.107837
2,1_1_193_816_2019-08-09 21:52:28.339627
2,1_1_178_828_2019-08-09 22:04:30.228950
2,1_1_178_817_2019-08-09 22:15:30.819800
2,1_1_179_777_2019-08-09 22:26:57.269908
2,1_1_193_816_2019-08-09 23:11:09.262296
0,1_1_193_825_2019-08-09 23:15:43.205077
2,1_1_178_823_2019-08-10 03:00:35.840655
2,1_1_193_827_2019-08-10 14:35:39.808132
2,1_1_194_826_2019-08-10 16:43:54.798668
2,1_1_178_828_2019-08-10 16:55:17.427259
2,1_1_193_827_2019-08-10 20:01:41.390954
2,1_1_193_825_2019-08-10 20:46:18.295832
1,1_1_193_816_2019-08-10 21:32:52.021428
1,1_1_178_823_2019-08-11 18:29:44.359068
0,1_1_194_826_2019-08-12 11:32:08.169897
1,1_1_178_823_2019-08-12 11:49:21.540009
1,1_1_194_822_2019-08-12 12:42:09.058651
0,1_1_194_821_2019-08-12 12:50:41.218116
1,1_1_191_789_2019-08-12 13:05:07.928393
0,1_1_178_817_2019-08-12 13:14:03.618750
1,1_1_178_824_2019-08-12 13:20:54.147709
1,1_1_193_820_2019-08-12 13:22:35.388319
1,1_1_193_825_2019-08-12 13:23:01.992992
1,1_1_179_791_2019-08-12 13:24:35.868143
0,1_1_193_829_2019-08-12 13:24:37.557598
1,1_1_178_828_2019-08-12 13:25:42.986131
0,1_1_193_827_2019-08-12 13:30:21.939216
1,1_1_193_819_2019-08-12 13:31:24.759209
1,1_1_179_797_2019-08-12 13:35:42.524941
0,1_1_179_799_2019-08-12 13:36:08.527589
0,1_1_179_794_2019-08-12 13:37:09.820275
1,1_1_194_818_2019-08-12 13:40:52.864470
1,1_1_193_816_2019-08-12 13:43:49.310805
0,1_1_179_810_2019-08-12 13:45:18.329237
0,1_1_179_809_2019-08-12 13:51:12.401040
1,1_1_179_815_2019-08-12 13:51:42.586297
1,1_1_179_798_2019-08-12 13:53:17.341548
1,1_1_179_788_2019-08-12 13:53:19.439610
1,1_1_179_813_2019-08-12 13:54:10.819955
1,1_1_191_785_2019-08-12 13:55:17.718782
1,1_1_179_783_2019-08-12 13:56:10.651384
0,1_1_179_777_2019-08-12 13:57:08.481040
0,1_1_179_779_2019-08-12 13:59:16.457118
1,1_1_179_796_2019-08-12 14:03:22.619657
1,1_1_191_808_2019-08-12 14:04:35.540465
0,1_1_179_790_2019-08-12 14:06:10.495490
0,1_1_179_801_2019-08-12 14:06:15.131955
0,1_1_179_781_2019-08-12 14:07:31.658432
0,1_1_179_787_2019-08-12 14:11:33.609491
1,1_1_191_795_2019-08-12 14:12:35.042290
0,1_1_179_800_2019-08-12 14:15:28.392823
0,1_1_191_812_2019-08-12 14:22:17.621682
0,1_1_191_807_2019-08-12 14:23:41.137382
2,1_1_191_805_2019-08-12 14:24:27.865406
1,1_1_191_802_2019-08-12 14:25:09.062099
0,1_1_191_806_2019-08-12 14:25:46.716557
1,1_1_191_780_2019-08-12 14:26:01.272565
0,1_1_191_782_2019-08-12 14:26:17.574039
0,1_1_191_792_2019-08-12 14:27:00.439393
0,1_1_191_786_2019-08-12 14:27:23.141524
0,1_1_191_803_2019-08-12 14:28:33.122466
0,1_1_191_804_2019-08-12 14:30:00.171154
0,1_1_191_778_2019-08-12 14:32:40.439141
1,1_1_191_784_2019-08-12 14:34:34.698199
0,1_1_191_811_2019-08-12 14:35:52.559896
1,1_1_191_793_2019-08-12 14:35:44.901841
0,1_1_178_817_2019-08-12 18:27:47.052658
0,1_1_191_811_2019-08-12 18:42:23.064460
2,1_1_191_805_2019-08-12 18:45:49.953086
2,1_1_191_782_2019-08-12 19:37:48.437092
0,1_1_191_812_2019-08-12 19:39:19.495251
2,1_1_194_821_2019-08-12 21:21:32.016111
2,1_1_178_824_2019-08-12 21:22:15.438083
2,1_1_193_829_2019-08-12 21:43:03.172600
2,1_1_178_824_2019-08-12 21:55:17.692457
2,1_1_178_823_2019-08-12 22:00:09.957815
2,1_1_179_801_2019-08-12 22:06:21.892056
2,1_1_179_781_2019-08-12 22:27:55.040175
2,1_1_178_828_2019-08-12 23:01:54.840871
2,1_1_193_819_2019-08-12 23:07:04.873571
2,1_1_194_818_2019-08-12 23:07:33.133200
2,1_1_193_816_2019-08-12 23:27:38.318351
2,1_1_194_826_2019-08-12 23:49:34.462340
2,1_1_194_821_2019-08-13 02:40:24.222087
0,1_1_194_826_2019-08-13 11:37:15.578273
1,1_1_178_823_2019-08-13 12:30:55.689312
1,1_1_178_828_2019-08-13 12:39:09.158275
1,1_1_179_815_2019-08-13 12:53:16.504694
1,1_1_191_789_2019-08-13 12:57:15.588888
1,1_1_193_825_2019-08-13 13:06:09.069757
1,1_1_178_824_2019-08-13 13:07:13.670158
0,1_1_193_829_2019-08-13 13:11:32.538396
0,1_1_178_817_2019-08-13 13:13:53.126160
1,1_1_193_819_2019-08-13 13:21:45.033868
1,1_1_193_820_2019-08-13 13:22:58.852280
0,1_1_193_827_2019-08-13 13:24:46.689985
0,1_1_194_822_2019-08-13 13:27:24.539131
1,1_1_179_787_2019-08-13 13:30:54.009046
0,1_1_194_821_2019-08-13 13:32:51.182193
1,1_1_193_816_2019-08-13 13:38:38.079486
1,1_1_179_800_2019-08-13 13:42:38.073152
0,1_1_179_799_2019-08-13 13:42:11.875635
1,1_1_179_797_2019-08-13 13:46:44.388780
1,1_1_191_808_2019-08-13 13:51:31.111359
1,1_1_191_785_2019-08-13 13:53:31.428478
0,1_1_179_781_2019-08-13 13:57:25.786468
1,1_1_179_798_2019-08-13 13:58:56.758112
0,1_1_179_794_2019-08-13 14:00:20.725552
1,1_1_179_791_2019-08-13 14:07:44.530722
0,1_1_179_788_2019-08-13 14:07:52.219117
1,1_1_179_810_2019-08-13 14:10:15.588043
0,1_1_179_813_2019-08-13 14:14:00.134031
0,1_1_179_809_2019-08-13 14:16:09.719229
0,1_1_179_801_2019-08-13 14:16:45.969631
1,1_1_179_779_2019-08-13 14:17:44.007828
1,1_1_191_804_2019-08-13 14:17:51.152875
0,1_1_179_796_2019-08-13 14:19:35.879550
1,1_1_191_786_2019-08-13 14:21:12.487592
1,1_1_191_802_2019-08-13 14:21:28.358101
1,1_1_191_807_2019-08-13 14:25:11.278140
1,1_1_191_782_2019-08-13 14:27:55.979959
1,1_1_191_806_2019-08-13 14:27:52.232442
0,1_1_191_778_2019-08-13 14:29:31.509855
0,1_1_191_793_2019-08-13 14:29:47.344818
0,1_1_191_795_2019-08-13 14:30:06.669110
0,1_1_191_812_2019-08-13 14:31:09.498335
1,1_1_191_780_2019-08-13 14:31:20.231897
0,1_1_191_784_2019-08-13 14:37:24.080019
0,1_1_191_803_2019-08-13 14:37:24.780170
0,1_1_191_792_2019-08-13 14:38:10.678694
1,1_1_191_805_2019-08-13 14:39:31.939760
1,1_1_191_811_2019-08-13 14:40:08.120484
0,1_1_191_804_2019-08-13 17:51:22.644031
1,1_1_179_783_2019-08-13 17:52:29.425179
1,1_1_191_812_2019-08-13 18:08:26.625674
0,1_1_191_793_2019-08-13 18:29:46.781894
2,1_1_194_821_2019-08-13 18:39:18.521014
2,1_1_191_803_2019-08-13 18:48:37.902629
2,1_1_179_799_2019-08-13 18:51:40.233760
2,1_1_179_779_2019-08-13 20:45:06.293662
2,1_1_178_817_2019-08-13 21:18:31.128007
2,1_1_194_821_2019-08-13 21:22:31.496360
2,1_1_178_823_2019-08-13 22:17:34.904294
2,1_1_178_828_2019-08-13 22:29:55.902395
2,1_1_194_826_2019-08-13 22:30:14.155235
2,1_1_193_825_2019-08-13 22:43:59.467828
2,1_1_194_818_2019-08-13 22:44:20.374948
2,1_1_179_794_2019-08-13 22:48:35.869332
2,1_1_193_820_2019-08-13 22:59:02.843270
2,1_1_179_815_2019-08-13 23:38:01.410437
2,1_1_178_824_2019-08-13 23:43:42.131097
2,1_1_178_828_2019-08-14 00:06:21.229597
2,1_1_193_816_2019-08-14 00:19:19.701894
2,1_1_193_816_2019-08-14 00:58:48.191605
2,1_1_193_819_2019-08-14 01:08:18.991318
2,1_1_193_829_2019-08-14 02:02:44.278358
2,1_1_194_818_2019-08-14 02:56:31.504192
0,1_1_194_826_2019-08-14 11:30:49.632451
1,1_1_191_789_2019-08-14 12:37:45.598983
1,1_1_178_823_2019-08-14 12:46:41.202007
1,1_1_178_828_2019-08-14 12:57:28.825962
1,1_1_194_822_2019-08-14 13:00:40.491245
1,1_1_179_799_2019-08-14 13:02:06.868499
1,1_1_179_813_2019-08-14 13:04:07.931849
1,1_1_193_819_2019-08-14 13:05:39.162956
1,1_1_193_827_2019-08-14 13:13:52.181158
0,1_1_193_825_2019-08-14 13:24:40.141465
1,1_1_178_817_2019-08-14 13:24:50.496425
1,1_1_193_829_2019-08-14 13:26:34.613278
0,1_1_178_824_2019-08-14 13:28:37.558552
1,1_1_179_791_2019-08-14 13:29:34.980751
1,1_1_193_820_2019-08-14 13:31:15.359032
1,1_1_193_816_2019-08-14 13:32:55.310806
0,1_1_194_821_2019-08-14 13:35:21.454825
1,1_1_179_783_2019-08-14 13:46:07.979415
0,1_1_194_818_2019-08-14 13:46:15.159690
1,1_1_179_787_2019-08-14 13:49:44.868979
0,1_1_179_796_2019-08-14 13:50:26.192689
0,1_1_179_794_2019-08-14 13:54:02.406048
1,1_1_179_788_2019-08-14 13:54:12.319948
1,1_1_179_797_2019-08-14 14:02:10.539256
1,1_1_179_777_2019-08-14 14:08:28.518082
1,1_1_179_790_2019-08-14 14:09:04.375968
1,1_1_179_809_2019-08-14 14:10:17.752137
2,1_1_179_815_2019-08-14 14:10:57.490125
1,1_1_179_798_2019-08-14 14:11:26.118681
0,1_1_179_810_2019-08-14 14:12:16.839988
1,1_1_179_801_2019-08-14 14:12:34.152485
0,1_1_179_779_2019-08-14 14:12:36.791747
1,1_1_191_806_2019-08-14 14:12:43.314886
1,1_1_191_802_2019-08-14 14:13:04.225813
1,1_1_191_786_2019-08-14 14:13:11.505213
0,1_1_179_800_2019-08-14 14:16:43.277022
0,1_1_191_804_2019-08-14 14:19:02.419148
0,1_1_191_812_2019-08-14 14:19:32.130662
0,1_1_191_795_2019-08-14 14:21:38.073049
0,1_1_191_778_2019-08-14 14:21:43.082575
2,1_1_191_782_2019-08-14 14:22:36.723489
1,1_1_179_781_2019-08-14 14:22:46.612364
0,1_1_191_780_2019-08-14 14:24:10.681132
1,1_1_191_807_2019-08-14 14:24:15.744956
1,1_1_191_805_2019-08-14 14:25:36.431752
0,1_1_191_811_2019-08-14 14:26:33.429835
1,1_1_191_808_2019-08-14 14:27:34.320710
1,1_1_191_784_2019-08-14 14:31:29.477309
1,1_1_191_792_2019-08-14 14:33:58.979887
2,1_1_191_793_2019-08-14 14:36:21.479585
1,1_1_191_782_2019-08-14 14:40:16.729658
0,1_1_191_785_2019-08-14 14:41:08.199189
0,1_1_191_793_2019-08-14 16:17:06.546575
1,1_1_179_815_2019-08-14 16:19:13.749919
1,1_1_179_813_2019-08-14 17:25:35.897386
2,1_1_178_828_2019-08-14 18:25:17.479560
0,1_1_193_827_2019-08-14 18:44:18.050226
2,1_1_178_824_2019-08-14 18:54:29.615855
0,1_1_179_800_2019-08-14 19:30:59.763725
2,1_1_191_795_2019-08-14 20:22:02.073106
2,1_1_194_821_2019-08-14 21:01:20.519999
0,1_1_191_812_2019-08-14 22:13:13.713119
2,1_1_194_826_2019-08-14 22:15:31.752111
2,1_1_178_824_2019-08-14 22:22:15.551278
2,1_1_178_828_2019-08-14 23:01:45.854523
2,1_1_193_816_2019-08-14 23:08:51.470431
2,1_1_193_820_2019-08-14 23:23:48.380085
2,1_1_193_819_2019-08-14 23:28:17.063182
2,1_1_178_823_2019-08-14 23:31:07.257537
2,1_1_178_817_2019-08-15 00:03:49.770667
2,1_1_193_820_2019-08-15 00:19:10.454145
2,1_1_193_827_2019-08-15 00:24:18.991203
2,1_1_193_829_2019-08-15 00:44:10.579749
2,1_1_193_819_2019-08-15 01:21:42.619166
2,1_1_194_826_2019-08-15 02:22:17.079477
2,1_1_178_817_2019-08-15 04:03:52.839703
2,1_1_178_823_2019-08-15 04:49:19.927188
1,1_1_179_799_2019-08-15 12:24:54.458190
1,1_1_191_789_2019-08-15 12:48:09.668574
1,1_1_178_828_2019-08-15 12:52:45.443705
1,1_1_193_819_2019-08-15 12:53:49.680189
0,1_1_193_829_2019-08-15 12:55:54.370386
1,1_1_193_820_2019-08-15 13:05:34.488219
1,1_1_193_825_2019-08-15 13:12:42.808634
0,1_1_178_823_2019-08-15 13:12:42.687393
0,1_1_193_816_2019-08-15 13:15:19.363141
1,1_1_178_817_2019-08-15 13:22:48.087666
1,1_1_193_827_2019-08-15 13:25:41.279232
0,1_1_179_810_2019-08-15 13:28:00.391845
0,1_1_179_800_2019-08-15 13:29:19.129703
0,1_1_194_821_2019-08-15 13:32:59.291590
2,1_1_194_818_2019-08-15 13:36:51.538475
1,1_1_179_797_2019-08-15 13:39:34.660990
1,1_1_179_781_2019-08-15 13:44:05.519674
1,1_1_179_791_2019-08-15 13:45:36.206697
1,1_1_179_809_2019-08-15 13:48:06.719091
0,1_1_179_796_2019-08-15 13:48:35.926384
1,1_1_179_813_2019-08-15 13:52:48.020004
0,1_1_179_783_2019-08-15 13:52:57.957202
1,1_1_179_798_2019-08-15 13:55:09.595985
1,1_1_179_787_2019-08-15 13:59:08.078203
0,1_1_179_794_2019-08-15 13:59:17.657960
0,1_1_191_802_2019-08-15 14:00:39.659271
1,1_1_179_801_2019-08-15 14:01:01.269268
1,1_1_179_777_2019-08-15 14:08:05.717686
1,1_1_179_790_2019-08-15 14:09:04.616780
1,1_1_191_780_2019-08-15 14:09:08.206457
1,1_1_191_782_2019-08-15 14:11:46.847313
1,1_1_179_779_2019-08-15 14:12:25.307720
1,1_1_179_788_2019-08-15 14:12:48.597066
1,1_1_191_785_2019-08-15 14:18:16.957396
0,1_1_191_778_2019-08-15 14:20:09.034222
1,1_1_191_806_2019-08-15 14:20:33.929201
1,1_1_191_812_2019-08-15 14:24:35.548639
0,1_1_191_795_2019-08-15 14:25:57.787549
1,1_1_179_815_2019-08-15 14:27:19.183054
0,1_1_191_808_2019-08-15 14:30:19.662955
0,1_1_191_805_2019-08-15 14:32:45.760280
1,1_1_191_807_2019-08-15 14:33:11.405005
0,1_1_191_803_2019-08-15 14:34:42.600395
0,1_1_191_811_2019-08-15 14:36:40.748078
0,1_1_191_784_2019-08-15 14:39:10.613363
1,1_1_191_792_2019-08-15 14:39:18.530080
0,1_1_191_804_2019-08-15 14:42:09.798127
0,1_1_191_786_2019-08-15 14:42:33.090356
0,1_1_194_818_2019-08-15 14:43:07.577175
1,1_1_191_793_2019-08-15 14:46:52.148185
0,1_1_194_826_2019-08-15 15:05:59.607347
2,1_1_178_817_2019-08-15 19:05:17.207294
2,1_1_191_805_2019-08-15 19:13:16.571637
2,1_1_191_811_2019-08-15 19:15:07.213261
2,1_1_193_816_2019-08-15 19:47:21.635889
0,1_1_178_823_2019-08-15 20:21:57.881199
0,1_1_179_800_2019-08-15 21:31:50.731002
0,1_1_191_808_2019-08-15 22:15:04.072660
2,1_1_193_829_2019-08-15 22:32:01.621592
2,1_1_178_824_2019-08-15 22:35:22.942900
2,1_1_178_828_2019-08-15 22:38:40.640810
2,1_1_191_811_2019-08-15 22:49:58.875970
2,1_1_193_819_2019-08-15 22:52:05.481512
2,1_1_178_817_2019-08-15 22:53:05.342286
2,1_1_179_794_2019-08-15 22:54:26.591961
2,1_1_193_827_2019-08-15 22:59:58.759591
2,1_1_191_789_2019-08-15 23:14:12.304744
2,1_1_191_782_2019-08-15 23:15:59.189796
2,1_1_193_820_2019-08-15 23:30:30.401852
2,1_1_193_825_2019-08-15 23:56:25.776272
2,1_1_178_817_2019-08-16 02:16:21.365185
2,1_1_178_823_2019-08-16 03:05:21.718900
0,1_1_194_826_2019-08-16 12:25:20.883371
1,1_1_178_823_2019-08-16 12:49:26.219739
2,1_1_178_828_2019-08-16 12:51:54.525741
1,1_1_193_816_2019-08-16 13:25:17.057407
0,1_1_179_810_2019-08-16 13:33:38.858770
1,1_1_178_817_2019-08-16 13:48:05.100556
1,1_1_194_821_2019-08-16 14:12:55.498605
1,1_1_179_781_2019-08-16 14:24:22.495088
1,1_1_194_818_2019-08-16 14:25:54.827479
1,1_1_178_824_2019-08-16 14:33:25.407066
1,1_1_193_819_2019-08-16 14:43:10.577295
1,1_1_193_827_2019-08-16 14:47:23.255811
2,1_1_179_800_2019-08-16 15:04:00.876100
1,1_1_178_828_2019-08-16 15:32:45.709349
0,1_1_179_783_2019-08-16 15:37:00.277360
2,1_1_193_829_2019-08-16 15:48:17.549143
1,1_1_193_820_2019-08-16 16:10:35.546137
0,1_1_179_788_2019-08-16 16:11:06.688474
1,1_1_194_822_2019-08-16 16:19:21.469579
0,1_1_179_809_2019-08-16 16:41:26.039100
0,1_1_193_825_2019-08-16 17:41:56.041895
0,1_1_179_810_2019-08-16 19:04:04.424311
2,1_1_179_787_2019-08-16 19:51:41.592941
2,1_1_179_798_2019-08-16 19:51:52.347705
2,1_1_178_824_2019-08-16 21:22:16.127283
2,1_1_178_823_2019-08-17 00:30:33.161166
0,1_1_194_826_2019-08-17 13:42:03.498233
2,1_1_194_822_2019-08-18 17:07:10.149668
2,1_1_194_822_2019-08-18 19:17:28.523600
2,1_1_178_823_2019-08-19 00:23:34.746488
0,1_1_194_822_2019-08-19 12:32:53.769298
0,1_1_179_810_2019-08-19 12:38:42.546245
1,1_1_178_823_2019-08-19 12:49:40.872214
1,1_1_178_828_2019-08-19 12:52:22.404478
1,1_1_193_827_2019-08-19 12:52:57.535496
1,1_1_191_789_2019-08-19 13:01:42.126031
0,1_1_194_821_2019-08-19 13:05:04.575836
0,1_1_193_816_2019-08-19 13:05:12.523811
1,1_1_193_819_2019-08-19 13:05:37.155668
1,1_1_179_783_2019-08-19 13:05:37.156855
1,1_1_193_825_2019-08-19 13:13:13.539613
0,1_1_191_803_2019-08-19 13:18:41.501982
0,1_1_179_788_2019-08-19 13:19:23.726434
1,1_1_178_817_2019-08-19 13:21:27.764989
0,1_1_193_829_2019-08-19 13:21:32.065527
0,1_1_179_799_2019-08-19 13:23:37.673911
0,1_1_178_824_2019-08-19 13:24:12.605291
0,1_1_194_818_2019-08-19 13:27:10.808761
1,1_1_179_787_2019-08-19 13:27:51.092513
1,1_1_179_815_2019-08-19 13:28:35.926449
1,1_1_179_781_2019-08-19 13:30:16.592526
1,1_1_179_797_2019-08-19 13:33:11.578653
1,1_1_193_820_2019-08-19 13:37:01.682413
1,1_1_179_777_2019-08-19 13:42:13.404127
0,1_1_179_809_2019-08-19 13:43:49.430966
1,1_1_179_794_2019-08-19 13:48:38.646275
1,1_1_179_798_2019-08-19 13:54:36.081029
1,1_1_179_796_2019-08-19 13:54:58.646242
1,1_1_191_785_2019-08-19 13:55:21.191732
1,1_1_179_800_2019-08-19 13:55:58.003856
0,1_1_179_791_2019-08-19 13:57:59.747660
1,1_1_179_779_2019-08-19 14:01:10.985777
0,1_1_179_801_2019-08-19 14:06:32.875103
1,1_1_191_802_2019-08-19 14:07:10.169679
1,1_1_191_795_2019-08-19 14:07:24.865205
0,1_1_179_790_2019-08-19 14:07:38.519936
0,1_1_179_813_2019-08-19 14:08:41.131192
0,1_1_191_808_2019-08-19 14:10:00.722508
1,1_1_191_780_2019-08-19 14:12:20.613347
1,1_1_191_811_2019-08-19 14:15:55.194396
0,1_1_191_807_2019-08-19 14:16:36.634995
0,1_1_191_812_2019-08-19 14:16:50.319034
0,1_1_191_778_2019-08-19 14:17:42.371075
1,1_1_191_786_2019-08-19 14:18:35.552014
1,1_1_191_782_2019-08-19 14:18:55.261659
1,1_1_191_805_2019-08-19 14:19:16.671411
1,1_1_191_806_2019-08-19 14:20:15.900046
0,1_1_191_784_2019-08-19 14:20:35.149069
0,1_1_191_792_2019-08-19 14:21:47.287680
0,1_1_191_793_2019-08-19 14:26:50.043766
1,1_1_191_804_2019-08-19 14:27:31.163653
2,1_1_194_821_2019-08-19 18:10:17.305085
0,1_1_178_824_2019-08-19 18:31:39.625823
0,1_1_178_828_2019-08-19 19:13:38.331000
2,1_1_179_813_2019-08-19 20:25:41.513375
0,1_1_194_821_2019-08-19 20:29:16.095943
2,1_1_178_817_2019-08-19 21:21:22.764868
2,1_1_179_796_2019-08-19 21:46:59.853817
2,1_1_191_807_2019-08-19 22:05:31.091703
2,1_1_193_829_2019-08-19 22:06:12.892434
2,1_1_178_823_2019-08-19 22:40:46.652668
2,1_1_179_799_2019-08-19 22:45:08.690232
2,1_1_193_819_2019-08-19 22:56:35.689653
2,1_1_193_816_2019-08-19 22:59:18.331308
2,1_1_193_820_2019-08-19 23:18:29.007954
2,1_1_194_822_2019-08-19 23:23:46.225211
2,1_1_193_827_2019-08-20 00:44:54.523639
2,1_1_178_828_2019-08-20 00:58:07.470028
2,1_1_178_823_2019-08-20 04:14:29.881081
0,1_1_194_826_2019-08-20 12:08:12.118438
0,1_1_179_799_2019-08-20 12:36:07.575271
1,1_1_191_789_2019-08-20 12:42:23.941824
1,1_1_178_828_2019-08-20 12:50:32.214884
1,1_1_194_818_2019-08-20 12:54:39.974008
1,1_1_193_819_2019-08-20 13:04:21.981981
0,1_1_178_823_2019-08-20 13:07:49.870485
1,1_1_193_825_2019-08-20 13:14:28.156152
1,1_1_178_817_2019-08-20 13:15:01.236283
0,1_1_193_829_2019-08-20 13:21:08.010210
1,1_1_179_815_2019-08-20 13:21:38.294702
1,1_1_193_827_2019-08-20 13:23:18.892019
1,1_1_193_820_2019-08-20 13:24:48.823128
0,1_1_178_824_2019-08-20 13:25:11.682595
0,1_1_194_821_2019-08-20 13:26:05.952200
1,1_1_179_787_2019-08-20 13:26:12.281969
1,1_1_179_797_2019-08-20 13:32:20.001019
1,1_1_193_816_2019-08-20 13:34:26.240853
1,1_1_179_791_2019-08-20 13:39:51.832079
1,1_1_179_781_2019-08-20 13:40:34.853400
1,1_1_179_800_2019-08-20 13:40:43.763627
1,1_1_179_783_2019-08-20 13:44:30.064508
1,1_1_191_786_2019-08-20 13:54:14.902216
0,1_1_179_796_2019-08-20 13:59:49.303666
0,1_1_179_788_2019-08-20 14:01:38.402059
1,1_1_179_810_2019-08-20 14:05:15.802538
1,1_1_179_794_2019-08-20 14:05:21.373036
0,1_1_179_798_2019-08-20 14:09:05.233816
0,1_1_179_809_2019-08-20 14:10:01.668314
0,1_1_191_803_2019-08-20 14:14:42.498073
1,1_1_179_813_2019-08-20 14:16:10.347930
0,1_1_179_801_2019-08-20 14:17:04.319951
0,1_1_179_779_2019-08-20 14:17:25.387545
1,1_1_191_785_2019-08-20 14:18:55.746770
1,1_1_179_790_2019-08-20 14:19:00.571526
1,1_1_179_777_2019-08-20 14:20:30.075563
1,1_1_191_802_2019-08-20 14:24:22.947744
1,1_1_191_792_2019-08-20 14:25:24.428179
1,1_1_191_808_2019-08-20 14:26:05.456411
1,1_1_191_782_2019-08-20 14:26:24.446357
0,1_1_191_795_2019-08-20 14:28:56.542371
1,1_1_191_812_2019-08-20 14:28:59.209433
0,1_1_191_778_2019-08-20 14:32:33.371022
0,1_1_191_806_2019-08-20 14:33:23.590071
1,1_1_191_805_2019-08-20 14:35:27.179046
0,1_1_191_807_2019-08-20 14:37:34.451218
1,1_1_191_804_2019-08-20 14:41:34.844473
1,1_1_191_793_2019-08-20 14:42:08.173510
0,1_1_191_780_2019-08-20 14:43:28.270571
1,1_1_191_811_2019-08-20 14:45:24.878828
0,1_1_191_784_2019-08-20 14:47:15.064215
0,1_1_179_809_2019-08-20 18:33:25.643368
2,1_1_178_824_2019-08-20 18:40:19.803343
2,1_1_179_796_2019-08-20 19:00:01.817618
0,1_1_193_820_2019-08-20 19:05:21.044442
2,1_1_178_823_2019-08-20 19:31:38.736481
2,1_1_191_807_2019-08-20 19:34:54.247487
0,1_1_193_827_2019-08-20 19:40:48.683543
2,1_1_193_829_2019-08-20 20:51:37.259169
2,1_1_178_828_2019-08-20 21:30:54.535421
0,1_1_179_796_2019-08-20 21:38:35.180498
2,1_1_178_817_2019-08-20 21:44:34.953620
2,1_1_178_828_2019-08-20 22:50:26.904905
2,1_1_193_819_2019-08-20 22:55:51.806235
2,1_1_193_816_2019-08-20 23:14:42.396520
2,1_1_193_820_2019-08-21 03:11:38.199138
2,1_1_178_823_2019-08-21 04:05:05.989067
0,1_1_179_799_2019-08-21 12:31:35.361001
0,1_1_194_826_2019-08-21 12:34:52.118619
1,1_1_194_822_2019-08-21 12:36:50.319541
1,1_1_191_789_2019-08-21 12:41:48.364071
1,1_1_178_828_2019-08-21 12:42:36.364923
0,1_1_178_823_2019-08-21 12:43:37.693542
1,1_1_178_817_2019-08-21 12:45:23.881909
1,1_1_193_825_2019-08-21 12:47:20.412019
0,1_1_193_827_2019-08-21 12:54:23.447948
1,1_1_193_829_2019-08-21 12:59:42.861033
1,1_1_193_819_2019-08-21 13:04:09.816354
1,1_1_193_820_2019-08-21 13:04:50.041340
0,1_1_193_816_2019-08-21 13:14:00.635052
1,1_1_178_824_2019-08-21 13:21:22.389086
1,1_1_194_821_2019-08-21 13:22:25.023085
1,1_1_194_818_2019-08-21 13:25:11.884238
1,1_1_191_808_2019-08-21 13:29:13.092066
0,1_1_179_813_2019-08-21 13:29:28.450581
1,1_1_179_810_2019-08-21 13:30:50.204439
1,1_1_179_787_2019-08-21 13:31:03.686340
1,1_1_179_800_2019-08-21 13:31:28.134749
1,1_1_179_797_2019-08-21 13:34:18.084758
1,1_1_179_815_2019-08-21 13:35:57.361774
1,1_1_179_781_2019-08-21 13:36:50.065042
1,1_1_179_791_2019-08-21 13:39:20.020925
1,1_1_179_783_2019-08-21 13:44:14.543930
0,1_1_179_809_2019-08-21 13:46:03.138406
0,1_1_191_802_2019-08-21 13:45:38.439941
0,1_1_179_796_2019-08-21 13:46:41.094708
1,1_1_179_798_2019-08-21 13:52:51.672192
0,1_1_179_788_2019-08-21 13:55:52.475889
1,1_1_179_794_2019-08-21 13:58:13.716400
0,1_1_179_801_2019-08-21 13:59:00.296974
1,1_1_179_779_2019-08-21 14:03:14.449609
0,1_1_179_790_2019-08-21 14:05:56.493336
1,1_1_191_778_2019-08-21 14:06:35.529701
1,1_1_191_785_2019-08-21 14:07:26.026527
0,1_1_191_807_2019-08-21 14:08:18.235170
0,1_1_191_780_2019-08-21 14:11:01.511926
0,1_1_191_803_2019-08-21 14:12:16.536504
1,1_1_191_812_2019-08-21 14:13:01.483860
2,1_1_191_795_2019-08-21 14:13:42.157722
0,1_1_191_806_2019-08-21 14:13:48.678411
0,1_1_191_782_2019-08-21 14:17:36.205782
1,1_1_191_805_2019-08-21 14:19:04.501543
1,1_1_191_792_2019-08-21 14:19:43.723958
0,1_1_191_786_2019-08-21 14:22:21.424976
0,1_1_191_793_2019-08-21 14:22:22.097396
0,1_1_191_804_2019-08-21 14:25:45.024939
0,1_1_191_784_2019-08-21 14:32:09.068666
0,1_1_193_816_2019-08-21 18:33:06.268198
1,1_1_191_795_2019-08-21 18:42:01.337842
0,1_1_179_781_2019-08-21 18:48:19.653268
2,1_1_191_803_2019-08-21 18:52:16.846239
2,1_1_193_827_2019-08-21 19:05:28.561445
1,1_1_191_808_2019-08-21 19:06:30.161599
0,1_1_194_821_2019-08-21 19:16:05.882342
2,1_1_178_828_2019-08-21 19:42:36.598858
2,1_1_193_820_2019-08-21 21:09:13.580735
0,1_1_193_819_2019-08-21 21:19:26.790394
0,1_1_191_803_2019-08-21 21:30:05.078422
2,1_1_193_825_2019-08-21 22:32:08.908416
2,1_1_194_822_2019-08-21 22:34:03.468692
2,1_1_179_791_2019-08-21 22:36:22.018634
2,1_1_179_787_2019-08-21 22:37:22.562893
2,1_1_191_789_2019-08-21 22:42:07.385585
2,1_1_178_823_2019-08-21 22:51:14.467759
2,1_1_178_824_2019-08-21 23:23:22.489823
2,1_1_193_829_2019-08-21 23:25:37.588318
2,1_1_194_826_2019-08-21 23:29:05.564401
2,1_1_193_816_2019-08-22 00:39:10.290477
2,1_1_194_818_2019-08-22 00:39:31.489084
2,1_1_178_817_2019-08-22 00:49:02.559115
2,1_1_178_823_2019-08-22 04:21:15.069155
0,1_1_178_828_2019-08-22 12:11:47.697404
1,1_1_179_810_2019-08-22 12:32:34.430880
1,1_1_194_826_2019-08-22 12:32:57.876764
1,1_1_178_817_2019-08-22 12:36:15.759442
1,1_1_194_822_2019-08-22 12:37:37.797872
1,1_1_191_789_2019-08-22 12:40:14.960647
1,1_1_178_823_2019-08-22 12:42:42.195158
1,1_1_193_825_2019-08-22 12:57:07.510864
0,1_1_193_816_2019-08-22 12:59:33.941109
1,1_1_194_818_2019-08-22 13:00:29.980090
1,1_1_193_819_2019-08-22 13:02:54.621659
0,1_1_193_820_2019-08-22 13:22:22.768971
1,1_1_178_824_2019-08-22 13:22:28.498759
0,1_1_194_821_2019-08-22 13:23:43.908952
0,1_1_193_829_2019-08-22 13:26:47.730589
1,1_1_193_827_2019-08-22 13:27:05.950130
0,1_1_179_800_2019-08-22 13:28:46.578336
1,1_1_191_808_2019-08-22 13:36:18.467714
0,1_1_179_799_2019-08-22 13:39:22.899304
1,1_1_179_797_2019-08-22 13:41:59.013429
1,1_1_179_796_2019-08-22 13:42:09.222976
1,1_1_179_781_2019-08-22 13:44:46.768716
1,1_1_179_788_2019-08-22 13:47:56.637421
1,1_1_179_815_2019-08-22 13:50:52.259258
1,1_1_179_783_2019-08-22 13:58:10.090234
1,1_1_179_787_2019-08-22 13:58:38.650360
1,1_1_179_794_2019-08-22 13:59:16.710302
1,1_1_179_777_2019-08-22 14:03:44.208336
1,1_1_179_798_2019-08-22 14:04:17.323058
1,1_1_179_791_2019-08-22 14:04:48.839718
0,1_1_179_801_2019-08-22 14:09:11.566497
0,1_1_179_809_2019-08-22 14:09:15.802672
1,1_1_179_790_2019-08-22 14:11:51.492411
1,1_1_191_782_2019-08-22 14:14:27.145922
0,1_1_179_779_2019-08-22 14:16:07.077738
0,1_1_179_813_2019-08-22 14:18:12.298527
1,1_1_191_786_2019-08-22 14:19:42.800091
0,1_1_191_806_2019-08-22 14:20:57.864538
1,1_1_191_785_2019-08-22 14:21:53.024736
1,1_1_191_792_2019-08-22 14:22:51.370600
1,1_1_191_780_2019-08-22 14:23:30.402792
0,1_1_191_807_2019-08-22 14:26:34.266356
1,1_1_191_805_2019-08-22 14:26:49.125666
0,1_1_191_778_2019-08-22 14:28:08.546197
0,1_1_191_802_2019-08-22 14:30:53.464667
0,1_1_191_811_2019-08-22 14:32:26.407112
2,1_1_191_812_2019-08-22 14:35:11.121444
2,1_1_191_804_2019-08-22 14:35:16.643369
0,1_1_191_784_2019-08-22 14:35:53.142715
0,1_1_191_803_2019-08-22 14:36:22.400757
0,1_1_191_793_2019-08-22 14:37:14.832598
0,1_1_193_829_2019-08-22 17:14:35.924858
0,1_1_191_804_2019-08-22 18:20:15.837885
1,1_1_178_828_2019-08-22 18:36:20.834916
2,1_1_178_817_2019-08-22 18:58:47.627566
2,1_1_191_812_2019-08-22 19:03:04.266220
2,1_1_194_821_2019-08-22 20:16:04.389207
2,1_1_194_822_2019-08-22 20:51:36.304952
2,1_1_191_812_2019-08-22 21:21:58.464845
2,1_1_178_823_2019-08-22 21:32:57.389869
2,1_1_178_817_2019-08-22 21:36:04.676982
2,1_1_191_807_2019-08-22 21:44:35.863620
0,1_1_179_783_2019-08-22 22:01:27.385321
2,1_1_191_793_2019-08-22 22:08:33.898580
2,1_1_179_781_2019-08-22 22:10:02.644217
2,1_1_191_804_2019-08-22 22:14:30.530842
2,1_1_193_819_2019-08-22 22:32:40.442091
2,1_1_191_789_2019-08-22 22:40:09.547408
2,1_1_193_816_2019-08-22 22:46:08.622493
2,1_1_178_823_2019-08-22 23:04:01.474895
2,1_1_191_795_2019-08-22 23:14:37.327311
2,1_1_193_827_2019-08-22 23:19:54.390504
2,1_1_178_824_2019-08-22 23:24:44.552109
2,1_1_191_806_2019-08-22 23:33:46.906134
2,1_1_193_820_2019-08-22 23:37:19.637914
2,1_1_178_823_2019-08-23 03:55:22.169025
1,1_1_178_828_2019-08-23 12:12:39.132589
1,1_1_194_826_2019-08-23 12:34:16.730830
1,1_1_193_819_2019-08-23 12:44:30.861744
1,1_1_178_823_2019-08-23 12:44:55.929688
1,1_1_194_821_2019-08-23 12:51:48.890339
1,1_1_193_825_2019-08-23 12:51:52.010022
1,1_1_193_820_2019-08-23 13:02:36.586940
1,1_1_179_783_2019-08-23 13:24:32.630791
0,1_1_194_822_2019-08-23 13:25:22.923830
1,1_1_178_817_2019-08-23 13:26:26.101553
1,1_1_179_791_2019-08-23 13:28:52.981269
1,1_1_193_827_2019-08-23 13:29:23.307780
0,1_1_179_799_2019-08-23 13:32:53.052102
1,1_1_179_797_2019-08-23 13:35:28.788724
1,1_1_179_796_2019-08-23 13:48:07.760014
1,1_1_191_808_2019-08-23 13:49:26.301418
0,1_1_193_816_2019-08-23 13:51:06.762470
0,1_1_179_777_2019-08-23 13:52:41.608062
0,1_1_179_810_2019-08-23 13:52:49.190552
1,1_1_178_824_2019-08-23 13:54:03.446431
0,1_1_179_798_2019-08-23 13:56:03.398422
1,1_1_179_801_2019-08-23 13:56:47.079868
1,1_1_179_815_2019-08-23 13:56:38.578669
1,1_1_179_790_2019-08-23 14:01:02.506542
0,1_1_179_809_2019-08-23 14:02:16.152380
1,1_1_179_800_2019-08-23 14:03:55.102016
1,1_1_191_785_2019-08-23 14:04:20.609881
1,1_1_179_779_2019-08-23 14:06:20.106943
1,1_1_179_781_2019-08-23 14:07:26.120396
1,1_1_191_803_2019-08-23 14:14:29.788648
1,1_1_179_813_2019-08-23 14:15:11.139207
0,1_1_179_787_2019-08-23 14:18:16.659997
1,1_1_179_788_2019-08-23 14:20:35.932295
0,1_1_179_794_2019-08-23 14:20:53.088376
0,1_1_191_795_2019-08-23 14:21:26.804582
0,1_1_191_782_2019-08-23 14:24:02.349068
0,1_1_191_802_2019-08-23 14:25:38.219159
0,1_1_191_812_2019-08-23 14:26:17.396555
1,1_1_191_784_2019-08-23 14:26:45.359383
1,1_1_191_807_2019-08-23 14:26:45.562818
1,1_1_191_780_2019-08-23 14:29:40.391763
2,1_1_191_778_2019-08-23 14:30:50.911867
0,1_1_191_806_2019-08-23 14:30:56.350083
2,1_1_191_793_2019-08-23 14:31:57.517382
1,1_1_191_811_2019-08-23 14:33:44.045297
1,1_1_191_805_2019-08-23 14:34:14.189596
0,1_1_191_804_2019-08-23 14:35:28.668303
1,1_1_191_786_2019-08-23 14:35:56.531126
1,1_1_191_792_2019-08-23 14:40:11.296934
0,1_1_191_803_2019-08-23 18:14:05.436907
0,1_1_191_793_2019-08-23 18:27:40.706674
0,1_1_179_799_2019-08-23 18:43:44.621189
2,1_1_191_778_2019-08-23 19:00:19.373170
0,1_1_194_821_2019-08-23 19:05:27.509615
0,1_1_179_794_2019-08-23 19:17:29.265764
1,1_1_194_826_2019-08-23 19:25:49.142332
2,1_1_179_783_2019-08-23 20:14:26.644579
2,1_1_191_782_2019-08-23 20:17:35.122513
2,1_1_194_822_2019-08-23 21:00:24.036011
2,1_1_178_823_2019-08-23 21:03:21.957889
2,1_1_193_819_2019-08-23 21:13:51.076240
2,1_1_179_777_2019-08-23 21:16:32.719508
2,1_1_193_816_2019-08-23 21:25:01.924073
2,1_1_191_789_2019-08-23 21:26:00.864453
2,1_1_179_815_2019-08-23 21:26:48.672914
2,1_1_178_828_2019-08-23 21:39:07.870159
2,1_1_191_811_2019-08-23 22:10:12.026236
2,1_1_193_820_2019-08-23 22:25:00.940199
2,1_1_193_827_2019-08-23 22:31:17.884651
2,1_1_194_822_2019-08-23 22:44:19.378167
2,1_1_178_823_2019-08-23 23:11:13.153621
2,1_1_193_820_2019-08-23 23:28:47.331356
2,1_1_193_825_2019-08-23 23:50:09.670112
2,1_1_178_828_2019-08-24 00:07:53.518352
2,1_1_193_819_2019-08-24 01:18:30.049052
2,1_1_178_823_2019-08-24 05:27:22.816927
0,1_1_178_823_2019-08-24 12:43:17.129848
1,1_1_193_819_2019-08-25 13:06:14.511938
2,1_1_194_822_2019-08-25 15:15:11.734078
2,1_1_178_823_2019-08-25 20:24:36.263955
2,1_1_178_823_2019-08-26 00:45:36.655395
1,1_1_178_828_2019-08-26 12:26:07.563866
0,1_1_194_826_2019-08-26 12:32:30.364086
0,1_1_194_822_2019-08-26 12:41:50.444318
1,1_1_178_823_2019-08-26 12:42:13.494393
1,1_1_191_789_2019-08-26 12:43:57.392908
2,1_1_193_825_2019-08-26 12:56:50.972941
1,1_1_178_817_2019-08-26 13:06:11.265940
1,1_1_193_819_2019-08-26 13:06:57.494212
0,1_1_193_829_2019-08-26 13:08:39.822876
1,1_1_193_816_2019-08-26 13:11:15.734847
1,1_1_193_820_2019-08-26 13:13:06.910003
0,1_1_178_824_2019-08-26 13:17:57.314894
0,1_1_193_827_2019-08-26 13:19:33.024566
0,1_1_179_788_2019-08-26 13:21:39.650099
1,1_1_179_799_2019-08-26 13:22:04.442222
0,1_1_194_821_2019-08-26 13:24:11.865646
1,1_1_194_818_2019-08-26 13:26:57.204505
1,1_1_179_787_2019-08-26 13:27:49.643196
1,1_1_179_815_2019-08-26 13:33:43.957940
1,1_1_179_797_2019-08-26 13:34:37.043233
1,1_1_179_794_2019-08-26 13:39:45.892521
0,1_1_179_809_2019-08-26 13:44:00.076215
0,1_1_179_798_2019-08-26 13:53:41.114859
0,1_1_179_810_2019-08-26 14:01:39.592240
0,1_1_179_800_2019-08-26 14:02:00.855251
1,1_1_179_781_2019-08-26 14:06:10.273909
0,1_1_179_801_2019-08-26 14:06:39.126520
1,1_1_179_790_2019-08-26 14:07:20.389201
0,1_1_179_777_2019-08-26 14:07:34.912247
0,1_1_179_796_2019-08-26 14:08:52.872103
1,1_1_191_802_2019-08-26 14:09:05.730859
0,1_1_191_780_2019-08-26 14:09:26.282600
1,1_1_179_791_2019-08-26 14:10:07.291105
0,1_1_191_785_2019-08-26 14:09:59.767659
0,1_1_179_783_2019-08-26 14:14:40.172773
0,1_1_191_803_2019-08-26 14:21:26.604883
0,1_1_191_811_2019-08-26 14:23:10.202915
0,1_1_179_813_2019-08-26 14:25:02.265039
1,1_1_191_782_2019-08-26 14:25:32.583260
1,1_1_191_808_2019-08-26 14:26:04.447103
1,1_1_191_784_2019-08-26 14:26:53.163227
1,1_1_191_807_2019-08-26 14:27:08.042823
1,1_1_191_792_2019-08-26 14:27:45.839450
1,1_1_191_795_2019-08-26 14:29:29.692480
0,1_1_179_779_2019-08-26 14:29:47.475369
0,1_1_191_778_2019-08-26 14:30:00.484880
0,1_1_191_793_2019-08-26 14:30:26.893489
0,1_1_191_786_2019-08-26 14:31:27.730371
0,1_1_191_812_2019-08-26 14:32:35.753744
1,1_1_191_806_2019-08-26 14:32:49.327112
0,1_1_191_804_2019-08-26 14:32:59.365390
0,1_1_191_805_2019-08-26 14:33:34.080472
1,1_1_193_825_2019-08-26 15:00:16.938654
0,1_1_191_793_2019-08-26 18:23:28.868938
2,1_1_194_821_2019-08-26 19:04:05.546706
0,1_1_178_828_2019-08-26 19:16:17.384132
0,1_1_191_805_2019-08-26 19:23:24.418133
2,1_1_179_783_2019-08-26 20:51:13.906218
2,1_1_194_818_2019-08-26 21:06:02.406245
2,1_1_179_798_2019-08-26 21:24:58.062358
2,1_1_191_807_2019-08-26 21:26:54.379493
2,1_1_191_782_2019-08-26 21:37:03.090339
2,1_1_193_829_2019-08-26 22:10:22.984355
2,1_1_193_816_2019-08-26 22:34:03.510332
2,1_1_191_786_2019-08-26 22:55:56.554194
2,1_1_191_803_2019-08-26 23:05:21.495922
2,1_1_178_817_2019-08-26 23:10:06.220475
2,1_1_193_827_2019-08-26 23:24:40.832589
2,1_1_194_822_2019-08-26 23:44:52.242629
2,1_1_178_823_2019-08-27 00:19:31.924517
2,1_1_178_824_2019-08-27 00:41:43.710064
2,1_1_178_828_2019-08-27 03:10:05.811577
2,1_1_193_816_2019-08-27 03:46:33.720827
0,1_1_194_826_2019-08-27 12:15:18.085495
1,1_1_178_828_2019-08-27 12:21:24.183676
0,1_1_178_823_2019-08-27 12:36:42.267877
0,1_1_193_819_2019-08-27 12:41:36.126045
2,1_1_193_825_2019-08-27 12:48:18.626678
1,1_1_191_789_2019-08-27 12:53:01.979917
0,1_1_179_799_2019-08-27 12:56:37.190124
1,1_1_193_829_2019-08-27 13:01:41.772665
1,1_1_193_820_2019-08-27 13:02:32.434365
1,1_1_193_827_2019-08-27 13:11:38.414886
1,1_1_178_817_2019-08-27 13:11:49.942220
0,1_1_193_816_2019-08-27 13:16:50.834252
0,1_1_194_822_2019-08-27 13:23:40.821661
1,1_1_179_787_2019-08-27 13:24:44.213458
0,1_1_194_821_2019-08-27 13:27:56.683632
0,1_1_194_818_2019-08-27 13:28:27.305766
1,1_1_179_815_2019-08-27 13:29:39.839089
1,1_1_179_781_2019-08-27 13:30:49.963465
1,1_1_179_797_2019-08-27 13:33:26.040458
1,1_1_179_796_2019-08-27 13:34:35.864671
1,1_1_179_791_2019-08-27 13:36:41.813938
0,1_1_179_809_2019-08-27 13:39:40.173365
1,1_1_191_785_2019-08-27 13:42:48.017651
1,1_1_179_810_2019-08-27 13:43:07.864874
1,1_1_179_783_2019-08-27 13:48:35.570894
0,1_1_179_801_2019-08-27 13:51:48.968076
1,1_1_179_800_2019-08-27 13:59:50.752521
0,1_1_179_794_2019-08-27 14:04:51.352228
1,1_1_179_798_2019-08-27 14:05:27.282929
0,1_1_179_788_2019-08-27 14:07:24.574558
0,1_1_179_779_2019-08-27 14:07:56.735734
2,1_1_179_813_2019-08-27 14:15:07.133252
0,1_1_179_790_2019-08-27 14:15:37.194385
0,1_1_191_795_2019-08-27 14:16:36.940800
1,1_1_191_780_2019-08-27 14:20:28.483071
1,1_1_191_792_2019-08-27 14:20:38.832258
1,1_1_191_782_2019-08-27 14:25:24.730856
1,1_1_191_803_2019-08-27 14:25:50.314614
2,1_1_191_807_2019-08-27 14:31:16.123294
1,1_1_191_778_2019-08-27 14:31:23.775224
0,1_1_191_806_2019-08-27 14:33:51.975123
0,1_1_191_784_2019-08-27 14:34:14.642817
1,1_1_191_812_2019-08-27 14:36:55.760500
0,1_1_191_811_2019-08-27 14:37:02.058207
1,1_1_191_786_2019-08-27 14:37:14.478286
1,1_1_191_805_2019-08-27 14:37:46.153746
0,1_1_191_793_2019-08-27 14:38:59.297556
1,1_1_191_808_2019-08-27 14:39:24.199340
1,1_1_191_802_2019-08-27 14:45:51.343914
0,1_1_193_825_2019-08-27 15:14:03.963544
1,1_1_191_807_2019-08-27 16:28:55.242213
1,1_1_179_813_2019-08-27 17:29:47.847666
0,1_1_193_816_2019-08-27 17:48:14.704654
0,1_1_178_824_2019-08-27 18:17:08.602105
2,1_1_194_821_2019-08-27 18:46:02.249178
0,1_1_191_804_2019-08-27 18:52:05.921194
1,1_1_193_827_2019-08-27 18:53:33.820400
2,1_1_179_788_2019-08-27 19:03:08.670236
2,1_1_191_782_2019-08-27 19:20:40.670201
2,1_1_191_802_2019-08-27 19:21:06.734632
2,1_1_178_828_2019-08-27 20:19:13.195560
2,1_1_193_825_2019-08-27 20:50:15.643041
2,1_1_194_821_2019-08-27 21:25:22.023303
2,1_1_179_799_2019-08-27 21:41:31.129721
2,1_1_193_829_2019-08-27 21:46:04.899835
2,1_1_193_820_2019-08-27 22:16:46.876866
2,1_1_193_819_2019-08-27 22:42:29.835560
2,1_1_178_828_2019-08-27 23:06:26.264255
2,1_1_178_823_2019-08-27 23:19:35.124220
2,1_1_178_817_2019-08-27 23:23:49.555349
2,1_1_194_822_2019-08-27 23:34:21.686426
2,1_1_191_789_2019-08-27 23:36:37.278866
2,1_1_191_803_2019-08-27 23:42:59.174958
2,1_1_191_795_2019-08-28 00:58:37.339542
2,1_1_193_816_2019-08-28 01:29:33.506095
2,1_1_178_823_2019-08-28 02:18:20.439959
1,1_1_178_823_2019-08-28 12:28:49.296437
0,1_1_178_828_2019-08-28 12:32:38.396388
1,1_1_194_821_2019-08-28 12:41:11.103979
1,1_1_191_789_2019-08-28 12:43:31.085595
0,1_1_194_826_2019-08-28 12:47:21.418184
1,1_1_193_819_2019-08-28 12:47:42.327675
1,1_1_193_820_2019-08-28 13:02:48.171887
0,1_1_193_825_2019-08-28 13:11:33.707186
0,1_1_193_829_2019-08-28 13:21:19.587984
1,1_1_178_817_2019-08-28 13:22:39.967433
1,1_1_193_827_2019-08-28 13:27:27.504274
0,1_1_179_788_2019-08-28 13:28:11.596563
1,1_1_193_816_2019-08-28 13:28:52.184171
0,1_1_179_799_2019-08-28 13:29:08.807764
1,1_1_194_822_2019-08-28 13:32:37.005412
1,1_1_179_815_2019-08-28 13:37:25.025753
1,1_1_179_796_2019-08-28 13:40:30.507364
1,1_1_179_797_2019-08-28 13:43:09.507789
0,1_1_191_804_2019-08-28 13:48:12.165484
1,1_1_179_794_2019-08-28 13:54:08.925783
1,1_1_194_818_2019-08-28 13:57:16.947473
0,1_1_179_801_2019-08-28 13:58:15.415595
1,1_1_179_798_2019-08-28 13:59:25.344064
0,1_1_179_800_2019-08-28 14:01:01.873915
0,1_1_179_810_2019-08-28 14:03:09.317713
0,1_1_179_809_2019-08-28 14:04:41.184166
0,1_1_179_781_2019-08-28 14:05:10.937034
1,1_1_179_777_2019-08-28 14:07:03.029163
1,1_1_179_813_2019-08-28 14:08:05.458545
1,1_1_191_782_2019-08-28 14:08:51.679578
0,1_1_179_790_2019-08-28 14:11:17.546141
0,1_1_179_779_2019-08-28 14:14:01.039972
1,1_1_179_783_2019-08-28 14:17:21.757275
1,1_1_179_787_2019-08-28 14:17:28.375560
1,1_1_191_785_2019-08-28 14:18:36.277591
1,1_1_191_807_2019-08-28 14:18:46.988715
1,1_1_191_803_2019-08-28 14:19:19.902680
0,1_1_191_780_2019-08-28 14:19:44.775392
0,1_1_179_791_2019-08-28 14:21:15.147747
0,1_1_191_802_2019-08-28 14:23:09.461558
0,1_1_191_778_2019-08-28 14:23:15.681512
0,1_1_191_812_2019-08-28 14:24:23.208777
0,1_1_191_811_2019-08-28 14:26:24.106156
1,1_1_191_806_2019-08-28 14:27:21.630282
1,1_1_191_805_2019-08-28 14:27:27.584352
1,1_1_191_792_2019-08-28 14:34:03.485575
0,1_1_191_784_2019-08-28 14:35:21.666891
2,1_1_191_795_2019-08-28 14:36:11.169544
2,1_1_191_808_2019-08-28 14:37:02.151288
1,1_1_191_793_2019-08-28 14:41:13.505454
1,1_1_191_786_2019-08-28 14:44:31.838793
1,1_1_179_799_2019-08-28 16:52:40.068160
1,1_1_191_804_2019-08-28 17:14:57.684720
1,1_1_193_825_2019-08-28 17:27:27.072795
1,1_1_178_828_2019-08-28 17:42:56.928815
2,1_1_191_808_2019-08-28 17:56:23.212404
0,1_1_191_795_2019-08-28 18:16:26.224860
0,1_1_191_792_2019-08-28 18:40:47.056126
2,1_1_179_801_2019-08-28 21:03:43.590553
0,1_1_191_786_2019-08-28 21:21:34.799582
2,1_1_178_823_2019-08-28 21:41:42.796426
2,1_1_194_818_2019-08-28 21:43:08.490588
0,1_1_179_777_2019-08-28 21:47:18.492735
2,1_1_179_813_2019-08-28 22:01:26.047798
2,1_1_179_815_2019-08-28 22:03:40.127349
2,1_1_193_820_2019-08-28 22:34:24.163405
2,1_1_193_819_2019-08-28 23:47:13.844080
2,1_1_178_824_2019-08-29 00:01:50.267132
2,1_1_179_781_2019-08-29 01:00:03.545411
2,1_1_178_823_2019-08-29 04:52:44.936091
0,1_1_178_823_2019-08-29 12:44:26.902270
0,1_1_178_828_2019-08-29 12:48:56.015287
0,1_1_193_816_2019-08-29 13:01:13.224022
1,1_1_193_819_2019-08-29 13:03:15.925229
1,1_1_193_825_2019-08-29 13:10:46.115967
0,1_1_179_799_2019-08-29 13:13:22.427327
0,1_1_193_829_2019-08-29 13:22:28.178773
1,1_1_193_827_2019-08-29 13:22:59.224854
0,1_1_194_826_2019-08-29 13:23:40.615215
1,1_1_178_817_2019-08-29 13:24:18.148121
1,1_1_193_820_2019-08-29 13:24:28.575779
0,1_1_194_822_2019-08-29 13:27:17.774141
1,1_1_194_821_2019-08-29 13:33:35.903554
1,1_1_194_818_2019-08-29 13:33:57.794702
1,1_1_179_797_2019-08-29 13:34:52.617739
0,1_1_191_795_2019-08-29 13:35:56.976303
0,1_1_179_813_2019-08-29 13:37:17.035084
1,1_1_179_783_2019-08-29 13:43:48.185591
1,1_1_179_777_2019-08-29 13:44:02.565662
0,1_1_179_796_2019-08-29 13:45:29.925340
0,1_1_179_810_2019-08-29 13:45:56.324145
1,1_1_179_815_2019-08-29 13:53:10.884096
1,1_1_179_794_2019-08-29 13:57:53.417042
1,1_1_179_791_2019-08-29 14:02:52.805387
0,1_1_179_798_2019-08-29 14:03:22.537571
1,1_1_179_781_2019-08-29 14:03:54.521935
1,1_1_191_785_2019-08-29 14:05:07.705030
2,1_1_179_788_2019-08-29 14:09:03.558126
0,1_1_179_790_2019-08-29 14:09:15.463488
1,1_1_179_800_2019-08-29 14:10:09.624273
1,1_1_191_812_2019-08-29 14:13:02.395320
0,1_1_179_787_2019-08-29 14:14:50.580149
1,1_1_179_779_2019-08-29 14:19:26.533903
0,1_1_191_802_2019-08-29 14:22:02.755971
1,1_1_191_803_2019-08-29 14:24:07.147076
0,1_1_191_806_2019-08-29 14:24:35.899813
1,1_1_179_809_2019-08-29 14:25:50.032761
0,1_1_191_807_2019-08-29 14:26:48.900956
2,1_1_191_782_2019-08-29 14:29:06.841982
1,1_1_191_780_2019-08-29 14:32:17.427184
1,1_1_191_778_2019-08-29 14:33:46.570272
0,1_1_191_784_2019-08-29 14:35:01.965068
1,1_1_191_811_2019-08-29 14:35:16.208949
0,1_1_179_801_2019-08-29 14:35:06.018154
1,1_1_191_792_2019-08-29 14:37:47.945151
0,1_1_191_793_2019-08-29 14:38:08.330372
1,1_1_191_805_2019-08-29 14:39:28.739167
0,1_1_191_804_2019-08-29 14:41:31.844504
0,1_1_191_786_2019-08-29 14:42:52.825832
2,1_1_178_828_2019-08-29 17:29:34.665771
1,1_1_194_821_2019-08-29 18:16:11.899075
2,1_1_193_829_2019-08-29 18:39:31.953272
0,1_1_193_825_2019-08-29 18:49:16.558148
0,1_1_179_801_2019-08-29 19:33:53.032371
2,1_1_179_788_2019-08-29 19:42:07.479314
0,1_1_179_799_2019-08-29 20:35:51.158070
2,1_1_193_819_2019-08-29 20:58:30.857968
0,1_1_178_828_2019-08-29 21:23:19.912971
0,1_1_191_811_2019-08-29 21:31:20.934545
2,1_1_191_804_2019-08-29 21:33:16.664055
2,1_1_179_781_2019-08-29 22:07:23.585335
2,1_1_191_786_2019-08-29 22:12:43.243175
2,1_1_178_823_2019-08-29 22:49:56.139299
2,1_1_193_816_2019-08-29 22:54:06.085492
2,1_1_193_820_2019-08-29 22:59:37.470498
2,1_1_178_824_2019-08-30 00:28:37.314381
2,1_1_194_821_2019-08-30 02:19:28.526911
2,1_1_178_823_2019-08-30 02:59:38.693671
1,1_1_178_828_2019-08-30 12:13:44.125369
1,1_1_178_823_2019-08-30 12:45:37.561480
1,1_1_178_817_2019-08-30 13:50:14.516208
0,1_1_193_825_2019-08-30 14:30:38.075076
1,1_1_193_819_2019-08-30 14:40:00.301817
2,1_1_194_821_2019-08-30 15:00:57.094596
0,1_1_179_815_2019-08-30 15:01:38.174850
2,1_1_178_824_2019-08-30 15:03:42.674825
0,1_1_194_822_2019-08-30 15:12:34.866460
1,1_1_193_816_2019-08-30 15:18:13.645107
1,1_1_193_820_2019-08-30 15:25:19.485751
2,1_1_194_818_2019-08-30 15:28:02.595042
0,1_1_179_783_2019-08-30 15:59:33.833440
1,1_1_193_827_2019-08-30 16:09:56.510379
1,1_1_193_829_2019-08-30 16:13:23.175980
0,1_1_179_813_2019-08-30 16:28:02.994797
0,1_1_194_818_2019-08-30 16:39:06.411317
0,1_1_179_801_2019-08-30 17:03:40.816025
2,1_1_179_791_2019-08-30 17:06:46.596848
0,1_1_194_826_2019-08-30 17:40:32.827238
1,1_1_191_789_2019-08-30 17:42:53.858807
2,1_1_191_785_2019-08-30 17:43:46.356430
0,1_1_193_819_2019-08-30 18:19:46.207245
1,1_1_194_821_2019-08-30 18:21:35.987791
2,1_1_178_823_2019-08-30 23:36:53.505134
2,1_1_178_817_2019-08-31 00:30:16.602979
2,1_1_178_824_2019-08-31 01:34:20.975878
2,1_1_194_821_2019-08-31 17:05:09.092069
2,1_1_179_783_2019-09-01 17:32:06.878657
2,1_1_194_821_2019-09-01 17:52:42.320723
1,1_1_178_823_2019-09-02 14:41:00.599776
1,1_1_193_819_2019-09-02 18:04:42.468412
2,1_1_194_821_2019-09-02 19:29:19.282559
0,1_1_178_823_2019-09-02 20:28:51.983684
2,1_1_193_827_2019-09-02 23:53:56.489176
0,1_1_178_828_2019-09-03 11:34:24.692719
1,1_1_178_823_2019-09-03 12:03:38.534376
1,1_1_193_819_2019-09-03 12:33:57.034368
1,1_1_191_789_2019-09-03 12:41:43.966085
0,1_1_193_820_2019-09-03 12:44:16.805718
1,1_1_193_825_2019-09-03 12:54:04.846639
1,1_1_193_827_2019-09-03 13:05:21.811695
1,1_1_178_824_2019-09-03 13:14:38.069099
1,1_1_179_810_2019-09-03 13:14:41.923340
1,1_1_193_829_2019-09-03 13:16:25.096176
0,1_1_179_799_2019-09-03 13:18:04.896424
0,1_1_178_817_2019-09-03 13:20:13.337746
1,1_1_193_816_2019-09-03 13:22:50.246770
1,1_1_179_815_2019-09-03 13:25:12.965653
1,1_1_194_826_2019-09-03 13:26:30.700091
0,1_1_179_788_2019-09-03 13:28:05.018050
1,1_1_194_822_2019-09-03 13:30:35.531810
1,1_1_179_787_2019-09-03 13:31:20.956696
1,1_1_179_797_2019-09-03 13:35:00.004884
1,1_1_194_821_2019-09-03 13:35:46.654636
0,1_1_194_818_2019-09-03 13:41:33.732530
1,1_1_179_796_2019-09-03 13:43:43.654322
1,1_1_179_783_2019-09-03 13:53:44.366090
1,1_1_179_809_2019-09-03 13:56:20.046650
1,1_1_179_781_2019-09-03 13:57:44.195083
1,1_1_179_777_2019-09-03 13:58:42.891454
1,1_1_179_798_2019-09-03 13:58:54.005659
1,1_1_179_779_2019-09-03 13:59:01.127154
0,1_1_179_794_2019-09-03 13:59:04.078155
0,1_1_179_791_2019-09-03 14:00:18.085475
1,1_1_179_790_2019-09-03 14:02:27.286637
0,1_1_179_801_2019-09-03 14:04:34.819041
0,1_1_191_803_2019-09-03 14:06:08.087659
1,1_1_179_813_2019-09-03 14:07:33.827980
0,1_1_191_782_2019-09-03 14:11:57.809453
1,1_1_191_812_2019-09-03 14:14:35.968418
0,1_1_191_795_2019-09-03 14:16:03.107448
0,1_1_191_807_2019-09-03 14:16:22.936602
1,1_1_191_785_2019-09-03 14:21:05.387402
1,1_1_191_806_2019-09-03 14:23:09.114894
0,1_1_191_778_2019-09-03 14:24:09.547258
1,1_1_191_780_2019-09-03 14:24:12.250665
1,1_1_191_802_2019-09-03 14:26:31.884871
2,1_1_191_805_2019-09-03 14:26:47.654610
0,1_1_191_792_2019-09-03 14:27:27.255875
0,1_1_191_786_2019-09-03 14:27:33.888368
0,1_1_191_811_2019-09-03 14:28:08.043813
0,1_1_191_784_2019-09-03 14:32:33.679983
1,1_1_191_804_2019-09-03 14:37:28.756429
2,1_1_191_793_2019-09-03 14:38:40.304457
1,1_1_191_805_2019-09-03 16:38:24.061781
0,1_1_178_817_2019-09-03 17:17:42.242888
2,1_1_191_808_2019-09-03 18:37:31.846446
1,1_1_193_816_2019-09-03 18:42:53.493230
1,1_1_179_809_2019-09-03 19:07:54.734035
0,1_1_191_793_2019-09-03 19:14:32.473760
0,1_1_179_783_2019-09-03 19:22:27.728378
2,1_1_191_795_2019-09-03 19:37:28.790298
2,1_1_193_819_2019-09-03 19:49:28.258736
2,1_1_194_821_2019-09-03 20:42:05.972865
2,1_1_191_807_2019-09-03 21:17:58.633696
2,1_1_178_823_2019-09-03 21:39:46.503179
2,1_1_191_782_2019-09-03 21:55:49.770041
2,1_1_179_810_2019-09-03 21:57:53.943552
2,1_1_179_781_2019-09-03 22:04:13.133579
2,1_1_178_828_2019-09-03 22:20:08.286403
2,1_1_193_827_2019-09-03 22:29:52.460319
2,1_1_194_818_2019-09-03 22:34:24.790513
2,1_1_179_787_2019-09-03 22:43:42.298283
2,1_1_178_817_2019-09-03 23:02:54.620917
2,1_1_194_821_2019-09-03 23:15:18.357574
2,1_1_193_819_2019-09-03 23:31:27.497994
2,1_1_178_824_2019-09-03 23:40:56.479368
2,1_1_193_820_2019-09-03 23:47:41.895196
2,1_1_179_815_2019-09-03 23:50:28.728966
2,1_1_193_816_2019-09-04 00:45:10.472281
1,1_1_178_824_2019-09-04 10:49:04.814435
0,1_1_178_828_2019-09-04 11:56:13.584687
1,1_1_178_823_2019-09-04 11:57:08.356282
0,1_1_178_817_2019-09-04 12:25:26.245770
1,1_1_191_789_2019-09-04 12:41:17.052896
0,1_1_193_819_2019-09-04 12:45:46.145444
1,1_1_193_820_2019-09-04 12:48:13.422389
0,1_1_193_827_2019-09-04 13:04:22.587642
1,1_1_193_825_2019-09-04 13:05:30.547506
1,1_1_193_829_2019-09-04 13:15:41.248551
1,1_1_194_821_2019-09-04 13:18:00.080367
1,1_1_193_816_2019-09-04 13:19:09.907659
0,1_1_194_822_2019-09-04 13:21:47.686370
1,1_1_194_826_2019-09-04 13:24:04.169850
1,1_1_179_783_2019-09-04 13:25:53.820913
0,1_1_194_818_2019-09-04 13:26:59.477750
1,1_1_179_787_2019-09-04 13:27:44.146031
1,1_1_179_810_2019-09-04 13:29:00.708945
1,1_1_179_791_2019-09-04 13:32:03.519494
1,1_1_179_799_2019-09-04 13:34:03.438428
1,1_1_191_808_2019-09-04 13:38:25.761851
1,1_1_179_809_2019-09-04 13:43:39.455921
0,1_1_179_800_2019-09-04 13:44:33.196590
1,1_1_179_777_2019-09-04 13:46:45.176614
0,1_1_179_796_2019-09-04 13:51:36.616327
1,1_1_179_794_2019-09-04 13:52:45.889660
0,1_1_179_797_2019-09-04 13:53:19.746218
0,1_1_179_788_2019-09-04 13:53:35.068738
0,1_1_179_798_2019-09-04 13:56:21.246895
2,1_1_191_803_2019-09-04 14:02:01.516439
0,1_1_191_782_2019-09-04 14:02:09.221373
1,1_1_179_813_2019-09-04 14:02:50.257212
0,1_1_191_806_2019-09-04 14:05:06.946699
1,1_1_179_779_2019-09-04 14:08:29.066839
0,1_1_191_802_2019-09-04 14:11:25.814258
1,1_1_191_795_2019-09-04 14:11:58.520813
1,1_1_191_805_2019-09-04 14:14:25.974967
0,1_1_191_807_2019-09-04 14:14:48.177706
1,1_1_179_790_2019-09-04 14:16:07.308903
0,1_1_191_792_2019-09-04 14:15:57.857920
0,1_1_191_785_2019-09-04 14:17:01.073097
1,1_1_191_778_2019-09-04 14:17:47.872834
1,1_1_191_786_2019-09-04 14:19:02.312015
0,1_1_191_811_2019-09-04 14:21:34.485086
0,1_1_191_803_2019-09-04 14:24:41.058067
0,1_1_191_793_2019-09-04 14:27:26.627143
1,1_1_191_812_2019-09-04 14:28:19.561024
1,1_1_191_784_2019-09-04 14:28:44.118672
2,1_1_191_804_2019-09-04 14:31:02.904031
1,1_1_191_780_2019-09-04 14:31:57.395231
1,1_1_191_804_2019-09-04 16:58:21.989996
1,1_1_179_798_2019-09-04 17:12:48.221493
2,1_1_193_827_2019-09-04 18:06:29.906486
0,1_1_193_829_2019-09-04 18:21:13.596045
0,1_1_194_818_2019-09-04 18:53:59.532485
2,1_1_191_778_2019-09-04 18:55:09.964252
2,1_1_193_820_2019-09-04 19:00:13.656804
2,1_1_178_824_2019-09-04 19:14:12.511097
0,1_1_179_777_2019-09-04 20:12:13.191409
0,1_1_179_815_2019-09-04 20:46:58.594077
2,1_1_179_800_2019-09-04 21:28:46.395405
2,1_1_194_826_2019-09-04 21:56:22.977913
2,1_1_179_797_2019-09-04 22:13:04.660746
2,1_1_193_827_2019-09-04 22:32:54.736611
2,1_1_178_824_2019-09-04 22:37:35.792750
2,1_1_191_802_2019-09-04 22:39:11.899260
2,1_1_193_816_2019-09-04 23:14:36.700172
2,1_1_193_825_2019-09-04 23:27:25.241263
2,1_1_178_828_2019-09-04 23:41:45.063184
2,1_1_178_823_2019-09-04 23:53:29.610830
2,1_1_178_823_2019-09-05 03:19:03.949056
1,1_1_178_828_2019-09-05 12:06:01.188971
0,1_1_179_799_2019-09-05 12:38:45.064371
0,1_1_178_823_2019-09-05 12:43:54.023353
1,1_1_193_819_2019-09-05 12:50:06.029538
1,1_1_193_820_2019-09-05 13:02:32.604829
0,1_1_178_817_2019-09-05 13:02:52.037376
1,1_1_193_829_2019-09-05 13:04:54.765042
1,1_1_194_821_2019-09-05 13:13:27.334776
0,1_1_193_816_2019-09-05 13:15:27.560589
1,1_1_179_797_2019-09-05 13:18:19.175399
1,1_1_178_824_2019-09-05 13:19:40.041165
1,1_1_194_822_2019-09-05 13:23:42.175929
1,1_1_194_818_2019-09-05 13:23:53.416190
1,1_1_193_827_2019-09-05 13:29:19.906076
1,1_1_179_815_2019-09-05 13:33:45.721067
1,1_1_194_826_2019-09-05 13:43:24.138031
1,1_1_179_783_2019-09-05 13:44:13.655619
1,1_1_179_800_2019-09-05 13:44:49.187084
1,1_1_179_796_2019-09-05 13:45:57.928737
1,1_1_191_782_2019-09-05 13:46:31.506551
1,1_1_179_788_2019-09-05 13:48:05.944271
1,1_1_191_808_2019-09-05 13:48:44.221545
1,1_1_191_802_2019-09-05 13:52:03.726880
0,1_1_179_809_2019-09-05 13:52:39.291453
0,1_1_179_801_2019-09-05 13:53:00.129125
0,1_1_179_790_2019-09-05 13:53:40.002942
1,1_1_179_798_2019-09-05 13:54:35.626902
1,1_1_179_777_2019-09-05 13:55:25.009828
0,1_1_179_810_2019-09-05 13:57:14.679015
0,1_1_179_791_2019-09-05 14:07:50.011887
1,1_1_179_794_2019-09-05 14:10:45.726990
1,1_1_179_787_2019-09-05 14:14:10.208619
1,1_1_191_806_2019-09-05 14:14:18.298399
0,1_1_179_813_2019-09-05 14:15:18.956699
0,1_1_191_793_2019-09-05 14:15:33.527116
0,1_1_179_779_2019-09-05 14:15:58.556008
1,1_1_191_812_2019-09-05 14:19:31.762462
0,1_1_191_778_2019-09-05 14:20:53.975154
0,1_1_191_795_2019-09-05 14:22:20.837986
0,1_1_191_805_2019-09-05 14:24:01.191703
1,1_1_191_807_2019-09-05 14:25:26.406577
0,1_1_191_792_2019-09-05 14:27:07.788692
1,1_1_191_785_2019-09-05 14:28:54.539746
0,1_1_191_804_2019-09-05 14:30:04.127502
0,1_1_191_811_2019-09-05 14:30:46.588410
0,1_1_191_803_2019-09-05 14:33:56.554181
0,1_1_191_789_2019-09-05 14:35:46.400310
0,1_1_191_784_2019-09-05 14:36:32.885907
1,1_1_191_786_2019-09-05 14:36:49.468815
0,1_1_193_816_2019-09-05 18:15:07.138460
1,1_1_179_796_2019-09-05 18:16:29.739843
0,1_1_191_802_2019-09-05 18:18:52.958578
0,1_1_193_819_2019-09-05 18:44:30.318223
0,1_1_191_795_2019-09-05 18:56:45.085541
1,1_1_179_779_2019-09-05 19:16:58.990896
2,1_1_179_813_2019-09-05 19:21:10.900032
2,1_1_179_794_2019-09-05 19:42:46.059262
2,1_1_178_824_2019-09-05 19:54:43.311277
2,1_1_194_826_2019-09-05 19:55:51.883103
2,1_1_179_799_2019-09-05 21:09:01.705558
2,1_1_191_789_2019-09-05 21:27:11.428495
2,1_1_191_804_2019-09-05 21:49:35.665826
2,1_1_179_791_2019-09-05 22:08:13.546835
2,1_1_193_829_2019-09-05 22:09:11.324199
2,1_1_191_789_2019-09-05 22:09:56.796507
2,1_1_191_803_2019-09-05 22:59:16.346712
2,1_1_193_827_2019-09-05 23:07:57.486873
2,1_1_178_823_2019-09-05 23:27:05.236697
2,1_1_193_816_2019-09-05 23:30:46.257626
2,1_1_178_828_2019-09-05 23:35:15.085553
2,1_1_179_801_2019-09-05 23:49:34.590786
2,1_1_178_823_2019-09-05 23:58:52.570889
2,1_1_178_823_2019-09-06 03:15:52.254604
1,1_1_178_828_2019-09-06 12:05:33.885178
1,1_1_191_789_2019-09-06 12:38:36.885658
0,1_1_194_826_2019-09-06 12:41:24.163961
1,1_1_178_823_2019-09-06 12:42:42.819996
2,1_1_193_819_2019-09-06 12:43:59.383737
1,1_1_193_820_2019-09-06 13:01:53.162908
0,1_1_179_799_2019-09-06 13:05:03.281870
1,1_1_193_825_2019-09-06 13:08:51.395420
1,1_1_178_817_2019-09-06 13:10:52.726714
0,1_1_194_822_2019-09-06 13:20:37.190078
0,1_1_194_821_2019-09-06 13:21:28.289832
1,1_1_178_824_2019-09-06 13:24:03.268125
1,1_1_179_797_2019-09-06 13:25:16.984753
1,1_1_193_827_2019-09-06 13:25:42.987396
0,1_1_194_818_2019-09-06 13:29:00.577977
0,1_1_179_788_2019-09-06 13:30:33.884983
1,1_1_191_808_2019-09-06 13:35:51.724449
0,1_1_179_796_2019-09-06 13:41:33.895244
1,1_1_193_816_2019-09-06 13:50:02.469863
1,1_1_179_794_2019-09-06 13:50:20.105989
0,1_1_179_810_2019-09-06 13:56:42.774589
0,1_1_179_815_2019-09-06 13:56:45.001976
0,1_1_179_781_2019-09-06 13:57:39.883949
1,1_1_179_800_2019-09-06 13:57:49.624741
0,1_1_191_803_2019-09-06 13:58:55.898990
0,1_1_179_791_2019-09-06 14:02:47.529719
0,1_1_179_783_2019-09-06 14:03:15.487771
1,1_1_179_798_2019-09-06 14:04:27.562148
1,1_1_179_777_2019-09-06 14:12:21.227584
1,1_1_179_801_2019-09-06 14:13:25.553828
0,1_1_179_790_2019-09-06 14:15:05.025564
0,1_1_179_813_2019-09-06 14:14:58.024185
1,1_1_191_806_2019-09-06 14:18:06.572282
1,1_1_191_807_2019-09-06 14:19:20.194900
1,1_1_191_811_2019-09-06 14:19:24.268605
1,1_1_179_779_2019-09-06 14:23:51.676963
0,1_1_191_795_2019-09-06 14:25:25.815418
1,1_1_191_802_2019-09-06 14:26:25.113400
1,1_1_191_785_2019-09-06 14:27:08.280803
0,1_1_191_782_2019-09-06 14:31:30.915431
0,1_1_191_812_2019-09-06 14:32:04.484550
0,1_1_191_780_2019-09-06 14:36:48.947211
1,1_1_191_778_2019-09-06 14:38:57.955207
0,1_1_191_792_2019-09-06 14:39:25.963252
0,1_1_191_784_2019-09-06 14:39:59.264035
1,1_1_191_786_2019-09-06 14:40:14.352942
1,1_1_191_805_2019-09-06 14:40:18.444398
1,1_1_191_793_2019-09-06 14:40:46.934137
1,1_1_191_804_2019-09-06 14:42:04.172952
2,1_1_191_803_2019-09-06 16:30:54.440459
0,1_1_193_819_2019-09-06 17:33:49.757383
2,1_1_194_821_2019-09-06 17:39:31.489106
0,1_1_193_827_2019-09-06 17:45:32.336888
1,1_1_191_803_2019-09-06 18:29:35.741516
0,1_1_179_810_2019-09-06 18:31:07.039699
2,1_1_179_799_2019-09-06 18:57:44.794963
2,1_1_191_804_2019-09-06 20:08:54.793880
0,1_1_191_792_2019-09-06 20:17:56.746966
2,1_1_179_783_2019-09-06 20:22:06.925016
0,1_1_194_821_2019-09-06 20:25:29.749172
1,1_1_178_828_2019-09-06 20:59:28.429388
2,1_1_178_823_2019-09-06 21:09:21.518190
2,1_1_179_815_2019-09-06 22:00:32.632764
2,1_1_193_820_2019-09-06 22:08:51.440372
2,1_1_179_787_2019-09-06 22:12:30.323155
2,1_1_179_781_2019-09-06 22:22:08.500398
2,1_1_193_825_2019-09-06 22:23:34.773384
2,1_1_191_789_2019-09-06 22:37:44.490935
2,1_1_178_824_2019-09-06 22:45:28.204193
2,1_1_193_829_2019-09-06 23:08:52.920322
2,1_1_178_817_2019-09-06 23:31:00.821713
2,1_1_193_827_2019-09-06 23:54:11.571835
2,1_1_194_826_2019-09-07 00:02:45.213756
2,1_1_179_794_2019-09-07 00:10:12.573084
2,1_1_178_823_2019-09-07 00:55:49.022926
0,1_1_178_823_2019-09-07 12:48:17.694400
2,1_1_193_819_2019-09-07 15:21:36.799854
0,1_1_194_818_2019-09-07 15:39:14.757343
2,1_1_194_821_2019-09-08 17:11:44.669181
2,1_1_194_826_2019-09-08 18:53:40.139873
2,1_1_178_823_2019-09-09 01:05:27.590515
1,1_1_178_823_2019-09-09 11:59:17.201866
1,1_1_178_828_2019-09-09 12:05:26.705192
1,1_1_191_789_2019-09-09 12:39:05.984521
1,1_1_193_819_2019-09-09 12:55:39.819702
0,1_1_193_820_2019-09-09 13:00:14.827868
0,1_1_193_816_2019-09-09 13:04:55.304397
1,1_1_193_825_2019-09-09 13:05:06.343350
1,1_1_193_827_2019-09-09 13:05:20.444261
1,1_1_191_802_2019-09-09 13:09:34.992833
1,1_1_179_799_2019-09-09 13:17:11.567201
1,1_1_178_817_2019-09-09 13:20:07.363936
0,1_1_178_824_2019-09-09 13:24:40.305381
0,1_1_179_788_2019-09-09 13:28:22.463234
0,1_1_194_818_2019-09-09 13:28:32.084846
2,1_1_179_815_2019-09-09 13:29:53.767650
1,1_1_193_829_2019-09-09 13:33:03.123969
0,1_1_194_822_2019-09-09 13:33:14.085725
1,1_1_179_797_2019-09-09 13:36:18.406997
2,1_1_179_810_2019-09-09 13:37:42.255966
1,1_1_194_821_2019-09-09 13:45:50.560703
1,1_1_194_826_2019-09-09 13:54:53.449364
0,1_1_179_777_2019-09-09 13:55:58.463988
0,1_1_179_781_2019-09-09 13:56:08.764925
0,1_1_179_796_2019-09-09 14:02:49.263461
0,1_1_179_794_2019-09-09 14:03:12.232339
0,1_1_179_801_2019-09-09 14:05:14.392878
1,1_1_179_791_2019-09-09 14:08:02.119118
2,1_1_191_808_2019-09-09 14:10:00.091032
1,1_1_179_790_2019-09-09 14:10:49.722995
1,1_1_179_798_2019-09-09 14:13:44.874971
0,1_1_191_804_2019-09-09 14:14:19.085010
0,1_1_191_778_2019-09-09 14:14:29.186932
0,1_1_191_812_2019-09-09 14:14:44.083902
1,1_1_179_787_2019-09-09 14:15:59.717022
1,1_1_191_803_2019-09-09 14:21:46.722611
1,1_1_179_783_2019-09-09 14:23:19.062572
0,1_1_191_780_2019-09-09 14:27:40.743815
1,1_1_191_782_2019-09-09 14:28:56.931148
1,1_1_179_779_2019-09-09 14:29:03.570612
1,1_1_191_785_2019-09-09 14:35:20.536148
1,1_1_191_807_2019-09-09 14:35:47.484456
1,1_1_179_813_2019-09-09 14:38:25.947162
0,1_1_179_809_2019-09-09 14:39:16.628112
0,1_1_191_795_2019-09-09 14:39:51.539406
0,1_1_191_784_2019-09-09 14:45:01.512940
1,1_1_191_806_2019-09-09 14:45:48.106487
1,1_1_191_805_2019-09-09 14:48:53.933283
0,1_1_191_786_2019-09-09 14:51:27.532772
2,1_1_191_793_2019-09-09 14:51:48.986301
1,1_1_191_792_2019-09-09 14:51:51.731104
0,1_1_179_810_2019-09-09 15:08:45.714773
1,1_1_191_804_2019-09-09 17:01:36.091562
1,1_1_179_815_2019-09-09 18:17:53.925422
2,1_1_194_822_2019-09-09 18:42:23.016394
0,1_1_193_820_2019-09-09 18:52:40.320234
0,1_1_191_793_2019-09-09 18:59:13.668485
2,1_1_191_808_2019-09-09 19:15:32.249213
0,1_1_179_781_2019-09-09 19:22:33.812630
0,1_1_179_779_2019-09-09 19:33:00.909708
2,1_1_193_819_2019-09-09 21:11:08.635178
2,1_1_191_804_2019-09-09 21:16:37.866112
2,1_1_178_828_2019-09-09 22:09:01.940554
2,1_1_178_823_2019-09-09 22:09:26.325584
2,1_1_193_827_2019-09-09 22:13:17.758918
2,1_1_179_794_2019-09-09 22:45:56.354068
2,1_1_193_816_2019-09-09 22:59:54.242677
2,1_1_194_818_2019-09-09 23:23:03.310090
2,1_1_193_819_2019-09-10 00:17:32.113510
2,1_1_193_819_2019-09-10 02:16:44.425913
2,1_1_194_822_2019-09-10 03:25:42.580882
0,1_1_178_828_2019-09-10 11:40:56.984522
1,1_1_194_826_2019-09-10 11:46:49.534579
1,1_1_178_817_2019-09-10 12:07:08.889071
1,1_1_178_823_2019-09-10 12:42:14.004703
1,1_1_191_789_2019-09-10 12:42:27.273038
1,1_1_179_799_2019-09-10 12:47:13.409169
0,1_1_193_819_2019-09-10 12:57:37.546343
1,1_1_179_797_2019-09-10 12:58:51.906203
1,1_1_193_820_2019-09-10 13:02:16.631077
1,1_1_193_827_2019-09-10 13:08:09.546189
2,1_1_193_825_2019-09-10 13:09:14.375942
1,1_1_178_824_2019-09-10 13:22:49.189725
1,1_1_193_816_2019-09-10 13:24:29.848011
1,1_1_179_788_2019-09-10 13:32:39.268191
1,1_1_193_829_2019-09-10 13:33:18.244212
1,1_1_179_796_2019-09-10 13:35:19.310120
1,1_1_191_802_2019-09-10 13:39:51.752705
1,1_1_179_815_2019-09-10 13:41:58.904753
0,1_1_179_781_2019-09-10 13:42:44.360332
1,1_1_194_821_2019-09-10 13:47:13.324846
0,1_1_179_794_2019-09-10 13:53:05.211743
1,1_1_179_810_2019-09-10 13:54:58.113876
1,1_1_194_822_2019-09-10 13:58:39.136253
1,1_1_191_808_2019-09-10 13:59:41.175426
1,1_1_194_818_2019-09-10 14:00:34.794181
1,1_1_191_804_2019-09-10 14:05:34.986709
0,1_1_179_777_2019-09-10 14:05:41.004133
1,1_1_179_787_2019-09-10 14:07:19.238059
0,1_1_179_809_2019-09-10 14:07:52.698050
0,1_1_179_779_2019-09-10 14:08:46.218645
1,1_1_179_791_2019-09-10 14:12:06.549438
1,1_1_179_801_2019-09-10 14:14:37.574760
0,1_1_179_790_2019-09-10 14:17:47.415210
1,1_1_179_813_2019-09-10 14:18:04.630323
0,1_1_191_792_2019-09-10 14:19:09.318969
1,1_1_179_798_2019-09-10 14:19:32.063802
1,1_1_191_778_2019-09-10 14:20:55.873438
1,1_1_191_780_2019-09-10 14:21:46.002127
1,1_1_191_795_2019-09-10 14:26:46.864200
1,1_1_191_807_2019-09-10 14:28:17.845420
1,1_1_191_782_2019-09-10 14:29:20.416544
1,1_1_191_803_2019-09-10 14:32:12.376439
0,1_1_191_805_2019-09-10 14:32:36.380847
0,1_1_191_812_2019-09-10 14:32:59.503522
1,1_1_191_784_2019-09-10 14:34:03.179132
1,1_1_191_786_2019-09-10 14:35:07.603026
0,1_1_191_793_2019-09-10 14:35:12.471564
1,1_1_191_811_2019-09-10 14:35:54.995073
1,1_1_191_806_2019-09-10 14:36:47.703931
1,1_1_191_785_2019-09-10 14:41:46.539264
1,1_1_193_825_2019-09-10 17:09:47.961346
2,1_1_193_827_2019-09-10 18:40:17.580827
0,1_1_179_790_2019-09-10 19:07:58.564044
1,1_1_179_783_2019-09-10 19:41:35.788987
2,1_1_193_819_2019-09-10 20:50:46.631135
2,1_1_178_817_2019-09-10 21:35:35.568277
2,1_1_179_810_2019-09-10 22:03:21.060701
2,1_1_193_820_2019-09-10 22:23:18.129245
2,1_1_191_804_2019-09-10 22:29:28.078539
2,1_1_193_827_2019-09-10 23:13:46.617053
2,1_1_178_824_2019-09-10 23:14:03.015382
2,1_1_178_828_2019-09-10 23:19:02.052552
2,1_1_178_823_2019-09-10 23:24:18.669789
0,1_1_193_816_2019-09-11 00:33:13.777090
2,1_1_179_800_2019-09-11 00:36:05.296611
2,1_1_179_815_2019-09-11 00:38:45.973359
2,1_1_178_823_2019-09-11 02:28:04.290272
1,1_1_178_828_2019-09-11 12:06:02.546881
0,1_1_178_824_2019-09-11 12:11:40.519132
1,1_1_191_789_2019-09-11 12:41:52.133718
1,1_1_178_823_2019-09-11 12:46:37.650378
1,1_1_194_826_2019-09-11 12:50:51.583058
1,1_1_193_827_2019-09-11 12:51:47.812492
1,1_1_193_819_2019-09-11 12:52:25.732309
1,1_1_179_815_2019-09-11 12:56:08.288717
1,1_1_193_825_2019-09-11 13:00:10.176943
1,1_1_193_820_2019-09-11 13:04:02.824908
1,1_1_178_817_2019-09-11 13:19:15.331143
1,1_1_194_822_2019-09-11 13:24:10.132632
0,1_1_194_818_2019-09-11 13:27:48.000860
0,1_1_179_799_2019-09-11 13:28:48.093083
1,1_1_179_781_2019-09-11 13:30:03.380542
1,1_1_179_797_2019-09-11 13:33:12.602496
0,1_1_194_821_2019-09-11 13:39:04.781613
1,1_1_179_783_2019-09-11 13:39:38.448464
1,1_1_191_802_2019-09-11 13:43:24.431881
1,1_1_179_800_2019-09-11 13:43:34.240039
0,1_1_179_791_2019-09-11 13:45:45.363711
1,1_1_193_829_2019-09-11 13:47:20.850603
0,1_1_179_809_2019-09-11 13:49:17.115047
1,1_1_179_794_2019-09-11 13:50:27.363999
0,1_1_179_801_2019-09-11 13:51:50.183067
1,1_1_179_810_2019-09-11 13:52:04.090415
0,1_1_179_777_2019-09-11 13:52:40.138013
1,1_1_179_796_2019-09-11 13:52:51.113180
0,1_1_179_790_2019-09-11 13:57:14.063859
1,1_1_179_798_2019-09-11 14:03:36.207947
1,1_1_179_779_2019-09-11 14:04:09.898720
1,1_1_179_787_2019-09-11 14:05:32.771924
0,1_1_191_806_2019-09-11 14:07:13.686541
0,1_1_179_813_2019-09-11 14:09:14.703457
0,1_1_191_803_2019-09-11 14:13:01.085522
1,1_1_191_778_2019-09-11 14:13:11.005519
1,1_1_191_808_2019-09-11 14:15:58.066181
0,1_1_191_780_2019-09-11 14:16:53.889610
1,1_1_191_792_2019-09-11 14:16:44.131253
1,1_1_191_807_2019-09-11 14:17:23.053897
0,1_1_191_785_2019-09-11 14:17:28.284824
0,1_1_191_795_2019-09-11 14:19:56.425774
0,1_1_191_811_2019-09-11 14:22:38.893932
1,1_1_191_805_2019-09-11 14:24:35.132174
0,1_1_191_804_2019-09-11 14:29:17.585721
0,1_1_191_784_2019-09-11 14:30:41.003530
1,1_1_191_782_2019-09-11 14:32:25.364290
1,1_1_191_786_2019-09-11 14:33:15.015100
0,1_1_191_812_2019-09-11 14:33:38.667527
1,1_1_191_793_2019-09-11 14:33:57.023839
0,1_1_191_785_2019-09-11 18:27:46.481840
0,1_1_179_790_2019-09-11 18:53:50.538053
1,1_1_193_816_2019-09-11 19:20:40.247526
0,1_1_193_819_2019-09-11 19:23:32.709396
2,1_1_191_784_2019-09-11 19:56:47.634539
2,1_1_179_801_2019-09-11 20:09:33.369530
2,1_1_194_826_2019-09-11 20:53:04.129632
2,1_1_191_804_2019-09-11 21:21:17.693099
2,1_1_191_793_2019-09-11 21:38:49.496924
2,1_1_178_828_2019-09-11 22:01:44.882090
2,1_1_179_779_2019-09-11 22:02:26.694797
2,1_1_178_823_2019-09-11 22:34:54.374177
0,1_1_179_781_2019-09-11 22:40:14.664657
2,1_1_179_790_2019-09-11 22:47:07.980321
2,1_1_191_789_2019-09-11 22:50:42.633244
2,1_1_193_820_2019-09-11 22:54:53.425256
2,1_1_191_806_2019-09-11 22:59:21.174044
2,1_1_191_778_2019-09-11 23:21:12.543218
2,1_1_179_783_2019-09-12 01:34:21.374407
0,1_1_178_828_2019-09-12 12:01:58.356408
1,1_1_178_817_2019-09-12 12:04:46.102495
1,1_1_178_823_2019-09-12 12:05:22.587618
1,1_1_191_789_2019-09-12 12:43:38.900162
1,1_1_193_819_2019-09-12 12:47:41.652127
1,1_1_193_820_2019-09-12 12:48:48.529105
1,1_1_193_827_2019-09-12 13:03:05.256738
0,1_1_193_816_2019-09-12 13:04:00.093171
0,1_1_179_810_2019-09-12 13:20:02.485272
0,1_1_193_825_2019-09-12 13:23:24.924018
0,1_1_191_795_2019-09-12 13:24:49.840921
1,1_1_179_797_2019-09-12 13:24:51.944541
1,1_1_178_824_2019-09-12 13:26:12.463302
1,1_1_179_815_2019-09-12 13:26:24.910801
0,1_1_194_826_2019-09-12 13:27:34.207676
1,1_1_193_829_2019-09-12 13:29:08.674794
1,1_1_179_800_2019-09-12 13:34:18.567330
1,1_1_179_791_2019-09-12 13:34:27.356736
1,1_1_194_821_2019-09-12 13:45:26.780233
0,1_1_179_781_2019-09-12 13:49:33.487411
0,1_1_191_803_2019-09-12 13:50:25.141116
0,1_1_194_822_2019-09-12 13:50:38.294257
1,1_1_191_808_2019-09-12 13:51:59.218038
0,1_1_179_799_2019-09-12 13:52:35.880802
1,1_1_179_796_2019-09-12 13:56:39.503717
1,1_1_179_794_2019-09-12 13:56:41.442165
2,1_1_179_777_2019-09-12 13:56:59.579429
1,1_1_191_802_2019-09-12 14:00:17.169336
1,1_1_191_785_2019-09-12 14:06:49.729432
1,1_1_179_788_2019-09-12 14:06:57.860144
1,1_1_179_790_2019-09-12 14:07:32.945973
1,1_1_179_787_2019-09-12 14:08:05.770195
0,1_1_191_782_2019-09-12 14:08:42.473675
1,1_1_179_813_2019-09-12 14:12:05.212792
0,1_1_191_806_2019-09-12 14:13:23.501270
0,1_1_179_798_2019-09-12 14:16:11.936924
0,1_1_179_779_2019-09-12 14:17:34.342083
0,1_1_179_783_2019-09-12 14:17:40.323760
1,1_1_179_801_2019-09-12 14:18:32.438244
0,1_1_191_780_2019-09-12 14:19:23.881429
1,1_1_191_807_2019-09-12 14:19:48.365728
1,1_1_191_786_2019-09-12 14:20:47.858610
0,1_1_191_812_2019-09-12 14:21:21.600783
0,1_1_191_778_2019-09-12 14:24:05.572432
0,1_1_191_784_2019-09-12 14:26:25.722420
0,1_1_191_804_2019-09-12 14:26:29.719616
1,1_1_191_805_2019-09-12 14:26:33.019069
0,1_1_191_792_2019-09-12 14:26:42.951499
1,1_1_191_793_2019-09-12 14:28:33.780096
0,1_1_179_777_2019-09-12 15:31:46.554822
0,1_1_179_798_2019-09-12 17:05:44.817712
1,1_1_193_829_2019-09-12 17:53:31.742262
0,1_1_193_816_2019-09-12 18:33:16.266979
0,1_1_193_825_2019-09-12 18:40:21.999194
0,1_1_191_782_2019-09-12 19:13:35.412958
2,1_1_191_780_2019-09-12 19:14:13.531803
2,1_1_179_777_2019-09-12 19:17:56.585291
2,1_1_179_783_2019-09-12 19:47:30.705037
2,1_1_191_793_2019-09-12 20:18:49.670338
0,1_1_179_781_2019-09-12 21:34:58.419880
2,1_1_178_823_2019-09-12 21:51:02.346180
2,1_1_179_798_2019-09-12 21:59:35.446794
2,1_1_193_820_2019-09-12 22:07:06.367404
2,1_1_178_824_2019-09-12 22:15:22.512702
2,1_1_179_790_2019-09-12 22:43:43.738737
2,1_1_193_827_2019-09-12 22:56:52.201183
2,1_1_178_817_2019-09-12 23:05:37.797143
2,1_1_194_822_2019-09-12 23:25:15.663471
2,1_1_194_826_2019-09-12 23:29:19.015090
2,1_1_194_818_2019-09-13 00:03:21.789974
2,1_1_178_817_2019-09-13 04:14:26.541849
0,1_1_178_823_2019-09-13 12:40:57.988229
2,1_1_178_828_2019-09-13 12:54:19.359398
0,1_1_178_817_2019-09-13 13:14:11.194072
1,1_1_193_827_2019-09-13 13:15:53.370945
0,1_1_178_824_2019-09-13 13:44:17.634851
1,1_1_193_819_2019-09-13 13:48:10.640602
0,1_1_193_820_2019-09-13 14:09:54.739995
1,1_1_194_826_2019-09-13 14:38:38.156451
0,1_1_193_825_2019-09-13 14:42:39.990672
1,1_1_193_829_2019-09-13 14:43:56.489987
2,1_1_194_821_2019-09-13 14:45:01.041864
1,1_1_191_789_2019-09-13 14:52:46.861168
2,1_1_194_818_2019-09-13 15:18:35.187415
1,1_1_179_815_2019-09-13 15:21:01.553125
1,1_1_178_828_2019-09-13 15:51:54.984328
2,1_1_193_816_2019-09-13 15:52:43.898592
2,1_1_194_822_2019-09-13 16:09:29.080494
1,1_1_179_781_2019-09-13 16:20:42.947162
2,1_1_194_818_2019-09-13 16:50:40.086570
2,1_1_194_818_2019-09-13 17:57:23.852050
1,1_1_179_777_2019-09-13 18:32:34.299541
2,1_1_179_787_2019-09-13 18:34:29.010114
0,1_1_193_827_2019-09-13 18:52:29.600907
2,1_1_193_829_2019-09-13 19:27:44.278934
2,1_1_178_824_2019-09-13 19:47:03.774696
2,1_1_179_810_2019-09-13 20:17:10.943454
1,1_1_194_821_2019-09-13 20:19:54.749504
2,1_1_193_816_2019-09-13 20:22:04.800602
2,1_1_179_783_2019-09-13 20:37:53.151754
1,1_1_194_822_2019-09-13 20:41:39.467889
2,1_1_194_818_2019-09-13 21:06:52.724749
2,1_1_179_788_2019-09-13 21:38:54.840228
1,1_1_193_819_2019-09-14 13:29:00.320186
0,1_1_193_827_2019-09-14 14:46:19.482658
2,1_1_193_820_2019-09-14 20:42:05.310504
1,1_1_179_783_2019-09-15 17:13:22.214961
1,1_1_194_821_2019-09-15 18:38:34.445856
1,1_1_178_828_2019-09-16 12:05:24.288502
0,1_1_194_826_2019-09-16 12:05:56.165469
1,1_1_193_825_2019-09-16 12:33:57.204531
1,1_1_194_822_2019-09-16 12:38:08.225540
1,1_1_178_823_2019-09-16 12:49:01.856072
1,1_1_191_789_2019-09-16 12:55:14.596382
1,1_1_193_819_2019-09-16 13:04:41.690338
1,1_1_193_827_2019-09-16 13:07:47.996089
1,1_1_179_799_2019-09-16 13:11:49.684059
1,1_1_179_815_2019-09-16 13:13:05.567172
1,1_1_178_817_2019-09-16 13:25:08.467550
0,1_1_193_829_2019-09-16 13:27:16.186558
1,1_1_178_824_2019-09-16 13:28:42.841461
1,1_1_179_781_2019-09-16 13:29:03.296402
0,1_1_193_820_2019-09-16 13:29:43.354788
1,1_1_179_797_2019-09-16 13:30:30.374180
1,1_1_179_787_2019-09-16 13:30:34.840855
1,1_1_191_802_2019-09-16 13:31:51.842960
1,1_1_179_810_2019-09-16 13:34:13.386279
1,1_1_194_821_2019-09-16 13:47:56.972579
1,1_1_179_777_2019-09-16 13:50:39.387491
0,1_1_193_816_2019-09-16 13:52:52.304325
0,1_1_179_783_2019-09-16 13:57:03.605511
1,1_1_179_800_2019-09-16 13:57:53.528504
0,1_1_179_791_2019-09-16 13:59:19.956060
1,1_1_179_796_2019-09-16 14:00:12.358610
1,1_1_179_788_2019-09-16 14:01:06.537718
0,1_1_179_801_2019-09-16 14:07:33.768276
0,1_1_191_782_2019-09-16 14:09:08.594936
2,1_1_191_808_2019-09-16 14:11:40.607962
0,1_1_191_806_2019-09-16 14:13:17.945186
0,1_1_179_798_2019-09-16 14:13:47.753922
1,1_1_191_803_2019-09-16 14:13:58.644987
1,1_1_179_813_2019-09-16 14:15:45.755965
1,1_1_191_807_2019-09-16 14:16:37.807656
0,1_1_179_779_2019-09-16 14:18:18.537318
0,1_1_191_805_2019-09-16 14:18:23.632781
1,1_1_191_778_2019-09-16 14:18:24.466434
0,1_1_179_790_2019-09-16 14:24:46.806256
0,1_1_179_794_2019-09-16 14:24:55.705560
0,1_1_191_785_2019-09-16 14:26:24.015874
0,1_1_191_780_2019-09-16 14:27:16.148072
0,1_1_191_793_2019-09-16 14:29:05.514415
1,1_1_191_812_2019-09-16 14:31:24.630418
1,1_1_191_786_2019-09-16 14:32:22.489689
0,1_1_191_811_2019-09-16 14:32:32.776957
1,1_1_191_784_2019-09-16 14:33:51.047152
0,1_1_191_792_2019-09-16 14:33:57.937060
1,1_1_191_804_2019-09-16 14:35:13.095878
1,1_1_191_806_2019-09-16 18:30:25.940720
0,1_1_191_778_2019-09-16 18:47:53.528070
2,1_1_191_808_2019-09-16 19:09:31.820510
2,1_1_191_792_2019-09-16 20:56:45.223990
2,1_1_178_823_2019-09-16 21:20:24.071921
2,1_1_179_791_2019-09-16 21:22:31.786649
0,1_1_179_798_2019-09-16 21:23:17.404556
2,1_1_178_828_2019-09-16 21:46:08.124170
2,1_1_179_800_2019-09-16 21:49:43.559253
2,1_1_191_784_2019-09-16 21:52:27.237973
2,1_1_193_829_2019-09-16 22:21:45.798633
2,1_1_191_782_2019-09-16 22:26:18.679102
2,1_1_194_818_2019-09-16 22:36:27.198368
2,1_1_194_826_2019-09-16 22:52:44.381368
2,1_1_191_778_2019-09-16 23:08:18.313846
2,1_1_178_817_2019-09-16 23:43:02.687235
2,1_1_191_808_2019-09-17 01:21:16.154985
2,1_1_178_824_2019-09-17 05:06:19.842191
1,1_1_178_828_2019-09-17 12:03:45.924429
1,1_1_178_823_2019-09-17 12:15:27.761694
1,1_1_194_826_2019-09-17 12:31:56.723001
0,1_1_178_817_2019-09-17 12:35:01.281936
1,1_1_191_789_2019-09-17 12:46:07.193451
0,1_1_193_819_2019-09-17 12:47:47.753676
1,1_1_179_815_2019-09-17 12:56:16.694206
1,1_1_179_800_2019-09-17 12:56:40.733153
1,1_1_193_820_2019-09-17 13:02:31.863615
1,1_1_178_824_2019-09-17 13:11:09.844169
1,1_1_193_825_2019-09-17 13:14:52.055057
1,1_1_179_799_2019-09-17 13:15:39.843790
1,1_1_193_827_2019-09-17 13:20:29.794566
1,1_1_179_787_2019-09-17 13:24:47.890546
1,1_1_193_816_2019-09-17 13:25:36.933184
1,1_1_193_829_2019-09-17 13:28:06.865077
1,1_1_191_808_2019-09-17 13:31:56.183119
0,1_1_179_791_2019-09-17 13:37:19.542307
0,1_1_179_788_2019-09-17 13:44:46.064006
1,1_1_179_796_2019-09-17 13:52:35.108487
1,1_1_179_810_2019-09-17 13:53:47.049991
1,1_1_191_802_2019-09-17 13:54:07.836050
0,1_1_194_822_2019-09-17 14:02:43.884434
1,1_1_179_813_2019-09-17 14:05:23.040686
1,1_1_179_779_2019-09-17 14:11:40.142288
1,1_1_179_794_2019-09-17 14:13:02.385416
1,1_1_179_809_2019-09-17 14:14:09.453275
0,1_1_191_805_2019-09-17 14:14:50.731302
0,1_1_179_777_2019-09-17 14:18:06.031255
0,1_1_179_801_2019-09-17 14:18:12.240062
1,1_1_191_811_2019-09-17 14:18:51.566237
1,1_1_179_798_2019-09-17 14:18:52.862489
1,1_1_191_792_2019-09-17 14:22:24.752048
1,1_1_191_782_2019-09-17 14:24:12.218808
1,1_1_179_790_2019-09-17 14:25:14.471717
0,1_1_179_797_2019-09-17 14:27:35.095572
1,1_1_179_783_2019-09-17 14:27:55.884636
0,1_1_191_778_2019-09-17 14:28:51.570056
1,1_1_191_806_2019-09-17 14:32:55.724355
1,1_1_191_803_2019-09-17 14:36:37.734358
0,1_1_191_784_2019-09-17 14:39:14.132601
1,1_1_191_807_2019-09-17 14:39:20.804820
1,1_1_191_795_2019-09-17 14:41:22.763220
0,1_1_191_780_2019-09-17 14:43:29.196773
1,1_1_191_785_2019-09-17 14:46:40.586911
1,1_1_191_812_2019-09-17 14:48:25.124577
1,1_1_191_804_2019-09-17 14:51:51.816130
1,1_1_191_786_2019-09-17 14:57:15.742453
0,1_1_191_793_2019-09-17 14:59:22.295724
1,1_1_193_819_2019-09-17 17:31:51.337750
1,1_1_193_827_2019-09-17 18:45:38.789943
2,1_1_179_791_2019-09-17 19:00:04.495553
2,1_1_178_823_2019-09-17 19:45:21.605752
0,1_1_191_804_2019-09-17 19:59:20.496810
2,1_1_178_817_2019-09-17 22:02:44.812745
2,1_1_178_828_2019-09-17 22:04:59.384640
2,1_1_179_810_2019-09-17 22:11:57.149735
2,1_1_179_788_2019-09-17 22:35:07.638727
2,1_1_194_818_2019-09-17 22:39:51.736486
2,1_1_179_787_2019-09-17 22:41:41.047750
2,1_1_191_806_2019-09-17 22:52:04.537546
2,1_1_178_828_2019-09-17 23:08:45.820342
2,1_1_194_826_2019-09-17 23:21:22.492348
2,1_1_193_816_2019-09-17 23:35:46.103295
2,1_1_178_824_2019-09-18 00:13:55.279278
2,1_1_194_822_2019-09-18 00:32:25.052297
2,1_1_179_810_2019-09-18 01:40:48.513727
1,1_1_178_828_2019-09-18 12:05:32.529552
0,1_1_178_817_2019-09-18 12:23:07.703748
1,1_1_193_825_2019-09-18 12:38:16.769174
2,1_1_194_826_2019-09-18 12:39:30.014037
1,1_1_178_823_2019-09-18 12:44:56.729284
1,1_1_191_789_2019-09-18 12:46:07.618752
1,1_1_193_819_2019-09-18 12:51:55.641427
1,1_1_193_829_2019-09-18 13:00:07.523394
1,1_1_193_820_2019-09-18 13:03:30.855912
0,1_1_193_816_2019-09-18 13:11:44.246969
1,1_1_179_799_2019-09-18 13:13:52.255260
1,1_1_178_824_2019-09-18 13:15:09.196191
1,1_1_193_827_2019-09-18 13:22:57.449059
1,1_1_191_808_2019-09-18 13:25:10.530427
1,1_1_179_800_2019-09-18 13:28:04.298297
1,1_1_179_815_2019-09-18 13:28:43.387523
1,1_1_194_821_2019-09-18 13:38:49.095888
1,1_1_179_797_2019-09-18 13:40:44.858318
0,1_1_179_796_2019-09-18 13:41:17.098464
1,1_1_179_787_2019-09-18 13:43:06.987568
1,1_1_179_783_2019-09-18 13:46:17.547427
0,1_1_194_818_2019-09-18 13:52:51.106367
0,1_1_179_794_2019-09-18 13:53:16.857294
0,1_1_179_809_2019-09-18 13:56:13.464260
1,1_1_179_810_2019-09-18 14:00:40.176966
0,1_1_179_777_2019-09-18 14:02:39.428587
0,1_1_179_801_2019-09-18 14:06:50.857649
1,1_1_191_785_2019-09-18 14:08:00.377350
1,1_1_179_790_2019-09-18 14:08:29.678445
1,1_1_179_798_2019-09-18 14:08:38.682318
1,1_1_179_788_2019-09-18 14:11:03.127282
0,1_1_179_779_2019-09-18 14:11:29.278745
0,1_1_191_803_2019-09-18 14:13:38.089939
1,1_1_191_782_2019-09-18 14:14:02.743910
1,1_1_191_812_2019-09-18 14:21:49.038675
0,1_1_179_813_2019-09-18 14:21:55.889707
1,1_1_191_778_2019-09-18 14:22:29.558481
1,1_1_191_806_2019-09-18 14:22:56.323923
0,1_1_191_811_2019-09-18 14:24:54.304897
1,1_1_191_802_2019-09-18 14:24:59.988261
1,1_1_191_795_2019-09-18 14:25:13.091679
1,1_1_191_792_2019-09-18 14:33:07.415472
0,1_1_191_784_2019-09-18 14:33:11.488486
0,1_1_191_807_2019-09-18 14:33:17.794583
0,1_1_191_805_2019-09-18 14:35:27.636157
1,1_1_191_786_2019-09-18 14:36:14.324665
0,1_1_191_780_2019-09-18 14:40:11.960683
0,1_1_191_793_2019-09-18 14:42:49.159726
0,1_1_191_804_2019-09-18 14:44:15.535468
1,1_1_194_826_2019-09-18 16:13:37.327584
1,1_1_193_816_2019-09-18 18:18:36.606934
2,1_1_191_780_2019-09-18 18:54:14.737164
0,1_1_179_781_2019-09-18 18:54:22.786768
2,1_1_179_794_2019-09-18 19:26:19.540854
2,1_1_194_826_2019-09-18 20:35:28.389014
2,1_1_193_829_2019-09-18 21:08:42.485781
2,1_1_193_819_2019-09-18 21:18:17.037419
2,1_1_191_780_2019-09-18 21:22:01.527209
2,1_1_191_805_2019-09-18 21:23:11.777774
2,1_1_191_782_2019-09-18 22:05:27.668328
2,1_1_193_820_2019-09-18 22:29:47.927076
2,1_1_178_823_2019-09-18 22:35:20.196042
2,1_1_178_817_2019-09-18 22:39:15.454455
2,1_1_179_815_2019-09-18 22:46:31.169900
0,1_1_193_827_2019-09-18 22:48:03.188830
2,1_1_193_825_2019-09-18 22:49:21.136367
2,1_1_179_800_2019-09-18 22:53:42.581007
2,1_1_194_822_2019-09-18 22:55:07.478871
2,1_1_194_821_2019-09-18 23:22:10.521644
2,1_1_191_789_2019-09-19 00:00:54.592529
2,1_1_193_819_2019-09-19 00:48:44.333527
2,1_1_178_823_2019-09-19 03:58:27.798985
2,1_1_194_822_2019-09-19 04:49:11.628251
1,1_1_178_828_2019-09-19 12:06:00.088346
1,1_1_178_823_2019-09-19 12:36:20.169983
1,1_1_191_789_2019-09-19 12:40:45.071733
0,1_1_178_817_2019-09-19 12:42:10.239054
1,1_1_193_819_2019-09-19 12:44:06.234550
1,1_1_193_820_2019-09-19 12:50:50.155600
0,1_1_194_826_2019-09-19 12:55:19.438713
1,1_1_178_824_2019-09-19 13:01:48.537094
1,1_1_193_825_2019-09-19 13:07:14.398745
0,1_1_193_816_2019-09-19 13:10:10.817697
1,1_1_179_799_2019-09-19 13:11:01.964587
1,1_1_193_829_2019-09-19 13:13:30.770768
1,1_1_191_785_2019-09-19 13:24:31.509323
0,1_1_194_818_2019-09-19 13:27:29.649318
1,1_1_179_787_2019-09-19 13:28:55.377552
1,1_1_194_822_2019-09-19 13:29:37.860734
1,1_1_179_810_2019-09-19 13:32:56.645006
1,1_1_194_821_2019-09-19 13:36:27.159080
1,1_1_179_800_2019-09-19 13:36:52.499701
1,1_1_191_808_2019-09-19 13:40:27.852698
1,1_1_179_783_2019-09-19 13:41:33.789049
0,1_1_179_788_2019-09-19 13:41:58.078997
0,1_1_179_781_2019-09-19 13:44:16.289625
1,1_1_193_827_2019-09-19 13:46:23.963637
1,1_1_179_797_2019-09-19 13:51:06.978734
1,1_1_179_796_2019-09-19 13:53:45.677936
0,1_1_179_791_2019-09-19 13:58:07.977680
1,1_1_179_813_2019-09-19 13:58:21.056289
1,1_1_179_794_2019-09-19 14:04:13.897988
1,1_1_179_779_2019-09-19 14:08:39.702341
0,1_1_179_798_2019-09-19 14:09:52.034183
0,1_1_179_777_2019-09-19 14:11:34.689668
0,1_1_179_801_2019-09-19 14:15:54.869995
1,1_1_191_812_2019-09-19 14:19:03.341668
1,1_1_191_802_2019-09-19 14:20:47.810198
1,1_1_179_809_2019-09-19 14:20:50.767907
0,1_1_191_803_2019-09-19 14:21:54.206568
0,1_1_179_790_2019-09-19 14:22:48.889046
1,1_1_191_778_2019-09-19 14:24:08.468750
0,1_1_191_782_2019-09-19 14:24:39.410365
0,1_1_191_795_2019-09-19 14:24:44.667840
1,1_1_191_807_2019-09-19 14:25:48.090268
0,1_1_191_780_2019-09-19 14:26:36.029996
0,1_1_191_805_2019-09-19 14:26:58.977864
0,1_1_191_811_2019-09-19 14:27:20.248745
1,1_1_191_786_2019-09-19 14:27:49.507171
1,1_1_191_784_2019-09-19 14:29:58.345744
1,1_1_191_793_2019-09-19 14:30:13.898593
1,1_1_191_792_2019-09-19 14:32:47.698247
0,1_1_191_806_2019-09-19 14:33:19.926779
1,1_1_191_804_2019-09-19 14:33:38.574707
1,1_1_194_821_2019-09-19 17:49:34.745353
1,1_1_191_795_2019-09-19 18:33:35.991688
1,1_1_193_820_2019-09-19 18:38:55.925657
0,1_1_191_778_2019-09-19 18:54:55.993637
2,1_1_179_790_2019-09-19 19:35:38.557662
0,1_1_179_790_2019-09-19 20:56:41.979050
2,1_1_178_823_2019-09-19 21:43:01.173412
2,1_1_178_824_2019-09-19 22:18:21.862184
2,1_1_178_828_2019-09-19 22:32:03.163940
2,1_1_193_819_2019-09-19 22:40:33.207321
2,1_1_191_778_2019-09-19 22:45:20.695183
2,1_1_179_799_2019-09-19 22:46:09.030615
2,1_1_193_825_2019-09-19 22:46:55.020556
2,1_1_194_821_2019-09-19 22:55:46.339252
2,1_1_179_783_2019-09-19 22:57:43.688678
2,1_1_179_788_2019-09-19 23:03:10.697771
2,1_1_193_829_2019-09-19 23:15:03.510082
2,1_1_179_810_2019-09-19 23:15:46.291039
2,1_1_178_828_2019-09-19 23:20:39.057873
2,1_1_193_816_2019-09-19 23:20:47.613251
2,1_1_178_823_2019-09-19 23:28:35.610894
2,1_1_194_821_2019-09-20 02:30:00.846209
2,1_1_178_824_2019-09-20 02:42:35.189196
2,1_1_178_823_2019-09-20 04:41:01.021170
1,1_1_178_828_2019-09-20 12:06:27.758133
1,1_1_178_823_2019-09-20 12:11:02.592940
0,1_1_178_817_2019-09-20 12:33:49.346393
1,1_1_191_789_2019-09-20 12:36:25.068439
1,1_1_193_819_2019-09-20 12:42:27.236544
1,1_1_194_826_2019-09-20 12:47:14.580116
0,1_1_193_829_2019-09-20 13:00:45.726761
0,1_1_179_799_2019-09-20 13:03:07.629850
1,1_1_194_822_2019-09-20 13:03:52.969614
1,1_1_193_825_2019-09-20 13:04:32.527686
0,1_1_193_816_2019-09-20 13:14:19.039055
1,1_1_178_824_2019-09-20 13:15:27.388056
0,1_1_193_827_2019-09-20 13:28:04.201789
1,1_1_193_820_2019-09-20 13:28:43.771593
0,1_1_194_818_2019-09-20 13:29:37.513969
0,1_1_179_788_2019-09-20 13:34:29.547885
1,1_1_179_815_2019-09-20 13:35:01.720420
1,1_1_191_785_2019-09-20 13:35:57.047104
1,1_1_179_781_2019-09-20 13:42:13.827847
1,1_1_179_797_2019-09-20 13:46:11.093540
0,1_1_179_794_2019-09-20 13:51:17.387791
1,1_1_194_821_2019-09-20 13:51:33.408273
0,1_1_179_796_2019-09-20 13:52:10.866534
1,1_1_191_808_2019-09-20 13:56:05.256106
1,1_1_179_809_2019-09-20 13:56:13.607206
0,1_1_179_783_2019-09-20 14:00:08.926402
0,1_1_179_787_2019-09-20 14:01:23.054070
0,1_1_179_777_2019-09-20 14:03:57.246848
1,1_1_179_779_2019-09-20 14:05:22.717073
1,1_1_179_798_2019-09-20 14:11:05.346764
1,1_1_191_806_2019-09-20 14:13:43.348333
1,1_1_179_791_2019-09-20 14:13:26.311159
0,1_1_179_801_2019-09-20 14:19:16.079533
1,1_1_191_803_2019-09-20 14:22:25.475516
1,1_1_191_782_2019-09-20 14:22:45.304517
0,1_1_179_790_2019-09-20 14:24:00.118081
0,1_1_179_813_2019-09-20 14:24:25.547002
1,1_1_191_795_2019-09-20 14:25:59.019552
0,1_1_179_810_2019-09-20 14:27:50.259728
1,1_1_191_778_2019-09-20 14:28:09.051921
0,1_1_191_807_2019-09-20 14:31:10.618653
1,1_1_191_802_2019-09-20 14:31:30.182045
0,1_1_191_812_2019-09-20 14:33:57.700170
1,1_1_191_805_2019-09-20 14:35:11.248194
1,1_1_191_811_2019-09-20 14:37:03.509766
1,1_1_191_780_2019-09-20 14:42:53.027809
0,1_1_191_793_2019-09-20 14:43:00.900602
0,1_1_191_804_2019-09-20 14:43:09.830779
1,1_1_191_786_2019-09-20 14:44:26.037940
1,1_1_191_792_2019-09-20 14:45:12.676995
0,1_1_179_783_2019-09-20 18:05:39.473960
0,1_1_194_818_2019-09-20 18:20:40.567484
0,1_1_193_820_2019-09-20 18:26:19.630366
0,1_1_191_812_2019-09-20 18:55:06.034117
1,1_1_179_777_2019-09-20 18:58:34.819372
2,1_1_178_823_2019-09-20 19:02:54.699453
0,1_1_193_829_2019-09-20 19:10:15.921364
0,1_1_179_799_2019-09-20 19:15:43.328709
2,1_1_191_789_2019-09-20 19:48:42.813096
2,1_1_193_816_2019-09-20 19:51:32.494559
2,1_1_193_819_2019-09-20 21:02:00.169191
0,1_1_179_810_2019-09-20 21:04:08.441087
2,1_1_178_828_2019-09-20 21:05:13.400982
2,1_1_178_823_2019-09-20 21:15:23.114248
2,1_1_191_784_2019-09-20 21:19:08.776216
2,1_1_193_825_2019-09-20 22:08:37.287966
2,1_1_179_779_2019-09-20 22:25:19.517552
2,1_1_179_791_2019-09-20 22:26:20.857668
2,1_1_178_824_2019-09-20 22:35:45.245231
2,1_1_179_796_2019-09-20 22:38:39.666027
2,1_1_193_827_2019-09-20 22:40:05.547798
2,1_1_179_798_2019-09-20 23:12:17.021630
2,1_1_193_816_2019-09-20 23:21:03.388754
2,1_1_194_818_2019-09-20 23:32:58.597008
2,1_1_178_817_2019-09-21 01:05:03.072065
2,1_1_194_821_2019-09-21 01:24:27.973984
2,1_1_178_823_2019-09-21 02:02:00.213111
2,1_1_178_823_2019-09-21 12:44:00.445107
2,1_1_194_821_2019-09-21 13:50:06.655992
2,1_1_194_821_2019-09-21 19:32:49.376406
2,1_1_193_820_2019-09-21 20:06:32.550487
2,1_1_178_824_2019-09-21 23:54:41.497934
1,1_1_178_823_2019-09-22 14:49:58.371479
2,1_1_194_821_2019-09-22 17:12:51.619487
2,1_1_193_819_2019-09-22 18:30:04.460590
2,1_1_179_783_2019-09-22 19:24:32.238252
0,1_1_178_828_2019-09-23 11:31:39.719754
1,1_1_178_823_2019-09-23 11:39:14.652629
1,1_1_194_826_2019-09-23 12:05:32.083490
1,1_1_194_822_2019-09-23 12:15:21.218787
0,1_1_179_810_2019-09-23 12:26:53.881051
1,1_1_194_821_2019-09-23 12:39:14.851338
1,1_1_193_819_2019-09-23 12:47:45.324639
0,1_1_193_820_2019-09-23 12:52:59.855295
1,1_1_179_799_2019-09-23 12:52:37.885310
1,1_1_191_789_2019-09-23 12:57:54.850497
1,1_1_193_827_2019-09-23 13:04:44.024829
0,1_1_193_825_2019-09-23 13:08:04.741985
1,1_1_193_829_2019-09-23 13:11:30.327078
1,1_1_178_824_2019-09-23 13:22:38.417707
0,1_1_193_816_2019-09-23 13:25:29.218643
0,1_1_179_788_2019-09-23 13:25:42.817615
1,1_1_179_787_2019-09-23 13:25:46.582960
1,1_1_191_785_2019-09-23 13:26:41.296396
1,1_1_179_791_2019-09-23 13:32:37.873222
1,1_1_178_817_2019-09-23 13:36:27.778621
0,1_1_194_818_2019-09-23 13:37:51.061333
1,1_1_179_797_2019-09-23 13:39:12.815136
1,1_1_179_800_2019-09-23 13:40:20.932338
0,1_1_179_809_2019-09-23 13:47:27.774257
0,1_1_191_803_2019-09-23 13:52:54.757942
0,1_1_179_777_2019-09-23 13:54:43.692025
1,1_1_179_781_2019-09-23 13:55:44.720650
1,1_1_179_794_2019-09-23 14:03:33.975906
1,1_1_179_779_2019-09-23 14:09:35.519176
1,1_1_179_796_2019-09-23 14:11:18.136954
0,1_1_179_783_2019-09-23 14:15:51.457828
1,1_1_191_782_2019-09-23 14:17:06.526087
0,1_1_179_790_2019-09-23 14:17:59.450638
0,1_1_191_780_2019-09-23 14:19:11.575384
0,1_1_179_801_2019-09-23 14:21:02.397507
1,1_1_191_807_2019-09-23 14:23:25.971610
0,1_1_191_795_2019-09-23 14:23:22.363927
0,1_1_191_792_2019-09-23 14:25:00.081108
1,1_1_191_806_2019-09-23 14:26:30.367031
0,1_1_191_812_2019-09-23 14:28:30.431242
1,1_1_191_802_2019-09-23 14:28:45.184865
1,1_1_191_778_2019-09-23 14:29:17.119182
1,1_1_191_786_2019-09-23 14:29:54.238829
1,1_1_191_805_2019-09-23 14:32:05.393147
1,1_1_191_784_2019-09-23 14:32:47.674715
0,1_1_191_804_2019-09-23 14:33:54.597177
0,1_1_191_811_2019-09-23 14:37:31.542284
1,1_1_191_793_2019-09-23 14:39:20.245304
2,1_1_179_810_2019-09-23 16:51:06.873966
0,1_1_193_820_2019-09-23 17:51:22.544087
0,1_1_179_810_2019-09-23 18:10:08.699963
0,1_1_179_798_2019-09-23 18:40:32.771182
1,1_1_179_783_2019-09-23 18:52:58.762032
0,1_1_193_829_2019-09-23 19:39:32.312204
2,1_1_194_818_2019-09-23 19:40:14.865590
2,1_1_191_812_2019-09-23 20:00:54.734987
2,1_1_178_823_2019-09-23 20:05:02.047199
2,1_1_179_796_2019-09-23 21:32:12.152842
2,1_1_178_828_2019-09-23 21:57:08.097762
2,1_1_193_827_2019-09-23 22:00:10.725682
2,1_1_178_817_2019-09-23 22:07:58.333682
2,1_1_193_825_2019-09-23 22:13:03.520802
2,1_1_194_826_2019-09-23 22:26:00.201440
2,1_1_193_819_2019-09-23 22:39:39.114300
2,1_1_178_824_2019-09-23 22:48:39.196057
2,1_1_194_821_2019-09-23 22:57:48.711495
2,1_1_191_811_2019-09-23 23:04:18.463736
2,1_1_179_787_2019-09-23 23:11:16.506183
2,1_1_179_781_2019-09-23 23:16:42.337088
2,1_1_191_792_2019-09-23 23:39:59.324858
2,1_1_179_777_2019-09-23 23:47:12.405417
2,1_1_193_819_2019-09-23 23:51:06.298229
2,1_1_193_816_2019-09-24 00:01:07.188138
2,1_1_178_823_2019-09-24 01:15:48.953733
2,1_1_178_823_2019-09-24 05:39:54.456203
1,1_1_193_825_2019-09-24 12:05:05.414684
1,1_1_194_826_2019-09-24 12:22:44.469090
1,1_1_194_822_2019-09-24 12:37:05.255049
1,1_1_191_789_2019-09-24 12:45:14.576815
1,1_1_178_823_2019-09-24 12:46:48.878474
1,1_1_193_819_2019-09-24 12:52:32.416417
1,1_1_193_820_2019-09-24 13:02:39.044655
1,1_1_193_827_2019-09-24 13:02:41.466732
1,1_1_178_824_2019-09-24 13:03:23.080286
2,1_1_194_821_2019-09-24 13:20:25.836982
0,1_1_193_816_2019-09-24 13:23:03.168828
1,1_1_179_797_2019-09-24 13:23:03.172612
0,1_1_179_799_2019-09-24 13:23:30.460926
1,1_1_191_785_2019-09-24 13:24:30.857695
1,1_1_193_829_2019-09-24 13:25:17.239647
1,1_1_179_787_2019-09-24 13:29:53.105769
1,1_1_179_791_2019-09-24 13:30:23.481582
1,1_1_194_818_2019-09-24 13:36:39.586521
0,1_1_179_788_2019-09-24 13:38:09.382645
1,1_1_179_790_2019-09-24 13:38:33.777209
1,1_1_179_810_2019-09-24 13:40:22.869106
1,1_1_179_783_2019-09-24 13:40:58.767679
0,1_1_179_796_2019-09-24 13:41:36.031071
1,1_1_179_815_2019-09-24 13:42:38.987998
0,1_1_179_801_2019-09-24 13:45:24.718928
1,1_1_179_798_2019-09-24 13:49:50.538663
1,1_1_191_808_2019-09-24 13:52:03.664477
1,1_1_179_794_2019-09-24 13:54:22.102350
2,1_1_179_809_2019-09-24 13:55:00.696736
0,1_1_179_777_2019-09-24 13:55:26.395027
2,1_1_179_800_2019-09-24 13:56:30.311617
0,1_1_191_803_2019-09-24 14:00:19.720215
0,1_1_191_812_2019-09-24 14:01:03.093761
1,1_1_191_782_2019-09-24 14:04:57.246789
1,1_1_179_813_2019-09-24 14:07:14.611045
1,1_1_179_779_2019-09-24 14:07:46.227158
0,1_1_191_807_2019-09-24 14:10:00.274187
0,1_1_191_802_2019-09-24 14:11:36.617515
0,1_1_191_792_2019-09-24 14:14:21.697953
0,1_1_191_778_2019-09-24 14:15:57.496737
1,1_1_191_780_2019-09-24 14:19:57.649107
0,1_1_191_805_2019-09-24 14:20:19.675043
0,1_1_191_795_2019-09-24 14:20:46.024706
0,1_1_191_811_2019-09-24 14:20:47.103778
1,1_1_191_806_2019-09-24 14:21:49.978060
0,1_1_178_828_2019-09-24 14:21:54.755434
0,1_1_191_786_2019-09-24 14:33:15.043303
1,1_1_191_784_2019-09-24 14:35:01.437519
1,1_1_191_804_2019-09-24 14:38:02.955560
1,1_1_191_793_2019-09-24 14:39:59.368917
0,1_1_179_781_2019-09-24 15:12:37.771486
1,1_1_179_809_2019-09-24 15:34:52.469665
0,1_1_193_827_2019-09-24 17:49:56.497123
2,1_1_194_821_2019-09-24 17:51:07.029909
0,1_1_194_818_2019-09-24 18:33:27.773109
2,1_1_191_811_2019-09-24 18:44:33.414952
0,1_1_193_820_2019-09-24 18:52:31.195106
0,1_1_179_801_2019-09-24 18:53:49.450038
2,1_1_179_800_2019-09-24 19:14:50.859895
2,1_1_179_799_2019-09-24 19:55:02.823678
2,1_1_194_821_2019-09-24 19:59:57.055113
2,1_1_193_819_2019-09-24 20:45:53.067150
2,1_1_179_781_2019-09-24 21:30:00.823629
2,1_1_191_778_2019-09-24 21:34:29.773991
2,1_1_193_825_2019-09-24 21:39:13.969243
2,1_1_191_782_2019-09-24 22:15:02.106507
2,1_1_178_823_2019-09-24 22:40:02.553104
2,1_1_193_816_2019-09-24 22:42:19.239918
2,1_1_178_824_2019-09-24 23:15:06.374011
2,1_1_193_827_2019-09-24 23:16:37.622782
2,1_1_193_819_2019-09-25 01:20:01.648573
2,1_1_194_822_2019-09-25 03:43:35.268168
2,1_1_178_817_2019-09-25 04:36:10.958915
1,1_1_178_828_2019-09-25 12:03:51.824547
0,1_1_194_826_2019-09-25 12:14:04.237561
1,1_1_178_823_2019-09-25 12:20:00.763865
1,1_1_194_822_2019-09-25 12:42:16.621465
1,1_1_191_789_2019-09-25 12:44:19.824969
0,1_1_178_824_2019-09-25 12:50:43.679845
1,1_1_193_825_2019-09-25 13:02:21.514498
1,1_1_193_819_2019-09-25 13:04:33.214415
1,1_1_193_827_2019-09-25 13:04:51.175943
1,1_1_179_799_2019-09-25 13:08:20.093211
1,1_1_193_816_2019-09-25 13:19:34.371765
1,1_1_179_781_2019-09-25 13:19:52.511093
1,1_1_193_820_2019-09-25 13:23:47.927118
1,1_1_179_787_2019-09-25 13:26:55.507034
1,1_1_193_829_2019-09-25 13:27:42.369053
1,1_1_194_821_2019-09-25 13:33:18.143806
1,1_1_179_797_2019-09-25 13:39:08.359585
1,1_1_179_777_2019-09-25 13:42:57.154803
0,1_1_194_818_2019-09-25 13:44:44.010274
1,1_1_179_800_2019-09-25 13:46:31.255238
0,1_1_191_795_2019-09-25 13:50:09.134667
0,1_1_179_794_2019-09-25 13:53:18.835742
0,1_1_179_810_2019-09-25 13:54:25.585950
1,1_1_179_788_2019-09-25 13:54:59.110936
1,1_1_179_791_2019-09-25 13:55:36.431923
0,1_1_179_796_2019-09-25 13:57:29.822555
1,1_1_179_798_2019-09-25 14:02:47.520686
1,1_1_179_783_2019-09-25 14:04:45.331023
1,1_1_179_809_2019-09-25 14:05:15.236718
1,1_1_179_779_2019-09-25 14:07:48.538669
1,1_1_179_801_2019-09-25 14:09:14.440767
1,1_1_179_790_2019-09-25 14:12:23.482910
0,1_1_191_803_2019-09-25 14:18:11.160793
1,1_1_191_802_2019-09-25 14:19:17.914718
0,1_1_191_782_2019-09-25 14:20:23.813404
1,1_1_191_785_2019-09-25 14:20:40.159467
0,1_1_191_778_2019-09-25 14:21:58.602850
0,1_1_191_812_2019-09-25 14:24:37.230251
1,1_1_191_807_2019-09-25 14:24:46.960603
1,1_1_191_780_2019-09-25 14:27:52.108430
0,1_1_191_792_2019-09-25 14:28:40.614279
1,1_1_191_808_2019-09-25 14:30:36.863070
0,1_1_191_811_2019-09-25 14:32:46.340633
1,1_1_191_805_2019-09-25 14:33:26.382548
1,1_1_191_793_2019-09-25 14:36:15.366146
0,1_1_191_804_2019-09-25 14:37:43.639454
1,1_1_191_786_2019-09-25 14:39:32.024435
1,1_1_191_784_2019-09-25 14:39:32.612818
2,1_1_178_824_2019-09-25 18:28:40.217110
0,1_1_178_823_2019-09-25 18:40:48.506908
0,1_1_179_790_2019-09-25 18:48:03.583157
2,1_1_194_818_2019-09-25 19:15:22.081990
2,1_1_191_808_2019-09-25 20:17:23.985867
2,1_1_191_795_2019-09-25 20:35:39.104565
2,1_1_191_803_2019-09-25 21:32:07.448813
2,1_1_179_791_2019-09-25 21:51:07.190077
2,1_1_191_786_2019-09-25 22:00:58.549219
2,1_1_193_819_2019-09-25 22:37:17.204383
2,1_1_178_817_2019-09-25 22:42:02.483760
2,1_1_193_820_2019-09-25 22:48:46.793760
2,1_1_178_824_2019-09-25 22:50:51.420912
2,1_1_193_825_2019-09-25 22:57:38.188441
2,1_1_178_823_2019-09-25 23:22:58.273026
2,1_1_193_829_2019-09-25 23:58:20.991039
2,1_1_194_822_2019-09-26 04:50:03.206205
2,1_1_178_823_2019-09-26 05:22:25.692067
0,1_1_178_828_2019-09-26 11:58:47.797548
1,1_1_178_817_2019-09-26 12:00:11.177766
1,1_1_178_823_2019-09-26 12:14:09.826849
1,1_1_194_826_2019-09-26 12:36:20.177684
1,1_1_193_819_2019-09-26 12:44:07.376076
1,1_1_191_789_2019-09-26 12:44:32.126428
1,1_1_193_825_2019-09-26 12:55:43.329088
0,1_1_193_829_2019-09-26 13:00:34.434795
1,1_1_193_820_2019-09-26 13:04:21.425202
1,1_1_179_815_2019-09-26 13:05:13.208935
1,1_1_193_827_2019-09-26 13:12:00.426056
0,1_1_193_816_2019-09-26 13:21:28.598253
1,1_1_178_824_2019-09-26 13:21:52.539687
1,1_1_191_785_2019-09-26 13:26:32.810519
0,1_1_179_800_2019-09-26 13:26:31.144831
0,1_1_194_822_2019-09-26 13:30:57.164457
1,1_1_179_787_2019-09-26 13:33:21.425565
1,1_1_179_799_2019-09-26 13:35:33.381851
0,1_1_194_821_2019-09-26 13:35:35.867729
0,1_1_194_818_2019-09-26 13:37:18.358300
0,1_1_179_777_2019-09-26 13:38:48.216230
0,1_1_179_797_2019-09-26 13:41:26.154164
0,1_1_179_810_2019-09-26 13:49:09.741191
1,1_1_179_813_2019-09-26 13:49:55.787969
1,1_1_179_796_2019-09-26 13:53:52.963428
1,1_1_191_808_2019-09-26 13:56:15.196812
1,1_1_179_788_2019-09-26 13:58:16.937545
0,1_1_179_801_2019-09-26 14:04:27.180243
1,1_1_179_798_2019-09-26 14:05:02.181993
1,1_1_179_794_2019-09-26 14:05:47.579274
1,1_1_179_783_2019-09-26 14:08:49.587537
0,1_1_179_791_2019-09-26 14:10:46.528818
0,1_1_179_790_2019-09-26 14:11:56.087528
2,1_1_191_795_2019-09-26 14:16:09.267970
0,1_1_191_802_2019-09-26 14:18:10.987878
0,1_1_179_809_2019-09-26 14:19:34.048932
1,1_1_179_779_2019-09-26 14:20:19.419263
1,1_1_191_803_2019-09-26 14:20:40.510111
0,1_1_191_780_2019-09-26 14:23:09.866066
0,1_1_191_811_2019-09-26 14:24:43.959999
0,1_1_191_778_2019-09-26 14:25:02.180367
0,1_1_191_807_2019-09-26 14:27:27.387729
0,1_1_191_806_2019-09-26 14:27:27.716909
1,1_1_191_812_2019-09-26 14:27:46.891959
1,1_1_191_805_2019-09-26 14:28:03.991014
1,1_1_191_792_2019-09-26 14:29:52.195515
0,1_1_191_786_2019-09-26 14:30:44.579722
0,1_1_191_804_2019-09-26 14:30:53.550339
1,1_1_191_793_2019-09-26 14:31:00.246820
1,1_1_191_784_2019-09-26 14:31:40.169198
1,1_1_191_782_2019-09-26 14:34:41.523894
0,1_1_191_795_2019-09-26 17:33:51.334796
1,1_1_193_827_2019-09-26 17:56:30.478396
0,1_1_193_816_2019-09-26 18:14:32.051625
0,1_1_191_812_2019-09-26 18:45:39.106947
0,1_1_179_777_2019-09-26 19:03:11.412391
0,1_1_191_780_2019-09-26 19:42:41.369962
2,1_1_194_818_2019-09-26 20:45:12.130920
2,1_1_179_797_2019-09-26 21:26:22.408192
2,1_1_179_810_2019-09-26 21:29:34.238938
2,1_1_193_820_2019-09-26 21:57:55.722540
2,1_1_178_823_2019-09-26 22:10:19.588552
2,1_1_179_800_2019-09-26 22:11:31.370117
2,1_1_193_819_2019-09-26 22:43:35.550468
2,1_1_194_826_2019-09-26 22:53:11.250250
2,1_1_191_795_2019-09-26 23:16:13.039991
2,1_1_193_829_2019-09-26 23:23:12.247917
2,1_1_178_828_2019-09-26 23:29:20.516888
2,1_1_194_821_2019-09-26 23:55:04.659497
2,1_1_194_822_2019-09-26 23:58:14.910661
2,1_1_194_818_2019-09-27 00:22:51.528994
2,1_1_193_825_2019-09-27 00:51:40.969533
2,1_1_194_826_2019-09-27 01:04:48.458308
2,1_1_178_828_2019-09-27 12:05:06.209049
1,1_1_178_823_2019-09-27 12:43:15.138831
0,1_1_178_817_2019-09-27 13:37:17.416303
1,1_1_193_819_2019-09-27 13:50:11.219107
1,1_1_193_820_2019-09-27 13:53:52.559873
0,1_1_194_821_2019-09-27 14:05:20.969667
0,1_1_179_810_2019-09-27 14:06:21.666590
2,1_1_179_777_2019-09-27 14:13:28.370544
0,1_1_193_825_2019-09-27 14:35:05.341173
0,1_1_178_824_2019-09-27 14:39:57.179784
1,1_1_193_816_2019-09-27 14:52:30.439094
2,1_1_178_828_2019-09-27 15:22:16.329177
2,1_1_193_827_2019-09-27 15:29:31.859870
0,1_1_193_829_2019-09-27 15:29:19.794341
1,1_1_194_826_2019-09-27 15:30:07.200861
2,1_1_194_822_2019-09-27 15:36:59.061311
2,1_1_194_818_2019-09-27 15:45:53.910421
1,1_1_179_800_2019-09-27 16:10:09.531129
2,1_1_179_783_2019-09-27 16:17:41.671108
0,1_1_179_777_2019-09-27 16:31:31.578448
0,1_1_179_809_2019-09-27 16:55:05.486491
0,1_1_179_794_2019-09-27 17:07:27.240933
0,1_1_179_791_2019-09-27 17:14:16.445058
0,1_1_179_815_2019-09-27 17:19:03.730241
2,1_1_193_829_2019-09-27 19:04:36.940862
2,1_1_178_828_2019-09-27 20:04:33.449475
2,1_1_179_788_2019-09-27 20:51:01.956772
2,1_1_193_816_2019-09-27 21:02:52.917679
2,1_1_193_820_2019-09-27 22:03:14.733340
2,1_1_194_822_2019-09-27 22:05:32.201082
2,1_1_193_825_2019-09-28 00:12:08.270260
2,1_1_194_822_2019-09-28 20:38:20.734965
2,1_1_193_827_2019-09-28 20:50:34.143480
2,1_1_178_828_2019-09-28 22:10:19.844525
2,1_1_194_821_2019-09-29 16:20:54.190899
0,1_1_194_822_2019-09-29 17:03:24.853721
1,1_1_178_823_2019-09-30 11:15:56.141712
0,1_1_178_828_2019-09-30 11:54:19.832359
1,1_1_178_817_2019-09-30 12:07:52.404021
1,1_1_194_826_2019-09-30 12:27:11.342162
1,1_1_194_822_2019-09-30 12:33:36.312187
0,1_1_179_781_2019-09-30 12:40:18.408050
0,1_1_193_829_2019-09-30 12:43:34.671794
1,1_1_193_819_2019-09-30 12:44:20.734573
1,1_1_191_789_2019-09-30 12:48:37.050233
1,1_1_193_820_2019-09-30 12:48:58.224579
1,1_1_193_827_2019-09-30 13:06:35.271420
0,1_1_179_799_2019-09-30 13:09:24.198139
0,1_1_193_825_2019-09-30 13:14:17.132576
1,1_1_193_816_2019-09-30 13:21:35.933629
0,1_1_194_821_2019-09-30 13:25:00.895625
1,1_1_194_818_2019-09-30 13:25:03.464502
1,1_1_191_785_2019-09-30 13:37:14.143240
1,1_1_179_796_2019-09-30 13:38:49.486245
0,1_1_179_794_2019-09-30 13:41:36.068639
1,1_1_179_783_2019-09-30 13:44:42.973672
1,1_1_179_788_2019-09-30 13:45:18.942773
0,1_1_179_800_2019-09-30 13:45:55.056376
0,1_1_179_798_2019-09-30 13:47:19.033289
0,1_1_179_810_2019-09-30 13:51:32.562845
1,1_1_179_815_2019-09-30 13:53:32.732494
1,1_1_179_777_2019-09-30 13:59:06.716006
1,1_1_178_824_2019-09-30 14:04:47.102337
1,1_1_179_791_2019-09-30 14:07:11.943414
0,1_1_179_787_2019-09-30 14:07:05.273153
1,1_1_179_809_2019-09-30 14:08:03.693272
1,1_1_179_797_2019-09-30 14:08:51.835366
1,1_1_191_803_2019-09-30 14:09:32.089774
0,1_1_179_801_2019-09-30 14:11:09.420205
1,1_1_179_790_2019-09-30 14:11:51.861313
0,1_1_191_795_2019-09-30 14:14:35.945748
0,1_1_179_813_2019-09-30 14:14:55.966031
0,1_1_179_779_2019-09-30 14:16:57.141472
0,1_1_191_782_2019-09-30 14:17:07.821435
1,1_1_191_812_2019-09-30 14:20:19.800532
0,1_1_191_792_2019-09-30 14:21:04.332056
0,1_1_191_811_2019-09-30 14:21:07.052296
1,1_1_191_805_2019-09-30 14:21:36.042528
0,1_1_191_804_2019-09-30 14:23:00.058258
1,1_1_191_784_2019-09-30 14:23:38.355209
0,1_1_191_807_2019-09-30 14:25:10.885633
1,1_1_191_806_2019-09-30 14:25:30.426507
0,1_1_191_780_2019-09-30 14:27:32.436264
1,1_1_191_808_2019-09-30 14:30:34.263507
1,1_1_191_778_2019-09-30 14:32:28.234555
0,1_1_191_802_2019-09-30 14:33:24.792950
1,1_1_191_793_2019-09-30 14:33:06.658099
1,1_1_191_786_2019-09-30 14:37:04.202878
2,1_1_179_783_2019-09-30 19:32:29.124268
2,1_1_193_820_2019-09-30 19:42:21.053710
2,1_1_191_795_2019-09-30 19:55:16.416957
2,1_1_178_817_2019-09-30 22:06:19.863914
2,1_1_193_825_2019-09-30 22:09:02.347723
2,1_1_179_799_2019-09-30 22:11:40.558498
2,1_1_178_823_2019-09-30 22:15:20.742086
2,1_1_193_827_2019-09-30 22:20:42.675831
2,1_1_194_821_2019-09-30 23:01:48.139410
2,1_1_193_819_2019-09-30 23:02:18.560696
2,1_1_178_824_2019-09-30 23:14:53.214354
2,1_1_194_822_2019-09-30 23:33:28.575017
2,1_1_178_828_2019-10-01 00:23:00.051097
2,1_1_178_823_2019-10-01 04:07:03.025037
1,1_1_178_817_2019-10-01 11:49:32.303613
0,1_1_178_828_2019-10-01 12:12:07.685395
1,1_1_194_826_2019-10-01 12:40:38.895296
1,1_1_178_823_2019-10-01 12:42:17.654763
1,1_1_193_819_2019-10-01 12:44:43.752881
1,1_1_191_789_2019-10-01 12:49:36.305001
1,1_1_193_825_2019-10-01 12:59:38.115018
1,1_1_193_820_2019-10-01 13:02:49.535631
0,1_1_179_799_2019-10-01 13:09:05.652076
1,1_1_179_810_2019-10-01 13:12:58.674494
0,1_1_193_829_2019-10-01 13:18:34.424685
0,1_1_179_800_2019-10-01 13:19:18.846124
1,1_1_193_816_2019-10-01 13:21:16.003056
0,1_1_194_822_2019-10-01 13:28:46.230985
0,1_1_193_827_2019-10-01 13:27:32.696755
1,1_1_194_818_2019-10-01 13:29:54.652149
0,1_1_179_813_2019-10-01 13:30:40.019002
0,1_1_179_794_2019-10-01 13:31:05.256776
1,1_1_179_797_2019-10-01 13:32:12.465693
0,1_1_179_809_2019-10-01 13:34:32.434747
1,1_1_191_795_2019-10-01 13:35:11.558766
1,1_1_179_815_2019-10-01 13:39:25.335382
0,1_1_191_780_2019-10-01 13:35:53.130790
1,1_1_179_781_2019-10-01 13:48:23.845070
0,1_1_179_798_2019-10-01 13:48:38.077747
0,1_1_179_796_2019-10-01 13:59:42.084594
1,1_1_179_777_2019-10-01 14:00:20.754436
1,1_1_191_785_2019-10-01 14:09:01.026959
1,1_1_179_787_2019-10-01 14:10:17.741673
0,1_1_179_791_2019-10-01 14:10:26.633725
0,1_1_179_788_2019-10-01 14:12:08.922265
0,1_1_179_790_2019-10-01 14:19:44.725160
0,1_1_191_802_2019-10-01 14:22:42.354151
1,1_1_191_807_2019-10-01 14:23:39.565706
1,1_1_179_779_2019-10-01 14:27:16.010857
1,1_1_191_808_2019-10-01 14:27:44.242001
1,1_1_179_783_2019-10-01 14:30:05.911546
0,1_1_191_778_2019-10-01 14:31:21.585529
0,1_1_179_801_2019-10-01 14:32:30.195426
0,1_1_191_806_2019-10-01 14:35:08.864975
1,1_1_191_805_2019-10-01 14:36:54.030215
1,1_1_191_782_2019-10-01 14:37:21.264000
1,1_1_191_793_2019-10-01 14:38:39.076766
1,1_1_191_811_2019-10-01 14:39:38.409180
0,1_1_191_792_2019-10-01 14:40:23.543802
0,1_1_191_804_2019-10-01 14:46:50.434187
1,1_1_191_784_2019-10-01 14:49:46.557367
1,1_1_191_786_2019-10-01 14:50:47.875672
1,1_1_191_803_2019-10-01 15:06:39.754031
1,1_1_191_782_2019-10-01 18:42:20.010503
0,1_1_179_809_2019-10-01 19:28:12.933242
0,1_1_194_822_2019-10-01 19:44:21.257847
2,1_1_191_792_2019-10-01 20:02:08.601551
2,1_1_193_827_2019-10-01 21:25:37.092691
2,1_1_178_817_2019-10-01 22:05:59.542745
2,1_1_193_820_2019-10-01 22:26:36.493459
2,1_1_193_819_2019-10-01 22:43:30.992161
2,1_1_178_823_2019-10-01 22:51:15.221309
2,1_1_178_824_2019-10-01 23:41:08.562975
2,1_1_194_826_2019-10-01 23:49:17.529343
2,1_1_178_828_2019-10-02 00:05:00.304485
2,1_1_194_821_2019-10-02 00:28:17.534669
2,1_1_194_818_2019-10-02 00:38:07.184740
2,1_1_178_823_2019-10-02 03:31:42.582714
1,1_1_178_828_2019-10-02 12:09:34.005572
0,1_1_178_817_2019-10-02 12:27:01.846193
2,1_1_193_825_2019-10-02 12:37:41.375962
1,1_1_194_826_2019-10-02 12:39:47.344132
1,1_1_178_823_2019-10-02 12:43:36.071806
1,1_1_191_789_2019-10-02 12:45:04.623844
0,1_1_193_816_2019-10-02 12:57:09.563558
1,1_1_193_820_2019-10-02 13:03:24.634987
1,1_1_178_824_2019-10-02 13:08:27.211068
0,1_1_194_821_2019-10-02 13:21:43.181967
1,1_1_193_827_2019-10-02 13:23:46.514421
1,1_1_193_819_2019-10-02 13:24:42.994814
0,1_1_193_829_2019-10-02 13:28:44.348883
0,1_1_194_818_2019-10-02 13:30:29.674160
1,1_1_179_797_2019-10-02 13:30:42.433658
0,1_1_179_796_2019-10-02 13:31:58.063620
0,1_1_194_822_2019-10-02 13:35:03.101066
0,1_1_191_780_2019-10-02 13:39:41.496118
1,1_1_179_815_2019-10-02 13:42:06.824262
1,1_1_179_800_2019-10-02 13:45:11.571683
0,1_1_179_781_2019-10-02 13:50:30.525279
1,1_1_191_808_2019-10-02 13:56:39.887209
0,1_1_191_803_2019-10-02 13:58:24.822136
0,1_1_179_799_2019-10-02 13:58:42.214063
1,1_1_191_785_2019-10-02 13:59:33.365532
1,1_1_179_777_2019-10-02 14:02:49.684941
0,1_1_179_788_2019-10-02 14:03:11.803869
1,1_1_179_791_2019-10-02 14:06:21.024716
0,1_1_179_810_2019-10-02 14:07:04.933738
1,1_1_179_813_2019-10-02 14:07:49.965336
1,1_1_179_779_2019-10-02 14:08:28.892692
1,1_1_179_809_2019-10-02 14:08:49.104086
0,1_1_179_794_2019-10-02 14:09:30.254705
1,1_1_179_801_2019-10-02 14:11:37.102595
0,1_1_191_812_2019-10-02 14:11:47.514693
2,1_1_179_798_2019-10-02 14:13:59.494259
1,1_1_179_787_2019-10-02 14:15:40.270684
1,1_1_191_807_2019-10-02 14:20:35.565472
0,1_1_179_790_2019-10-02 14:25:51.132899
0,1_1_191_795_2019-10-02 14:27:23.092398
1,1_1_179_783_2019-10-02 14:27:15.764417
0,1_1_191_782_2019-10-02 14:33:36.286894
1,1_1_191_802_2019-10-02 14:34:35.564465
0,1_1_191_793_2019-10-02 14:34:42.304348
1,1_1_191_778_2019-10-02 14:35:33.695735
1,1_1_191_806_2019-10-02 14:36:19.143202
1,1_1_191_811_2019-10-02 14:37:32.203331
1,1_1_191_792_2019-10-02 14:38:37.372073
0,1_1_191_805_2019-10-02 14:40:53.375989
0,1_1_191_804_2019-10-02 14:44:08.844833
0,1_1_191_786_2019-10-02 14:46:39.064231
0,1_1_191_784_2019-10-02 14:49:02.988220
2,1_1_193_825_2019-10-02 17:12:29.701217
2,1_1_191_786_2019-10-02 17:53:46.236319
0,1_1_178_828_2019-10-02 17:58:38.933394
1,1_1_179_798_2019-10-02 18:15:08.041659
2,1_1_193_829_2019-10-02 18:19:21.862398
2,1_1_193_816_2019-10-02 18:29:21.903793
2,1_1_191_805_2019-10-02 18:31:37.089690
1,1_1_191_780_2019-10-02 18:33:02.047055
2,1_1_193_825_2019-10-02 19:06:38.256910
2,1_1_194_822_2019-10-02 19:30:15.950493
2,1_1_193_820_2019-10-02 19:50:58.128442
2,1_1_193_829_2019-10-02 20:02:19.813343
2,1_1_179_790_2019-10-02 20:34:14.815126
2,1_1_191_784_2019-10-02 20:52:23.197411
2,1_1_191_786_2019-10-02 21:14:04.739781
2,1_1_194_821_2019-10-02 21:51:59.542611
2,1_1_179_791_2019-10-02 22:26:26.084214
2,1_1_178_823_2019-10-02 22:55:31.872640
2,1_1_193_825_2019-10-02 22:59:53.373706
2,1_1_193_827_2019-10-02 23:02:13.705581
2,1_1_178_824_2019-10-02 23:16:39.078604
2,1_1_194_818_2019-10-02 23:19:10.339800
2,1_1_194_826_2019-10-02 23:19:48.588736
2,1_1_179_796_2019-10-02 23:28:42.195779
2,1_1_193_829_2019-10-02 23:41:47.279698
2,1_1_193_827_2019-10-03 00:13:51.577636
2,1_1_193_816_2019-10-03 00:14:57.910775
2,1_1_193_819_2019-10-03 00:17:10.068478
2,1_1_191_795_2019-10-03 00:38:34.210187
2,1_1_178_823_2019-10-03 03:08:19.144530
2,1_1_194_822_2019-10-03 04:23:38.283827
1,1_1_178_828_2019-10-03 11:18:00.682365
1,1_1_193_825_2019-10-03 11:59:00.103583
0,1_1_178_817_2019-10-03 12:08:14.353308
1,1_1_194_826_2019-10-03 12:35:15.333974
1,1_1_178_823_2019-10-03 12:42:20.671619
1,1_1_191_789_2019-10-03 12:46:47.257530
1,1_1_193_819_2019-10-03 12:49:30.374427
1,1_1_193_829_2019-10-03 12:54:34.562294
1,1_1_193_820_2019-10-03 13:03:16.682158
0,1_1_178_824_2019-10-03 13:06:04.422053
0,1_1_179_810_2019-10-03 13:17:05.642897
0,1_1_193_816_2019-10-03 13:22:10.950305
0,1_1_193_827_2019-10-03 13:23:42.252277
1,1_1_179_787_2019-10-03 13:27:39.204301
1,1_1_179_798_2019-10-03 13:28:30.306013
1,1_1_179_800_2019-10-03 13:30:32.380460
1,1_1_179_796_2019-10-03 13:34:45.961205
1,1_1_191_808_2019-10-03 13:40:10.311641
1,1_1_194_821_2019-10-03 13:44:27.579568
1,1_1_179_813_2019-10-03 13:44:30.622634
1,1_1_179_788_2019-10-03 13:47:46.383136
1,1_1_191_785_2019-10-03 13:48:07.390970
1,1_1_179_797_2019-10-03 13:50:27.312762
1,1_1_179_815_2019-10-03 13:50:42.149919
1,1_1_194_822_2019-10-03 13:51:53.298167
1,1_1_194_818_2019-10-03 13:53:44.403978
2,1_1_191_780_2019-10-03 13:54:56.835492
0,1_1_179_781_2019-10-03 13:57:22.811187
1,1_1_179_777_2019-10-03 14:02:13.444536
0,1_1_179_809_2019-10-03 14:02:32.686667
1,1_1_179_799_2019-10-03 14:02:49.247231
1,1_1_179_791_2019-10-03 14:03:21.893027
1,1_1_179_779_2019-10-03 14:07:10.233960
1,1_1_191_795_2019-10-03 14:12:00.363890
0,1_1_179_794_2019-10-03 14:16:52.208891
0,1_1_179_801_2019-10-03 14:18:03.463670
0,1_1_179_790_2019-10-03 14:20:59.771575
0,1_1_191_782_2019-10-03 14:21:08.225995
1,1_1_191_807_2019-10-03 14:24:41.316630
1,1_1_191_792_2019-10-03 14:25:53.797042
0,1_1_191_784_2019-10-03 14:27:34.129910
0,1_1_191_802_2019-10-03 14:27:37.940851
1,1_1_191_778_2019-10-03 14:28:16.555183
0,1_1_191_793_2019-10-03 14:31:09.402725
1,1_1_191_805_2019-10-03 14:32:24.565742
1,1_1_191_806_2019-10-03 14:32:31.390984
0,1_1_191_812_2019-10-03 14:33:12.125876
1,1_1_191_803_2019-10-03 14:35:34.841501
1,1_1_191_786_2019-10-03 14:38:26.162281
1,1_1_191_804_2019-10-03 14:41:35.259235
1,1_1_191_811_2019-10-03 14:43:34.750668
0,1_1_191_780_2019-10-03 16:06:04.556518
0,1_1_179_791_2019-10-03 18:19:38.588612
0,1_1_193_816_2019-10-03 18:28:10.782855
1,1_1_178_828_2019-10-03 18:34:38.613271
0,1_1_179_790_2019-10-03 18:43:39.576002
0,1_1_179_810_2019-10-03 18:44:03.819943
0,1_1_191_782_2019-10-03 18:50:56.257663
2,1_1_178_824_2019-10-03 19:00:27.346523
2,1_1_179_783_2019-10-03 21:28:04.583109
2,1_1_194_818_2019-10-03 21:59:14.035741
2,1_1_178_817_2019-10-03 22:23:23.124005
2,1_1_193_819_2019-10-03 22:38:06.984944
2,1_1_193_820_2019-10-03 23:06:39.852636
2,1_1_193_829_2019-10-03 23:12:20.624210
2,1_1_194_826_2019-10-03 23:24:33.754646
2,1_1_178_824_2019-10-03 23:34:09.108599
2,1_1_193_827_2019-10-03 23:35:21.907985
2,1_1_193_825_2019-10-03 23:47:59.837498
2,1_1_178_823_2019-10-03 23:48:07.558658
2,1_1_179_800_2019-10-04 00:11:45.489877
2,1_1_194_821_2019-10-04 00:42:32.397491
2,1_1_193_827_2019-10-04 00:44:27.368195
1,1_1_191_789_2019-10-04 01:14:32.434287
0,1_1_194_818_2019-10-04 11:18:47.806100
0,1_1_178_828_2019-10-04 12:02:16.837380
1,1_1_193_825_2019-10-04 12:06:09.237962
1,1_1_194_826_2019-10-04 12:42:04.876424
0,1_1_178_823_2019-10-04 12:48:18.775781
1,1_1_193_819_2019-10-04 13:00:35.747045
0,1_1_193_829_2019-10-04 13:04:52.536514
1,1_1_193_816_2019-10-04 13:05:25.993184
1,1_1_179_810_2019-10-04 13:11:49.627251
1,1_1_178_817_2019-10-04 13:14:22.173835
0,1_1_193_827_2019-10-04 13:21:35.594113
1,1_1_193_820_2019-10-04 13:29:09.043647
0,1_1_178_824_2019-10-04 13:29:26.509615
0,1_1_179_809_2019-10-04 13:30:25.375679
1,1_1_179_799_2019-10-04 13:33:06.130431
1,1_1_179_797_2019-10-04 13:33:46.008706
1,1_1_191_808_2019-10-04 13:38:11.616739
0,1_1_191_780_2019-10-04 13:38:11.866187
0,1_1_179_800_2019-10-04 13:41:06.717988
0,1_1_194_822_2019-10-04 13:42:11.648605
0,1_1_179_796_2019-10-04 13:42:29.947245
1,1_1_194_821_2019-10-04 13:43:03.580032
0,1_1_179_781_2019-10-04 13:43:11.169944
1,1_1_179_787_2019-10-04 13:48:59.587370
1,1_1_179_788_2019-10-04 13:50:52.203821
1,1_1_179_794_2019-10-04 13:56:17.778201
0,1_1_179_783_2019-10-04 13:57:46.716124
1,1_1_191_785_2019-10-04 13:57:58.168524
0,1_1_179_791_2019-10-04 13:59:57.163450
1,1_1_179_798_2019-10-04 14:00:04.800403
1,1_1_179_801_2019-10-04 14:04:27.868057
0,1_1_191_806_2019-10-04 14:05:53.332786
1,1_1_179_777_2019-10-04 14:06:52.587038
0,1_1_179_779_2019-10-04 14:10:23.517575
1,1_1_191_812_2019-10-04 14:15:27.943320
2,1_1_191_792_2019-10-04 14:21:51.918243
1,1_1_191_805_2019-10-04 14:22:41.129677
1,1_1_179_813_2019-10-04 14:24:14.530283
0,1_1_179_790_2019-10-04 14:24:18.078181
1,1_1_191_807_2019-10-04 14:25:12.119060
1,1_1_191_782_2019-10-04 14:28:52.168650
1,1_1_191_802_2019-10-04 14:31:26.514914
1,1_1_191_786_2019-10-04 14:31:36.181545
0,1_1_191_804_2019-10-04 14:32:27.487698
0,1_1_191_795_2019-10-04 14:34:51.238958
0,1_1_191_803_2019-10-04 14:35:14.535855
0,1_1_191_778_2019-10-04 14:37:24.629044
1,1_1_191_811_2019-10-04 14:38:31.459932
1,1_1_191_793_2019-10-04 14:42:46.836051
0,1_1_191_784_2019-10-04 15:43:41.335715
1,1_1_178_824_2019-10-04 16:34:10.331207
1,1_1_191_789_2019-10-04 17:37:35.365243
0,1_1_193_827_2019-10-04 18:35:20.336134
0,1_1_179_781_2019-10-04 18:39:48.842762
0,1_1_191_803_2019-10-04 18:56:15.197137
0,1_1_191_792_2019-10-04 19:08:05.601214
0,1_1_191_793_2019-10-04 20:02:22.308560
2,1_1_191_804_2019-10-04 20:06:14.162586
2,1_1_193_825_2019-10-04 20:40:20.869781
2,1_1_179_809_2019-10-04 20:55:05.387418
2,1_1_178_817_2019-10-04 21:12:14.940858
0,1_1_194_818_2019-10-04 21:20:28.448482
2,1_1_191_806_2019-10-04 21:38:20.742418
2,1_1_193_819_2019-10-04 21:38:39.988620
2,1_1_193_820_2019-10-04 21:43:03.155647
2,1_1_193_829_2019-10-04 21:54:14.678784
2,1_1_191_778_2019-10-04 22:01:16.004241
2,1_1_191_804_2019-10-04 22:03:08.472087
2,1_1_193_816_2019-10-04 22:23:18.372060
2,1_1_193_827_2019-10-04 22:29:52.510512
2,1_1_179_799_2019-10-04 22:33:45.971539
2,1_1_179_791_2019-10-04 22:38:04.804209
2,1_1_194_821_2019-10-04 23:07:22.159872
2,1_1_179_798_2019-10-04 23:14:40.310377
2,1_1_178_817_2019-10-05 02:03:51.250293
0,1_1_178_823_2019-10-05 12:43:03.208425
2,1_1_178_828_2019-10-05 16:01:40.634752
2,1_1_193_819_2019-10-05 16:38:46.074017
0,1_1_193_829_2019-10-05 18:08:37.574549
2,1_1_194_818_2019-10-05 20:31:39.599625
2,1_1_178_817_2019-10-05 20:42:40.798609
2,1_1_194_822_2019-10-06 03:54:36.327368
2,1_1_194_822_2019-10-06 17:19:05.921101
2,1_1_193_827_2019-10-06 22:06:20.764758
2,1_1_193_819_2019-10-07 01:42:38.585160
1,1_1_178_828_2019-10-07 10:46:04.455786
0,1_1_194_826_2019-10-07 12:02:47.755124
1,1_1_193_825_2019-10-07 12:11:43.224835
0,1_1_194_822_2019-10-07 12:15:12.343145
1,1_1_194_821_2019-10-07 12:33:18.267087
1,1_1_191_789_2019-10-07 12:40:49.995658
1,1_1_178_823_2019-10-07 12:47:45.895803
0,1_1_193_829_2019-10-07 12:59:00.596684
1,1_1_193_820_2019-10-07 13:05:06.192974
1,1_1_193_819_2019-10-07 13:06:09.348132
1,1_1_193_827_2019-10-07 13:06:39.905042
0,1_1_193_816_2019-10-07 13:10:21.215050
0,1_1_191_780_2019-10-07 13:22:21.971647
0,1_1_179_781_2019-10-07 13:23:27.935341
1,1_1_178_817_2019-10-07 13:26:02.227655
0,1_1_178_824_2019-10-07 13:27:13.777252
1,1_1_179_787_2019-10-07 13:28:56.544737
1,1_1_179_796_2019-10-07 13:29:53.824381
1,1_1_194_818_2019-10-07 13:31:14.974773
0,1_1_179_799_2019-10-07 13:33:26.894358
1,1_1_179_797_2019-10-07 13:37:10.074781
1,1_1_179_815_2019-10-07 13:38:41.620841
0,1_1_179_800_2019-10-07 13:46:04.037500
1,1_1_191_785_2019-10-07 13:46:55.655109
1,1_1_179_777_2019-10-07 13:48:58.587039
1,1_1_179_788_2019-10-07 13:53:23.998560
1,1_1_179_798_2019-10-07 13:55:18.476857
0,1_1_179_813_2019-10-07 13:57:56.936172
0,1_1_179_791_2019-10-07 13:58:44.603248
1,1_1_179_801_2019-10-07 13:59:24.925268
1,1_1_179_810_2019-10-07 14:04:07.521292
0,1_1_179_790_2019-10-07 14:07:20.787191
0,1_1_179_794_2019-10-07 14:09:52.774450
1,1_1_179_809_2019-10-07 14:11:28.773178
1,1_1_179_779_2019-10-07 14:13:48.555991
0,1_1_179_783_2019-10-07 14:16:41.805383
0,1_1_191_782_2019-10-07 14:20:58.063023
0,1_1_191_802_2019-10-07 14:24:24.983816
0,1_1_191_803_2019-10-07 14:25:06.232125
1,1_1_191_806_2019-10-07 14:25:53.779680
0,1_1_191_807_2019-10-07 14:25:44.529707
1,1_1_191_812_2019-10-07 14:28:03.995563
1,1_1_191_795_2019-10-07 14:33:04.118958
0,1_1_191_811_2019-10-07 14:34:35.277487
1,1_1_191_805_2019-10-07 14:36:51.175650
1,1_1_191_778_2019-10-07 14:38:04.875843
1,1_1_191_808_2019-10-07 14:39:07.518204
1,1_1_191_792_2019-10-07 14:40:11.979484
0,1_1_191_793_2019-10-07 14:40:28.555264
0,1_1_191_804_2019-10-07 14:43:13.756075
1,1_1_191_786_2019-10-07 14:45:02.932188
0,1_1_191_784_2019-10-07 14:48:03.109314
0,1_1_179_781_2019-10-07 16:59:56.555942
1,1_1_178_824_2019-10-07 17:19:45.370933
0,1_1_179_791_2019-10-07 17:59:19.681310
0,1_1_179_790_2019-10-07 19:16:05.875036
2,1_1_193_819_2019-10-07 19:34:07.059077
2,1_1_193_820_2019-10-07 20:12:16.627507
2,1_1_193_816_2019-10-07 20:18:30.740167
2,1_1_191_802_2019-10-07 20:29:47.340514
2,1_1_179_788_2019-10-07 20:58:40.460195
2,1_1_178_823_2019-10-07 21:01:44.026151
2,1_1_194_826_2019-10-07 21:58:34.286362
2,1_1_193_825_2019-10-07 22:04:59.556865
2,1_1_179_800_2019-10-07 22:29:05.918728
2,1_1_179_797_2019-10-07 22:29:17.648262
2,1_1_193_819_2019-10-07 22:59:45.410369
2,1_1_179_787_2019-10-07 23:10:15.726887
2,1_1_193_827_2019-10-07 23:15:38.007462
2,1_1_193_816_2019-10-07 23:18:08.706141
2,1_1_193_829_2019-10-07 23:28:11.804808
2,1_1_178_817_2019-10-08 00:29:35.060706
2,1_1_194_822_2019-10-08 00:59:10.761717
2,1_1_178_823_2019-10-08 01:00:08.632716
2,1_1_178_823_2019-10-08 05:39:56.063939
1,1_1_194_821_2019-10-08 10:54:39.337073
1,1_1_178_817_2019-10-08 12:00:38.932416
1,1_1_194_826_2019-10-08 12:02:20.168622
1,1_1_193_825_2019-10-08 12:06:04.066743
1,1_1_194_822_2019-10-08 12:36:25.269380
1,1_1_193_816_2019-10-08 12:38:10.408680
1,1_1_178_823_2019-10-08 12:43:57.097770
1,1_1_193_819_2019-10-08 12:45:12.605432
1,1_1_178_828_2019-10-08 12:56:20.295255
1,1_1_191_789_2019-10-08 13:00:56.289028
1,1_1_193_827_2019-10-08 13:04:09.667465
1,1_1_193_829_2019-10-08 13:04:22.585957
0,1_1_179_799_2019-10-08 13:17:22.006222
1,1_1_178_824_2019-10-08 13:22:21.396198
1,1_1_193_820_2019-10-08 13:26:22.973974
0,1_1_179_788_2019-10-08 13:30:05.899871
0,1_1_179_813_2019-10-08 13:30:46.200212
0,1_1_191_778_2019-10-08 13:30:09.212887
1,1_1_179_796_2019-10-08 13:32:42.146763
1,1_1_179_783_2019-10-08 13:34:27.954190
1,1_1_179_791_2019-10-08 13:35:06.039307
0,1_1_179_794_2019-10-08 13:37:29.887465
1,1_1_179_798_2019-10-08 13:42:46.395214
1,1_1_179_779_2019-10-08 13:43:00.428009
1,1_1_191_802_2019-10-08 13:43:02.665045
0,1_1_179_800_2019-10-08 13:43:36.306579
1,1_1_179_810_2019-10-08 13:46:19.724660
1,1_1_179_797_2019-10-08 13:59:14.018830
1,1_1_179_777_2019-10-08 13:59:24.605621
0,1_1_179_781_2019-10-08 14:04:14.884466
1,1_1_179_787_2019-10-08 14:05:43.133669
1,1_1_179_809_2019-10-08 14:06:13.328067
1,1_1_179_790_2019-10-08 14:07:24.829823
0,1_1_191_795_2019-10-08 14:08:30.033243
0,1_1_191_811_2019-10-08 14:09:14.404658
1,1_1_179_801_2019-10-08 14:10:00.098668
1,1_1_191_808_2019-10-08 14:10:36.930631
1,1_1_191_804_2019-10-08 14:13:44.475866
0,1_1_191_805_2019-10-08 14:14:46.874574
0,1_1_191_807_2019-10-08 14:22:17.048752
0,1_1_191_806_2019-10-08 14:23:27.280706
0,1_1_191_782_2019-10-08 14:23:30.399279
0,1_1_191_803_2019-10-08 14:26:20.639890
0,1_1_191_785_2019-10-08 14:28:26.086189
0,1_1_191_780_2019-10-08 14:28:34.109408
1,1_1_191_793_2019-10-08 14:31:56.319097
1,1_1_191_786_2019-10-08 14:32:17.862961
1,1_1_191_792_2019-10-08 14:35:49.249404
0,1_1_191_812_2019-10-08 14:35:49.326492
0,1_1_191_784_2019-10-08 14:36:05.948821
0,1_1_179_788_2019-10-08 18:04:40.321747
0,1_1_193_820_2019-10-08 18:35:20.471163
2,1_1_193_819_2019-10-08 18:48:56.648002
0,1_1_191_782_2019-10-08 19:42:21.288500
2,1_1_194_821_2019-10-08 20:33:16.740923
2,1_1_193_825_2019-10-08 21:56:23.582154
2,1_1_194_821_2019-10-08 21:57:29.584256
2,1_1_191_807_2019-10-08 22:11:18.260114
2,1_1_193_819_2019-10-08 22:17:31.252456
0,1_1_193_829_2019-10-08 22:22:54.289918
2,1_1_178_824_2019-10-08 22:45:09.085852
2,1_1_194_818_2019-10-08 23:07:39.070084
2,1_1_193_827_2019-10-08 23:18:07.402040
2,1_1_178_828_2019-10-08 23:32:26.230859
2,1_1_194_822_2019-10-09 01:02:23.935076
2,1_1_178_823_2019-10-09 04:39:38.083576
1,1_1_194_821_2019-10-09 10:49:37.140626
0,1_1_194_826_2019-10-09 12:01:46.127790
1,1_1_193_825_2019-10-09 12:05:17.002516
1,1_1_178_828_2019-10-09 12:19:18.077737
1,1_1_194_822_2019-10-09 12:35:02.988254
1,1_1_191_789_2019-10-09 12:42:39.410332
1,1_1_178_823_2019-10-09 12:45:15.659669
1,1_1_193_819_2019-10-09 12:48:17.877977
1,1_1_193_820_2019-10-09 13:03:28.077694
1,1_1_193_827_2019-10-09 13:12:37.733539
1,1_1_178_824_2019-10-09 13:25:06.153999
0,1_1_193_829_2019-10-09 13:27:52.973277
0,1_1_191_778_2019-10-09 13:30:38.940709
1,1_1_193_816_2019-10-09 13:33:18.133788
1,1_1_179_796_2019-10-09 13:36:22.500285
1,1_1_179_788_2019-10-09 13:36:37.085157
1,1_1_179_810_2019-10-09 13:37:04.459369
1,1_1_178_817_2019-10-09 13:37:55.058079
0,1_1_179_799_2019-10-09 13:38:07.853413
0,1_1_179_800_2019-10-09 13:40:07.809235
0,1_1_179_794_2019-10-09 13:41:10.573060
0,1_1_179_791_2019-10-09 13:41:12.124490
1,1_1_179_813_2019-10-09 13:48:22.128925
0,1_1_179_797_2019-10-09 13:53:42.907431
1,1_1_191_802_2019-10-09 13:56:34.613851
2,1_1_179_798_2019-10-09 13:57:49.335863
2,1_1_179_801_2019-10-09 13:59:39.368913
1,1_1_179_783_2019-10-09 13:59:58.588570
0,1_1_179_781_2019-10-09 14:00:12.325431
0,1_1_194_818_2019-10-09 14:01:12.552641
0,1_1_179_790_2019-10-09 14:03:32.637891
0,1_1_179_777_2019-10-09 14:04:51.181543
0,1_1_179_787_2019-10-09 14:05:35.068539
0,1_1_179_779_2019-10-09 14:05:51.976827
1,1_1_191_808_2019-10-09 14:06:55.288462
1,1_1_179_809_2019-10-09 14:07:22.109366
1,1_1_191_792_2019-10-09 14:09:55.916805
0,1_1_191_806_2019-10-09 14:12:08.909424
0,1_1_191_782_2019-10-09 14:15:15.647496
1,1_1_191_780_2019-10-09 14:16:00.563307
0,1_1_191_803_2019-10-09 14:22:55.574863
1,1_1_191_785_2019-10-09 14:23:21.698512
0,1_1_191_812_2019-10-09 14:30:41.474740
1,1_1_191_804_2019-10-09 14:31:32.373575
1,1_1_191_805_2019-10-09 14:32:15.807304
2,1_1_191_811_2019-10-09 14:38:28.322325
1,1_1_191_784_2019-10-09 14:39:18.941350
1,1_1_191_807_2019-10-09 14:40:27.996548
1,1_1_191_786_2019-10-09 14:43:00.084007
0,1_1_191_793_2019-10-09 14:46:39.226292
1,1_1_191_811_2019-10-09 15:13:01.331571
0,1_1_179_801_2019-10-09 17:56:05.068827
0,1_1_178_824_2019-10-09 19:07:01.235750
0,1_1_179_797_2019-10-09 19:07:27.650361
2,1_1_191_795_2019-10-09 19:14:08.802972
0,1_1_191_793_2019-10-09 19:47:11.437121
0,1_1_179_799_2019-10-09 19:48:36.393310
2,1_1_179_781_2019-10-09 20:08:34.036174
2,1_1_194_821_2019-10-09 20:57:39.571692
0,1_1_194_826_2019-10-09 20:57:56.525832
2,1_1_191_806_2019-10-09 21:23:19.594346
2,1_1_193_825_2019-10-09 21:42:43.260175
2,1_1_193_827_2019-10-09 21:46:19.667835
2,1_1_179_800_2019-10-09 21:54:55.831186
2,1_1_193_820_2019-10-09 22:09:30.557164
2,1_1_193_819_2019-10-09 22:38:23.910191
2,1_1_191_789_2019-10-09 22:45:18.001646
2,1_1_194_821_2019-10-09 22:56:43.833462
2,1_1_194_818_2019-10-09 23:10:38.961026
2,1_1_193_816_2019-10-09 23:17:48.829058
2,1_1_193_829_2019-10-10 00:12:58.043919
2,1_1_178_823_2019-10-10 02:08:38.001737
2,1_1_194_821_2019-10-10 03:53:34.871606
1,1_1_194_821_2019-10-10 10:55:38.282453
1,1_1_193_825_2019-10-10 12:06:15.329429
0,1_1_194_826_2019-10-10 12:23:13.063443
0,1_1_178_817_2019-10-10 12:24:32.870164
1,1_1_178_823_2019-10-10 12:25:16.980198
1,1_1_191_789_2019-10-10 12:41:26.700162
1,1_1_193_819_2019-10-10 12:42:53.000776
1,1_1_193_829_2019-10-10 12:58:30.534823
1,1_1_193_816_2019-10-10 13:01:29.161148
1,1_1_194_822_2019-10-10 13:03:32.669159
1,1_1_193_827_2019-10-10 13:05:47.384001
1,1_1_194_818_2019-10-10 13:07:19.337250
1,1_1_193_820_2019-10-10 13:25:54.949415
1,1_1_179_813_2019-10-10 13:28:12.101277
0,1_1_191_778_2019-10-10 13:28:38.903241
1,1_1_179_788_2019-10-10 13:33:04.591983
1,1_1_179_796_2019-10-10 13:33:04.589442
0,1_1_179_798_2019-10-10 13:34:18.865345
0,1_1_179_799_2019-10-10 13:34:35.328310
1,1_1_179_800_2019-10-10 13:37:13.879208
0,1_1_179_794_2019-10-10 13:38:25.431304
0,1_1_179_797_2019-10-10 13:39:35.190334
1,1_1_179_779_2019-10-10 13:43:55.947496
1,1_1_179_781_2019-10-10 13:46:18.500356
0,1_1_191_812_2019-10-10 13:48:11.807236
1,1_1_179_787_2019-10-10 13:52:41.423276
1,1_1_191_808_2019-10-10 13:58:15.310201
0,1_1_179_791_2019-10-10 13:58:52.720149
0,1_1_179_810_2019-10-10 14:01:56.229734
0,1_1_179_783_2019-10-10 14:06:03.366578
0,1_1_179_815_2019-10-10 14:09:35.459226
1,1_1_191_802_2019-10-10 14:10:17.989540
0,1_1_179_777_2019-10-10 14:10:44.615250
0,1_1_191_803_2019-10-10 14:11:34.160091
1,1_1_179_809_2019-10-10 14:13:49.751391
1,1_1_179_801_2019-10-10 14:14:53.759867
1,1_1_179_790_2019-10-10 14:17:43.801134
1,1_1_191_792_2019-10-10 14:20:02.839197
0,1_1_191_811_2019-10-10 14:21:31.549099
0,1_1_191_782_2019-10-10 14:23:20.091643
0,1_1_191_805_2019-10-10 14:24:29.491032
0,1_1_191_795_2019-10-10 14:30:00.472705
1,1_1_191_807_2019-10-10 14:35:55.814138
1,1_1_191_784_2019-10-10 14:37:08.729162
1,1_1_191_806_2019-10-10 14:37:25.450904
1,1_1_191_793_2019-10-10 14:40:44.110698
0,1_1_191_786_2019-10-10 14:43:42.756547
0,1_1_191_804_2019-10-10 14:43:56.479343
1,1_1_191_780_2019-10-10 14:49:35.310371
1,1_1_191_785_2019-10-10 15:00:12.626497
0,1_1_179_809_2019-10-10 17:59:25.232133
0,1_1_191_795_2019-10-10 18:48:03.496945
1,1_1_179_799_2019-10-10 19:03:42.582264
2,1_1_194_818_2019-10-10 19:18:00.720841
2,1_1_193_820_2019-10-10 19:37:39.464688
0,1_1_179_809_2019-10-10 20:47:42.080098
2,1_1_191_789_2019-10-10 21:23:55.008617
2,1_1_179_788_2019-10-10 21:47:20.492195
2,1_1_193_825_2019-10-10 22:10:14.201669
2,1_1_193_829_2019-10-10 22:12:14.588915
2,1_1_179_791_2019-10-10 22:15:03.247106
2,1_1_178_823_2019-10-10 22:17:34.255189
2,1_1_193_827_2019-10-10 22:27:40.009624
2,1_1_193_816_2019-10-10 22:29:51.992597
2,1_1_178_828_2019-10-10 22:40:25.156739
2,1_1_193_819_2019-10-10 22:59:51.804848
2,1_1_194_826_2019-10-10 23:03:39.831374
2,1_1_178_824_2019-10-10 23:55:55.316091
2,1_1_193_829_2019-10-11 00:34:10.196955
2,1_1_193_816_2019-10-11 00:47:35.711297
2,1_1_193_825_2019-10-11 01:01:39.249477
2,1_1_178_823_2019-10-11 01:24:05.891752
2,1_1_193_825_2019-10-11 04:19:08.900102
1,1_1_194_821_2019-10-11 10:53:00.640781
1,1_1_178_828_2019-10-11 12:49:58.250569
1,1_1_193_819_2019-10-11 12:56:01.373366
1,1_1_193_825_2019-10-11 14:48:28.587977
1,1_1_194_822_2019-10-11 14:48:29.897899
1,1_1_193_820_2019-10-11 14:51:00.101991
0,1_1_193_829_2019-10-11 15:26:04.625967
2,1_1_179_781_2019-10-11 15:28:10.052649
1,1_1_193_827_2019-10-11 16:15:12.101560
1,1_1_178_823_2019-10-11 16:29:12.243502
1,1_1_179_809_2019-10-11 16:30:22.186566
0,1_1_193_816_2019-10-11 16:56:28.917150
0,1_1_194_826_2019-10-11 17:25:39.852478
0,1_1_179_783_2019-10-11 18:00:47.513544
2,1_1_178_828_2019-10-11 18:35:57.955451
2,1_1_194_818_2019-10-11 18:54:21.568094
0,1_1_179_800_2019-10-11 18:55:42.323464
2,1_1_179_815_2019-10-11 19:42:37.086679
2,1_1_194_821_2019-10-11 20:07:59.631348
2,1_1_179_791_2019-10-11 20:28:35.337728
2,1_1_179_787_2019-10-11 21:08:51.886786
2,1_1_193_819_2019-10-11 21:40:23.121016
2,1_1_193_816_2019-10-11 22:24:05.200292
2,1_1_178_823_2019-10-11 23:27:23.648610
2,1_1_178_823_2019-10-12 00:13:48.767705
2,1_1_178_823_2019-10-12 12:42:24.700286
0,1_1_194_821_2019-10-12 13:03:07.055378
2,1_1_194_826_2019-10-12 13:28:37.719302
0,1_1_194_822_2019-10-12 14:45:36.481868
2,1_1_179_783_2019-10-12 16:11:38.011534
2,1_1_193_819_2019-10-12 17:10:38.248830
2,1_1_194_826_2019-10-12 18:51:49.901696
2,1_1_193_819_2019-10-12 23:21:38.042519
2,1_1_193_827_2019-10-13 00:25:56.379264
2,1_1_179_777_2019-10-13 17:28:44.042355
0,1_1_193_827_2019-10-13 17:59:20.954150
2,1_1_178_824_2019-10-13 20:45:30.288020
2,1_1_178_828_2019-10-13 21:28:42.080603
2,1_1_193_816_2019-10-13 22:18:53.605245
2,1_1_193_819_2019-10-14 01:11:47.314361
1,1_1_194_821_2019-10-14 10:52:48.591473
1,1_1_193_825_2019-10-14 12:03:04.996103
0,1_1_178_817_2019-10-14 12:03:41.318100
1,1_1_194_826_2019-10-14 12:14:16.272283
1,1_1_178_823_2019-10-14 12:45:36.882152
1,1_1_193_819_2019-10-14 13:03:32.355938
1,1_1_191_789_2019-10-14 13:09:46.022547
1,1_1_191_802_2019-10-14 13:13:52.973981
0,1_1_191_804_2019-10-14 13:14:50.517518
1,1_1_193_827_2019-10-14 13:16:39.710190
1,1_1_194_822_2019-10-14 13:19:50.037504
1,1_1_193_829_2019-10-14 13:24:20.377732
1,1_1_179_815_2019-10-14 13:26:01.053891
1,1_1_179_796_2019-10-14 13:26:22.527567
1,1_1_179_799_2019-10-14 13:25:45.593385
0,1_1_178_828_2019-10-14 13:31:13.106701
1,1_1_193_820_2019-10-14 13:31:37.028212
1,1_1_179_788_2019-10-14 13:33:15.056242
1,1_1_179_794_2019-10-14 13:39:03.003378
0,1_1_178_824_2019-10-14 13:50:15.485941
0,1_1_179_810_2019-10-14 13:56:14.510786
0,1_1_179_791_2019-10-14 13:56:33.694698
0,1_1_179_800_2019-10-14 14:00:08.861910
1,1_1_193_816_2019-10-14 14:01:26.569591
0,1_1_179_801_2019-10-14 14:03:38.462054
1,1_1_179_781_2019-10-14 14:04:41.367087
1,1_1_179_797_2019-10-14 14:05:02.985109
0,1_1_179_777_2019-10-14 14:05:07.152153
1,1_1_179_787_2019-10-14 14:06:14.601191
0,1_1_191_795_2019-10-14 14:07:46.142549
1,1_1_179_798_2019-10-14 14:10:43.389003
0,1_1_191_803_2019-10-14 14:16:06.950209
0,1_1_179_790_2019-10-14 14:17:09.747180
1,1_1_179_809_2019-10-14 14:18:55.751064
0,1_1_191_786_2019-10-14 14:19:11.397428
0,1_1_191_812_2019-10-14 14:20:02.285892
0,1_1_179_779_2019-10-14 14:20:33.691083
2,1_1_179_783_2019-10-14 14:22:00.920514
0,1_1_191_782_2019-10-14 14:23:07.407203
1,1_1_191_780_2019-10-14 14:25:50.141541
1,1_1_191_807_2019-10-14 14:28:51.486879
1,1_1_191_811_2019-10-14 14:29:04.912857
1,1_1_191_806_2019-10-14 14:28:59.587242
1,1_1_179_813_2019-10-14 14:38:11.872133
0,1_1_191_793_2019-10-14 14:42:14.116089
0,1_1_191_784_2019-10-14 14:46:11.871419
1,1_1_191_778_2019-10-14 14:47:30.628481
1,1_1_191_792_2019-10-14 14:51:11.284325
0,1_1_191_808_2019-10-14 14:57:12.487745
1,1_1_191_805_2019-10-14 15:00:19.580160
2,1_1_178_828_2019-10-14 18:37:56.251405
2,1_1_179_783_2019-10-14 19:07:38.934848
2,1_1_178_824_2019-10-14 19:32:10.083503
2,1_1_193_819_2019-10-14 21:22:45.441639
2,1_1_179_777_2019-10-14 21:45:47.040104
2,1_1_193_825_2019-10-14 21:49:47.350006
2,1_1_194_821_2019-10-14 22:58:05.853190
2,1_1_178_823_2019-10-14 23:44:10.134237
2,1_1_191_808_2019-10-15 00:10:10.941291
2,1_1_178_823_2019-10-15 04:12:55.347109
1,1_1_194_821_2019-10-15 10:58:03.539033
1,1_1_193_825_2019-10-15 12:01:57.557536
0,1_1_178_817_2019-10-15 12:14:38.946541
1,1_1_194_826_2019-10-15 12:22:48.326118
1,1_1_191_789_2019-10-15 12:40:01.121545
1,1_1_194_822_2019-10-15 12:44:21.657909
1,1_1_178_823_2019-10-15 12:46:35.291137
0,1_1_179_799_2019-10-15 13:00:43.536599
1,1_1_193_819_2019-10-15 13:05:26.055160
0,1_1_178_824_2019-10-15 13:20:17.348650
0,1_1_191_804_2019-10-15 13:21:05.969446
1,1_1_193_820_2019-10-15 13:23:04.409450
1,1_1_179_796_2019-10-15 13:23:12.367692
0,1_1_179_781_2019-10-15 13:24:27.985651
0,1_1_179_809_2019-10-15 13:25:33.068459
0,1_1_193_827_2019-10-15 13:27:05.827944
0,1_1_179_800_2019-10-15 13:29:36.306682
0,1_1_179_791_2019-10-15 13:30:27.240283
0,1_1_193_816_2019-10-15 13:32:33.705739
1,1_1_179_788_2019-10-15 13:33:29.093303
1,1_1_179_787_2019-10-15 13:36:42.629571
1,1_1_178_828_2019-10-15 13:40:36.689510
0,1_1_179_794_2019-10-15 13:40:56.941012
1,1_1_179_797_2019-10-15 13:42:11.261841
1,1_1_191_808_2019-10-15 13:54:56.259898
1,1_1_179_815_2019-10-15 13:56:29.229281
0,1_1_179_798_2019-10-15 14:06:19.687236
1,1_1_194_818_2019-10-15 14:07:30.679086
1,1_1_193_829_2019-10-15 14:07:27.038390
1,1_1_179_779_2019-10-15 14:08:06.229396
2,1_1_179_813_2019-10-15 14:08:14.972931
1,1_1_179_777_2019-10-15 14:11:40.504483
0,1_1_179_790_2019-10-15 14:15:02.344651
0,1_1_179_810_2019-10-15 14:16:55.042200
2,1_1_191_802_2019-10-15 14:17:15.889012
0,1_1_179_801_2019-10-15 14:17:33.921093
0,1_1_191_803_2019-10-15 14:19:03.918508
1,1_1_191_812_2019-10-15 14:19:22.489571
0,1_1_191_780_2019-10-15 14:22:12.966294
1,1_1_191_782_2019-10-15 14:27:03.604843
0,1_1_191_795_2019-10-15 14:27:15.977185
1,1_1_191_806_2019-10-15 14:27:54.547122
1,1_1_191_786_2019-10-15 14:27:48.348061
1,1_1_191_792_2019-10-15 14:29:54.571641
1,1_1_191_807_2019-10-15 14:37:15.160219
1,1_1_191_811_2019-10-15 14:38:04.869316
0,1_1_179_783_2019-10-15 14:43:01.797314
1,1_1_191_805_2019-10-15 14:43:48.422054
0,1_1_191_793_2019-10-15 14:44:59.527467
1,1_1_191_785_2019-10-15 14:44:54.571199
1,1_1_191_784_2019-10-15 14:45:12.431544
1,1_1_191_802_2019-10-15 16:50:59.837321
2,1_1_179_813_2019-10-15 18:45:52.405784
1,1_1_191_793_2019-10-15 18:57:13.931949
1,1_1_193_820_2019-10-15 19:14:31.182691
2,1_1_179_810_2019-10-15 19:29:41.641531
1,1_1_179_801_2019-10-15 19:33:20.874100
0,1_1_191_795_2019-10-15 19:34:14.949577
2,1_1_194_821_2019-10-15 20:06:12.896857
2,1_1_191_784_2019-10-15 20:59:54.235463
2,1_1_179_809_2019-10-15 21:40:20.413196
2,1_1_193_825_2019-10-15 21:48:10.070903
2,1_1_194_822_2019-10-15 21:52:30.812814
0,1_1_191_807_2019-10-15 21:52:34.098992
2,1_1_194_818_2019-10-15 22:24:22.041082
2,1_1_193_829_2019-10-15 23:18:47.071913
2,1_1_178_817_2019-10-15 23:29:41.570167
2,1_1_193_816_2019-10-15 23:42:57.610146
2,1_1_178_824_2019-10-16 00:22:46.683314
2,1_1_193_827_2019-10-16 00:24:59.751557
1,1_1_178_823_2019-10-16 00:55:33.148633
2,1_1_194_821_2019-10-16 01:32:57.674601
1,1_1_193_825_2019-10-16 12:01:21.840826
1,1_1_194_826_2019-10-16 12:16:41.742290
0,1_1_178_817_2019-10-16 12:27:07.296334
1,1_1_194_822_2019-10-16 12:33:23.531919
1,1_1_191_789_2019-10-16 12:37:43.521224
1,1_1_178_823_2019-10-16 12:46:58.638786
0,1_1_193_819_2019-10-16 13:04:38.279224
1,1_1_179_815_2019-10-16 13:17:24.883268
1,1_1_179_797_2019-10-16 13:19:47.620524
0,1_1_179_799_2019-10-16 13:21:13.479998
1,1_1_194_821_2019-10-16 13:21:49.692193
0,1_1_179_809_2019-10-16 13:23:26.152681
1,1_1_193_829_2019-10-16 13:25:41.631412
0,1_1_191_804_2019-10-16 13:26:21.964398
1,1_1_179_796_2019-10-16 13:28:39.247864
1,1_1_193_827_2019-10-16 13:33:11.909169
0,1_1_178_828_2019-10-16 13:34:02.538382
0,1_1_179_800_2019-10-16 13:36:22.062958
0,1_1_179_810_2019-10-16 13:40:51.021607
0,1_1_179_794_2019-10-16 13:51:39.093041
0,1_1_194_818_2019-10-16 13:52:34.905748
1,1_1_193_816_2019-10-16 13:56:38.662688
0,1_1_179_791_2019-10-16 13:56:35.656798
0,1_1_179_781_2019-10-16 13:57:41.671360
0,1_1_179_777_2019-10-16 14:02:12.026886
0,1_1_191_780_2019-10-16 14:03:45.533525
1,1_1_179_783_2019-10-16 14:05:16.587385
1,1_1_179_798_2019-10-16 14:05:28.901055
2,1_1_179_787_2019-10-16 14:07:20.161591
0,1_1_179_779_2019-10-16 14:12:22.453213
1,1_1_179_813_2019-10-16 14:12:50.446290
0,1_1_179_801_2019-10-16 14:13:48.781979
1,1_1_191_802_2019-10-16 14:16:08.904877
0,1_1_191_811_2019-10-16 14:18:38.484909
1,1_1_179_790_2019-10-16 14:19:10.840854
0,1_1_191_803_2019-10-16 14:19:50.561103
0,1_1_179_788_2019-10-16 14:20:21.825085
0,1_1_191_778_2019-10-16 14:20:23.521182
0,1_1_191_785_2019-10-16 14:22:45.505280
0,1_1_191_795_2019-10-16 14:26:04.601858
1,1_1_191_782_2019-10-16 14:26:19.930651
0,1_1_191_807_2019-10-16 14:26:20.558040
0,1_1_191_812_2019-10-16 14:27:56.714156
1,1_1_191_786_2019-10-16 14:32:14.611544
0,1_1_191_793_2019-10-16 14:33:37.630508
0,1_1_191_792_2019-10-16 14:35:49.427381
1,1_1_191_806_2019-10-16 14:36:38.150700
0,1_1_191_805_2019-10-16 14:36:44.008422
0,1_1_191_784_2019-10-16 16:05:47.745544
0,1_1_179_787_2019-10-16 16:15:07.220927
2,1_1_178_828_2019-10-16 16:52:40.590401
2,1_1_179_810_2019-10-16 18:22:44.430289
0,1_1_179_779_2019-10-16 18:56:37.900876
0,1_1_179_809_2019-10-16 19:03:54.595727
2,1_1_191_804_2019-10-16 19:13:40.820450
1,1_1_191_795_2019-10-16 19:17:42.790535
0,1_1_179_800_2019-10-16 19:27:33.042374
2,1_1_191_793_2019-10-16 19:34:22.308424
2,1_1_191_812_2019-10-16 19:37:16.516254
2,1_1_179_787_2019-10-16 19:53:38.189361
1,1_1_178_828_2019-10-16 20:15:59.884186
2,1_1_193_819_2019-10-16 21:04:25.161910
2,1_1_179_777_2019-10-16 22:11:14.984647
2,1_1_194_821_2019-10-16 22:20:27.548794
2,1_1_179_799_2019-10-16 22:22:01.663850
2,1_1_178_824_2019-10-16 22:50:33.319448
2,1_1_178_823_2019-10-16 22:59:41.415227
1,1_1_193_819_2019-10-17 01:09:31.878113
1,1_1_194_821_2019-10-17 10:54:14.987473
1,1_1_193_825_2019-10-17 12:00:46.258218
1,1_1_194_826_2019-10-17 12:21:49.033769
1,1_1_191_789_2019-10-17 12:37:28.103207
1,1_1_178_823_2019-10-17 12:42:38.316266
0,1_1_178_828_2019-10-17 12:54:22.688104
0,1_1_179_799_2019-10-17 13:01:47.662857
1,1_1_193_819_2019-10-17 13:02:59.699340
0,1_1_178_817_2019-10-17 13:06:31.494272
0,1_1_179_809_2019-10-17 13:15:23.079912
0,1_1_193_829_2019-10-17 13:16:09.815505
1,1_1_194_822_2019-10-17 13:17:19.939124
1,1_1_179_815_2019-10-17 13:17:24.742533
0,1_1_191_804_2019-10-17 13:17:52.859389
1,1_1_193_827_2019-10-17 13:26:29.544477
1,1_1_193_820_2019-10-17 13:29:30.424153
1,1_1_191_785_2019-10-17 13:30:24.657315
0,1_1_179_800_2019-10-17 13:33:32.720459
0,1_1_179_796_2019-10-17 13:36:04.505596
1,1_1_179_797_2019-10-17 13:38:26.144020
1,1_1_179_791_2019-10-17 13:41:36.623950
0,1_1_179_810_2019-10-17 13:43:55.660967
1,1_1_179_788_2019-10-17 13:45:34.275903
0,1_1_193_816_2019-10-17 13:45:27.580104
1,1_1_194_818_2019-10-17 13:49:34.126232
0,1_1_179_777_2019-10-17 13:50:50.423125
1,1_1_179_794_2019-10-17 14:02:05.793272
1,1_1_191_780_2019-10-17 14:04:28.802265
0,1_1_179_787_2019-10-17 14:04:28.425201
1,1_1_179_781_2019-10-17 14:05:02.801008
0,1_1_191_803_2019-10-17 14:09:47.477092
0,1_1_179_801_2019-10-17 14:10:40.706084
1,1_1_191_792_2019-10-17 14:15:32.189100
1,1_1_179_798_2019-10-17 14:18:45.559586
0,1_1_179_790_2019-10-17 14:20:09.201318
1,1_1_179_783_2019-10-17 14:20:46.103575
1,1_1_179_779_2019-10-17 14:20:58.885308
1,1_1_191_795_2019-10-17 14:25:32.604975
1,1_1_191_784_2019-10-17 14:25:57.633227
0,1_1_191_805_2019-10-17 14:28:35.259585
0,1_1_191_802_2019-10-17 14:28:45.836593
1,1_1_191_811_2019-10-17 14:32:06.697487
1,1_1_179_813_2019-10-17 14:40:01.859607
1,1_1_191_812_2019-10-17 14:42:50.651744
0,1_1_191_786_2019-10-17 14:44:00.227779
1,1_1_191_782_2019-10-17 14:50:42.855651
1,1_1_191_778_2019-10-17 14:55:34.037561
1,1_1_191_793_2019-10-17 14:57:19.689301
0,1_1_191_807_2019-10-17 15:09:46.651010
0,1_1_191_807_2019-10-17 17:50:51.712713
0,1_1_193_816_2019-10-17 18:08:27.902117
1,1_1_179_809_2019-10-17 19:14:12.250820
2,1_1_193_820_2019-10-17 19:18:47.031836
1,1_1_191_792_2019-10-17 19:23:34.407821
0,1_1_179_777_2019-10-17 19:30:11.730280
0,1_1_179_790_2019-10-17 19:32:51.879428
0,1_1_191_802_2019-10-17 19:51:46.102435
2,1_1_191_786_2019-10-17 19:51:57.714233
2,1_1_191_803_2019-10-17 19:57:01.887799
2,1_1_179_800_2019-10-17 20:09:39.142152
2,1_1_194_821_2019-10-17 20:30:46.555954
2,1_1_191_805_2019-10-17 20:53:43.010570
2,1_1_191_803_2019-10-17 21:31:48.391919
0,1_1_179_783_2019-10-17 21:44:21.748455
2,1_1_191_807_2019-10-17 21:56:39.040887
2,1_1_178_828_2019-10-17 22:01:29.071547
2,1_1_178_817_2019-10-17 22:46:50.482995
2,1_1_193_825_2019-10-17 23:26:23.139433
2,1_1_193_820_2019-10-17 23:28:10.265640
2,1_1_178_823_2019-10-18 02:53:57.390218
1,1_1_194_821_2019-10-18 10:51:56.831877
1,1_1_194_826_2019-10-18 12:15:42.212251
0,1_1_178_817_2019-10-18 12:27:10.445134
1,1_1_193_825_2019-10-18 12:33:08.562711
1,1_1_194_822_2019-10-18 12:35:49.223024
1,1_1_191_789_2019-10-18 12:37:00.719668
0,1_1_178_828_2019-10-18 12:37:55.761206
1,1_1_178_823_2019-10-18 12:42:25.927076
1,1_1_179_783_2019-10-18 12:45:47.785228
0,1_1_193_820_2019-10-18 12:50:09.682470
0,1_1_179_799_2019-10-18 12:53:33.005412
1,1_1_193_827_2019-10-18 13:02:38.592683
1,1_1_179_801_2019-10-18 13:03:14.035156
1,1_1_193_829_2019-10-18 13:15:09.806034
0,1_1_193_816_2019-10-18 13:18:09.427830
0,1_1_194_818_2019-10-18 13:19:17.024693
0,1_1_191_804_2019-10-18 13:22:21.607129
1,1_1_179_796_2019-10-18 13:25:35.057238
1,1_1_179_787_2019-10-18 13:29:51.746386
1,1_1_179_797_2019-10-18 13:37:42.436917
0,1_1_179_788_2019-10-18 13:38:01.554830
0,1_1_178_824_2019-10-18 13:38:14.333926
0,1_1_179_791_2019-10-18 13:39:22.743386
0,1_1_179_815_2019-10-18 13:47:17.460561
1,1_1_179_798_2019-10-18 13:48:33.164326
0,1_1_191_802_2019-10-18 13:53:03.198202
2,1_1_179_810_2019-10-18 13:53:57.893711
1,1_1_179_781_2019-10-18 13:58:47.941004
2,1_1_179_794_2019-10-18 13:58:52.144017
0,1_1_179_777_2019-10-18 13:59:53.259616
1,1_1_191_803_2019-10-18 14:00:07.553662
1,1_1_191_785_2019-10-18 14:03:42.334723
0,1_1_179_790_2019-10-18 14:13:15.458390
0,1_1_179_813_2019-10-18 14:13:37.267602
0,1_1_191_807_2019-10-18 14:14:57.816603
0,1_1_179_809_2019-10-18 14:15:37.452730
1,1_1_179_779_2019-10-18 14:17:31.605733
1,1_1_191_778_2019-10-18 14:20:32.047024
0,1_1_191_806_2019-10-18 14:20:51.113357
0,1_1_179_800_2019-10-18 14:22:01.023775
1,1_1_191_782_2019-10-18 14:22:44.184656
0,1_1_191_805_2019-10-18 14:23:00.053145
1,1_1_191_795_2019-10-18 14:28:29.356482
1,1_1_191_793_2019-10-18 14:31:27.375077
1,1_1_191_812_2019-10-18 14:31:43.025572
0,1_1_191_786_2019-10-18 14:31:50.189768
1,1_1_191_792_2019-10-18 14:34:58.646265
1,1_1_191_811_2019-10-18 14:35:04.030135
0,1_1_191_780_2019-10-18 14:35:48.023577
1,1_1_191_784_2019-10-18 14:35:48.537268
2,1_1_179_810_2019-10-18 15:53:49.757693
0,1_1_193_820_2019-10-18 16:47:27.059527
2,1_1_179_810_2019-10-18 17:02:27.556021
0,1_1_178_817_2019-10-18 17:30:26.665385
0,1_1_179_810_2019-10-18 18:13:55.037184
0,1_1_194_818_2019-10-18 18:52:51.747021
1,1_1_179_815_2019-10-18 18:56:26.454575
2,1_1_191_805_2019-10-18 19:12:54.081238
0,1_1_179_794_2019-10-18 19:18:39.792350
0,1_1_178_824_2019-10-18 19:26:39.533264
0,1_1_179_781_2019-10-18 19:47:29.124187
2,1_1_179_800_2019-10-18 20:22:27.435543
2,1_1_179_791_2019-10-18 20:52:19.178317
2,1_1_194_821_2019-10-18 21:06:05.899786
2,1_1_193_819_2019-10-18 21:26:04.383473
2,1_1_193_827_2019-10-18 21:35:03.800918
2,1_1_193_825_2019-10-18 21:50:56.883787
2,1_1_179_790_2019-10-18 21:54:24.164154
2,1_1_193_819_2019-10-18 23:16:17.136034
2,1_1_179_798_2019-10-18 23:21:55.664683
2,1_1_193_829_2019-10-18 23:22:52.903327
2,1_1_178_828_2019-10-18 23:48:01.753658
2,1_1_193_816_2019-10-18 23:53:57.028115
2,1_1_178_824_2019-10-19 00:52:43.578281
1,1_1_178_824_2019-10-19 04:48:41.155189
2,1_1_193_820_2019-10-19 06:22:07.895513
1,1_1_178_823_2019-10-19 12:40:54.693693
2,1_1_194_826_2019-10-19 15:47:30.780198
2,1_1_193_819_2019-10-19 16:02:12.292343
0,1_1_194_822_2019-10-19 18:37:02.949348
2,1_1_193_827_2019-10-19 18:41:55.592064
2,1_1_193_820_2019-10-19 19:44:43.065617
2,1_1_193_825_2019-10-20 13:37:29.632968
2,1_1_194_826_2019-10-20 18:00:57.848322
2,1_1_178_817_2019-10-20 19:26:46.320948
0,1_1_191_802_2019-10-20 21:38:21.561203
1,1_1_194_821_2019-10-21 01:22:22.590274
1,1_1_194_826_2019-10-21 10:57:36.001295
0,1_1_178_817_2019-10-21 12:00:44.771503
1,1_1_193_825_2019-10-21 12:02:54.692246
1,1_1_178_823_2019-10-21 12:41:29.218184
1,1_1_191_789_2019-10-21 12:41:56.930627
1,1_1_193_819_2019-10-21 12:42:08.465531
1,1_1_193_829_2019-10-21 13:02:46.670429
1,1_1_193_827_2019-10-21 13:04:03.741005
0,1_1_179_799_2019-10-21 13:11:24.321702
1,1_1_178_828_2019-10-21 13:13:09.750987
0,1_1_193_820_2019-10-21 13:19:30.438867
1,1_1_179_796_2019-10-21 13:19:30.542171
0,1_1_179_800_2019-10-21 13:19:52.360829
1,1_1_179_787_2019-10-21 13:23:08.470961
1,1_1_193_816_2019-10-21 13:23:40.134946
0,1_1_179_794_2019-10-21 13:24:42.271472
0,1_1_191_804_2019-10-21 13:26:26.580184
1,1_1_194_821_2019-10-21 13:27:35.771322
1,1_1_179_815_2019-10-21 13:28:57.748727
0,1_1_179_809_2019-10-21 13:33:14.351424
1,1_1_179_797_2019-10-21 13:35:41.597496
0,1_1_194_818_2019-10-21 13:39:13.657941
0,1_1_179_810_2019-10-21 13:40:23.869190
0,1_1_179_798_2019-10-21 13:43:26.700935
0,1_1_179_791_2019-10-21 13:44:19.402957
1,1_1_179_788_2019-10-21 13:45:16.783193
1,1_1_191_785_2019-10-21 13:51:56.211031
0,1_1_178_824_2019-10-21 13:57:30.380109
1,1_1_179_783_2019-10-21 14:01:11.465297
0,1_1_179_781_2019-10-21 14:02:03.551773
2,1_1_179_813_2019-10-21 14:02:18.733275
1,1_1_179_801_2019-10-21 14:03:03.770299
1,1_1_179_777_2019-10-21 14:03:04.003715
0,1_1_179_779_2019-10-21 14:03:19.011182
1,1_1_179_790_2019-10-21 14:03:44.901288
0,1_1_191_780_2019-10-21 14:05:46.425691
0,1_1_191_782_2019-10-21 14:11:44.755857
1,1_1_191_807_2019-10-21 14:12:18.364092
1,1_1_191_792_2019-10-21 14:12:19.350382
0,1_1_191_802_2019-10-21 14:13:23.402855
1,1_1_191_795_2019-10-21 14:18:29.886502
0,1_1_191_811_2019-10-21 14:20:17.570309
0,1_1_191_786_2019-10-21 14:22:09.599497
0,1_1_191_803_2019-10-21 14:23:56.448838
1,1_1_191_812_2019-10-21 14:24:24.783623
0,1_1_191_808_2019-10-21 14:32:43.623366
0,1_1_191_784_2019-10-21 14:33:48.335546
1,1_1_191_778_2019-10-21 14:34:28.100939
1,1_1_191_793_2019-10-21 14:34:26.939404
1,1_1_191_805_2019-10-21 14:38:20.727380
0,1_1_191_806_2019-10-21 14:40:31.351214
0,1_1_179_800_2019-10-21 17:44:17.657170
0,1_1_179_813_2019-10-21 19:01:48.433539
2,1_1_194_821_2019-10-21 20:09:17.201877
0,1_1_194_826_2019-10-21 20:31:33.816728
1,1_1_178_828_2019-10-21 21:05:07.721167
2,1_1_193_825_2019-10-21 21:46:43.742173
2,1_1_193_827_2019-10-21 22:05:07.289420
2,1_1_178_823_2019-10-21 22:08:29.234738
2,1_1_191_806_2019-10-21 22:16:23.710007
2,1_1_191_782_2019-10-21 22:16:37.920765
2,1_1_194_822_2019-10-21 23:00:52.707842
2,1_1_191_793_2019-10-21 23:07:48.626998
2,1_1_179_791_2019-10-21 23:09:22.334921
2,1_1_179_787_2019-10-21 23:18:50.124318
2,1_1_179_800_2019-10-21 23:33:07.132470
2,1_1_193_819_2019-10-21 23:54:13.021351
2,1_1_178_824_2019-10-22 00:08:06.651225
2,1_1_193_827_2019-10-22 00:35:19.630255
2,1_1_193_816_2019-10-22 02:30:57.239836
2,1_1_178_823_2019-10-22 03:50:24.431230
2,1_1_193_827_2019-10-22 04:11:40.338368
1,1_1_178_828_2019-10-22 08:25:41.498937
1,1_1_194_821_2019-10-22 10:54:49.809876
1,1_1_193_825_2019-10-22 12:04:05.462102
1,1_1_179_796_2019-10-22 12:36:41.525367
0,1_1_178_817_2019-10-22 12:39:53.049397
1,1_1_191_789_2019-10-22 12:42:17.099215
1,1_1_178_823_2019-10-22 12:43:54.692440
1,1_1_193_829_2019-10-22 12:59:17.421588
1,1_1_193_819_2019-10-22 13:03:20.397430
0,1_1_179_799_2019-10-22 13:05:18.357692
0,1_1_193_820_2019-10-22 13:14:58.489554
0,1_1_178_824_2019-10-22 13:19:15.999648
1,1_1_179_809_2019-10-22 13:21:29.945124
1,1_1_194_826_2019-10-22 13:25:18.590658
1,1_1_193_827_2019-10-22 13:25:40.043134
0,1_1_191_804_2019-10-22 13:30:14.857259
0,1_1_179_800_2019-10-22 13:31:29.966360
1,1_1_194_818_2019-10-22 13:36:48.241432
1,1_1_179_797_2019-10-22 13:38:08.284250
1,1_1_179_783_2019-10-22 13:45:29.772794
0,1_1_179_788_2019-10-22 13:47:08.103651
0,1_1_179_777_2019-10-22 13:48:00.896150
0,1_1_179_791_2019-10-22 13:49:03.160484
1,1_1_179_801_2019-10-22 13:52:45.356993
0,1_1_179_815_2019-10-22 13:53:08.032998
0,1_1_179_781_2019-10-22 13:57:27.811359
1,1_1_179_794_2019-10-22 13:59:38.627365
1,1_1_179_790_2019-10-22 14:00:12.447981
1,1_1_179_810_2019-10-22 14:04:33.522377
0,1_1_191_812_2019-10-22 14:05:13.981116
1,1_1_191_802_2019-10-22 14:07:23.404842
1,1_1_191_807_2019-10-22 14:07:56.544941
0,1_1_191_803_2019-10-22 14:09:48.681554
1,1_1_179_813_2019-10-22 14:10:11.604127
1,1_1_179_798_2019-10-22 14:11:02.199799
1,1_1_191_780_2019-10-22 14:13:07.478996
0,1_1_179_779_2019-10-22 14:13:57.608408
1,1_1_178_828_2019-10-22 14:15:33.540546
1,1_1_191_792_2019-10-22 14:17:53.775180
2,1_1_179_787_2019-10-22 14:19:21.522920
1,1_1_191_808_2019-10-22 14:25:10.331921
0,1_1_191_805_2019-10-22 14:25:12.508748
0,1_1_191_811_2019-10-22 14:25:48.613746
0,1_1_191_782_2019-10-22 14:29:03.834187
0,1_1_191_795_2019-10-22 14:29:10.528052
1,1_1_191_793_2019-10-22 14:31:58.324415
2,1_1_191_784_2019-10-22 14:32:42.665564
0,1_1_191_786_2019-10-22 14:33:54.822134
1,1_1_191_778_2019-10-22 14:43:52.034014
0,1_1_191_785_2019-10-22 14:46:38.809570
1,1_1_179_796_2019-10-22 16:59:58.636464
0,1_1_179_787_2019-10-22 17:18:28.890055
1,1_1_191_784_2019-10-22 17:23:56.230586
0,1_1_193_820_2019-10-22 18:07:46.183856
0,1_1_191_803_2019-10-22 18:23:39.593585
0,1_1_179_777_2019-10-22 18:49:01.305348
0,1_1_178_824_2019-10-22 19:07:33.459506
2,1_1_191_795_2019-10-22 19:57:16.086369
2,1_1_194_821_2019-10-22 20:34:15.568706
0,1_1_179_810_2019-10-22 20:53:32.149870
2,1_1_179_794_2019-10-22 21:26:58.098123
2,1_1_193_825_2019-10-22 21:47:15.127013
2,1_1_193_819_2019-10-22 22:09:51.254979
0,1_1_179_798_2019-10-22 22:22:54.711921
2,1_1_178_823_2019-10-22 22:38:37.751444
2,1_1_191_789_2019-10-22 23:21:40.112291
2,1_1_193_827_2019-10-22 23:23:37.619905
2,1_1_178_817_2019-10-22 23:27:48.347452
2,1_1_194_818_2019-10-22 23:34:47.608007
1,1_1_193_820_2019-10-22 23:35:50.072567
2,1_1_194_822_2019-10-23 02:06:39.396364
2,1_1_193_819_2019-10-23 02:24:52.790634
1,1_1_194_821_2019-10-23 10:54:26.260743
0,1_1_178_817_2019-10-23 11:56:24.174023
1,1_1_178_828_2019-10-23 12:03:28.981649
1,1_1_194_822_2019-10-23 12:33:46.960033
1,1_1_178_823_2019-10-23 12:44:49.469124
0,1_1_179_799_2019-10-23 12:45:44.528896
1,1_1_193_819_2019-10-23 12:45:55.870558
0,1_1_179_796_2019-10-23 12:51:00.257288
0,1_1_179_801_2019-10-23 12:59:18.371395
1,1_1_193_827_2019-10-23 13:03:00.201067
2,1_1_179_798_2019-10-23 13:15:11.374522
2,1_1_179_809_2019-10-23 13:21:45.432973
0,1_1_178_824_2019-10-23 13:22:44.010327
1,1_1_193_829_2019-10-23 13:22:51.276826
1,1_1_193_825_2019-10-23 13:23:33.529278
0,1_1_193_816_2019-10-23 13:24:07.728167
0,1_1_191_804_2019-10-23 13:25:22.176067
0,1_1_179_800_2019-10-23 13:32:40.925671
1,1_1_179_797_2019-10-23 13:37:29.388108
0,1_1_179_810_2019-10-23 13:42:28.979374
1,1_1_179_788_2019-10-23 13:43:48.674225
1,1_1_194_826_2019-10-23 13:44:37.341732
0,1_1_179_791_2019-10-23 13:48:08.794608
0,1_1_179_781_2019-10-23 13:56:59.777977
1,1_1_194_818_2019-10-23 13:58:35.510093
0,1_1_179_777_2019-10-23 13:58:45.639160
1,1_1_179_815_2019-10-23 14:04:29.293561
1,1_1_179_813_2019-10-23 14:07:53.771095
1,1_1_191_807_2019-10-23 14:07:50.239891
1,1_1_179_790_2019-10-23 14:14:20.677257
0,1_1_179_779_2019-10-23 14:14:17.916496
0,1_1_191_802_2019-10-23 14:16:33.018001
2,1_1_191_785_2019-10-23 14:18:01.525986
1,1_1_179_794_2019-10-23 14:20:31.675212
0,1_1_191_789_2019-10-23 14:21:28.058493
1,1_1_191_792_2019-10-23 14:22:19.241342
1,1_1_191_778_2019-10-23 14:25:40.871631
0,1_1_191_795_2019-10-23 14:28:34.681588
0,1_1_191_782_2019-10-23 14:29:43.352259
1,1_1_191_806_2019-10-23 14:30:31.461134
0,1_1_191_808_2019-10-23 14:34:17.760874
1,1_1_191_780_2019-10-23 14:35:11.417814
1,1_1_191_805_2019-10-23 14:37:21.115244
0,1_1_191_786_2019-10-23 14:37:51.042486
1,1_1_191_803_2019-10-23 14:40:24.825872
1,1_1_191_784_2019-10-23 14:40:55.240353
1,1_1_191_812_2019-10-23 14:41:45.167893
0,1_1_191_811_2019-10-23 14:52:01.275631
1,1_1_191_793_2019-10-23 15:04:32.867686
1,1_1_179_809_2019-10-23 15:21:45.283282
0,1_1_179_798_2019-10-23 16:09:12.591002
0,1_1_191_785_2019-10-23 16:57:01.167847
2,1_1_191_795_2019-10-23 18:40:19.429383
2,1_1_179_781_2019-10-23 18:42:41.982144
0,1_1_193_816_2019-10-23 19:01:42.765704
0,1_1_179_800_2019-10-23 19:52:04.907002
2,1_1_179_781_2019-10-23 20:06:22.517084
0,1_1_191_793_2019-10-23 20:28:28.994737
2,1_1_194_821_2019-10-23 20:32:43.494822
2,1_1_179_798_2019-10-23 21:13:38.051606
2,1_1_193_827_2019-10-23 21:34:18.556138
2,1_1_178_828_2019-10-23 21:46:50.510273
2,1_1_179_801_2019-10-23 22:03:42.678083
0,1_1_191_811_2019-10-23 22:09:58.066750
2,1_1_193_820_2019-10-23 22:18:00.361711
2,1_1_179_790_2019-10-23 22:31:07.643150
2,1_1_193_827_2019-10-23 22:53:03.381036
2,1_1_193_829_2019-10-23 22:59:03.026866
2,1_1_193_819_2019-10-23 23:12:36.664680
2,1_1_178_823_2019-10-23 23:24:33.264313
2,1_1_193_820_2019-10-24 00:57:08.743687
2,1_1_194_821_2019-10-24 01:04:46.651282
2,1_1_178_823_2019-10-24 05:06:03.543968
1,1_1_194_821_2019-10-24 10:56:44.241509
1,1_1_178_828_2019-10-24 11:59:36.696724
0,1_1_178_817_2019-10-24 12:14:11.810504
1,1_1_191_789_2019-10-24 12:41:07.140789
1,1_1_178_823_2019-10-24 12:45:48.351741
1,1_1_193_829_2019-10-24 12:49:44.677152
1,1_1_193_819_2019-10-24 12:56:33.841313
1,1_1_194_826_2019-10-24 13:06:23.630713
1,1_1_179_791_2019-10-24 13:08:20.391292
0,1_1_193_820_2019-10-24 13:21:48.362935
1,1_1_193_825_2019-10-24 13:23:21.612991
0,1_1_191_804_2019-10-24 13:23:45.438261
1,1_1_178_824_2019-10-24 13:26:59.332848
1,1_1_179_796_2019-10-24 13:27:36.882174
1,1_1_193_827_2019-10-24 13:31:37.982413
0,1_1_179_799_2019-10-24 13:35:08.176758
0,1_1_193_816_2019-10-24 13:37:01.410085
0,1_1_179_809_2019-10-24 13:37:07.461659
1,1_1_179_815_2019-10-24 13:38:45.212558
0,1_1_179_810_2019-10-24 13:42:23.170074
1,1_1_179_783_2019-10-24 13:46:21.355949
0,1_1_179_800_2019-10-24 13:46:40.443287
1,1_1_179_788_2019-10-24 13:52:44.760416
1,1_1_191_802_2019-10-24 13:52:04.023741
0,1_1_179_797_2019-10-24 13:54:25.731561
0,1_1_179_794_2019-10-24 13:55:35.631089
1,1_1_179_801_2019-10-24 13:58:36.791288
1,1_1_179_777_2019-10-24 13:58:50.216047
1,1_1_194_822_2019-10-24 14:00:36.593135
1,1_1_179_798_2019-10-24 14:02:55.301138
1,1_1_191_785_2019-10-24 14:06:50.740689
0,1_1_179_787_2019-10-24 14:08:46.208651
0,1_1_179_779_2019-10-24 14:15:16.810991
0,1_1_179_790_2019-10-24 14:16:46.010756
1,1_1_179_813_2019-10-24 14:18:00.580276
0,1_1_179_781_2019-10-24 14:18:40.033128
1,1_1_191_780_2019-10-24 14:21:19.799672
0,1_1_191_795_2019-10-24 14:21:40.510297
0,1_1_191_778_2019-10-24 14:23:23.712864
0,1_1_191_786_2019-10-24 14:23:24.129851
1,1_1_191_792_2019-10-24 14:23:54.054441
0,1_1_191_803_2019-10-24 14:23:55.341497
0,1_1_191_807_2019-10-24 14:24:22.377884
1,1_1_191_805_2019-10-24 14:25:23.029785
0,1_1_191_808_2019-10-24 14:26:36.511000
1,1_1_191_784_2019-10-24 14:30:12.931276
1,1_1_191_793_2019-10-24 14:38:32.540759
1,1_1_191_812_2019-10-24 14:38:47.707906
0,1_1_191_811_2019-10-24 14:38:49.502603
1,1_1_191_782_2019-10-24 14:40:06.007961
0,1_1_191_806_2019-10-24 14:41:25.694376
0,1_1_193_820_2019-10-24 18:11:42.696555
1,1_1_191_778_2019-10-24 18:34:32.791144
2,1_1_179_797_2019-10-24 19:00:26.352959
2,1_1_179_791_2019-10-24 19:03:55.512653
0,1_1_191_782_2019-10-24 19:37:41.471262
0,1_1_191_792_2019-10-24 20:23:57.335856
0,1_1_193_816_2019-10-24 20:53:26.040785
2,1_1_194_821_2019-10-24 21:02:01.908839
2,1_1_178_823_2019-10-24 21:02:04.739342
2,1_1_178_817_2019-10-24 21:39:14.133150
2,1_1_179_791_2019-10-24 21:53:53.843725
2,1_1_191_805_2019-10-24 22:31:23.068462
2,1_1_178_828_2019-10-24 22:53:46.322117
2,1_1_193_829_2019-10-24 22:58:03.412195
2,1_1_179_815_2019-10-24 23:02:56.055655
2,1_1_191_786_2019-10-24 23:16:18.889360
2,1_1_178_824_2019-10-24 23:19:36.744551
2,1_1_193_827_2019-10-24 23:25:57.638780
1,1_1_193_825_2019-10-24 23:36:59.109034
2,1_1_191_789_2019-10-25 00:04:38.374839
2,1_1_178_817_2019-10-25 02:41:24.790903
1,1_1_178_823_2019-10-25 12:46:47.165266
1,1_1_178_828_2019-10-25 13:26:38.366468
1,1_1_193_819_2019-10-25 14:11:09.459550
0,1_1_194_821_2019-10-25 14:19:46.836002
0,1_1_193_825_2019-10-25 14:25:45.243764
2,1_1_191_795_2019-10-25 14:37:14.032257
1,1_1_193_820_2019-10-25 14:45:17.009017
1,1_1_194_822_2019-10-25 14:47:26.389773
0,1_1_179_800_2019-10-25 14:50:58.439712
2,1_1_193_829_2019-10-25 15:12:54.082630
2,1_1_194_826_2019-10-25 15:25:33.912742
2,1_1_178_824_2019-10-25 15:43:07.591218
1,1_1_193_827_2019-10-25 15:58:21.293218
2,1_1_194_818_2019-10-25 16:02:42.893036
0,1_1_193_816_2019-10-25 16:06:37.014705
1,1_1_179_787_2019-10-25 16:20:39.242561
0,1_1_193_829_2019-10-25 16:41:27.136563
1,1_1_179_809_2019-10-25 17:08:43.351279
0,1_1_179_810_2019-10-25 17:26:45.393103
0,1_1_179_815_2019-10-25 18:06:15.822273
2,1_1_178_828_2019-10-25 18:51:52.868969
0,1_1_178_817_2019-10-25 19:54:04.220859
2,1_1_178_824_2019-10-25 20:47:20.702183
2,1_1_194_822_2019-10-25 21:01:09.082337
2,1_1_193_825_2019-10-25 21:07:46.451084
0,1_1_194_818_2019-10-25 21:28:52.209456
2,1_1_178_828_2019-10-25 22:45:18.182084
2,1_1_193_819_2019-10-25 23:14:31.528141
2,1_1_178_823_2019-10-26 12:44:13.195179
2,1_1_194_826_2019-10-26 18:18:57.254163
0,1_1_178_817_2019-10-26 18:24:16.976654
2,1_1_193_827_2019-10-26 19:55:15.801236
2,1_1_178_828_2019-10-26 20:45:51.164402
2,1_1_194_821_2019-10-27 04:01:54.938361
2,1_1_194_822_2019-10-27 14:38:18.675097
2,1_1_193_825_2019-10-27 14:58:54.693283
2,1_1_194_826_2019-10-27 17:05:23.451084
0,1_1_194_821_2019-10-27 17:44:59.702236
1,1_1_194_822_2019-10-27 18:00:04.515085
0,1_1_193_819_2019-10-27 18:08:30.853011
2,1_1_178_828_2019-10-27 19:44:13.854170
2,1_1_178_817_2019-10-27 21:12:04.948937
2,1_1_178_824_2019-10-27 21:39:19.966696
2,1_1_194_826_2019-10-27 22:45:04.725129
2,1_1_178_817_2019-10-28 02:50:15.567130
1,1_1_194_821_2019-10-28 10:53:34.952248
0,1_1_178_817_2019-10-28 11:51:18.964104
1,1_1_178_828_2019-10-28 12:04:20.938708
1,1_1_178_823_2019-10-28 12:07:17.423267
0,1_1_194_822_2019-10-28 12:24:43.153041
1,1_1_191_789_2019-10-28 12:40:37.054676
1,1_1_193_819_2019-10-28 12:45:29.958889
1,1_1_193_829_2019-10-28 13:00:48.032650
1,1_1_193_825_2019-10-28 13:01:04.544005
2,1_1_179_791_2019-10-28 13:02:00.608610
1,1_1_191_785_2019-10-28 13:04:30.271769
0,1_1_193_820_2019-10-28 13:27:03.001846
0,1_1_193_827_2019-10-28 13:26:51.264918
1,1_1_179_787_2019-10-28 13:31:50.612266
0,1_1_179_810_2019-10-28 13:32:08.584444
0,1_1_179_799_2019-10-28 13:32:52.219173
1,1_1_179_796_2019-10-28 13:32:49.122224
0,1_1_191_804_2019-10-28 13:34:40.112181
0,1_1_179_809_2019-10-28 13:38:04.582156
0,1_1_179_815_2019-10-28 13:38:09.752959
1,1_1_179_788_2019-10-28 13:40:42.403503
1,1_1_179_781_2019-10-28 13:40:48.543916
1,1_1_178_824_2019-10-28 13:41:19.040186
1,1_1_179_798_2019-10-28 13:48:01.033157
1,1_1_179_794_2019-10-28 13:50:57.514092
0,1_1_179_800_2019-10-28 13:52:15.145903
0,1_1_179_797_2019-10-28 13:53:13.787514
1,1_1_193_816_2019-10-28 13:56:18.202411
0,1_1_179_777_2019-10-28 13:57:20.919432
1,1_1_191_782_2019-10-28 14:01:28.064697
0,1_1_179_801_2019-10-28 14:01:38.842911
1,1_1_179_790_2019-10-28 14:03:34.353348
1,1_1_179_779_2019-10-28 14:07:48.181857
0,1_1_179_813_2019-10-28 14:08:55.933349
1,1_1_179_783_2019-10-28 14:12:34.664614
0,1_1_191_802_2019-10-28 14:14:43.044895
0,1_1_191_803_2019-10-28 14:16:40.045123
0,1_1_191_812_2019-10-28 14:22:53.551290
0,1_1_191_808_2019-10-28 14:23:41.765246
0,1_1_191_795_2019-10-28 14:23:52.437366
0,1_1_191_807_2019-10-28 14:28:44.047259
0,1_1_191_780_2019-10-28 14:29:19.634109
0,1_1_191_805_2019-10-28 14:30:08.937823
1,1_1_191_792_2019-10-28 14:30:28.947241
1,1_1_191_778_2019-10-28 14:30:53.952671
1,1_1_191_811_2019-10-28 14:31:12.832032
1,1_1_191_784_2019-10-28 14:40:42.912177
1,1_1_191_806_2019-10-28 14:41:38.765569
0,1_1_191_786_2019-10-28 14:42:33.224323
1,1_1_191_793_2019-10-28 14:42:52.096827
1,1_1_179_791_2019-10-28 16:50:26.375960
1,1_1_193_820_2019-10-28 16:56:42.880406
0,1_1_191_784_2019-10-28 18:41:45.285019
0,1_1_191_786_2019-10-28 18:43:43.436443
0,1_1_191_807_2019-10-28 18:59:20.420457
0,1_1_179_813_2019-10-28 19:04:29.110811
0,1_1_179_810_2019-10-28 19:42:56.236266
2,1_1_194_821_2019-10-28 20:27:20.845588
2,1_1_179_809_2019-10-28 21:23:16.265773
2,1_1_194_822_2019-10-28 21:25:38.824125
0,1_1_178_828_2019-10-28 21:45:48.066437
2,1_1_178_823_2019-10-28 22:16:54.835920
2,1_1_179_800_2019-10-28 22:27:30.077741
2,1_1_193_819_2019-10-28 22:36:43.922818
2,1_1_179_783_2019-10-28 22:47:36.778467
2,1_1_193_829_2019-10-28 22:56:25.872769
2,1_1_179_787_2019-10-28 23:04:56.974914
2,1_1_193_825_2019-10-28 23:09:46.977903
2,1_1_179_777_2019-10-28 23:14:53.378791
2,1_1_179_815_2019-10-28 23:22:42.033550
2,1_1_179_801_2019-10-28 23:35:56.538805
1,1_1_179_798_2019-10-28 23:41:42.744266
2,1_1_194_826_2019-10-29 00:06:07.133109
2,1_1_178_823_2019-10-29 00:29:31.080071
2,1_1_193_825_2019-10-29 03:33:20.910657
2,1_1_178_823_2019-10-29 04:05:20.152882
1,1_1_194_821_2019-10-29 10:55:44.722621
1,1_1_193_825_2019-10-29 12:06:01.989455
0,1_1_178_817_2019-10-29 12:21:46.877182
1,1_1_178_823_2019-10-29 12:33:17.400128
1,1_1_191_789_2019-10-29 12:41:16.422930
1,1_1_191_795_2019-10-29 12:45:05.002689
1,1_1_193_819_2019-10-29 12:50:12.955424
1,1_1_179_799_2019-10-29 13:00:35.597149
0,1_1_178_828_2019-10-29 13:01:41.059063
2,1_1_179_791_2019-10-29 13:02:55.282150
1,1_1_193_829_2019-10-29 13:08:12.495994
0,1_1_191_804_2019-10-29 13:09:56.045035
0,1_1_194_818_2019-10-29 13:16:38.821716
0,1_1_179_800_2019-10-29 13:22:57.401608
0,1_1_194_826_2019-10-29 13:26:24.681766
1,1_1_193_827_2019-10-29 13:26:52.080711
1,1_1_191_785_2019-10-29 13:30:22.590466
1,1_1_178_824_2019-10-29 13:32:02.395729
1,1_1_179_783_2019-10-29 13:40:26.511454
1,1_1_193_816_2019-10-29 13:39:13.922604
1,1_1_193_820_2019-10-29 13:44:15.079427
0,1_1_179_788_2019-10-29 13:47:20.369581
1,1_1_179_801_2019-10-29 13:48:54.311467
0,1_1_179_809_2019-10-29 13:51:34.913061
1,1_1_179_794_2019-10-29 14:02:16.032532
0,1_1_179_781_2019-10-29 14:06:20.983110
1,1_1_179_777_2019-10-29 14:07:59.367486
1,1_1_179_787_2019-10-29 14:11:11.370756
1,1_1_179_798_2019-10-29 14:12:36.722809
1,1_1_191_782_2019-10-29 14:20:10.747769
0,1_1_179_813_2019-10-29 14:20:48.959806
0,1_1_179_790_2019-10-29 14:22:20.600332
0,1_1_191_802_2019-10-29 14:22:39.907893
1,1_1_179_779_2019-10-29 14:22:58.249263
1,1_1_179_810_2019-10-29 14:23:00.422885
0,1_1_191_812_2019-10-29 14:27:17.402968
0,1_1_191_807_2019-10-29 14:27:36.652552
1,1_1_191_780_2019-10-29 14:29:27.407096
1,1_1_191_792_2019-10-29 14:32:50.735120
1,1_1_191_811_2019-10-29 14:34:37.794796
0,1_1_191_778_2019-10-29 14:38:07.672250
0,1_1_191_806_2019-10-29 14:41:33.820563
0,1_1_191_805_2019-10-29 14:42:34.532242
0,1_1_191_803_2019-10-29 14:46:52.161496
1,1_1_191_784_2019-10-29 14:47:40.670979
1,1_1_191_793_2019-10-29 14:57:03.077524
1,1_1_191_786_2019-10-29 14:57:03.661751
1,1_1_191_808_2019-10-29 14:57:07.594689
0,1_1_194_818_2019-10-29 16:23:14.382811
1,1_1_179_791_2019-10-29 16:58:03.636818
0,1_1_191_778_2019-10-29 18:34:10.761474
2,1_1_179_797_2019-10-29 19:03:25.320578
0,1_1_193_829_2019-10-29 20:01:44.244002
0,1_1_194_821_2019-10-29 20:19:59.246607
0,1_1_179_800_2019-10-29 20:21:02.238725
2,1_1_179_813_2019-10-29 20:27:02.655533
2,1_1_193_820_2019-10-29 20:34:13.270787
2,1_1_194_818_2019-10-29 20:54:21.832931
2,1_1_191_805_2019-10-29 21:13:21.991728
2,1_1_178_828_2019-10-29 21:28:55.239518
2,1_1_193_825_2019-10-29 21:45:42.541113
2,1_1_191_812_2019-10-29 21:51:03.823559
2,1_1_194_826_2019-10-29 21:51:44.324189
2,1_1_178_823_2019-10-29 22:23:05.843232
2,1_1_179_815_2019-10-29 22:37:32.609201
2,1_1_191_795_2019-10-29 22:41:02.146694
2,1_1_193_819_2019-10-29 22:52:50.495708
2,1_1_194_818_2019-10-29 22:56:19.545522
2,1_1_178_824_2019-10-29 23:09:32.583485
2,1_1_194_822_2019-10-29 23:23:12.584400
2,1_1_193_827_2019-10-29 23:37:16.842553
2,1_1_178_823_2019-10-30 03:54:45.118998
1,1_1_194_821_2019-10-30 10:27:14.192810
1,1_1_194_826_2019-10-30 12:05:17.224148
1,1_1_194_822_2019-10-30 12:20:14.793396
1,1_1_178_817_2019-10-30 12:27:36.983712
0,1_1_194_818_2019-10-30 12:31:34.993973
1,1_1_178_823_2019-10-30 12:33:12.824757
1,1_1_191_789_2019-10-30 12:42:43.203457
1,1_1_193_819_2019-10-30 12:46:27.624962
0,1_1_179_799_2019-10-30 12:49:55.474033
1,1_1_193_829_2019-10-30 12:53:21.025375
0,1_1_178_824_2019-10-30 12:59:10.986063
1,1_1_179_800_2019-10-30 13:00:09.702450
1,1_1_191_785_2019-10-30 13:02:43.227053
1,1_1_179_791_2019-10-30 13:05:32.360975
0,1_1_178_828_2019-10-30 13:10:25.154660
0,1_1_179_796_2019-10-30 13:15:40.752608
0,1_1_179_809_2019-10-30 13:16:42.183186
0,1_1_191_804_2019-10-30 13:19:37.425370
1,1_1_193_827_2019-10-30 13:21:56.024634
0,1_1_179_810_2019-10-30 13:25:45.385114
0,1_1_193_825_2019-10-30 13:28:42.730114
1,1_1_193_820_2019-10-30 13:33:36.473777
2,1_1_179_777_2019-10-30 13:40:02.926225
0,1_1_179_797_2019-10-30 13:44:20.834639
1,1_1_179_798_2019-10-30 13:46:24.503739
1,1_1_179_788_2019-10-30 13:53:35.783856
1,1_1_191_792_2019-10-30 13:55:49.608224
1,1_1_179_794_2019-10-30 13:57:30.749350
0,1_1_179_783_2019-10-30 13:57:34.833381
0,1_1_179_801_2019-10-30 13:59:13.004477
1,1_1_179_787_2019-10-30 14:00:55.252082
1,1_1_179_815_2019-10-30 14:03:26.702998
1,1_1_179_781_2019-10-30 14:03:47.615441
0,1_1_179_790_2019-10-30 14:06:03.992149
1,1_1_179_813_2019-10-30 14:08:31.718113
1,1_1_179_779_2019-10-30 14:08:22.897361
0,1_1_191_795_2019-10-30 14:15:42.468440
0,1_1_191_778_2019-10-30 14:15:35.864473
1,1_1_191_782_2019-10-30 14:15:57.997912
0,1_1_191_807_2019-10-30 14:15:58.381422
0,1_1_191_793_2019-10-30 14:19:01.074494
0,1_1_191_802_2019-10-30 14:19:58.075773
0,1_1_191_803_2019-10-30 14:20:27.375627
1,1_1_191_780_2019-10-30 14:20:50.465419
0,1_1_191_812_2019-10-30 14:22:04.227903
1,1_1_191_806_2019-10-30 14:29:12.203990
0,1_1_191_784_2019-10-30 14:31:11.036880
0,1_1_191_811_2019-10-30 14:35:32.857165
0,1_1_191_805_2019-10-30 14:37:26.460802
1,1_1_191_808_2019-10-30 14:38:07.487238
1,1_1_191_786_2019-10-30 14:43:43.141616
0,1_1_179_777_2019-10-30 16:01:50.808529
0,1_1_178_823_2019-10-30 18:29:55.594913
2,1_1_193_825_2019-10-30 18:30:03.581051
1,1_1_191_795_2019-10-30 18:31:59.703914
0,1_1_179_810_2019-10-30 18:41:30.500093
0,1_1_179_799_2019-10-30 19:05:00.958224
2,1_1_191_806_2019-10-30 20:03:50.198803
2,1_1_194_821_2019-10-30 20:19:15.206942
2,1_1_193_825_2019-10-30 21:31:00.758860
2,1_1_194_826_2019-10-30 21:38:23.813431
0,1_1_179_797_2019-10-30 22:11:08.683332
2,1_1_179_794_2019-10-30 22:16:24.456938
2,1_1_179_781_2019-10-30 22:17:03.815963
2,1_1_179_800_2019-10-30 22:41:13.316118
2,1_1_193_819_2019-10-30 22:46:25.738299
2,1_1_193_816_2019-10-30 23:02:52.190928
2,1_1_179_798_2019-10-30 23:05:16.107801
1,1_1_179_810_2019-10-30 23:09:28.127244
2,1_1_193_827_2019-10-30 23:14:20.975823
2,1_1_193_829_2019-10-30 23:28:51.096514
